"set_up","method","n_train","estimated_beta","file_name","running_time_train","running_time_pred","running_datetime"
"SimNLMNAR_rep0_n115000_d5_corr95_NA25","MICE.1.IMP",100,"[[-2.25162672942366, 1.58690410704575, -0.12083513788163, 0.0163321283507646, 0.335869536376469], [0.272541325379505]]","SimNLMNAR_rep0_n115000_d5_corr95_NA25_MICE.1.IMP_100",0.546361446380615,0.0035712718963623,"2025-11-28 01:01:57.21372"
"SimNLMNAR_rep1_n115000_d5_corr95_NA25","MICE.1.IMP",100,"[[0.841282323495478, 0.0113763393041813, -0.705762379056034, -0.260525607044288, 0.277898619891795], [0.129530077969003]]","SimNLMNAR_rep1_n115000_d5_corr95_NA25_MICE.1.IMP_100",0.515508413314819,0.0131363868713379,"2025-11-28 01:01:57.830395"
"SimNLMNAR_rep2_n115000_d5_corr95_NA25","MICE.1.IMP",100,"[[-0.225937415413984, -0.525389592157273, 0.00501107113967587, -0.0300574345690861, 0.397308912186794], [0.0180788402983436]]","SimNLMNAR_rep2_n115000_d5_corr95_NA25_MICE.1.IMP_100",0.119092226028442,0.00297021865844727,"2025-11-28 01:01:58.407834"
"SimNLMNAR_rep3_n115000_d5_corr95_NA25","MICE.1.IMP",100,"[[-0.341943695745433, 1.37412042844903, -0.529738170715509, -0.504102466677061, 0.380826439121334], [-0.0260415595336757]]","SimNLMNAR_rep3_n115000_d5_corr95_NA25_MICE.1.IMP_100",0.11675238609314,0.00295495986938477,"2025-11-28 01:01:58.572124"
"SimNLMNAR_rep4_n115000_d5_corr95_NA25","MICE.1.IMP",100,"[[-2.33174266623797, 2.47289435949921, -0.442852581669758, -0.309129632837819, 0.485392460638674], [-0.0128085604554125]]","SimNLMNAR_rep4_n115000_d5_corr95_NA25_MICE.1.IMP_100",0.120836973190308,0.00295257568359375,"2025-11-28 01:01:58.735049"
"SimNLMNAR_rep5_n115000_d5_corr95_NA25","MICE.1.IMP",100,"[[0.850838409637319, -0.159078384448575, -0.178675789066397, -0.312234080202553, 0.332179435465191], [0.578737464246624]]","SimNLMNAR_rep5_n115000_d5_corr95_NA25_MICE.1.IMP_100",0.122545957565308,0.00666189193725586,"2025-11-28 01:01:58.901948"
"SimNLMNAR_rep6_n115000_d5_corr95_NA25","MICE.1.IMP",100,"[[2.03533107799513, -0.753471220433513, -0.781339334111264, -0.224346500232281, 0.404114299129458], [0.145582659220586]]","SimNLMNAR_rep6_n115000_d5_corr95_NA25_MICE.1.IMP_100",0.126270771026611,0.00309157371520996,"2025-11-28 01:01:59.073097"
"SimNLMNAR_rep7_n115000_d5_corr95_NA25","MICE.1.IMP",100,"[[1.15752998582356, -1.75890932333231, 0.80816921447067, -0.53596617241099, 0.313046910556499], [0.797765284477622]]","SimNLMNAR_rep7_n115000_d5_corr95_NA25_MICE.1.IMP_100",0.486900806427002,0.00299620628356934,"2025-11-28 01:01:59.244933"
"SimNLMNAR_rep8_n115000_d5_corr95_NA25","MICE.1.IMP",100,"[[1.0605371281737, -0.029999756434809, -0.0305091522316816, -0.589175481654399, 0.243534378004934], [0.49307177538237]]","SimNLMNAR_rep8_n115000_d5_corr95_NA25_MICE.1.IMP_100",0.116524934768677,0.00295186042785645,"2025-11-28 01:01:59.777548"
"SimNLMNAR_rep9_n115000_d5_corr95_NA25","MICE.1.IMP",100,"[[0.897050680093977, -0.785143145101624, 0.661206076609552, -0.520411820252548, 0.190064804507447], [0.499756925622909]]","SimNLMNAR_rep9_n115000_d5_corr95_NA25_MICE.1.IMP_100",0.117576122283936,0.00337457656860352,"2025-11-28 01:01:59.939797"
"SimNLMNAR_rep0_n115000_d5_corr95_NA25","MICE.1.IMP",500,"[[-0.172599654512989, 0.734487468256009, -0.54985828714471, -0.254685127744993, 0.291645003603225], [0.185355091731402]]","SimNLMNAR_rep0_n115000_d5_corr95_NA25_MICE.1.IMP_500",0.137935161590576,0.00309538841247559,"2025-11-28 01:02:00.107686"
"SimNLMNAR_rep1_n115000_d5_corr95_NA25","MICE.1.IMP",500,"[[0.49481761090115, 0.113925407448605, -0.275359341483632, -0.45339963064192, 0.328837893405835], [0.293781712873607]]","SimNLMNAR_rep1_n115000_d5_corr95_NA25_MICE.1.IMP_500",0.533435344696045,0.00657439231872559,"2025-11-28 01:02:00.278062"
"SimNLMNAR_rep2_n115000_d5_corr95_NA25","MICE.1.IMP",500,"[[0.477062893619866, -0.465164411022267, -0.244944055764028, -0.302646143844852, 0.391080620830415], [0.35130257141992]]","SimNLMNAR_rep2_n115000_d5_corr95_NA25_MICE.1.IMP_500",0.120549440383911,0.00662422180175781,"2025-11-28 01:02:00.850259"
"SimNLMNAR_rep3_n115000_d5_corr95_NA25","MICE.1.IMP",500,"[[0.576066613059537, 0.391413607525165, -0.655374552778198, -0.428306943034765, 0.298854509991471], [0.274289758637506]]","SimNLMNAR_rep3_n115000_d5_corr95_NA25_MICE.1.IMP_500",0.129184484481812,0.00301027297973633,"2025-11-28 01:02:01.008639"
"SimNLMNAR_rep4_n115000_d5_corr95_NA25","MICE.1.IMP",500,"[[0.148185559154185, 1.00532850740034, -0.551227870697082, -0.463717044488643, 0.259011096263266], [0.247404563312037]]","SimNLMNAR_rep4_n115000_d5_corr95_NA25_MICE.1.IMP_500",0.129911184310913,0.00300025939941406,"2025-11-28 01:02:01.169463"
"SimNLMNAR_rep5_n115000_d5_corr95_NA25","MICE.1.IMP",500,"[[0.324671485709497, 0.127350310914879, -0.223201450648166, -0.262451426686805, 0.314091852472309], [0.341078338273424]]","SimNLMNAR_rep5_n115000_d5_corr95_NA25_MICE.1.IMP_500",0.1353759765625,0.00307941436767578,"2025-11-28 01:02:01.330297"
"SimNLMNAR_rep6_n115000_d5_corr95_NA25","MICE.1.IMP",500,"[[0.647891158943821, 0.13669415774424, -0.709149515209244, -0.307317875966947, 0.32327075661849], [0.07586334617539]]","SimNLMNAR_rep6_n115000_d5_corr95_NA25_MICE.1.IMP_500",0.507154703140259,0.00313043594360352,"2025-11-28 01:02:01.497654"
"SimNLMNAR_rep7_n115000_d5_corr95_NA25","MICE.1.IMP",500,"[[0.581497491083577, 0.0721221581096334, -0.628970431549836, -0.241579954563787, 0.283962330948189], [0.156519520536482]]","SimNLMNAR_rep7_n115000_d5_corr95_NA25_MICE.1.IMP_500",0.124836683273315,0.00310564041137695,"2025-11-28 01:02:02.035912"
"SimNLMNAR_rep8_n115000_d5_corr95_NA25","MICE.1.IMP",500,"[[0.225062136888689, 0.122325300748914, -0.678472105181875, -0.135051426767831, 0.347526382744759], [0.31549148275312]]","SimNLMNAR_rep8_n115000_d5_corr95_NA25_MICE.1.IMP_500",0.128643035888672,0.00303745269775391,"2025-11-28 01:02:02.192097"
"SimNLMNAR_rep9_n115000_d5_corr95_NA25","MICE.1.IMP",500,"[[0.0858947958844228, 0.0436964762983378, -0.309037952764717, -0.198207759924808, 0.320558159171897], [0.263009515288241]]","SimNLMNAR_rep9_n115000_d5_corr95_NA25_MICE.1.IMP_500",0.1304612159729,0.00311875343322754,"2025-11-28 01:02:02.352937"
"SimNLMNAR_rep0_n115000_d5_corr95_NA25","MICE.1.IMP",1000,"[[0.600830025094063, -0.168754961701834, -0.407453052112429, -0.24739818707515, 0.31187627536826], [0.235060356246822]]","SimNLMNAR_rep0_n115000_d5_corr95_NA25_MICE.1.IMP_1000",0.535457611083984,0.00304627418518066,"2025-11-28 01:02:02.516024"
"SimNLMNAR_rep1_n115000_d5_corr95_NA25","MICE.1.IMP",1000,"[[0.163444072199598, 0.522499494152061, -0.443345853593684, -0.336504062641103, 0.321735062823539], [0.274899786815089]]","SimNLMNAR_rep1_n115000_d5_corr95_NA25_MICE.1.IMP_1000",0.131196022033691,0.00304317474365234,"2025-11-28 01:02:03.083122"
"SimNLMNAR_rep2_n115000_d5_corr95_NA25","MICE.1.IMP",1000,"[[0.589200072382315, -0.115767115921281, -0.451036657109878, -0.248669845510742, 0.332996103782718], [0.329950114055934]]","SimNLMNAR_rep2_n115000_d5_corr95_NA25_MICE.1.IMP_1000",0.13244891166687,0.00646400451660156,"2025-11-28 01:02:03.245343"
"SimNLMNAR_rep3_n115000_d5_corr95_NA25","MICE.1.IMP",1000,"[[0.564055438589054, 0.0929764137359277, -0.47516580438455, -0.366214237126965, 0.306549467783982], [0.21441940368271]]","SimNLMNAR_rep3_n115000_d5_corr95_NA25_MICE.1.IMP_1000",0.615825653076172,0.0039222240447998,"2025-11-28 01:02:02.792099"
"SimNLMNAR_rep4_n115000_d5_corr95_NA25","MICE.1.IMP",1000,"[[0.278673874905616, 0.182498888585801, -0.45851444029057, -0.287788082569945, 0.309178390380385], [0.135399591454635]]","SimNLMNAR_rep4_n115000_d5_corr95_NA25_MICE.1.IMP_1000",0.559837579727173,0.0134060382843018,"2025-11-28 01:02:03.455577"
"SimNLMNAR_rep5_n115000_d5_corr95_NA25","MICE.1.IMP",1000,"[[0.102073715585675, 0.080513116757606, -0.325626362403166, -0.197452988251927, 0.343499172320249], [0.387242563304738]]","SimNLMNAR_rep5_n115000_d5_corr95_NA25_MICE.1.IMP_1000",0.133219242095947,0.00679636001586914,"2025-11-28 01:02:04.06914"
"SimNLMNAR_rep6_n115000_d5_corr95_NA25","MICE.1.IMP",1000,"[[0.322662816709031, 0.59537424672236, -0.79366551031103, -0.337317280352304, 0.325936677068007], [0.129925361308201]]","SimNLMNAR_rep6_n115000_d5_corr95_NA25_MICE.1.IMP_1000",0.135520219802856,0.0030827522277832,"2025-11-28 01:02:04.239265"
"SimNLMNAR_rep7_n115000_d5_corr95_NA25","MICE.1.IMP",1000,"[[0.711385098131443, 0.0463035526692882, -0.724641867261681, -0.283234002750084, 0.347547677678072], [0.178082283014868]]","SimNLMNAR_rep7_n115000_d5_corr95_NA25_MICE.1.IMP_1000",0.140215396881104,0.00675559043884277,"2025-11-28 01:02:04.409025"
"SimNLMNAR_rep8_n115000_d5_corr95_NA25","MICE.1.IMP",1000,"[[0.354947683878879, 0.287679504742462, -0.721875105623276, -0.284332875491574, 0.349819432586974], [0.137443040190765]]","SimNLMNAR_rep8_n115000_d5_corr95_NA25_MICE.1.IMP_1000",0.503931999206543,0.00306177139282227,"2025-11-28 01:02:04.585481"
"SimNLMNAR_rep9_n115000_d5_corr95_NA25","MICE.1.IMP",1000,"[[0.477823894132896, -0.0359608912795319, -0.556338892541464, -0.18496793260507, 0.263581634832257], [0.0734392358419054]]","SimNLMNAR_rep9_n115000_d5_corr95_NA25_MICE.1.IMP_1000",0.138901233673096,0.00307631492614746,"2025-11-28 01:02:05.121589"
"SimNLMNAR_rep0_n115000_d5_corr95_NA25","MICE.1.IMP",5000,"[[0.424734279252376, 0.225993425573956, -0.476400689795075, -0.333054969947619, 0.292490396299048], [0.242934821881103]]","SimNLMNAR_rep0_n115000_d5_corr95_NA25_MICE.1.IMP_5000",0.20346212387085,0.0100743770599365,"2025-11-28 01:02:05.293106"
"SimNLMNAR_rep1_n115000_d5_corr95_NA25","MICE.1.IMP",5000,"[[0.293343833538715, 0.364201632703303, -0.476344620806046, -0.33329303716248, 0.312895311288897], [0.216393529777144]]","SimNLMNAR_rep1_n115000_d5_corr95_NA25_MICE.1.IMP_5000",0.67109227180481,0.00370216369628906,"2025-11-28 01:02:05.535405"
"SimNLMNAR_rep2_n115000_d5_corr95_NA25","MICE.1.IMP",5000,"[[0.335405570689299, 0.280475269339459, -0.53429882685811, -0.259876427321788, 0.314243952992641], [0.242543276832239]]","SimNLMNAR_rep2_n115000_d5_corr95_NA25_MICE.1.IMP_5000",0.199552297592163,0.00363874435424805,"2025-11-28 01:02:06.238312"
"SimNLMNAR_rep3_n115000_d5_corr95_NA25","MICE.1.IMP",5000,"[[0.221687573888082, 0.508006232090925, -0.567850814088877, -0.300159121620952, 0.319446496752019], [0.147729685898653]]","SimNLMNAR_rep3_n115000_d5_corr95_NA25_MICE.1.IMP_5000",0.210326194763184,0.00747227668762207,"2025-11-28 01:02:06.473661"
"SimNLMNAR_rep4_n115000_d5_corr95_NA25","MICE.1.IMP",5000,"[[0.398648713078007, 0.191520639816417, -0.429957617318418, -0.334058075696456, 0.273750658457067], [0.149366561538868]]","SimNLMNAR_rep4_n115000_d5_corr95_NA25_MICE.1.IMP_5000",0.678759574890137,0.00355052947998047,"2025-11-28 01:02:06.721982"
"SimNLMNAR_rep5_n115000_d5_corr95_NA25","MICE.1.IMP",5000,"[[0.528266095091834, -0.0981781937797528, -0.429009831530009, -0.240900293198759, 0.312128955953462], [0.286932708887894]]","SimNLMNAR_rep5_n115000_d5_corr95_NA25_MICE.1.IMP_5000",0.198930740356445,0.00350475311279297,"2025-11-28 01:02:07.432916"
"SimNLMNAR_rep6_n115000_d5_corr95_NA25","MICE.1.IMP",5000,"[[0.371570295258658, 0.252550039394203, -0.573617687534056, -0.23890998865209, 0.307261291343012], [0.174176866282265]]","SimNLMNAR_rep6_n115000_d5_corr95_NA25_MICE.1.IMP_5000",0.608410835266113,0.00380086898803711,"2025-11-28 01:02:07.667046"
"SimNLMNAR_rep7_n115000_d5_corr95_NA25","MICE.1.IMP",5000,"[[0.497264165806326, 0.138790856923675, -0.419478510379443, -0.365156820010141, 0.285507002288625], [0.205521902840856]]","SimNLMNAR_rep7_n115000_d5_corr95_NA25_MICE.1.IMP_5000",0.209114074707031,0.0036308765411377,"2025-11-28 01:02:08.312762"
"SimNLMNAR_rep8_n115000_d5_corr95_NA25","MICE.1.IMP",5000,"[[0.238075938090389, 0.37450504023594, -0.509646618871369, -0.27331065604847, 0.301675707213385], [0.206819542930244]]","SimNLMNAR_rep8_n115000_d5_corr95_NA25_MICE.1.IMP_5000",0.209491014480591,0.0052030086517334,"2025-11-28 01:02:08.555219"
"SimNLMNAR_rep9_n115000_d5_corr95_NA25","MICE.1.IMP",5000,"[[0.319820311799186, 0.16312326152511, -0.473819837466604, -0.233476598110884, 0.29498426464427], [0.174728519949412]]","SimNLMNAR_rep9_n115000_d5_corr95_NA25_MICE.1.IMP_5000",0.899256229400635,0.00383448600769043,"2025-11-28 01:02:08.799382"
"SimNLMNAR_rep0_n115000_d5_corr95_NA25","MICE.1.IMP",10000,"[[0.264748181274703, 0.44130120727568, -0.569242870822213, -0.343979394727564, 0.311694582301351], [0.185418211427713]]","SimNLMNAR_rep0_n115000_d5_corr95_NA25_MICE.1.IMP_10000",0.325425624847412,0.00449442863464355,"2025-11-28 01:02:09.73442"
"SimNLMNAR_rep1_n115000_d5_corr95_NA25","MICE.1.IMP",10000,"[[0.331765513096864, 0.268765364335204, -0.463754036084539, -0.319393762188341, 0.290004455090366], [0.205747280583396]]","SimNLMNAR_rep1_n115000_d5_corr95_NA25_MICE.1.IMP_10000",1.07421493530273,0.00444793701171875,"2025-11-28 01:02:10.098384"
"SimNLMNAR_rep2_n115000_d5_corr95_NA25","MICE.1.IMP",10000,"[[0.406671583835, 0.258140554611534, -0.493639290469721, -0.301427288129112, 0.286793060749536], [0.21910306369391]]","SimNLMNAR_rep2_n115000_d5_corr95_NA25_MICE.1.IMP_10000",0.325439929962158,0.00437426567077637,"2025-11-28 01:02:11.210474"
"SimNLMNAR_rep3_n115000_d5_corr95_NA25","MICE.1.IMP",10000,"[[0.440074483746277, 0.274672680402917, -0.534628120217249, -0.28361728068738, 0.290460688450256], [0.20496204560584]]","SimNLMNAR_rep3_n115000_d5_corr95_NA25_MICE.1.IMP_10000",0.74345064163208,0.00470590591430664,"2025-11-28 01:02:11.580605"
"SimNLMNAR_rep4_n115000_d5_corr95_NA25","MICE.1.IMP",10000,"[[0.317849592520007, 0.343755384196795, -0.465025142510258, -0.318201646133498, 0.262547169645553], [0.133196902205601]]","SimNLMNAR_rep4_n115000_d5_corr95_NA25_MICE.1.IMP_10000",0.292709112167358,0.00809693336486816,"2025-11-28 01:02:12.360854"
"SimNLMNAR_rep5_n115000_d5_corr95_NA25","MICE.1.IMP",10000,"[[0.54876693368239, -0.0215719936722123, -0.399533757883548, -0.267912726668981, 0.274699305000988], [0.262648151987527]]","SimNLMNAR_rep5_n115000_d5_corr95_NA25_MICE.1.IMP_10000",0.735439777374268,0.0081474781036377,"2025-11-28 01:02:12.70115"
"SimNLMNAR_rep6_n115000_d5_corr95_NA25","MICE.1.IMP",10000,"[[0.403483098554944, 0.302848073111132, -0.546149122659549, -0.299546665996619, 0.293286045101218], [0.21836862201696]]","SimNLMNAR_rep6_n115000_d5_corr95_NA25_MICE.1.IMP_10000",0.295219659805298,0.00413393974304199,"2025-11-28 01:02:13.477862"
"SimNLMNAR_rep7_n115000_d5_corr95_NA25","MICE.1.IMP",10000,"[[0.412207301762343, 0.293088438780888, -0.566178617174481, -0.325246642208921, 0.297858531202659], [0.196171751238628]]","SimNLMNAR_rep7_n115000_d5_corr95_NA25_MICE.1.IMP_10000",1.12583875656128,0.008148193359375,"2025-11-28 01:02:09.943312"
"SimNLMNAR_rep8_n115000_d5_corr95_NA25","MICE.1.IMP",10000,"[[0.220742341901774, 0.396359544134419, -0.547204848360781, -0.274559622930475, 0.31524461981001], [0.173267430880149]]","SimNLMNAR_rep8_n115000_d5_corr95_NA25_MICE.1.IMP_10000",0.296416521072388,0.0146477222442627,"2025-11-28 01:02:11.118398"
"SimNLMNAR_rep9_n115000_d5_corr95_NA25","MICE.1.IMP",10000,"[[0.299318077577758, 0.304778811063958, -0.478418328163839, -0.310553612747718, 0.306510476241849], [0.178618356327058]]","SimNLMNAR_rep9_n115000_d5_corr95_NA25_MICE.1.IMP_10000",0.676138639450073,0.0067448616027832,"2025-11-28 01:02:11.471249"
"SimNLMNAR_rep0_n115000_d5_corr95_NA25","MICE.1.IMP",50000,"[[0.352976205468669, 0.322861695059538, -0.521230577649738, -0.30678943997947, 0.300909578711372], [0.212990834771007]]","SimNLMNAR_rep0_n115000_d5_corr95_NA25_MICE.1.IMP_50000",1.84054017066956,0.00865459442138672,"2025-11-28 01:02:12.187194"
"SimNLMNAR_rep1_n115000_d5_corr95_NA25","MICE.1.IMP",50000,"[[0.367139118670346, 0.252896098607323, -0.514650601810738, -0.285804776252551, 0.301760928655477], [0.217479478575083]]","SimNLMNAR_rep1_n115000_d5_corr95_NA25_MICE.1.IMP_50000",1.40918803215027,0.0087590217590332,"2025-11-28 01:02:14.078387"
"SimNLMNAR_rep2_n115000_d5_corr95_NA25","MICE.1.IMP",50000,"[[0.363198613345449, 0.281475237099954, -0.511318807526125, -0.303667372696057, 0.301409339399786], [0.209529477297888]]","SimNLMNAR_rep2_n115000_d5_corr95_NA25_MICE.1.IMP_50000",1.89737558364868,0.00913739204406738,"2025-11-28 01:02:15.526903"
"SimNLMNAR_rep3_n115000_d5_corr95_NA25","MICE.1.IMP",50000,"[[0.331057763023571, 0.309016507028209, -0.512775891017338, -0.288636969255144, 0.294366648697778], [0.197444318841752]]","SimNLMNAR_rep3_n115000_d5_corr95_NA25_MICE.1.IMP_50000",0.983587265014648,0.00877928733825684,"2025-11-28 01:02:17.4774"
"SimNLMNAR_rep4_n115000_d5_corr95_NA25","MICE.1.IMP",50000,"[[0.350505438144176, 0.276701506406616, -0.543359800133976, -0.269091316051854, 0.296465070997517], [0.175039753243275]]","SimNLMNAR_rep4_n115000_d5_corr95_NA25_MICE.1.IMP_50000",1.39913463592529,0.00881028175354004,"2025-11-28 01:02:18.500813"
"SimNLMNAR_rep5_n115000_d5_corr95_NA25","MICE.1.IMP",50000,"[[0.364979221045261, 0.241894486431229, -0.499578679343668, -0.27455781271116, 0.29105343688491], [0.221380826614077]]","SimNLMNAR_rep5_n115000_d5_corr95_NA25_MICE.1.IMP_50000",1.43229603767395,0.00943517684936523,"2025-11-28 01:02:19.942782"
"SimNLMNAR_rep6_n115000_d5_corr95_NA25","MICE.1.IMP",50000,"[[0.417484278078184, 0.254230061325891, -0.53764713035939, -0.289842948147172, 0.287847694252495], [0.201450512101593]]","SimNLMNAR_rep6_n115000_d5_corr95_NA25_MICE.1.IMP_50000",1.40311026573181,0.00864815711975098,"2025-11-28 01:02:21.414834"
"SimNLMNAR_rep7_n115000_d5_corr95_NA25","MICE.1.IMP",50000,"[[0.348186389428092, 0.286893352504445, -0.533481250083647, -0.279781041004669, 0.293176470418894], [0.174060717207537]]","SimNLMNAR_rep7_n115000_d5_corr95_NA25_MICE.1.IMP_50000",0.990072965621948,0.013056755065918,"2025-11-28 01:02:22.857323"
"SimNLMNAR_rep8_n115000_d5_corr95_NA25","MICE.1.IMP",50000,"[[0.402027258407125, 0.205247812854277, -0.496758882132362, -0.283412291455859, 0.293420801124992], [0.205502938502273]]","SimNLMNAR_rep8_n115000_d5_corr95_NA25_MICE.1.IMP_50000",1.78515148162842,0.00835108757019043,"2025-11-28 01:02:23.89027"
"SimNLMNAR_rep9_n115000_d5_corr95_NA25","MICE.1.IMP",50000,"[[0.310777262236747, 0.30994217550063, -0.514969480857558, -0.271268399092927, 0.285808814713425], [0.170309012016107]]","SimNLMNAR_rep9_n115000_d5_corr95_NA25_MICE.1.IMP_50000",0.917032718658447,0.00802326202392578,"2025-11-28 01:02:25.717286"
"SimNLMNAR_rep0_n115000_d5_corr95_NA25","MICE.1.Y.IMP",100,"[[-2.93689965780383, 1.77044259033544, 0.539936936254236, -0.206737282282923, 0.437674255416202], [0.551531308040974]]","SimNLMNAR_rep0_n115000_d5_corr95_NA25_MICE.1.Y.IMP_100",0.1622314453125,0.00333380699157715,"2025-11-28 01:02:26.677681"
"SimNLMNAR_rep1_n115000_d5_corr95_NA25","MICE.1.Y.IMP",100,"[[2.21743626308017, -2.36580821081006, -1.69955629136284, -0.26417920692624, 1.02739862063485], [-0.262601798511499]]","SimNLMNAR_rep1_n115000_d5_corr95_NA25_MICE.1.Y.IMP_100",0.571916818618774,0.00431680679321289,"2025-11-28 01:02:26.874357"
"SimNLMNAR_rep2_n115000_d5_corr95_NA25","MICE.1.Y.IMP",100,"[[0.633921685478428, -0.819500771783624, -1.06328115836642, -0.770154987206351, 0.960719439750915], [-0.747350938067111]]","SimNLMNAR_rep2_n115000_d5_corr95_NA25_MICE.1.Y.IMP_100",0.1518235206604,0.00340008735656738,"2025-11-28 01:02:27.478966"
"SimNLMNAR_rep3_n115000_d5_corr95_NA25","MICE.1.Y.IMP",100,"[[0.231184899004941, 3.05892711055664, -1.0383461472021, -1.38078228743725, 1.07746411245599], [-0.289566007883083]]","SimNLMNAR_rep3_n115000_d5_corr95_NA25_MICE.1.Y.IMP_100",0.151353359222412,0.00332808494567871,"2025-11-28 01:02:27.6724"
"SimNLMNAR_rep4_n115000_d5_corr95_NA25","MICE.1.Y.IMP",100,"[[-2.42130435043997, 2.7110662602371, -0.100892987695701, -0.645637782412766, 0.649654625992953], [0.0263232683505633]]","SimNLMNAR_rep4_n115000_d5_corr95_NA25_MICE.1.Y.IMP_100",0.148297786712646,0.00333857536315918,"2025-11-28 01:02:27.855685"
"SimNLMNAR_rep5_n115000_d5_corr95_NA25","MICE.1.Y.IMP",100,"[[7.4108161535841, 1.59631128961784, -3.90733146561302, -3.5849651346302, 1.52574032288929], [0.548325910620453]]","SimNLMNAR_rep5_n115000_d5_corr95_NA25_MICE.1.Y.IMP_100",0.156438589096069,0.00331211090087891,"2025-11-28 01:02:28.035643"
"SimNLMNAR_rep6_n115000_d5_corr95_NA25","MICE.1.Y.IMP",100,"[[27.1827077572705, -20.7702640287806, -10.1704195759364, -3.27308822068458, 7.95551038631691], [-4.69159529855368]]","SimNLMNAR_rep6_n115000_d5_corr95_NA25_MICE.1.Y.IMP_100",0.150137901306152,0.00532174110412598,"2025-11-28 01:02:28.224488"
"SimNLMNAR_rep7_n115000_d5_corr95_NA25","MICE.1.Y.IMP",100,"[[3.4827462590277, -3.2355296042829, 2.39044762454781, -2.40163488728688, 0.863190704727712], [2.26519733703037]]","SimNLMNAR_rep7_n115000_d5_corr95_NA25_MICE.1.Y.IMP_100",0.161394834518433,0.00341343879699707,"2025-11-28 01:02:28.408624"
"SimNLMNAR_rep8_n115000_d5_corr95_NA25","MICE.1.Y.IMP",100,"[[1.44725767067509, 0.260521813800014, -1.68257767346098, -0.653571427043095, 0.932033684029573], [0.388805927880495]]","SimNLMNAR_rep8_n115000_d5_corr95_NA25_MICE.1.Y.IMP_100",0.161736011505127,0.00334286689758301,"2025-11-28 01:02:28.603295"
"SimNLMNAR_rep9_n115000_d5_corr95_NA25","MICE.1.Y.IMP",100,"[[1.12411111056358, 1.07991703817612, -0.862204829869505, -1.64985239073624, 0.729697450728462], [0.340240096605895]]","SimNLMNAR_rep9_n115000_d5_corr95_NA25_MICE.1.Y.IMP_100",0.545617580413818,0.0033562183380127,"2025-11-28 01:02:28.798092"
"SimNLMNAR_rep0_n115000_d5_corr95_NA25","MICE.1.Y.IMP",500,"[[0.0943505644578417, 2.04466860970641, -1.92734704781504, -0.652735098468802, 0.76221728584023], [-0.139159642374371]]","SimNLMNAR_rep0_n115000_d5_corr95_NA25_MICE.1.Y.IMP_500",0.159482002258301,0.00351047515869141,"2025-11-28 01:02:29.376731"
"SimNLMNAR_rep1_n115000_d5_corr95_NA25","MICE.1.Y.IMP",500,"[[0.184986235126505, 1.00221220273454, -1.20857241355761, -0.62442641262927, 0.64323901487368], [-0.00796591729391499]]","SimNLMNAR_rep1_n115000_d5_corr95_NA25_MICE.1.Y.IMP_500",0.605508089065552,0.00413084030151367,"2025-11-28 01:02:16.772991"
"SimNLMNAR_rep2_n115000_d5_corr95_NA25","MICE.1.Y.IMP",500,"[[1.34884029595724, -0.750880925202777, -1.23680926560096, -0.690398895030774, 0.943234863321663], [0.0829899961328461]]","SimNLMNAR_rep2_n115000_d5_corr95_NA25_MICE.1.Y.IMP_500",0.557676553726196,0.0136804580688477,"2025-11-28 01:02:17.429124"
"SimNLMNAR_rep3_n115000_d5_corr95_NA25","MICE.1.Y.IMP",500,"[[1.93666401319946, 0.175752568085796, -1.32640693928797, -1.31517335072359, 1.02077046243126], [0.244717989689291]]","SimNLMNAR_rep3_n115000_d5_corr95_NA25_MICE.1.Y.IMP_500",0.161909103393555,0.00340366363525391,"2025-11-28 01:02:18.040854"
"SimNLMNAR_rep4_n115000_d5_corr95_NA25","MICE.1.Y.IMP",500,"[[3.10578592895709, -2.90741477564208, -1.26594637069822, -0.265585125120561, 0.949127858780075], [-0.112678987306116]]","SimNLMNAR_rep4_n115000_d5_corr95_NA25_MICE.1.Y.IMP_500",0.168853044509888,0.00352358818054199,"2025-11-28 01:02:18.237867"
"SimNLMNAR_rep5_n115000_d5_corr95_NA25","MICE.1.Y.IMP",500,"[[1.68566497796204, 1.09399605822872, -1.92886938221444, -1.36171658830258, 0.992980352975425], [-0.22018696058046]]","SimNLMNAR_rep5_n115000_d5_corr95_NA25_MICE.1.Y.IMP_500",0.17244029045105,0.00349688529968262,"2025-11-28 01:02:18.443938"
"SimNLMNAR_rep6_n115000_d5_corr95_NA25","MICE.1.Y.IMP",500,"[[2.33780942194555, -0.89046249142604, -1.76424486016476, -0.586831107977492, 1.03163908669598], [-0.370730859674997]]","SimNLMNAR_rep6_n115000_d5_corr95_NA25_MICE.1.Y.IMP_500",0.534718990325928,0.00336146354675293,"2025-11-28 01:02:18.648412"
"SimNLMNAR_rep7_n115000_d5_corr95_NA25","MICE.1.Y.IMP",500,"[[1.65276696428021, -0.519141904936476, -1.3516743306795, -0.322187016661475, 0.664372892113822], [-0.0813740024389794]]","SimNLMNAR_rep7_n115000_d5_corr95_NA25_MICE.1.Y.IMP_500",0.165996551513672,0.00357556343078613,"2025-11-28 01:02:19.221799"
"SimNLMNAR_rep8_n115000_d5_corr95_NA25","MICE.1.Y.IMP",500,"[[1.24172654507517, 0.104443469793138, -1.92720750984196, -0.318731093081097, 0.963571501520579], [0.2709163963369]]","SimNLMNAR_rep8_n115000_d5_corr95_NA25_MICE.1.Y.IMP_500",0.529961109161377,0.00721931457519531,"2025-11-28 01:02:19.419307"
"SimNLMNAR_rep9_n115000_d5_corr95_NA25","MICE.1.Y.IMP",500,"[[0.624079143207251, 0.153014500529605, -1.31639697387927, -0.458623599520943, 0.885485609000492], [-0.0252006789246042]]","SimNLMNAR_rep9_n115000_d5_corr95_NA25_MICE.1.Y.IMP_500",0.162087202072144,0.00346136093139648,"2025-11-28 01:02:19.9853"
"SimNLMNAR_rep0_n115000_d5_corr95_NA25","MICE.1.Y.IMP",1000,"[[-0.336548590380438, 2.9928090179576, -2.06258330194643, -0.968842863328749, 0.887344919318247], [-0.203675755066065]]","SimNLMNAR_rep0_n115000_d5_corr95_NA25_MICE.1.Y.IMP_1000",0.175028324127197,0.00346016883850098,"2025-11-28 01:02:20.17916"
"SimNLMNAR_rep1_n115000_d5_corr95_NA25","MICE.1.Y.IMP",1000,"[[0.580248508436144, 0.934842059912473, -1.13752011231528, -0.823844748159033, 0.803193030793703], [-0.00546583580267336]]","SimNLMNAR_rep1_n115000_d5_corr95_NA25_MICE.1.Y.IMP_1000",0.184356212615967,0.00750494003295898,"2025-11-28 01:02:20.3906"
"SimNLMNAR_rep2_n115000_d5_corr95_NA25","MICE.1.Y.IMP",1000,"[[1.01980174156147, 0.0903743041006783, -1.08942095405876, -0.842161769905794, 0.78887218910708], [0.324336906219449]]","SimNLMNAR_rep2_n115000_d5_corr95_NA25_MICE.1.Y.IMP_1000",0.18096661567688,0.00353574752807617,"2025-11-28 01:02:20.613525"
"SimNLMNAR_rep3_n115000_d5_corr95_NA25","MICE.1.Y.IMP",1000,"[[1.39275514547754, 0.114281576765506, -1.69283787307526, -0.757238802210377, 0.901623248223444], [-0.0293674112211669]]","SimNLMNAR_rep3_n115000_d5_corr95_NA25_MICE.1.Y.IMP_1000",0.660066604614258,0.00799751281738281,"2025-11-28 01:02:20.828147"
"SimNLMNAR_rep4_n115000_d5_corr95_NA25","MICE.1.Y.IMP",1000,"[[1.38889640557725, -0.30640249348926, -0.993104340082943, -0.679037873804474, 0.739874357885331], [-0.0453315287970064]]","SimNLMNAR_rep4_n115000_d5_corr95_NA25_MICE.1.Y.IMP_1000",0.173083305358887,0.0035698413848877,"2025-11-28 01:02:21.532674"
"SimNLMNAR_rep5_n115000_d5_corr95_NA25","MICE.1.Y.IMP",1000,"[[0.788924786756617, 0.68319294840591, -0.986859889087595, -0.87575993727704, 0.739350008987873], [0.362555877660427]]","SimNLMNAR_rep5_n115000_d5_corr95_NA25_MICE.1.Y.IMP_1000",0.55095362663269,0.0117871761322021,"2025-11-28 01:02:21.739293"
"SimNLMNAR_rep6_n115000_d5_corr95_NA25","MICE.1.Y.IMP",1000,"[[1.06207518239763, 0.454282580362521, -1.63601064217218, -0.523745320819306, 0.86035922727235], [-0.018712487368594]]","SimNLMNAR_rep6_n115000_d5_corr95_NA25_MICE.1.Y.IMP_1000",0.173747539520264,0.00746536254882812,"2025-11-28 01:02:22.333619"
"SimNLMNAR_rep7_n115000_d5_corr95_NA25","MICE.1.Y.IMP",1000,"[[1.49294135201282, 0.749423515032642, -2.17426409648725, -0.560740982171748, 0.899117732626257], [0.0883802731662785]]","SimNLMNAR_rep7_n115000_d5_corr95_NA25_MICE.1.Y.IMP_1000",0.178435087203979,0.0034632682800293,"2025-11-28 01:02:22.544664"
"SimNLMNAR_rep8_n115000_d5_corr95_NA25","MICE.1.Y.IMP",1000,"[[1.22904349697007, 0.734346019084861, -2.01613697641761, -0.567223499179341, 0.89629442550672], [0.0218199313416969]]","SimNLMNAR_rep8_n115000_d5_corr95_NA25_MICE.1.Y.IMP_1000",0.193421125411987,0.00761651992797852,"2025-11-28 01:02:22.756566"
"SimNLMNAR_rep9_n115000_d5_corr95_NA25","MICE.1.Y.IMP",1000,"[[0.510665845410257, 1.1945961285608, -2.08427056516316, -0.616458417521053, 0.947268619464498], [-0.140321329335786]]","SimNLMNAR_rep9_n115000_d5_corr95_NA25_MICE.1.Y.IMP_1000",0.64692211151123,0.00345373153686523,"2025-11-28 01:02:22.985719"
"SimNLMNAR_rep0_n115000_d5_corr95_NA25","MICE.1.Y.IMP",5000,"[[0.784919190776544, 1.14549483887183, -1.68840477797427, -0.778914005679526, 0.822772376435816], [0.0163069097588543]]","SimNLMNAR_rep0_n115000_d5_corr95_NA25_MICE.1.Y.IMP_5000",0.265604019165039,0.00401544570922852,"2025-11-28 01:02:23.666028"
"SimNLMNAR_rep1_n115000_d5_corr95_NA25","MICE.1.Y.IMP",5000,"[[0.853101111989753, 0.943762076166089, -1.55629583274822, -0.816314959444998, 0.884006844271417], [-0.0241368779986667]]","SimNLMNAR_rep1_n115000_d5_corr95_NA25_MICE.1.Y.IMP_5000",0.643889427185059,0.00401639938354492,"2025-11-28 01:02:23.96604"
"SimNLMNAR_rep2_n115000_d5_corr95_NA25","MICE.1.Y.IMP",5000,"[[1.46936701019121, -0.0695530853520866, -1.59863975960132, -0.511270939313228, 0.852820582401971], [0.0712990579413016]]","SimNLMNAR_rep2_n115000_d5_corr95_NA25_MICE.1.Y.IMP_5000",0.266188383102417,0.00406599044799805,"2025-11-28 01:02:24.6484"
"SimNLMNAR_rep3_n115000_d5_corr95_NA25","MICE.1.Y.IMP",5000,"[[1.51056198198884, -0.121706632535149, -1.47147459243612, -0.617020556511443, 0.863506018381742], [-0.10965342679194]]","SimNLMNAR_rep3_n115000_d5_corr95_NA25_MICE.1.Y.IMP_5000",0.70479941368103,0.00397539138793945,"2025-11-28 01:02:24.95028"
"SimNLMNAR_rep4_n115000_d5_corr95_NA25","MICE.1.Y.IMP",5000,"[[1.61600404386583, -0.360157552454053, -1.43467185866174, -0.6328585598802, 0.830379681766888], [-0.12896875570151]]","SimNLMNAR_rep4_n115000_d5_corr95_NA25_MICE.1.Y.IMP_5000",0.27688455581665,0.00568866729736328,"2025-11-28 01:02:25.689672"
"SimNLMNAR_rep5_n115000_d5_corr95_NA25","MICE.1.Y.IMP",5000,"[[1.41114407210803, 0.2800960259766, -1.71053882435083, -0.640608682877729, 0.864802317955922], [-0.00599662719096265]]","SimNLMNAR_rep5_n115000_d5_corr95_NA25_MICE.1.Y.IMP_5000",0.657565116882324,0.00771188735961914,"2025-11-28 01:02:26.002243"
"SimNLMNAR_rep6_n115000_d5_corr95_NA25","MICE.1.Y.IMP",5000,"[[0.778469679075218, 1.15742969394651, -1.71377398933891, -0.656760720167464, 0.784734129641118], [-0.0335630820840455]]","SimNLMNAR_rep6_n115000_d5_corr95_NA25_MICE.1.Y.IMP_5000",1.23299217224121,0.00591397285461426,"2025-11-28 01:02:24.458988"
"SimNLMNAR_rep7_n115000_d5_corr95_NA25","MICE.1.Y.IMP",5000,"[[2.16164878624486, -0.317816646416523, -1.55221905118265, -0.847852134621064, 0.858132878907519], [0.104509560485882]]","SimNLMNAR_rep7_n115000_d5_corr95_NA25_MICE.1.Y.IMP_5000",0.285932064056396,0.0142176151275635,"2025-11-28 01:02:25.746686"
"SimNLMNAR_rep8_n115000_d5_corr95_NA25","MICE.1.Y.IMP",5000,"[[1.83812228511119, -0.317629543502104, -1.52206729604867, -0.705589255257372, 0.885865847081371], [-0.0361704134915709]]","SimNLMNAR_rep8_n115000_d5_corr95_NA25_MICE.1.Y.IMP_5000",0.265477180480957,0.00399613380432129,"2025-11-28 01:02:26.083866"
"SimNLMNAR_rep9_n115000_d5_corr95_NA25","MICE.1.Y.IMP",5000,"[[0.751000864049138, 0.776774642803026, -1.54678655245862, -0.653695150750239, 0.838679269906995], [-0.0409827535389854]]","SimNLMNAR_rep9_n115000_d5_corr95_NA25_MICE.1.Y.IMP_5000",0.270400285720825,0.004180908203125,"2025-11-28 01:02:26.385003"
"SimNLMNAR_rep0_n115000_d5_corr95_NA25","MICE.1.Y.IMP",10000,"[[0.943996898741222, 1.12876186861948, -1.79525065420253, -0.811747595697923, 0.886851154239338], [-0.0321568930445238]]","SimNLMNAR_rep0_n115000_d5_corr95_NA25_MICE.1.Y.IMP_10000",0.7325758934021,0.00829720497131348,"2025-11-28 01:02:26.694552"
"SimNLMNAR_rep1_n115000_d5_corr95_NA25","MICE.1.Y.IMP",10000,"[[1.18842489033667, 0.44502159182466, -1.54981780971047, -0.700230405088582, 0.830841830372051], [0.00346873153796809]]","SimNLMNAR_rep1_n115000_d5_corr95_NA25_MICE.1.Y.IMP_10000",0.373650074005127,0.00462889671325684,"2025-11-28 01:02:27.466102"
"SimNLMNAR_rep2_n115000_d5_corr95_NA25","MICE.1.Y.IMP",10000,"[[1.36541102481812, 0.365799246310142, -1.62575688840389, -0.627297962352776, 0.809160446307043], [0.0368260306408651]]","SimNLMNAR_rep2_n115000_d5_corr95_NA25_MICE.1.Y.IMP_10000",1.18729996681213,0.00504517555236816,"2025-11-28 01:02:27.873621"
"SimNLMNAR_rep3_n115000_d5_corr95_NA25","MICE.1.Y.IMP",10000,"[[1.36996775724195, 0.653538495535231, -1.80911208427493, -0.800496170485276, 0.90992643862359], [-0.0649993906086708]]","SimNLMNAR_rep3_n115000_d5_corr95_NA25_MICE.1.Y.IMP_10000",0.37652850151062,0.00475835800170898,"2025-11-28 01:02:29.095588"
"SimNLMNAR_rep4_n115000_d5_corr95_NA25","MICE.1.Y.IMP",10000,"[[1.55253800940414, 0.128554218104304, -1.56660524111427, -0.711016771701553, 0.807382214285002], [-0.0638702045176565]]","SimNLMNAR_rep4_n115000_d5_corr95_NA25_MICE.1.Y.IMP_10000",0.765246868133545,0.0046992301940918,"2025-11-28 01:02:29.514226"
"SimNLMNAR_rep5_n115000_d5_corr95_NA25","MICE.1.Y.IMP",10000,"[[1.45400021587769, 0.432628787785995, -1.80085514008771, -0.72025927517694, 0.876691379975578], [-0.0384234800080675]]","SimNLMNAR_rep5_n115000_d5_corr95_NA25_MICE.1.Y.IMP_10000",0.381517887115479,0.00486660003662109,"2025-11-28 01:02:30.31527"
"SimNLMNAR_rep6_n115000_d5_corr95_NA25","MICE.1.Y.IMP",10000,"[[1.28121055105649, 0.725440409717943, -1.77803507634741, -0.750844821049374, 0.839230382433685], [-0.0612834892994852]]","SimNLMNAR_rep6_n115000_d5_corr95_NA25_MICE.1.Y.IMP_10000",0.843939781188965,0.00481939315795898,"2025-11-28 01:02:30.731255"
"SimNLMNAR_rep7_n115000_d5_corr95_NA25","MICE.1.Y.IMP",10000,"[[2.2310055219249, -0.553887370267793, -1.62992712137783, -0.719115862023061, 0.85728310877781], [-0.0221402723950932]]","SimNLMNAR_rep7_n115000_d5_corr95_NA25_MICE.1.Y.IMP_10000",0.39684796333313,0.00464797019958496,"2025-11-28 01:02:31.614931"
"SimNLMNAR_rep8_n115000_d5_corr95_NA25","MICE.1.Y.IMP",10000,"[[1.12839108848814, 0.553184881606593, -1.58360598910043, -0.727266450202375, 0.843457172055386], [-0.0239709546108655]]","SimNLMNAR_rep8_n115000_d5_corr95_NA25_MICE.1.Y.IMP_10000",0.778798341751099,0.0046238899230957,"2025-11-28 01:02:32.049821"
"SimNLMNAR_rep9_n115000_d5_corr95_NA25","MICE.1.Y.IMP",10000,"[[1.26051972826752, 0.46741916053185, -1.6316002797047, -0.716544072681213, 0.872513577960549], [-0.0226971763875416]]","SimNLMNAR_rep9_n115000_d5_corr95_NA25_MICE.1.Y.IMP_10000",0.795114755630493,0.00466561317443848,"2025-11-28 01:02:32.871458"
"SimNLMNAR_rep0_n115000_d5_corr95_NA25","MICE.1.Y.IMP",50000,"[[1.25770963782454, 0.520728653011658, -1.60888218817238, -0.732281364412642, 0.861742476915635], [0.0240543998390777]]","SimNLMNAR_rep0_n115000_d5_corr95_NA25_MICE.1.Y.IMP_50000",1.61416006088257,0.0132491588592529,"2025-11-28 01:02:33.700518"
"SimNLMNAR_rep1_n115000_d5_corr95_NA25","MICE.1.Y.IMP",50000,"[[1.48331054060519, 0.353208465817046, -1.63791740885648, -0.787685512737296, 0.869939055613359], [0.00960635907986165]]","SimNLMNAR_rep1_n115000_d5_corr95_NA25_MICE.1.Y.IMP_50000",1.60317921638489,0.0159511566162109,"2025-11-28 01:02:35.360629"
"SimNLMNAR_rep2_n115000_d5_corr95_NA25","MICE.1.Y.IMP",50000,"[[1.35623413034883, 0.488049262829835, -1.69271044934005, -0.725517280971658, 0.867266939898277], [0.0189091357027209]]","SimNLMNAR_rep2_n115000_d5_corr95_NA25_MICE.1.Y.IMP_50000",1.63202095031738,0.00905275344848633,"2025-11-28 01:02:37.012408"
"SimNLMNAR_rep3_n115000_d5_corr95_NA25","MICE.1.Y.IMP",50000,"[[1.37723266100407, 0.340163829019637, -1.65032490240665, -0.70003256596771, 0.860824116496223], [-0.0234182871622803]]","SimNLMNAR_rep3_n115000_d5_corr95_NA25_MICE.1.Y.IMP_50000",1.6398720741272,0.00917339324951172,"2025-11-28 01:02:38.685812"
"SimNLMNAR_rep4_n115000_d5_corr95_NA25","MICE.1.Y.IMP",50000,"[[1.41479253453888, 0.304648263439516, -1.69462062247871, -0.690810665099966, 0.854309969575542], [-0.0750641743308088]]","SimNLMNAR_rep4_n115000_d5_corr95_NA25_MICE.1.Y.IMP_50000",1.64631223678589,0.00907397270202637,"2025-11-28 01:02:40.364686"
"SimNLMNAR_rep5_n115000_d5_corr95_NA25","MICE.1.Y.IMP",50000,"[[1.41599429694385, 0.424481785327964, -1.69822684543277, -0.704240713093522, 0.838784631963618], [-0.0213356324747064]]","SimNLMNAR_rep5_n115000_d5_corr95_NA25_MICE.1.Y.IMP_50000",1.57990264892578,0.0135283470153809,"2025-11-28 01:02:42.051718"
"SimNLMNAR_rep6_n115000_d5_corr95_NA25","MICE.1.Y.IMP",50000,"[[1.46899430396888, 0.47310527949449, -1.72010773345967, -0.725953864316679, 0.85626200351621], [0.0181851971317602]]","SimNLMNAR_rep6_n115000_d5_corr95_NA25_MICE.1.Y.IMP_50000",1.64654445648193,0.0092003345489502,"2025-11-28 01:02:43.675931"
"SimNLMNAR_rep7_n115000_d5_corr95_NA25","MICE.1.Y.IMP",50000,"[[1.50150208422702, 0.383781783718694, -1.72411619247781, -0.710759905456394, 0.83614705424867], [-0.0452672429800805]]","SimNLMNAR_rep7_n115000_d5_corr95_NA25_MICE.1.Y.IMP_50000",1.59774541854858,0.0153720378875732,"2025-11-28 01:02:45.361945"
"SimNLMNAR_rep8_n115000_d5_corr95_NA25","MICE.1.Y.IMP",50000,"[[1.28084466238694, 0.561517456224127, -1.62724574822621, -0.751225669992797, 0.844180893106227], [0.0051301634319078]]","SimNLMNAR_rep8_n115000_d5_corr95_NA25_MICE.1.Y.IMP_50000",1.59695792198181,0.00937819480895996,"2025-11-28 01:02:47.0077"
"SimNLMNAR_rep9_n115000_d5_corr95_NA25","MICE.1.Y.IMP",50000,"[[1.19161007535622, 0.470648307563592, -1.5729918579543, -0.693954309528773, 0.826459179734799], [-0.0340423114677814]]","SimNLMNAR_rep9_n115000_d5_corr95_NA25_MICE.1.Y.IMP_50000",1.62278246879578,0.00905752182006836,"2025-11-28 01:02:48.647057"
"SimNLMNAR_rep0_n115000_d5_corr95_NA25","MICE.1.M.IMP",100,"[[-0.961978902171528, -0.317491829878963, 0.740291549874829, -0.0304555155840199, 0.31248413638682], [0.364216408917167]]","SimNLMNAR_rep0_n115000_d5_corr95_NA25_MICE.1.M.IMP_100",0.592314720153809,0.00455856323242188,"2025-11-28 01:02:31.689286"
"SimNLMNAR_rep1_n115000_d5_corr95_NA25","MICE.1.M.IMP",100,"[[1.71447079795207, -0.277001564326838, -0.352444243332216, -0.633645744875211, 0.113565579357768], [0.362681479665389]]","SimNLMNAR_rep1_n115000_d5_corr95_NA25_MICE.1.M.IMP_100",0.566898584365845,0.0139861106872559,"2025-11-28 01:02:32.333005"
"SimNLMNAR_rep2_n115000_d5_corr95_NA25","MICE.1.M.IMP",100,"[[-0.187668430670103, -0.250143518215134, 0.465066541989633, -0.603598812310931, 0.23710701075568], [0.0837455199231774]]","SimNLMNAR_rep2_n115000_d5_corr95_NA25_MICE.1.M.IMP_100",0.166411638259888,0.00364446640014648,"2025-11-28 01:02:32.949364"
"SimNLMNAR_rep3_n115000_d5_corr95_NA25","MICE.1.M.IMP",100,"[[1.21437928144486, 0.875034209622445, -0.69364041221856, -0.576861200470317, 0.500869765875873], [0.552205892810127]]","SimNLMNAR_rep3_n115000_d5_corr95_NA25_MICE.1.M.IMP_100",0.204638957977295,0.00764822959899902,"2025-11-28 01:02:33.154296"
"SimNLMNAR_rep4_n115000_d5_corr95_NA25","MICE.1.M.IMP",100,"[[-1.01822742926292, 0.964005337435894, 0.0645912705367191, -0.458180569748278, 0.437648344386325], [-0.0562433054017352]]","SimNLMNAR_rep4_n115000_d5_corr95_NA25_MICE.1.M.IMP_100",0.176596164703369,0.00364542007446289,"2025-11-28 01:02:33.396466"
"SimNLMNAR_rep5_n115000_d5_corr95_NA25","MICE.1.M.IMP",100,"[[0.513209930463246, 0.00314014565793783, -0.129810127335524, -0.48870154645557, 0.40713592276529], [0.439454709683736]]","SimNLMNAR_rep5_n115000_d5_corr95_NA25_MICE.1.M.IMP_100",0.642723560333252,0.00379109382629395,"2025-11-28 01:02:33.605202"
"SimNLMNAR_rep6_n115000_d5_corr95_NA25","MICE.1.M.IMP",100,"[[1.66381317683665, -0.6810985170398, -0.626985759388979, -0.236146591232621, 0.407460074718826], [0.654605001594634]]","SimNLMNAR_rep6_n115000_d5_corr95_NA25_MICE.1.M.IMP_100",0.565332889556885,0.00389790534973145,"2025-11-28 01:02:34.284571"
"SimNLMNAR_rep7_n115000_d5_corr95_NA25","MICE.1.M.IMP",100,"[[0.720364799932481, -0.718256371765362, 0.438065860991271, -0.239082636541892, 0.230210349311617], [0.7709880590437]]","SimNLMNAR_rep7_n115000_d5_corr95_NA25_MICE.1.M.IMP_100",0.167321681976318,0.00749421119689941,"2025-11-28 01:02:34.884089"
"SimNLMNAR_rep8_n115000_d5_corr95_NA25","MICE.1.M.IMP",100,"[[0.301803421630914, -0.216624784879554, -0.0771424943523818, -0.141212812607422, 0.284049475836436], [0.267631745351689]]","SimNLMNAR_rep8_n115000_d5_corr95_NA25_MICE.1.M.IMP_100",0.175818920135498,0.0038149356842041,"2025-11-28 01:02:35.089585"
"SimNLMNAR_rep9_n115000_d5_corr95_NA25","MICE.1.M.IMP",100,"[[0.514000927000724, -0.592026906537122, 0.916596280748626, -0.540773427329079, 0.313280583402174], [1.01135454886401]]","SimNLMNAR_rep9_n115000_d5_corr95_NA25_MICE.1.M.IMP_100",0.184938907623291,0.00372195243835449,"2025-11-28 01:02:35.299875"
"SimNLMNAR_rep0_n115000_d5_corr95_NA25","MICE.1.M.IMP",500,"[[-0.312133913906364, 0.911423473800071, -0.592680856459897, -0.269458664738387, 0.285783040162054], [0.126899969073363]]","SimNLMNAR_rep0_n115000_d5_corr95_NA25_MICE.1.M.IMP_500",0.188397169113159,0.00366497039794922,"2025-11-28 01:02:35.517322"
"SimNLMNAR_rep1_n115000_d5_corr95_NA25","MICE.1.M.IMP",500,"[[0.245595494917911, -0.0074723862996102, -0.310648761349988, -0.225306689370495, 0.313546029240077], [0.327331430746728]]","SimNLMNAR_rep1_n115000_d5_corr95_NA25_MICE.1.M.IMP_500",0.18225884437561,0.00380086898803711,"2025-11-28 01:02:36.20387"
"SimNLMNAR_rep2_n115000_d5_corr95_NA25","MICE.1.M.IMP",500,"[[0.760691760531486, -0.27782123848092, -0.627479952863949, -0.208145929340726, 0.336600177796381], [0.194263779234308]]","SimNLMNAR_rep2_n115000_d5_corr95_NA25_MICE.1.M.IMP_500",0.180721044540405,0.00779366493225098,"2025-11-28 01:02:36.419297"
"SimNLMNAR_rep3_n115000_d5_corr95_NA25","MICE.1.M.IMP",500,"[[0.508186621023611, 0.319637509057005, -0.812073380864329, -0.33590139219502, 0.320660623857786], [0.0899258969631784]]","SimNLMNAR_rep3_n115000_d5_corr95_NA25_MICE.1.M.IMP_500",0.636578321456909,0.00372505187988281,"2025-11-28 01:02:36.637622"
"SimNLMNAR_rep4_n115000_d5_corr95_NA25","MICE.1.M.IMP",500,"[[0.330715200044853, 0.136736414350812, -0.319213956618663, -0.496408306947326, 0.324637346832283], [0.162116450650152]]","SimNLMNAR_rep4_n115000_d5_corr95_NA25_MICE.1.M.IMP_500",0.189611434936523,0.0048668384552002,"2025-11-28 01:02:37.307646"
"SimNLMNAR_rep5_n115000_d5_corr95_NA25","MICE.1.M.IMP",500,"[[0.254883401287861, 0.341181821541521, -0.294978927910698, -0.421593475974253, 0.325603585946701], [0.301144044522616]]","SimNLMNAR_rep5_n115000_d5_corr95_NA25_MICE.1.M.IMP_500",0.191474914550781,0.00370144844055176,"2025-11-28 01:02:37.535825"
"SimNLMNAR_rep6_n115000_d5_corr95_NA25","MICE.1.M.IMP",500,"[[0.531517381550438, 0.152214180309636, -0.406090578380667, -0.349881889686902, 0.248123772024579], [0.049324618855339]]","SimNLMNAR_rep6_n115000_d5_corr95_NA25_MICE.1.M.IMP_500",0.19135046005249,0.00371241569519043,"2025-11-28 01:02:37.763189"
"SimNLMNAR_rep7_n115000_d5_corr95_NA25","MICE.1.M.IMP",500,"[[0.38060758640858, -0.00280145183392728, -0.273239378168532, -0.257429877107342, 0.255870602505461], [0.212645817226864]]","SimNLMNAR_rep7_n115000_d5_corr95_NA25_MICE.1.M.IMP_500",0.608733654022217,0.00371575355529785,"2025-11-28 01:02:37.988697"
"SimNLMNAR_rep8_n115000_d5_corr95_NA25","MICE.1.M.IMP",500,"[[-0.268543716801337, 0.637918019297785, -0.47617818092246, -0.313393582695305, 0.371470249556957], [0.264902520522871]]","SimNLMNAR_rep8_n115000_d5_corr95_NA25_MICE.1.M.IMP_500",0.180536270141602,0.00371289253234863,"2025-11-28 01:02:38.635776"
"SimNLMNAR_rep9_n115000_d5_corr95_NA25","MICE.1.M.IMP",500,"[[0.795741670008871, -0.351768262180338, -0.439743360881798, -0.303855520840809, 0.292865513909126], [0.142443342034838]]","SimNLMNAR_rep9_n115000_d5_corr95_NA25_MICE.1.M.IMP_500",0.610644578933716,0.00524473190307617,"2025-11-28 01:02:38.852811"
"SimNLMNAR_rep0_n115000_d5_corr95_NA25","MICE.1.M.IMP",1000,"[[0.249438264068275, 0.375741755634043, -0.3937802400374, -0.37609705242963, 0.279826865099268], [0.156304628200226]]","SimNLMNAR_rep0_n115000_d5_corr95_NA25_MICE.1.M.IMP_1000",0.198960065841675,0.00375628471374512,"2025-11-28 01:02:39.498223"
"SimNLMNAR_rep1_n115000_d5_corr95_NA25","MICE.1.M.IMP",1000,"[[0.204185493948367, 0.694901050089998, -0.428140467756907, -0.466753989977382, 0.295838039198015], [0.243944446432327]]","SimNLMNAR_rep1_n115000_d5_corr95_NA25_MICE.1.M.IMP_1000",0.19572925567627,0.00768518447875977,"2025-11-28 01:02:39.732344"
"SimNLMNAR_rep2_n115000_d5_corr95_NA25","MICE.1.M.IMP",1000,"[[0.496696479729798, -0.184764048476669, -0.397714451665368, -0.263288844857445, 0.312024136490967], [0.310933326770291]]","SimNLMNAR_rep2_n115000_d5_corr95_NA25_MICE.1.M.IMP_1000",0.587605953216553,0.00776457786560059,"2025-11-28 01:02:39.968997"
"SimNLMNAR_rep3_n115000_d5_corr95_NA25","MICE.1.M.IMP",1000,"[[0.526538232153513, 0.0267056709305465, -0.430924733461992, -0.295510284599976, 0.282039767122201], [0.167034081309176]]","SimNLMNAR_rep3_n115000_d5_corr95_NA25_MICE.1.M.IMP_1000",0.204503059387207,0.00378084182739258,"2025-11-28 01:02:40.595355"
"SimNLMNAR_rep4_n115000_d5_corr95_NA25","MICE.1.M.IMP",1000,"[[0.659533762844198, -0.0261968371236709, -0.245571286602427, -0.443986299447352, 0.254964190821117], [0.111696484333423]]","SimNLMNAR_rep4_n115000_d5_corr95_NA25_MICE.1.M.IMP_1000",0.197963237762451,0.00766468048095703,"2025-11-28 01:02:40.832746"
"SimNLMNAR_rep5_n115000_d5_corr95_NA25","MICE.1.M.IMP",1000,"[[0.241919493798665, 0.257193978264349, -0.248200920649634, -0.363825267401739, 0.295084572038717], [0.295790913151891]]","SimNLMNAR_rep5_n115000_d5_corr95_NA25_MICE.1.M.IMP_1000",0.729674339294434,0.00462460517883301,"2025-11-28 01:02:40.374575"
"SimNLMNAR_rep6_n115000_d5_corr95_NA25","MICE.1.M.IMP",1000,"[[0.562940708632542, 0.220245984234404, -0.507411846619023, -0.443313294895315, 0.306066663451058], [0.124655533653994]]","SimNLMNAR_rep6_n115000_d5_corr95_NA25_MICE.1.M.IMP_1000",0.587507247924805,0.0140435695648193,"2025-11-28 01:02:41.160502"
"SimNLMNAR_rep7_n115000_d5_corr95_NA25","MICE.1.M.IMP",1000,"[[0.485186574037744, 0.614670229764546, -0.901199178054245, -0.412894686405259, 0.373125628961462], [0.113410792978322]]","SimNLMNAR_rep7_n115000_d5_corr95_NA25_MICE.1.M.IMP_1000",0.199733018875122,0.0127007961273193,"2025-11-28 01:02:41.803958"
"SimNLMNAR_rep8_n115000_d5_corr95_NA25","MICE.1.M.IMP",1000,"[[0.214294719660166, 0.486754569470575, -0.70762462167304, -0.31133733295242, 0.349577316245364], [0.140793844116158]]","SimNLMNAR_rep8_n115000_d5_corr95_NA25_MICE.1.M.IMP_1000",0.196937322616577,0.00753450393676758,"2025-11-28 01:02:42.048965"
"SimNLMNAR_rep9_n115000_d5_corr95_NA25","MICE.1.M.IMP",1000,"[[0.239203197431633, 0.274046084814642, -0.594662059547994, -0.172176604662653, 0.274937222666964], [0.118103404590029]]","SimNLMNAR_rep9_n115000_d5_corr95_NA25_MICE.1.M.IMP_1000",0.66097092628479,0.0038294792175293,"2025-11-28 01:02:42.282731"
"SimNLMNAR_rep0_n115000_d5_corr95_NA25","MICE.1.M.IMP",5000,"[[0.160544968282498, 0.579175843425984, -0.574362479793794, -0.349480145222373, 0.308129430570059], [0.171747420341856]]","SimNLMNAR_rep0_n115000_d5_corr95_NA25_MICE.1.M.IMP_5000",0.28727912902832,0.00438427925109863,"2025-11-28 01:02:42.978235"
"SimNLMNAR_rep1_n115000_d5_corr95_NA25","MICE.1.M.IMP",5000,"[[0.28989642404023, 0.333745756357516, -0.46402049455517, -0.39130043200991, 0.322610761441032], [0.156122858299431]]","SimNLMNAR_rep1_n115000_d5_corr95_NA25_MICE.1.M.IMP_5000",0.679994344711304,0.00448417663574219,"2025-11-28 01:02:43.304836"
"SimNLMNAR_rep2_n115000_d5_corr95_NA25","MICE.1.M.IMP",5000,"[[0.396618037817835, 0.286557535363328, -0.570235690640847, -0.331518877607448, 0.329213011940609], [0.168603255780935]]","SimNLMNAR_rep2_n115000_d5_corr95_NA25_MICE.1.M.IMP_5000",0.296236515045166,0.00467228889465332,"2025-11-28 01:02:44.018567"
"SimNLMNAR_rep3_n115000_d5_corr95_NA25","MICE.1.M.IMP",5000,"[[0.24686842354037, 0.194630710626099, -0.335265555648178, -0.296115463945681, 0.30119098471431], [0.135919832910798]]","SimNLMNAR_rep3_n115000_d5_corr95_NA25_MICE.1.M.IMP_5000",0.762590169906616,0.00441813468933105,"2025-11-28 01:02:44.349197"
"SimNLMNAR_rep4_n115000_d5_corr95_NA25","MICE.1.M.IMP",5000,"[[0.239486567429052, 0.461437662320139, -0.535901914463469, -0.371721681640349, 0.285124836524114], [0.0803984028771761]]","SimNLMNAR_rep4_n115000_d5_corr95_NA25_MICE.1.M.IMP_5000",0.29088282585144,0.38404393196106,"2025-11-28 01:02:45.146816"
"SimNLMNAR_rep5_n115000_d5_corr95_NA25","MICE.1.M.IMP",5000,"[[0.445322536481412, 0.034521731959623, -0.397005030930527, -0.275267388046932, 0.299207335315235], [0.211968337446997]]","SimNLMNAR_rep5_n115000_d5_corr95_NA25_MICE.1.M.IMP_5000",0.283416271209717,0.00435400009155273,"2025-11-28 01:02:45.853607"
"SimNLMNAR_rep6_n115000_d5_corr95_NA25","MICE.1.M.IMP",5000,"[[0.422323805864438, 0.324568889459339, -0.556989942272191, -0.334244596170004, 0.29733246258038], [0.140931626278134]]","SimNLMNAR_rep6_n115000_d5_corr95_NA25_MICE.1.M.IMP_5000",0.288288116455078,0.00439095497131348,"2025-11-28 01:02:46.171216"
"SimNLMNAR_rep7_n115000_d5_corr95_NA25","MICE.1.M.IMP",5000,"[[0.488550335764696, 0.275563466863365, -0.488240048615516, -0.430302676333544, 0.298724134207465], [0.177457652327322]]","SimNLMNAR_rep7_n115000_d5_corr95_NA25_MICE.1.M.IMP_5000",0.705025911331177,0.00451803207397461,"2025-11-28 01:02:46.497583"
"SimNLMNAR_rep8_n115000_d5_corr95_NA25","MICE.1.M.IMP",5000,"[[0.491174414668454, 0.130478603925311, -0.521676083214915, -0.314949310050029, 0.335344689345981], [0.174164727363368]]","SimNLMNAR_rep8_n115000_d5_corr95_NA25_MICE.1.M.IMP_5000",0.71445369720459,0.0046534538269043,"2025-11-28 01:02:47.239986"
"SimNLMNAR_rep9_n115000_d5_corr95_NA25","MICE.1.M.IMP",5000,"[[0.426560214861142, 0.287718798996306, -0.570186401987541, -0.362375805859778, 0.321367859968346], [0.103272318064637]]","SimNLMNAR_rep9_n115000_d5_corr95_NA25_MICE.1.M.IMP_5000",0.29934287071228,0.00446009635925293,"2025-11-28 01:02:47.98826"
"SimNLMNAR_rep0_n115000_d5_corr95_NA25","MICE.1.M.IMP",10000,"[[0.37218781395618, 0.348551159212705, -0.532813869606115, -0.379259341975166, 0.313448959390476], [0.172713200170429]]","SimNLMNAR_rep0_n115000_d5_corr95_NA25_MICE.1.M.IMP_10000",1.09893131256104,0.00515031814575195,"2025-11-28 01:02:48.326124"
"SimNLMNAR_rep1_n115000_d5_corr95_NA25","MICE.1.M.IMP",10000,"[[0.263281583345681, 0.3848743557147, -0.50916597462797, -0.357588132656124, 0.311788755819023], [0.159681929411535]]","SimNLMNAR_rep1_n115000_d5_corr95_NA25_MICE.1.M.IMP_10000",0.411313533782959,0.0103909969329834,"2025-11-28 01:02:49.466037"
"SimNLMNAR_rep2_n115000_d5_corr95_NA25","MICE.1.M.IMP",10000,"[[0.292160956863665, 0.334861976607458, -0.533917545495371, -0.318812287303498, 0.309947107392257], [0.177261149871043]]","SimNLMNAR_rep2_n115000_d5_corr95_NA25_MICE.1.M.IMP_10000",0.407771110534668,0.00915312767028809,"2025-11-28 01:02:49.922716"
"SimNLMNAR_rep3_n115000_d5_corr95_NA25","MICE.1.M.IMP",10000,"[[0.383949831054072, 0.363327157960422, -0.509360435175725, -0.388997832472093, 0.301346037482676], [0.146933516342816]]","SimNLMNAR_rep3_n115000_d5_corr95_NA25_MICE.1.M.IMP_10000",0.87980580329895,0.00521445274353027,"2025-11-28 01:02:50.37292"
"SimNLMNAR_rep4_n115000_d5_corr95_NA25","MICE.1.M.IMP",10000,"[[0.259724099163404, 0.506741810334305, -0.568118293176845, -0.355073283595391, 0.27407567877773], [0.0600984724618994]]","SimNLMNAR_rep4_n115000_d5_corr95_NA25_MICE.1.M.IMP_10000",0.40486216545105,0.00520443916320801,"2025-11-28 01:02:51.290079"
"SimNLMNAR_rep5_n115000_d5_corr95_NA25","MICE.1.M.IMP",10000,"[[0.531879473232734, 0.0681176938864326, -0.491133845597715, -0.300539824028146, 0.299066615211508], [0.207900711550815]]","SimNLMNAR_rep5_n115000_d5_corr95_NA25_MICE.1.M.IMP_10000",0.412554264068604,0.00518989562988281,"2025-11-28 01:02:51.731752"
"SimNLMNAR_rep6_n115000_d5_corr95_NA25","MICE.1.M.IMP",10000,"[[0.282731517141668, 0.486683192192358, -0.565570988865112, -0.353165284285383, 0.289141385603486], [0.149827672981746]]","SimNLMNAR_rep6_n115000_d5_corr95_NA25_MICE.1.M.IMP_10000",0.859030723571777,0.0051414966583252,"2025-11-28 01:02:52.179843"
"SimNLMNAR_rep7_n115000_d5_corr95_NA25","MICE.1.M.IMP",10000,"[[0.375768963428575, 0.233990425849884, -0.492906644592836, -0.341356782761014, 0.2998309730343], [0.155468195715707]]","SimNLMNAR_rep7_n115000_d5_corr95_NA25_MICE.1.M.IMP_10000",0.402029514312744,0.00514125823974609,"2025-11-28 01:02:53.074887"
"SimNLMNAR_rep8_n115000_d5_corr95_NA25","MICE.1.M.IMP",10000,"[[0.355058900229928, 0.305618638838582, -0.565549970019437, -0.332704775219653, 0.316407260221327], [0.14774131184961]]","SimNLMNAR_rep8_n115000_d5_corr95_NA25_MICE.1.M.IMP_10000",0.858485460281372,0.00514864921569824,"2025-11-28 01:02:53.513536"
"SimNLMNAR_rep9_n115000_d5_corr95_NA25","MICE.1.M.IMP",10000,"[[0.308076883619008, 0.334225705132962, -0.476378328271286, -0.344573318172937, 0.311043816439943], [0.14211600372025]]","SimNLMNAR_rep9_n115000_d5_corr95_NA25_MICE.1.M.IMP_10000",1.22307848930359,0.00632739067077637,"2025-11-28 01:02:47.150357"
"SimNLMNAR_rep0_n115000_d5_corr95_NA25","MICE.1.M.IMP",50000,"[[0.325193028159473, 0.348622375327911, -0.517285887946687, -0.344957853801525, 0.309221517977341], [0.168387696845172]]","SimNLMNAR_rep0_n115000_d5_corr95_NA25_MICE.1.M.IMP_50000",2.30018043518066,0.0265538692474365,"2025-11-28 01:02:48.424975"
"SimNLMNAR_rep1_n115000_d5_corr95_NA25","MICE.1.M.IMP",50000,"[[0.343721231642809, 0.385568963286492, -0.528133239467958, -0.373633864436829, 0.304780847937518], [0.16630506374064]]","SimNLMNAR_rep1_n115000_d5_corr95_NA25_MICE.1.M.IMP_50000",2.12047338485718,0.0113725662231445,"2025-11-28 01:02:50.789179"
"SimNLMNAR_rep2_n115000_d5_corr95_NA25","MICE.1.M.IMP",50000,"[[0.282544253174856, 0.38955490744861, -0.528342434012871, -0.338960691192713, 0.308992543484544], [0.150457926458713]]","SimNLMNAR_rep2_n115000_d5_corr95_NA25_MICE.1.M.IMP_50000",1.85363340377808,0.0113720893859863,"2025-11-28 01:02:52.950725"
"SimNLMNAR_rep3_n115000_d5_corr95_NA25","MICE.1.M.IMP",50000,"[[0.285773708882999, 0.370507390473906, -0.505696861660795, -0.34211809924546, 0.302553552966703], [0.15381406939686]]","SimNLMNAR_rep3_n115000_d5_corr95_NA25_MICE.1.M.IMP_50000",1.86939811706543,0.0115945339202881,"2025-11-28 01:02:54.848409"
"SimNLMNAR_rep4_n115000_d5_corr95_NA25","MICE.1.M.IMP",50000,"[[0.354259001469192, 0.366436394491034, -0.578789981893917, -0.341840788934572, 0.30589996924866], [0.128083043610411]]","SimNLMNAR_rep4_n115000_d5_corr95_NA25_MICE.1.M.IMP_50000",2.17421317100525,0.0114920139312744,"2025-11-28 01:02:56.76102"
"SimNLMNAR_rep5_n115000_d5_corr95_NA25","MICE.1.M.IMP",50000,"[[0.288163921877242, 0.355819157956903, -0.497614228241267, -0.339262115682131, 0.298116793609114], [0.172910454072844]]","SimNLMNAR_rep5_n115000_d5_corr95_NA25_MICE.1.M.IMP_50000",1.8004035949707,0.0114274024963379,"2025-11-28 01:02:58.981785"
"SimNLMNAR_rep6_n115000_d5_corr95_NA25","MICE.1.M.IMP",50000,"[[0.369972372608661, 0.341417655900828, -0.54554090921816, -0.35164459707495, 0.304066548699791], [0.155291313080378]]","SimNLMNAR_rep6_n115000_d5_corr95_NA25_MICE.1.M.IMP_50000",2.16479253768921,0.0113670825958252,"2025-11-28 01:03:00.824555"
"SimNLMNAR_rep7_n115000_d5_corr95_NA25","MICE.1.M.IMP",50000,"[[0.346031379202488, 0.325762437699925, -0.529534710106364, -0.349240650827555, 0.303739118297134], [0.126458282048183]]","SimNLMNAR_rep7_n115000_d5_corr95_NA25_MICE.1.M.IMP_50000",1.75579261779785,0.0104959011077881,"2025-11-28 01:03:03.031032"
"SimNLMNAR_rep8_n115000_d5_corr95_NA25","MICE.1.M.IMP",50000,"[[0.35066005125743, 0.298422830054019, -0.497406983412151, -0.345445120353947, 0.302876110099432], [0.167660995011105]]","SimNLMNAR_rep8_n115000_d5_corr95_NA25_MICE.1.M.IMP_50000",1.71435546875,0.0103120803833008,"2025-11-28 01:03:04.82968"
"SimNLMNAR_rep9_n115000_d5_corr95_NA25","MICE.1.M.IMP",50000,"[[0.27666532824831, 0.394136212564474, -0.520607391949672, -0.339972418471715, 0.298395662596896], [0.129248719997224]]","SimNLMNAR_rep9_n115000_d5_corr95_NA25_MICE.1.M.IMP_50000",2.13137412071228,0.0147218704223633,"2025-11-28 01:03:06.585006"
"SimNLMNAR_rep0_n115000_d5_corr95_NA25","MICE.1.Y.M.IMP",100,"[[-3.85971320227216, 2.06488797205837, 0.691470783657691, -0.0568995879036857, 0.459793973749918], [0.454796132553688]]","SimNLMNAR_rep0_n115000_d5_corr95_NA25_MICE.1.Y.M.IMP_100",0.215207099914551,0.00405335426330566,"2025-11-28 01:03:08.760514"
"SimNLMNAR_rep1_n115000_d5_corr95_NA25","MICE.1.Y.M.IMP",100,"[[2.77386861037963, -0.590819030956585, -2.68109910126416, -0.547681206446373, 0.790779982163193], [-0.836149580854174]]","SimNLMNAR_rep1_n115000_d5_corr95_NA25_MICE.1.Y.M.IMP_100",0.214284181594849,0.00401830673217773,"2025-11-28 01:03:09.008214"
"SimNLMNAR_rep2_n115000_d5_corr95_NA25","MICE.1.Y.M.IMP",100,"[[1.26820021018798, -1.43941065467326, -0.276094241136736, -0.498188408860436, 0.475543065012898], [-0.0286891324174334]]","SimNLMNAR_rep2_n115000_d5_corr95_NA25_MICE.1.Y.M.IMP_100",0.630158424377441,0.00410318374633789,"2025-11-28 01:03:09.255068"
"SimNLMNAR_rep3_n115000_d5_corr95_NA25","MICE.1.Y.M.IMP",100,"[[0.475529149651432, -0.433707788712239, -0.683019705079273, -0.144241534322148, 1.08411628122759], [-0.337951506917325]]","SimNLMNAR_rep3_n115000_d5_corr95_NA25_MICE.1.Y.M.IMP_100",0.243813753128052,0.0040442943572998,"2025-11-28 01:03:09.917644"
"SimNLMNAR_rep4_n115000_d5_corr95_NA25","MICE.1.Y.M.IMP",100,"[[-1.99925164403614, 3.68256218926312, 0.409300010370428, -1.65473344123232, 0.798735061574992], [0.98833012330566]]","SimNLMNAR_rep4_n115000_d5_corr95_NA25_MICE.1.Y.M.IMP_100",0.209352970123291,0.00411295890808105,"2025-11-28 01:03:10.193642"
"SimNLMNAR_rep5_n115000_d5_corr95_NA25","MICE.1.Y.M.IMP",100,"[[3.88330408492021, -2.8467502439018, -0.943620919025224, -1.21711151942161, 0.972697402012033], [0.0167743951572474]]","SimNLMNAR_rep5_n115000_d5_corr95_NA25_MICE.1.Y.M.IMP_100",0.218907117843628,0.00411319732666016,"2025-11-28 01:03:10.435814"
"SimNLMNAR_rep6_n115000_d5_corr95_NA25","MICE.1.Y.M.IMP",100,"[[8.23637836373868, -6.31423681457563, -4.55488640907506, -0.504234205059631, 2.97331209247196], [-0.255825124131907]]","SimNLMNAR_rep6_n115000_d5_corr95_NA25_MICE.1.Y.M.IMP_100",0.218550443649292,0.00403857231140137,"2025-11-28 01:03:10.687199"
"SimNLMNAR_rep7_n115000_d5_corr95_NA25","MICE.1.Y.M.IMP",100,"[[2.26709868965468, -3.44363277719659, 1.9485206509499, -1.27225735988719, 0.580364688067584], [1.4705448499653]]","SimNLMNAR_rep7_n115000_d5_corr95_NA25_MICE.1.Y.M.IMP_100",0.603503942489624,0.00404119491577148,"2025-11-28 01:03:10.93829"
"SimNLMNAR_rep8_n115000_d5_corr95_NA25","MICE.1.Y.M.IMP",100,"[[1.32928140648347, -1.13026315111456, 0.0708299689423307, -0.366366930822626, 0.565784022004372], [0.546716270093368]]","SimNLMNAR_rep8_n115000_d5_corr95_NA25_MICE.1.Y.M.IMP_100",0.204384803771973,0.0040748119354248,"2025-11-28 01:03:11.57629"
"SimNLMNAR_rep9_n115000_d5_corr95_NA25","MICE.1.Y.M.IMP",100,"[[2.02034637204184, -2.07762994831791, 1.30238257017435, -1.00264862526122, 0.405322106474546], [1.14205279232735]]","SimNLMNAR_rep9_n115000_d5_corr95_NA25_MICE.1.Y.M.IMP_100",0.207284927368164,0.00409364700317383,"2025-11-28 01:03:11.813356"
"SimNLMNAR_rep0_n115000_d5_corr95_NA25","MICE.1.Y.M.IMP",500,"[[-0.839903566148511, 2.6437913353176, -1.93675723660969, -0.611377215040111, 0.816957151281897], [-0.36146939422792]]","SimNLMNAR_rep0_n115000_d5_corr95_NA25_MICE.1.Y.M.IMP_500",0.229532718658447,0.00408601760864258,"2025-11-28 01:03:12.053252"
"SimNLMNAR_rep1_n115000_d5_corr95_NA25","MICE.1.Y.M.IMP",500,"[[0.999632638823306, 0.157391546716468, -0.845928485586312, -0.856096754262683, 0.724253551477598], [-0.0264266076167138]]","SimNLMNAR_rep1_n115000_d5_corr95_NA25_MICE.1.Y.M.IMP_500",0.234261751174927,0.00409817695617676,"2025-11-28 01:03:12.316766"
"SimNLMNAR_rep2_n115000_d5_corr95_NA25","MICE.1.Y.M.IMP",500,"[[1.22167733368807, -0.423282512475246, -1.08319787776195, -0.677939292914315, 0.856520880218152], [0.431154303541962]]","SimNLMNAR_rep2_n115000_d5_corr95_NA25_MICE.1.Y.M.IMP_500",0.231679439544678,0.00416254997253418,"2025-11-28 01:03:12.583445"
"SimNLMNAR_rep3_n115000_d5_corr95_NA25","MICE.1.Y.M.IMP",500,"[[2.59417886444609, -1.6444134919651, -0.855760471872859, -0.968202022182892, 1.05001872586973], [0.317713925898449]]","SimNLMNAR_rep3_n115000_d5_corr95_NA25_MICE.1.Y.M.IMP_500",1.29605770111084,0.0122158527374268,"2025-11-28 01:02:55.012091"
"SimNLMNAR_rep4_n115000_d5_corr95_NA25","MICE.1.Y.M.IMP",500,"[[1.98443306747714, -0.370906122619971, -1.28390797835504, -0.846914725000067, 0.793487748290971], [0.0645597490743437]]","SimNLMNAR_rep4_n115000_d5_corr95_NA25_MICE.1.Y.M.IMP_500",0.279233694076538,0.0166490077972412,"2025-11-28 01:02:56.363784"
"SimNLMNAR_rep5_n115000_d5_corr95_NA25","MICE.1.Y.M.IMP",500,"[[0.0996693268010143, 1.60265563889251, -0.765331315763534, -1.42998982384986, 0.802774544655482], [0.258469580578047]]","SimNLMNAR_rep5_n115000_d5_corr95_NA25_MICE.1.Y.M.IMP_500",0.293164014816284,0.0043947696685791,"2025-11-28 01:02:56.699428"
"SimNLMNAR_rep6_n115000_d5_corr95_NA25","MICE.1.Y.M.IMP",500,"[[2.99878735359405, -1.32531793866197, -1.47206975689808, -1.26791244023283, 1.1306312572096], [-0.560105490846658]]","SimNLMNAR_rep6_n115000_d5_corr95_NA25_MICE.1.Y.M.IMP_500",0.94518518447876,0.00788640975952148,"2025-11-28 01:02:57.036316"
"SimNLMNAR_rep7_n115000_d5_corr95_NA25","MICE.1.Y.M.IMP",500,"[[1.22235363162745, 0.0952775496481636, -1.37418140113606, -0.658378315043591, 0.763274401486011], [-0.0537540547408974]]","SimNLMNAR_rep7_n115000_d5_corr95_NA25_MICE.1.Y.M.IMP_500",0.68095874786377,0.00433564186096191,"2025-11-28 01:02:58.019789"
"SimNLMNAR_rep8_n115000_d5_corr95_NA25","MICE.1.Y.M.IMP",500,"[[0.280638924308108, 0.762188002844396, -1.2947561683292, -0.557722838060318, 0.787259652128842], [0.346496843747573]]","SimNLMNAR_rep8_n115000_d5_corr95_NA25_MICE.1.Y.M.IMP_500",0.231002330780029,0.00404047966003418,"2025-11-28 01:02:58.737691"
"SimNLMNAR_rep9_n115000_d5_corr95_NA25","MICE.1.Y.M.IMP",500,"[[0.486505779351224, 1.74806455960069, -2.1668098548046, -0.844136207382792, 0.985341644271285], [-0.177325408962513]]","SimNLMNAR_rep9_n115000_d5_corr95_NA25_MICE.1.Y.M.IMP_500",0.246215105056763,0.00765609741210938,"2025-11-28 01:02:59.002109"
"SimNLMNAR_rep0_n115000_d5_corr95_NA25","MICE.1.Y.M.IMP",1000,"[[-0.0643508020989064, 2.27158350210434, -1.55786135570562, -1.17797408595301, 0.990187983635938], [-0.0489114537321336]]","SimNLMNAR_rep0_n115000_d5_corr95_NA25_MICE.1.Y.M.IMP_1000",0.640429019927979,0.00422501564025879,"2025-11-28 01:02:59.292915"
"SimNLMNAR_rep1_n115000_d5_corr95_NA25","MICE.1.Y.M.IMP",1000,"[[0.873997654725292, 1.41064236787393, -1.66800442721995, -0.869248468843788, 0.810262204973184], [0.0128587422989668]]","SimNLMNAR_rep1_n115000_d5_corr95_NA25_MICE.1.Y.M.IMP_1000",0.244701862335205,0.00784087181091309,"2025-11-28 01:02:59.968855"
"SimNLMNAR_rep2_n115000_d5_corr95_NA25","MICE.1.Y.M.IMP",1000,"[[2.21741987160405, -1.43180703842162, -1.37057899139678, -0.596362909351566, 0.954745411242431], [0.175909257507752]]","SimNLMNAR_rep2_n115000_d5_corr95_NA25_MICE.1.Y.M.IMP_1000",0.611055135726929,0.00417923927307129,"2025-11-28 01:03:00.251055"
"SimNLMNAR_rep3_n115000_d5_corr95_NA25","MICE.1.Y.M.IMP",1000,"[[2.15817453799238, -0.900596685482003, -1.52734433872076, -0.699965653056969, 0.924248551931724], [0.0173015832645817]]","SimNLMNAR_rep3_n115000_d5_corr95_NA25_MICE.1.Y.M.IMP_1000",0.241509437561035,0.0041661262512207,"2025-11-28 01:03:00.895452"
"SimNLMNAR_rep4_n115000_d5_corr95_NA25","MICE.1.Y.M.IMP",1000,"[[1.11695014109032, -0.0031373001839083, -1.12668747517663, -0.586708671894667, 0.769595525450332], [0.00971717937432081]]","SimNLMNAR_rep4_n115000_d5_corr95_NA25_MICE.1.Y.M.IMP_1000",0.25504207611084,0.00427818298339844,"2025-11-28 01:03:01.173216"
"SimNLMNAR_rep5_n115000_d5_corr95_NA25","MICE.1.Y.M.IMP",1000,"[[0.975343566022946, 0.299557832992576, -1.26971816530103, -0.796149617664409, 0.915185369315043], [0.0469624785896352]]","SimNLMNAR_rep5_n115000_d5_corr95_NA25_MICE.1.Y.M.IMP_1000",0.619200468063354,0.00432205200195312,"2025-11-28 01:03:01.460947"
"SimNLMNAR_rep6_n115000_d5_corr95_NA25","MICE.1.Y.M.IMP",1000,"[[0.69921889686831, 1.28439849245059, -1.76158625593357, -0.881948514087966, 0.873903836460886], [-0.11957388891284]]","SimNLMNAR_rep6_n115000_d5_corr95_NA25_MICE.1.Y.M.IMP_1000",0.244611740112305,0.004150390625,"2025-11-28 01:03:02.114336"
"SimNLMNAR_rep7_n115000_d5_corr95_NA25","MICE.1.Y.M.IMP",1000,"[[3.11556123242193, -0.822006754818336, -1.98895856262861, -0.836679451050387, 0.960257431661609], [-0.157091987091049]]","SimNLMNAR_rep7_n115000_d5_corr95_NA25_MICE.1.Y.M.IMP_1000",0.260570049285889,0.00809788703918457,"2025-11-28 01:03:02.393321"
"SimNLMNAR_rep8_n115000_d5_corr95_NA25","MICE.1.Y.M.IMP",1000,"[[1.40505098572781, 0.493139202872814, -2.12494660077687, -0.571295980866985, 0.901696044997166], [-0.0829310814737057]]","SimNLMNAR_rep8_n115000_d5_corr95_NA25_MICE.1.Y.M.IMP_1000",0.715966939926147,0.00422453880310059,"2025-11-28 01:03:02.691303"
"SimNLMNAR_rep9_n115000_d5_corr95_NA25","MICE.1.Y.M.IMP",1000,"[[1.03302888364166, 0.818324337760859, -2.56427236355034, -0.461347048237423, 1.01770367685654], [-0.177449052781007]]","SimNLMNAR_rep9_n115000_d5_corr95_NA25_MICE.1.Y.M.IMP_1000",0.243587017059326,0.00794076919555664,"2025-11-28 01:03:03.441344"
"SimNLMNAR_rep0_n115000_d5_corr95_NA25","MICE.1.Y.M.IMP",5000,"[[0.81742951792179, 1.05526022926989, -1.76301655222408, -0.75078775985407, 0.89330231457154], [-0.0578344387106563]]","SimNLMNAR_rep0_n115000_d5_corr95_NA25_MICE.1.Y.M.IMP_5000",0.73798942565918,0.0049140453338623,"2025-11-28 01:03:03.728238"
"SimNLMNAR_rep1_n115000_d5_corr95_NA25","MICE.1.Y.M.IMP",5000,"[[1.24447247533944, 0.435940214354441, -1.52563117596517, -0.841575415991553, 0.872447373135662], [-0.114801044569568]]","SimNLMNAR_rep1_n115000_d5_corr95_NA25_MICE.1.Y.M.IMP_5000",0.380980253219604,0.00491452217102051,"2025-11-28 01:03:04.501872"
"SimNLMNAR_rep2_n115000_d5_corr95_NA25","MICE.1.Y.M.IMP",5000,"[[1.0350850252715, 0.462810840648987, -1.65241505934352, -0.654858067768159, 0.90977750518835], [-0.0157225161288439]]","SimNLMNAR_rep2_n115000_d5_corr95_NA25_MICE.1.Y.M.IMP_5000",0.810231924057007,0.00492620468139648,"2025-11-28 01:03:04.917042"
"SimNLMNAR_rep3_n115000_d5_corr95_NA25","MICE.1.Y.M.IMP",5000,"[[0.976503761769028, 0.905094105687883, -1.82698898169766, -0.768221680971406, 0.970771798877355], [-0.221859976772547]]","SimNLMNAR_rep3_n115000_d5_corr95_NA25_MICE.1.Y.M.IMP_5000",0.771671056747437,0.00507807731628418,"2025-11-28 01:03:05.766057"
"SimNLMNAR_rep4_n115000_d5_corr95_NA25","MICE.1.Y.M.IMP",5000,"[[1.66223688359173, 0.0414823221992394, -1.75162774826871, -0.753062203201732, 0.877381717160994], [-0.238109177038007]]","SimNLMNAR_rep4_n115000_d5_corr95_NA25_MICE.1.Y.M.IMP_5000",0.355382919311523,0.00493407249450684,"2025-11-28 01:03:06.572246"
"SimNLMNAR_rep5_n115000_d5_corr95_NA25","MICE.1.Y.M.IMP",5000,"[[1.29722019947946, 0.558092004450937, -1.90023023181352, -0.660988155514439, 0.906339693659703], [-0.13148507227291]]","SimNLMNAR_rep5_n115000_d5_corr95_NA25_MICE.1.Y.M.IMP_5000",0.369234561920166,0.00482439994812012,"2025-11-28 01:03:06.964388"
"SimNLMNAR_rep6_n115000_d5_corr95_NA25","MICE.1.Y.M.IMP",5000,"[[1.15138471671199, 0.649553844583482, -1.83501192236487, -0.741403990398118, 0.898845035783825], [-0.266930370685817]]","SimNLMNAR_rep6_n115000_d5_corr95_NA25_MICE.1.Y.M.IMP_5000",0.36869478225708,0.00851345062255859,"2025-11-28 01:03:07.370405"
"SimNLMNAR_rep7_n115000_d5_corr95_NA25","MICE.1.Y.M.IMP",5000,"[[2.32317280022922, -0.340772852890577, -1.55734336487833, -0.956250713986804, 0.858673384827376], [-0.0278248780897268]]","SimNLMNAR_rep7_n115000_d5_corr95_NA25_MICE.1.Y.M.IMP_5000",0.799454689025879,0.00480341911315918,"2025-11-28 01:03:07.776985"
"SimNLMNAR_rep8_n115000_d5_corr95_NA25","MICE.1.Y.M.IMP",5000,"[[1.10237736229068, 0.290271434228866, -1.39600430581498, -0.735828879796306, 0.836575159824865], [-0.0101134087835413]]","SimNLMNAR_rep8_n115000_d5_corr95_NA25_MICE.1.Y.M.IMP_5000",1.18510675430298,0.0096285343170166,"2025-11-28 01:03:03.090514"
"SimNLMNAR_rep9_n115000_d5_corr95_NA25","MICE.1.Y.M.IMP",5000,"[[1.2038300646547, 0.58005146227148, -1.82218017231207, -0.773551674322203, 0.960533832537545], [-0.128321372537505]]","SimNLMNAR_rep9_n115000_d5_corr95_NA25_MICE.1.Y.M.IMP_5000",0.390217781066895,0.0151629447937012,"2025-11-28 01:03:04.32913"
"SimNLMNAR_rep0_n115000_d5_corr95_NA25","MICE.1.Y.M.IMP",10000,"[[1.108277424741, 0.673208343806498, -1.79852662402726, -0.730265542088469, 0.915543084315987], [-0.127771587172876]]","SimNLMNAR_rep0_n115000_d5_corr95_NA25_MICE.1.Y.M.IMP_10000",1.25839638710022,0.00576615333557129,"2025-11-28 01:03:04.768111"
"SimNLMNAR_rep1_n115000_d5_corr95_NA25","MICE.1.Y.M.IMP",10000,"[[0.899482129850747, 0.714735877284154, -1.60317281589271, -0.727328235337253, 0.860685803235582], [-0.113821708027885]]","SimNLMNAR_rep1_n115000_d5_corr95_NA25_MICE.1.Y.M.IMP_10000",0.534404516220093,0.00924158096313477,"2025-11-28 01:03:06.067585"
"SimNLMNAR_rep2_n115000_d5_corr95_NA25","MICE.1.Y.M.IMP",10000,"[[1.49027813191847, 0.224789454231182, -1.67583503587271, -0.712515057726248, 0.866911699794622], [-0.0474663006458032]]","SimNLMNAR_rep2_n115000_d5_corr95_NA25_MICE.1.Y.M.IMP_10000",0.945301055908203,0.00917601585388184,"2025-11-28 01:03:06.641096"
"SimNLMNAR_rep3_n115000_d5_corr95_NA25","MICE.1.Y.M.IMP",10000,"[[1.71878886949734, 0.0649426383350942, -1.78026330483771, -0.734625606401917, 0.923361317579654], [-0.182433237204877]]","SimNLMNAR_rep3_n115000_d5_corr95_NA25_MICE.1.Y.M.IMP_10000",0.931892871856689,0.00567293167114258,"2025-11-28 01:03:07.627322"
"SimNLMNAR_rep4_n115000_d5_corr95_NA25","MICE.1.Y.M.IMP",10000,"[[1.39880996437761, 0.236711087549673, -1.50849154131984, -0.788276809767241, 0.807531612561571], [-0.189899738227537]]","SimNLMNAR_rep4_n115000_d5_corr95_NA25_MICE.1.Y.M.IMP_10000",0.4989013671875,0.00562047958374023,"2025-11-28 01:03:08.597847"
"SimNLMNAR_rep5_n115000_d5_corr95_NA25","MICE.1.Y.M.IMP",10000,"[[1.52549747440669, 0.348731914779431, -1.89057638257374, -0.696872772907225, 0.897204118344031], [-0.128611267085371]]","SimNLMNAR_rep5_n115000_d5_corr95_NA25_MICE.1.Y.M.IMP_10000",0.512671947479248,0.00582456588745117,"2025-11-28 01:03:09.134315"
"SimNLMNAR_rep6_n115000_d5_corr95_NA25","MICE.1.Y.M.IMP",10000,"[[1.15964377734483, 0.740175980143313, -1.71930963048995, -0.853459741690234, 0.874486239691554], [-0.123327813291521]]","SimNLMNAR_rep6_n115000_d5_corr95_NA25_MICE.1.Y.M.IMP_10000",0.921966791152954,0.00567054748535156,"2025-11-28 01:03:09.687757"
"SimNLMNAR_rep7_n115000_d5_corr95_NA25","MICE.1.Y.M.IMP",10000,"[[1.91433444650509, -0.198722704639933, -1.64488729168704, -0.785040755827001, 0.888854476485408], [-0.105790772430314]]","SimNLMNAR_rep7_n115000_d5_corr95_NA25_MICE.1.Y.M.IMP_10000",0.509334802627563,0.014204740524292,"2025-11-28 01:03:10.645548"
"SimNLMNAR_rep8_n115000_d5_corr95_NA25","MICE.1.Y.M.IMP",10000,"[[0.919886290350396, 0.594747789015075, -1.59623408185161, -0.684685477794541, 0.849080322112383], [-0.151329053167339]]","SimNLMNAR_rep8_n115000_d5_corr95_NA25_MICE.1.Y.M.IMP_10000",0.950870275497437,0.00567460060119629,"2025-11-28 01:03:11.19945"
"SimNLMNAR_rep9_n115000_d5_corr95_NA25","MICE.1.Y.M.IMP",10000,"[[1.1521830262126, 0.552411077968079, -1.61346349146249, -0.822143100846488, 0.902147936224724], [-0.0667206270171403]]","SimNLMNAR_rep9_n115000_d5_corr95_NA25_MICE.1.Y.M.IMP_10000",0.517857551574707,0.0057220458984375,"2025-11-28 01:03:12.187772"
"SimNLMNAR_rep0_n115000_d5_corr95_NA25","MICE.1.Y.M.IMP",50000,"[[1.20679492467566, 0.487362410423435, -1.5984272048465, -0.759509799132199, 0.883433318875334], [-0.08078157708645]]","SimNLMNAR_rep0_n115000_d5_corr95_NA25_MICE.1.Y.M.IMP_50000",2.57484936714172,0.0115602016448975,"2025-11-28 01:03:12.742615"
"SimNLMNAR_rep1_n115000_d5_corr95_NA25","MICE.1.Y.M.IMP",50000,"[[1.1999557438043, 0.604958415437574, -1.721803142644, -0.766442819557628, 0.899483764389875], [-0.0896311736812565]]","SimNLMNAR_rep1_n115000_d5_corr95_NA25_MICE.1.Y.M.IMP_50000",2.10235142707825,0.460305452346802,"2025-11-28 01:03:15.360306"
"SimNLMNAR_rep2_n115000_d5_corr95_NA25","MICE.1.Y.M.IMP",50000,"[[1.23853763932071, 0.555193057330659, -1.69840777097982, -0.772364897723658, 0.875832598884096], [-0.0966722929885939]]","SimNLMNAR_rep2_n115000_d5_corr95_NA25_MICE.1.Y.M.IMP_50000",2.11335611343384,0.0113441944122314,"2025-11-28 01:03:17.954525"
"SimNLMNAR_rep3_n115000_d5_corr95_NA25","MICE.1.Y.M.IMP",50000,"[[1.32333818744314, 0.419715723803544, -1.67857622504221, -0.769509758396255, 0.881221119554908], [-0.137085746297582]]","SimNLMNAR_rep3_n115000_d5_corr95_NA25_MICE.1.Y.M.IMP_50000",2.49916458129883,0.0153293609619141,"2025-11-28 01:03:20.109833"
"SimNLMNAR_rep4_n115000_d5_corr95_NA25","MICE.1.Y.M.IMP",50000,"[[1.45640199687352, 0.330250057579143, -1.74595768613239, -0.717219150016726, 0.884083451121267], [-0.128840063682381]]","SimNLMNAR_rep4_n115000_d5_corr95_NA25_MICE.1.Y.M.IMP_50000",2.46834015846252,0.0156285762786865,"2025-11-28 01:03:22.660158"
"SimNLMNAR_rep5_n115000_d5_corr95_NA25","MICE.1.Y.M.IMP",50000,"[[1.30907499620032, 0.382449527713948, -1.65553699336104, -0.722463948278795, 0.85798990034823], [-0.0758174830830993]]","SimNLMNAR_rep5_n115000_d5_corr95_NA25_MICE.1.Y.M.IMP_50000",2.48638868331909,0.011284351348877,"2025-11-28 01:03:25.174858"
"SimNLMNAR_rep6_n115000_d5_corr95_NA25","MICE.1.Y.M.IMP",50000,"[[1.27850068212278, 0.675887429471695, -1.80443300448473, -0.781865998813035, 0.887510945918783], [-0.105450522340703]]","SimNLMNAR_rep6_n115000_d5_corr95_NA25_MICE.1.Y.M.IMP_50000",2.50191259384155,0.0157980918884277,"2025-11-28 01:03:27.702821"
"SimNLMNAR_rep7_n115000_d5_corr95_NA25","MICE.1.Y.M.IMP",50000,"[[1.37679712495945, 0.320066416159855, -1.68128580132358, -0.744164444503352, 0.875839853664115], [-0.148656534351687]]","SimNLMNAR_rep7_n115000_d5_corr95_NA25_MICE.1.Y.M.IMP_50000",2.46900844573975,0.0116407871246338,"2025-11-28 01:03:30.250804"
"SimNLMNAR_rep8_n115000_d5_corr95_NA25","MICE.1.Y.M.IMP",50000,"[[1.29820288849014, 0.446606638671328, -1.64696582638339, -0.77956619571239, 0.889004993016823], [-0.0586285110776619]]","SimNLMNAR_rep8_n115000_d5_corr95_NA25_MICE.1.Y.M.IMP_50000",2.10478353500366,0.422675609588623,"2025-11-28 01:03:32.764079"
"SimNLMNAR_rep9_n115000_d5_corr95_NA25","MICE.1.Y.M.IMP",50000,"[[1.27843717536166, 0.504884166952106, -1.68626333414318, -0.761667745812847, 0.881967528970136], [-0.121866355126859]]","SimNLMNAR_rep9_n115000_d5_corr95_NA25_MICE.1.Y.M.IMP_50000",2.11091256141663,0.0113179683685303,"2025-11-28 01:03:35.321793"
"SimNLMNAR_rep0_n115000_d5_corr95_NA25","MICE.1.IMP.M",100,"[[-1.40815810411551, 0.919091619229495, -0.360989881155881, -0.134984023083394, 0.353172746771435, 0.39452738748286, 0.851986957984908, 0.235816463621839, -0.448017173504043, 3.31743989987667], [-1.46471954391397]]","SimNLMNAR_rep0_n115000_d5_corr95_NA25_MICE.1.IMP.M_100",0.124576807022095,0.00612735748291016,"2025-11-28 01:03:37.474156"
"SimNLMNAR_rep1_n115000_d5_corr95_NA25","MICE.1.IMP.M",100,"[[0.72870062488006, -0.203404308745479, -0.313491142017426, -0.437484987055749, 0.337758884288099, 0.73954245959018, 0.520991739139196, -0.411376614565353, -0.463028024769734, -0.511329912042844], [0.0905661813972109]]","SimNLMNAR_rep1_n115000_d5_corr95_NA25_MICE.1.IMP.M_100",0.130257606506348,0.00699710845947266,"2025-11-28 01:03:37.633729"
"SimNLMNAR_rep2_n115000_d5_corr95_NA25","MICE.1.IMP.M",100,"[[0.423515799520513, -1.82425773375205, 0.561409946441485, -0.544259294542639, 0.416230707889683, 0.659781865465799, 1.16720087788756, 0.23377543338512, -1.18583218436629, 0.297001022382224], [-0.198761684016901]]","SimNLMNAR_rep2_n115000_d5_corr95_NA25_MICE.1.IMP.M_100",0.640567302703857,0.00669050216674805,"2025-11-28 01:03:10.184754"
"SimNLMNAR_rep3_n115000_d5_corr95_NA25","MICE.1.IMP.M",100,"[[0.851010151256198, -0.871086423207569, 0.660245357385941, -0.230545015760091, 0.287920634595321, -0.685449927533755, -0.775981466099076, -0.792183032519433, -0.426963957593765, 1.27220179084364], [0.876099975374395]]","SimNLMNAR_rep3_n115000_d5_corr95_NA25_MICE.1.IMP.M_100",0.527721405029297,0.0163147449493408,"2025-11-28 01:03:10.873153"
"SimNLMNAR_rep4_n115000_d5_corr95_NA25","MICE.1.IMP.M",100,"[[0.722350426464299, -0.392415912843357, -0.430651493357653, 0.0392564644824542, 0.403204570189609, 0.366912695042702, -0.738383701053186, -0.307790199451625, -1.06456177571564, 1.42016217869276], [0.190939377962125]]","SimNLMNAR_rep4_n115000_d5_corr95_NA25_MICE.1.IMP.M_100",0.123914957046509,0.00566363334655762,"2025-11-28 01:03:11.451875"
"SimNLMNAR_rep5_n115000_d5_corr95_NA25","MICE.1.IMP.M",100,"[[0.514550207862638, 2.80859010443821, -1.65457639215359, -1.1722100200006, 0.687578191685221, 2.00708014684066, -2.93081671402672, -1.59867242806668, -2.32313964218246, 2.85592367459066], [1.21484942310381]]","SimNLMNAR_rep5_n115000_d5_corr95_NA25_MICE.1.IMP.M_100",0.121357440948486,0.00569701194763184,"2025-11-28 01:03:11.609811"
"SimNLMNAR_rep6_n115000_d5_corr95_NA25","MICE.1.IMP.M",100,"[[0.393441085982881, 0.943126657358157, -1.41973529969587, -0.436167486040228, 0.60201185073707, 0.899093626532785, -1.38230164700796, 0.956209376256118, -0.427294345113319, 2.69054164437203], [-0.653111453619393]]","SimNLMNAR_rep6_n115000_d5_corr95_NA25_MICE.1.IMP.M_100",0.134913206100464,0.00571799278259277,"2025-11-28 01:03:11.766933"
"SimNLMNAR_rep7_n115000_d5_corr95_NA25","MICE.1.IMP.M",100,"[[2.041616980795, -2.56057541364346, 0.174964009482627, -0.787762106287184, 0.466147542661031, 1.44927309460306, 0.0470034183460951, 0.631512894587014, 0.0127153074384363, 2.20451100571302], [-0.712205084010641]]","SimNLMNAR_rep7_n115000_d5_corr95_NA25_MICE.1.IMP.M_100",0.569538831710815,0.00568366050720215,"2025-11-28 01:03:11.942477"
"SimNLMNAR_rep8_n115000_d5_corr95_NA25","MICE.1.IMP.M",100,"[[0.400256172490642, 0.239477922826905, -0.284615347405816, -0.522911819620271, 0.190974968627693, 0.811576604905453, 0.0701256849452268, 0.0576475161310971, 0.354638163965074, 1.5291271493338], [-0.761601802363914]]","SimNLMNAR_rep8_n115000_d5_corr95_NA25_MICE.1.IMP.M_100",0.118733882904053,0.00566983222961426,"2025-11-28 01:03:12.546227"
"SimNLMNAR_rep9_n115000_d5_corr95_NA25","MICE.1.IMP.M",100,"[[1.02917000694594, -1.71731178209015, 0.248481200660603, -0.199025237853965, 0.367557354902214, 0.621065527507075, 0.700866964044021, 0.560477156327778, -0.0542257381647514, 0.812091586789732], [-0.406203023385714]]","SimNLMNAR_rep9_n115000_d5_corr95_NA25_MICE.1.IMP.M_100",0.133355140686035,0.00572729110717773,"2025-11-28 01:03:12.698572"
"SimNLMNAR_rep0_n115000_d5_corr95_NA25","MICE.1.IMP.M",500,"[[-0.148796048239704, 0.605301260406651, -0.729465083410328, -0.184799660840318, 0.306235111728589, 0.319531759618174, 0.437930730813688, -0.246833097482541, -0.582726903208778, 1.40767738553484], [-0.41743009730398]]","SimNLMNAR_rep0_n115000_d5_corr95_NA25_MICE.1.IMP.M_500",0.135007619857788,0.00588726997375488,"2025-11-28 01:03:12.872015"
"SimNLMNAR_rep1_n115000_d5_corr95_NA25","MICE.1.IMP.M",500,"[[0.538284370129169, 0.246470318682503, -0.498303224365391, -0.462515972966953, 0.28095200130241, 0.454487008935905, 0.0951966354685102, -0.20316050780554, -0.0488179337205983, 1.53130048438269], [-0.453981438584306]]","SimNLMNAR_rep1_n115000_d5_corr95_NA25_MICE.1.IMP.M_500",0.132265329360962,0.00582742691040039,"2025-11-28 01:03:13.043137"
"SimNLMNAR_rep2_n115000_d5_corr95_NA25","MICE.1.IMP.M",500,"[[1.01748908792079, -0.811207897541997, -0.673528374379674, -0.241802891291945, 0.368628284434278, 0.186885362237937, 0.399014103206988, 0.233256784830224, -0.013204961178408, 1.28471055094677], [-0.529612625125022]]","SimNLMNAR_rep2_n115000_d5_corr95_NA25_MICE.1.IMP.M_500",0.518731117248535,0.410179376602173,"2025-11-28 01:03:13.211873"
"SimNLMNAR_rep3_n115000_d5_corr95_NA25","MICE.1.IMP.M",500,"[[0.519529695650178, -0.0969956969680902, -0.472642596557915, -0.450640354229482, 0.320917666725311, 0.206288119354777, 0.0448479072605923, -0.0721956481662997, -0.483429205513836, 1.20399653877739], [-0.120393973543793]]","SimNLMNAR_rep3_n115000_d5_corr95_NA25_MICE.1.IMP.M_500",0.132183790206909,0.00590133666992188,"2025-11-28 01:03:14.175172"
"SimNLMNAR_rep4_n115000_d5_corr95_NA25","MICE.1.IMP.M",500,"[[-0.151808018456722, 0.411693994834303, -0.486749451695631, -0.393949136517591, 0.37736178578291, 0.330940379343247, -0.255456227683047, -0.0428369147254134, -0.545381843027588, 1.56856445011855], [-0.179463860831816]]","SimNLMNAR_rep4_n115000_d5_corr95_NA25_MICE.1.IMP.M_500",0.129985809326172,0.00591516494750977,"2025-11-28 01:03:14.341447"
"SimNLMNAR_rep5_n115000_d5_corr95_NA25","MICE.1.IMP.M",500,"[[0.72875003200744, -0.0806907586748961, -0.376219435895924, -0.403175417092047, 0.303503991954198, 0.505891153504989, -0.0768643980101614, -0.297509920476539, -0.571225952001451, 1.28374400406073], [0.000552010505359761]]","SimNLMNAR_rep5_n115000_d5_corr95_NA25_MICE.1.IMP.M_500",0.128615856170654,0.0058434009552002,"2025-11-28 01:03:14.505737"
"SimNLMNAR_rep6_n115000_d5_corr95_NA25","MICE.1.IMP.M",500,"[[0.808762484535437, -0.49661171325216, -0.355235302366592, -0.403117341781779, 0.37673115686432, 0.550672377679932, 0.189625681218633, -0.474216986076812, -0.718260341438778, 1.76170533629234], [-0.150242957235483]]","SimNLMNAR_rep6_n115000_d5_corr95_NA25_MICE.1.IMP.M_500",0.142967939376831,0.00617337226867676,"2025-11-28 01:03:14.674441"
"SimNLMNAR_rep7_n115000_d5_corr95_NA25","MICE.1.IMP.M",500,"[[0.0722044071735549, 0.463014381286004, -0.483735843882749, -0.312671318857131, 0.32987791253483, -0.189817893316568, 5.91864214720673e-05, -0.20462735508215, -0.518611411658834, 0.838081498919236], [0.156669241353256]]","SimNLMNAR_rep7_n115000_d5_corr95_NA25_MICE.1.IMP.M_500",0.131521463394165,0.00995445251464844,"2025-11-28 01:03:14.852146"
"SimNLMNAR_rep8_n115000_d5_corr95_NA25","MICE.1.IMP.M",500,"[[0.0423480828041345, 0.275279543910308, -0.46981341447946, -0.181124037565536, 0.294251380000454, 0.211153150843987, 0.0807162245993733, -0.284660884999396, -0.194313997988622, 0.603582713132663], [0.0761722653734094]]","SimNLMNAR_rep8_n115000_d5_corr95_NA25_MICE.1.IMP.M_500",0.135855197906494,0.00973987579345703,"2025-11-28 01:03:15.028716"
"SimNLMNAR_rep9_n115000_d5_corr95_NA25","MICE.1.IMP.M",500,"[[0.28330462435948, 0.230482367406475, -0.694426104022207, -0.347005641304457, 0.380628986747589, 0.688237961087457, 0.072906068520581, -0.291507577081019, -0.853707383620544, 0.998190403431129], [-0.144224373886047]]","SimNLMNAR_rep9_n115000_d5_corr95_NA25_MICE.1.IMP.M_500",0.554394960403442,0.00645327568054199,"2025-11-28 01:03:15.204038"
"SimNLMNAR_rep0_n115000_d5_corr95_NA25","MICE.1.IMP.M",1000,"[[0.208646585369072, 0.226928553942235, -0.380163355717145, -0.309189927297921, 0.288240347261175, 0.0354632014432156, 0.164972735915825, -0.266322305288326, -0.467980441822995, 1.35941078378258], [-0.0623434024418766]]","SimNLMNAR_rep0_n115000_d5_corr95_NA25_MICE.1.IMP.M_1000",0.136329412460327,0.00592660903930664,"2025-11-28 01:03:15.795051"
"SimNLMNAR_rep1_n115000_d5_corr95_NA25","MICE.1.IMP.M",1000,"[[0.327954837406014, 0.431562011226255, -0.421123701291517, -0.462768287454792, 0.334949241821161, 0.211610004169396, 0.220674117976601, -0.284406792461329, -0.109924479560807, 1.36651899611723], [-0.240113667855764]]","SimNLMNAR_rep1_n115000_d5_corr95_NA25_MICE.1.IMP.M_1000",0.551221609115601,0.00657033920288086,"2025-11-28 01:03:15.966887"
"SimNLMNAR_rep2_n115000_d5_corr95_NA25","MICE.1.IMP.M",1000,"[[0.28536411979692, 0.0719562263626517, -0.534495539678289, -0.257033755161767, 0.32879270972969, -0.0660251766558655, 0.130858893156818, 0.0554366105142124, -0.230336805144806, 1.16151112206973], [-0.086516168910318]]","SimNLMNAR_rep2_n115000_d5_corr95_NA25_MICE.1.IMP.M_1000",0.142193555831909,0.00619864463806152,"2025-11-28 01:03:16.556476"
"SimNLMNAR_rep3_n115000_d5_corr95_NA25","MICE.1.IMP.M",1000,"[[0.400820985094245, 0.310484504815587, -0.554750568001874, -0.39726317689104, 0.297681546722304, 0.138306815144273, 0.0208184643068592, -0.439539776746359, -0.325368628320396, 1.26988383443453], [-0.074789697248279]]","SimNLMNAR_rep3_n115000_d5_corr95_NA25_MICE.1.IMP.M_1000",0.137015819549561,0.00607824325561523,"2025-11-28 01:03:16.733661"
"SimNLMNAR_rep4_n115000_d5_corr95_NA25","MICE.1.IMP.M",1000,"[[0.147085630259901, 0.202901504699563, -0.2558308902846, -0.303579897510964, 0.250026776587281, -0.00157457739365064, -0.161769342532785, 0.0768030447738035, -0.536248858215315, 1.16776248532095], [-0.0330130066148954]]","SimNLMNAR_rep4_n115000_d5_corr95_NA25_MICE.1.IMP.M_1000",0.140101432800293,0.00603103637695312,"2025-11-28 01:03:16.904709"
"SimNLMNAR_rep5_n115000_d5_corr95_NA25","MICE.1.IMP.M",1000,"[[0.34317036463594, 0.0568720650991242, -0.515224339194658, -0.285878407791442, 0.346517026455892, 0.551777046665545, 0.104671767202415, -0.129462318028263, -0.689083867093927, 1.27280601293494], [-0.0860129508106307]]","SimNLMNAR_rep5_n115000_d5_corr95_NA25_MICE.1.IMP.M_1000",0.139432430267334,0.00976157188415527,"2025-11-28 01:03:17.079069"
"SimNLMNAR_rep6_n115000_d5_corr95_NA25","MICE.1.IMP.M",1000,"[[0.460922467204806, 0.0515900654599864, -0.710949795540794, -0.23259560944978, 0.35447071891738, 0.317796821710394, 0.0756515996831746, -0.209569135802267, -0.421446449903385, 1.34627958080479], [-0.231019247248806]]","SimNLMNAR_rep6_n115000_d5_corr95_NA25_MICE.1.IMP.M_1000",0.149266719818115,0.0103192329406738,"2025-11-28 01:03:17.256462"
"SimNLMNAR_rep7_n115000_d5_corr95_NA25","MICE.1.IMP.M",1000,"[[0.471467857864539, 0.186590091525215, -0.732456721950264, -0.212389165762486, 0.322129402524724, 0.0422803318654341, 0.0818606203229734, -0.343338516454601, -0.426625178706503, 1.31554767680401], [-0.00523811021594361]]","SimNLMNAR_rep7_n115000_d5_corr95_NA25_MICE.1.IMP.M_1000",1.04949283599854,0.00759196281433105,"2025-11-28 01:03:18.348295"
"SimNLMNAR_rep8_n115000_d5_corr95_NA25","MICE.1.IMP.M",1000,"[[0.138175773609573, 0.46391553647659, -0.705581244937883, -0.251164180328112, 0.357881428244816, 0.271958970547622, 0.0351497539998913, -0.345136963185276, -0.208925990582688, 0.823366027186996], [-0.00423922706870584]]","SimNLMNAR_rep8_n115000_d5_corr95_NA25_MICE.1.IMP.M_1000",0.557509899139404,0.0160961151123047,"2025-11-28 01:03:19.456043"
"SimNLMNAR_rep9_n115000_d5_corr95_NA25","MICE.1.IMP.M",1000,"[[0.138798104929925, 0.0826044105134336, -0.504645513635021, -0.245109602591321, 0.339657899465631, 0.43348640742365, 0.0183100621593965, -0.147115237502517, -0.781947609544371, 1.17326880069738], [-0.0988532997396001]]","SimNLMNAR_rep9_n115000_d5_corr95_NA25_MICE.1.IMP.M_1000",0.138538360595703,0.00589442253112793,"2025-11-28 01:03:20.0716"
"SimNLMNAR_rep0_n115000_d5_corr95_NA25","MICE.1.IMP.M",5000,"[[0.379376231679454, 0.183803190410328, -0.581287745958294, -0.312997363823157, 0.318981132610185, 0.235437389315519, 0.0558461502604408, -0.0887860342546943, -0.449798148275957, 1.17963557008821], [-0.138605425569317]]","SimNLMNAR_rep0_n115000_d5_corr95_NA25_MICE.1.IMP.M_5000",0.215242862701416,0.010054349899292,"2025-11-28 01:03:20.246955"
"SimNLMNAR_rep1_n115000_d5_corr95_NA25","MICE.1.IMP.M",5000,"[[0.134062420564523, 0.342168579700568, -0.477607585452507, -0.30260357487559, 0.305329947152564, 0.25081202563106, 0.115256196533992, -0.145545385106923, -0.250448705838266, 1.07536047234447], [-0.199770452526949]]","SimNLMNAR_rep1_n115000_d5_corr95_NA25_MICE.1.IMP.M_5000",0.648544311523438,0.00898933410644531,"2025-11-28 01:03:20.50384"
"SimNLMNAR_rep2_n115000_d5_corr95_NA25","MICE.1.IMP.M",5000,"[[0.263488258584759, 0.23592961693666, -0.540442287407991, -0.300380504550835, 0.317092463305605, 0.215962582368876, 0.0138222436528403, -0.100818474691315, -0.370994330845442, 1.12536056419735], [-0.129753210418207]]","SimNLMNAR_rep2_n115000_d5_corr95_NA25_MICE.1.IMP.M_5000",0.209855556488037,0.00994753837585449,"2025-11-28 01:03:21.191416"
"SimNLMNAR_rep3_n115000_d5_corr95_NA25","MICE.1.IMP.M",5000,"[[0.35531871658925, 0.201238647922233, -0.619275002365915, -0.2719630137617, 0.318614287839295, 0.195172658884164, 0.125383513897325, -0.206279158099858, -0.271725651948038, 1.24610388773165], [-0.290715554951716]]","SimNLMNAR_rep3_n115000_d5_corr95_NA25_MICE.1.IMP.M_5000",0.208323240280151,0.0100772380828857,"2025-11-28 01:03:21.448486"
"SimNLMNAR_rep4_n115000_d5_corr95_NA25","MICE.1.IMP.M",5000,"[[0.420817111131164, 0.256894559952242, -0.60828619007307, -0.326139386766816, 0.289464150829171, 0.193497234205875, -0.0287346095260538, -0.281600679578941, -0.536938870668059, 1.25488498866787], [-0.11056893283529]]","SimNLMNAR_rep4_n115000_d5_corr95_NA25_MICE.1.IMP.M_5000",0.625126123428345,0.00630497932434082,"2025-11-28 01:03:21.69894"
"SimNLMNAR_rep5_n115000_d5_corr95_NA25","MICE.1.IMP.M",5000,"[[0.292525257990769, 0.388154843996449, -0.700280414224254, -0.280266670080488, 0.328519344449622, 0.265854224312037, 0.0836626765292561, -0.195713608756639, -0.374311047086463, 1.15037791605462], [-0.0929579554432279]]","SimNLMNAR_rep5_n115000_d5_corr95_NA25_MICE.1.IMP.M_5000",0.206240892410278,0.0063316822052002,"2025-11-28 01:03:22.360012"
"SimNLMNAR_rep6_n115000_d5_corr95_NA25","MICE.1.IMP.M",5000,"[[0.254067586078158, 0.288069210749086, -0.673906655980128, -0.242033295203551, 0.315119033329271, 0.206546769295452, 0.122358124241167, -0.0794538750603394, -0.345315474656258, 1.23148111337778], [-0.29333540761879]]","SimNLMNAR_rep6_n115000_d5_corr95_NA25_MICE.1.IMP.M_5000",0.220231533050537,0.0063936710357666,"2025-11-28 01:03:22.601599"
"SimNLMNAR_rep7_n115000_d5_corr95_NA25","MICE.1.IMP.M",5000,"[[0.600376462026378, -0.0281527138306748, -0.529758005905257, -0.334860491300051, 0.310250774816342, 0.121977516475277, 0.0646256462334842, -0.200342973274058, -0.475951269502128, 1.14793619439643], [-0.0360357804431123]]","SimNLMNAR_rep7_n115000_d5_corr95_NA25_MICE.1.IMP.M_5000",0.644859075546265,0.0101971626281738,"2025-11-28 01:03:22.859222"
"SimNLMNAR_rep8_n115000_d5_corr95_NA25","MICE.1.IMP.M",5000,"[[0.268612875542208, 0.371429800286686, -0.599896696965558, -0.308230900076877, 0.328575154973451, 0.16152489279191, 0.0993529560779894, -0.154919752591296, -0.36469158752017, 0.998924149113859], [-0.0886130193572684]]","SimNLMNAR_rep8_n115000_d5_corr95_NA25_MICE.1.IMP.M_5000",0.584329843521118,0.00733447074890137,"2025-11-28 01:03:23.547847"
"SimNLMNAR_rep9_n115000_d5_corr95_NA25","MICE.1.IMP.M",5000,"[[0.363943475989858, 0.210145527037059, -0.561945861482025, -0.295345755327511, 0.3170738117945, 0.188759422274332, 0.0686574554433447, -0.136293628218686, -0.510312073635964, 1.13219156107679], [-0.103179159779704]]","SimNLMNAR_rep9_n115000_d5_corr95_NA25_MICE.1.IMP.M_5000",0.211833238601685,0.00646471977233887,"2025-11-28 01:03:24.171462"
"SimNLMNAR_rep0_n115000_d5_corr95_NA25","MICE.1.IMP.M",10000,"[[0.289709331108642, 0.386024185710578, -0.626786195496921, -0.327690626842134, 0.325369945588407, 0.146728473926542, -0.021689767299633, -0.14773015556307, -0.362546774678089, 1.19499225019216], [-0.11397043466295]]","SimNLMNAR_rep0_n115000_d5_corr95_NA25_MICE.1.IMP.M_10000",0.296692132949829,0.0071103572845459,"2025-11-28 01:03:24.419756"
"SimNLMNAR_rep1_n115000_d5_corr95_NA25","MICE.1.IMP.M",10000,"[[0.184869736571229, 0.380631537269687, -0.561570307703354, -0.299131675522447, 0.312461752346632, 0.215459544547792, 0.0438998791538598, -0.152508020403605, -0.335572207858435, 1.15019659116855], [-0.144199640164775]]","SimNLMNAR_rep1_n115000_d5_corr95_NA25_MICE.1.IMP.M_10000",0.770341396331787,0.00964832305908203,"2025-11-28 01:03:24.753947"
"SimNLMNAR_rep2_n115000_d5_corr95_NA25","MICE.1.IMP.M",10000,"[[0.39016250944601, 0.143551471210071, -0.541099088926071, -0.307738543313085, 0.327804838172127, 0.178466146075639, 0.0207178827797237, -0.158704704163504, -0.413343487814418, 1.10763608141119], [-0.0512203549731125]]","SimNLMNAR_rep2_n115000_d5_corr95_NA25_MICE.1.IMP.M_10000",0.349457740783691,0.0140869617462158,"2025-11-28 01:03:25.564983"
"SimNLMNAR_rep3_n115000_d5_corr95_NA25","MICE.1.IMP.M",10000,"[[0.384229698250496, 0.31676279881287, -0.560641166319282, -0.369451613356997, 0.314632616467571, 0.182104219882183, 0.0632640018847778, -0.0890809675223723, -0.374664221469031, 1.17525363143123], [-0.166726252610978]]","SimNLMNAR_rep3_n115000_d5_corr95_NA25_MICE.1.IMP.M_10000",0.802445888519287,0.0081031322479248,"2025-11-28 01:03:25.961223"
"SimNLMNAR_rep4_n115000_d5_corr95_NA25","MICE.1.IMP.M",10000,"[[0.363402232062473, 0.388016821815395, -0.587656827844512, -0.379403565760576, 0.281146862693989, 0.151715308291518, 0.0332066813680668, -0.121418446786203, -0.478768862845701, 1.17013013729873], [-0.173422574003296]]","SimNLMNAR_rep4_n115000_d5_corr95_NA25_MICE.1.IMP.M_10000",1.03163695335388,0.0107161998748779,"2025-11-28 01:03:26.807404"
"SimNLMNAR_rep5_n115000_d5_corr95_NA25","MICE.1.IMP.M",10000,"[[0.456784710613974, 0.110419856357091, -0.58706079560331, -0.277805434347709, 0.300571798111239, 0.111172063015497, 0.103881847394581, -0.145720921968155, -0.42169844100817, 1.10504539800462], [-0.0798772283842198]]","SimNLMNAR_rep5_n115000_d5_corr95_NA25_MICE.1.IMP.M_10000",0.324979543685913,0.0123128890991211,"2025-11-28 01:03:27.882822"
"SimNLMNAR_rep6_n115000_d5_corr95_NA25","MICE.1.IMP.M",10000,"[[0.358793115662512, 0.361052168619092, -0.674987370664757, -0.321342993206011, 0.322726307925728, 0.163788184311096, 0.0775903898610051, -0.148037001658113, -0.372682819834453, 1.30156469485899], [-0.181011364733874]]","SimNLMNAR_rep6_n115000_d5_corr95_NA25_MICE.1.IMP.M_10000",0.810034036636353,0.00835919380187988,"2025-11-28 01:03:28.254225"
"SimNLMNAR_rep7_n115000_d5_corr95_NA25","MICE.1.IMP.M",10000,"[[0.569142699598369, 0.072713384295137, -0.595150403500151, -0.332022805769765, 0.31041260634722, 0.137422155315198, 0.072859963979462, -0.173335321955145, -0.408059633981378, 1.14489069213445], [-0.0978066989690197]]","SimNLMNAR_rep7_n115000_d5_corr95_NA25_MICE.1.IMP.M_10000",0.324805736541748,0.483188629150391,"2025-11-28 01:03:29.107224"
"SimNLMNAR_rep8_n115000_d5_corr95_NA25","MICE.1.IMP.M",10000,"[[0.272706530140878, 0.27381117037506, -0.58361154503954, -0.284234384937365, 0.326570309116745, 0.135127053650955, 0.069926994305386, -0.129033272722398, -0.429082570300058, 1.1613754880826], [-0.115663680034502]]","SimNLMNAR_rep8_n115000_d5_corr95_NA25_MICE.1.IMP.M_10000",0.33961820602417,0.0117599964141846,"2025-11-28 01:03:29.948124"
"SimNLMNAR_rep9_n115000_d5_corr95_NA25","MICE.1.IMP.M",10000,"[[0.392315389593554, 0.204618498618909, -0.540081025005789, -0.32923797337351, 0.307324292317196, 0.222954275555922, 0.0601879339398317, -0.159886768484531, -0.441416964837964, 1.06780473164149], [-0.113338382901114]]","SimNLMNAR_rep9_n115000_d5_corr95_NA25_MICE.1.IMP.M_10000",0.31127142906189,0.00799298286437988,"2025-11-28 01:03:30.330793"
"SimNLMNAR_rep0_n115000_d5_corr95_NA25","MICE.1.IMP.M",50000,"[[0.348837982279421, 0.243697634215653, -0.574927233701094, -0.299395245942923, 0.317305609153921, 0.158667042800541, 0.0437456718630779, -0.151704726316383, -0.363400792505856, 1.09742438200064], [-0.107151774489534]]","SimNLMNAR_rep0_n115000_d5_corr95_NA25_MICE.1.IMP.M_50000",1.88302612304688,0.0133328437805176,"2025-11-28 01:03:30.684467"
"SimNLMNAR_rep1_n115000_d5_corr95_NA25","MICE.1.IMP.M",50000,"[[0.336956146262468, 0.29391461495955, -0.583004544640774, -0.31683692712268, 0.318090934607929, 0.162082210673695, 0.0484340779537313, -0.171801752806641, -0.378093169323389, 1.10171379521614], [-0.0928722805988607]]","SimNLMNAR_rep1_n115000_d5_corr95_NA25_MICE.1.IMP.M_50000",2.2633650302887,0.0228872299194336,"2025-11-28 01:03:25.385068"
"SimNLMNAR_rep2_n115000_d5_corr95_NA25","MICE.1.IMP.M",50000,"[[0.340361414432689, 0.272499453829387, -0.593257280354098, -0.306064801778541, 0.322487915527989, 0.151663787854607, 0.00294060213005705, -0.142726307178656, -0.38475588768349, 1.10284730772145], [-0.0875129465441791]]","SimNLMNAR_rep2_n115000_d5_corr95_NA25_MICE.1.IMP.M_50000",1.37643814086914,0.020925760269165,"2025-11-28 01:03:27.716354"
"SimNLMNAR_rep3_n115000_d5_corr95_NA25","MICE.1.IMP.M",50000,"[[0.308180482726785, 0.308673712702769, -0.556629950145859, -0.323011341005131, 0.311450418284863, 0.164331547854019, 0.0454295438873602, -0.149371256805105, -0.386408251095566, 1.11983702950642], [-0.112872753157682]]","SimNLMNAR_rep3_n115000_d5_corr95_NA25_MICE.1.IMP.M_50000",1.31963086128235,0.0107789039611816,"2025-11-28 01:03:29.152172"
"SimNLMNAR_rep4_n115000_d5_corr95_NA25","MICE.1.IMP.M",50000,"[[0.40510407984993, 0.220885784944118, -0.600040951713795, -0.312535589827837, 0.313712981903931, 0.132415677682534, 0.0453055271937745, -0.147014096256225, -0.421836527232481, 1.11142665284484], [-0.115475269469071]]","SimNLMNAR_rep4_n115000_d5_corr95_NA25_MICE.1.IMP.M_50000",1.36434650421143,0.0154061317443848,"2025-11-28 01:03:30.512334"
"SimNLMNAR_rep5_n115000_d5_corr95_NA25","MICE.1.IMP.M",50000,"[[0.353024027683612, 0.234321130077413, -0.535658882932223, -0.302801069386304, 0.305951520879614, 0.133193895270426, 0.0564667205932768, -0.161701015769388, -0.435780366882834, 1.10493389289083], [-0.054780167112859]]","SimNLMNAR_rep5_n115000_d5_corr95_NA25_MICE.1.IMP.M_50000",1.40824437141418,0.0156147480010986,"2025-11-28 01:03:31.926276"
"SimNLMNAR_rep6_n115000_d5_corr95_NA25","MICE.1.IMP.M",50000,"[[0.316524149916026, 0.34190161994025, -0.612390310900557, -0.317163699253028, 0.313007662653015, 0.159189789212401, 0.0808612985659513, -0.136159493876917, -0.405462816320047, 1.14035680176438], [-0.124480757858934]]","SimNLMNAR_rep6_n115000_d5_corr95_NA25_MICE.1.IMP.M_50000",1.5315306186676,0.0128743648529053,"2025-11-28 01:03:33.39569"
"SimNLMNAR_rep7_n115000_d5_corr95_NA25","MICE.1.IMP.M",50000,"[[0.344879926524148, 0.313529102936258, -0.618226401283038, -0.316300483452205, 0.318174814815947, 0.131577869814883, 0.0595506354600674, -0.15468721596123, -0.44023739010957, 1.15081096632405], [-0.11752632606071]]","SimNLMNAR_rep7_n115000_d5_corr95_NA25_MICE.1.IMP.M_50000",1.02791500091553,0.011927604675293,"2025-11-28 01:03:34.978466"
"SimNLMNAR_rep8_n115000_d5_corr95_NA25","MICE.1.IMP.M",50000,"[[0.407239892025386, 0.198694470122653, -0.562845708613169, -0.308368717408712, 0.316714076668294, 0.128306543734987, 0.0311014508679112, -0.146204892650331, -0.412562752410018, 1.14545486373181], [-0.0749062448228837]]","SimNLMNAR_rep8_n115000_d5_corr95_NA25_MICE.1.IMP.M_50000",1.9076235294342,0.0123050212860107,"2025-11-28 01:03:36.049604"
"SimNLMNAR_rep9_n115000_d5_corr95_NA25","MICE.1.IMP.M",50000,"[[0.314656365278638, 0.289029632313015, -0.566322699711638, -0.302324794391462, 0.303883291172665, 0.14894004697048, 0.0811634392675354, -0.14934275247018, -0.449133798064732, 1.12311727183662], [-0.118718487613287]]","SimNLMNAR_rep9_n115000_d5_corr95_NA25_MICE.1.IMP.M_50000",1.48346757888794,0.0134725570678711,"2025-11-28 01:03:38.000337"
"SimNLMNAR_rep0_n115000_d5_corr95_NA25","MICE.1.Y.IMP.M",100,"[[-0.513469572067995, -1.45231141384566, 0.393872297136225, -0.0557560380033058, 0.785077113390257, 0.183303387821845, 0.185778375366744, 0.35404499307359, -1.45943076156945, 2.96787263688114], [-0.895014927633287]]","SimNLMNAR_rep0_n115000_d5_corr95_NA25_MICE.1.Y.IMP.M_100",0.578791856765747,0.0073390007019043,"2025-11-28 01:03:39.527694"
"SimNLMNAR_rep1_n115000_d5_corr95_NA25","MICE.1.Y.IMP.M",100,"[[3.0854930633229, -1.74761563070234, -2.46079399188154, -0.785241159516852, 1.01166347905097, 0.717611705519478, 0.237332443704698, -0.729214068138587, -0.172864030821271, 0.598933243151983], [-1.23482192712972]]","SimNLMNAR_rep1_n115000_d5_corr95_NA25_MICE.1.Y.IMP.M_100",0.173081159591675,0.00700283050537109,"2025-11-28 01:03:40.143706"
"SimNLMNAR_rep2_n115000_d5_corr95_NA25","MICE.1.Y.IMP.M",100,"[[2.94195838955858, -1.22904147635567, -3.47189547001656, -1.30175361620384, 1.64508475522497, -0.731257002986584, 2.1597668034532, -0.366681784443341, -2.4074904911944, 1.76893392787166], [-1.53060043103353]]","SimNLMNAR_rep2_n115000_d5_corr95_NA25_MICE.1.Y.IMP.M_100",0.197373151779175,0.0109188556671143,"2025-11-28 01:03:40.354192"
"SimNLMNAR_rep3_n115000_d5_corr95_NA25","MICE.1.Y.IMP.M",100,"[[1.28979463833069, 0.488302506768844, -0.226873563207758, -1.94069994817747, 1.40134405302456, -1.06238012700962, -1.57973915308594, 0.0311487504671435, 1.67093671207422, 3.13618167898412], [-0.0918192124779808]]","SimNLMNAR_rep3_n115000_d5_corr95_NA25_MICE.1.Y.IMP.M_100",0.146248817443848,0.00652003288269043,"2025-11-28 01:03:40.593051"
"SimNLMNAR_rep4_n115000_d5_corr95_NA25","MICE.1.Y.IMP.M",100,"[[-4.00862767213457, 4.17563326877659, -0.222969398256092, -0.896603313858163, 0.796320589596182, -0.224850187732681, -0.859116805925559, 0.345427282467766, -0.931262799411544, 1.92733487461394], [-0.214117074471607]]","SimNLMNAR_rep4_n115000_d5_corr95_NA25_MICE.1.Y.IMP.M_100",0.155211925506592,0.00646829605102539,"2025-11-28 01:03:40.777575"
"SimNLMNAR_rep5_n115000_d5_corr95_NA25","MICE.1.Y.IMP.M",100,"[[3.85072884598795, 5.93598965979143, -0.475661551412025, -7.73538046036203, 1.50249038963805, 7.61681268289503, -10.2907813989242, -3.30766587030914, -4.61111427947657, 6.34241002360808], [4.3344424483853]]","SimNLMNAR_rep5_n115000_d5_corr95_NA25_MICE.1.Y.IMP.M_100",0.165992975234985,0.00663614273071289,"2025-11-28 01:03:40.967919"
"SimNLMNAR_rep6_n115000_d5_corr95_NA25","MICE.1.Y.IMP.M",100,"[[6.21151289086649, -5.12586052979943, -2.22447142064166, -0.976603437503563, 1.90410258093366, 1.09825023668273, -1.72743768068517, -1.19690974660328, 1.7181383999639, 1.03633388978466], [-1.4287300824811]]","SimNLMNAR_rep6_n115000_d5_corr95_NA25_MICE.1.Y.IMP.M_100",0.149261236190796,0.00657320022583008,"2025-11-28 01:03:41.170274"
"SimNLMNAR_rep7_n115000_d5_corr95_NA25","MICE.1.Y.IMP.M",100,"[[2.19475198136381, -0.497212044115361, -1.6872899633914, -1.99699369536136, 1.12172752742413, 2.29850142462266, -0.115555442159452, -0.0540359601391928, 0.818444974881835, 1.405252247053], [-1.05215654246481]]","SimNLMNAR_rep7_n115000_d5_corr95_NA25_MICE.1.Y.IMP.M_100",0.14869236946106,0.0065305233001709,"2025-11-28 01:03:41.356508"
"SimNLMNAR_rep8_n115000_d5_corr95_NA25","MICE.1.Y.IMP.M",100,"[[4.07071249891457, -3.80857801258703, -0.956329825358845, -1.21804609052977, 1.10472600811426, 0.69805166650405, -0.864000351213866, 0.300344752184384, 0.568990107467933, 2.68472280596762], [-0.552133167608625]]","SimNLMNAR_rep8_n115000_d5_corr95_NA25_MICE.1.Y.IMP.M_100",0.151206016540527,0.011127233505249,"2025-11-28 01:03:41.545447"
"SimNLMNAR_rep9_n115000_d5_corr95_NA25","MICE.1.Y.IMP.M",100,"[[1.32830719560527, -2.17859211540242, 2.73020253802378, -1.16317317154233, 0.374315869912162, -0.231789781627494, 0.394869064712562, 0.182619532315893, -0.582189923928825, -0.00654937837616421], [1.5293101208653]]","SimNLMNAR_rep9_n115000_d5_corr95_NA25_MICE.1.Y.IMP.M_100",0.155876398086548,0.0065910816192627,"2025-11-28 01:03:41.741579"
"SimNLMNAR_rep0_n115000_d5_corr95_NA25","MICE.1.Y.IMP.M",500,"[[-0.282512716555958, 2.3491824424332, -2.37349387806503, -0.652725963374967, 0.864009317583256, 0.647946083401428, 0.434350785974716, -0.644439961898799, -0.594623997127242, 1.35694930213916], [-1.00332424152253]]","SimNLMNAR_rep0_n115000_d5_corr95_NA25_MICE.1.Y.IMP.M_500",0.170646667480469,0.00666570663452148,"2025-11-28 01:03:41.935946"
"SimNLMNAR_rep1_n115000_d5_corr95_NA25","MICE.1.Y.IMP.M",500,"[[0.679550758551289, -0.0323099459003008, -1.31756896065994, -0.568463568726092, 0.844775380996056, 0.193862765837095, 0.193152677821454, -0.0512931251045339, 0.196290109738903, 1.32140270216791], [-0.769851743722491]]","SimNLMNAR_rep1_n115000_d5_corr95_NA25_MICE.1.Y.IMP.M_500",0.168402910232544,0.00663065910339355,"2025-11-28 01:03:42.141534"
"SimNLMNAR_rep2_n115000_d5_corr95_NA25","MICE.1.Y.IMP.M",500,"[[1.86073181300952, 0.0460317770903195, -2.01498131412083, -1.03536194718393, 0.834087781278691, 0.140033199249971, 0.761931599055082, 0.266375287099753, -0.393288857819926, 1.15833553931126], [-0.995213098221605]]","SimNLMNAR_rep2_n115000_d5_corr95_NA25_MICE.1.Y.IMP.M_500",0.18318510055542,0.00672364234924316,"2025-11-28 01:03:42.350294"
"SimNLMNAR_rep3_n115000_d5_corr95_NA25","MICE.1.Y.IMP.M",500,"[[0.43926104431185, 0.767777161062146, -0.77988321045574, -1.22178983652405, 0.874727043973344, 0.000444847598353523, 0.0269432646640624, -0.152645711554387, -0.395064084251202, 0.640483502193695], [0.0580746835503337]]","SimNLMNAR_rep3_n115000_d5_corr95_NA25_MICE.1.Y.IMP.M_500",0.174478054046631,0.0109002590179443,"2025-11-28 01:03:42.567998"
"SimNLMNAR_rep4_n115000_d5_corr95_NA25","MICE.1.Y.IMP.M",500,"[[2.89220721428241, -2.28205818665295, -1.03943839038638, -0.582603357729728, 0.940108764714231, 0.335225137019527, -0.376905129308755, -0.0553347678256034, -0.712898067533987, 1.41720067860151], [-0.282247159241015]]","SimNLMNAR_rep4_n115000_d5_corr95_NA25_MICE.1.Y.IMP.M_500",0.647414922714233,0.00711941719055176,"2025-11-28 01:03:42.782788"
"SimNLMNAR_rep5_n115000_d5_corr95_NA25","MICE.1.Y.IMP.M",500,"[[1.03901640266276, 0.360483811651217, -1.16219171343804, -0.786687302423631, 0.727768782255644, 0.559246134295332, -0.120401518711212, 0.0873821751352608, -0.51077061426155, 0.757409943585744], [-0.330290269175506]]","SimNLMNAR_rep5_n115000_d5_corr95_NA25_MICE.1.Y.IMP.M_500",0.164680004119873,0.00658202171325684,"2025-11-28 01:03:43.465579"
"SimNLMNAR_rep6_n115000_d5_corr95_NA25","MICE.1.Y.IMP.M",500,"[[2.61892946167178, -1.30315255930886, -1.30368265130405, -0.921645970734678, 0.86693878529053, 0.039150966459388, 0.0684586041680485, -0.00804066813270547, -0.554315707397553, 1.5341110281709], [-0.497670721241325]]","SimNLMNAR_rep6_n115000_d5_corr95_NA25_MICE.1.Y.IMP.M_500",0.653869152069092,0.0104763507843018,"2025-11-28 01:03:33.412232"
"SimNLMNAR_rep7_n115000_d5_corr95_NA25","MICE.1.Y.IMP.M",500,"[[0.71688333314599, 0.727975456463412, -1.90028071416062, -0.506295844435539, 0.857729651387129, -0.246205188162095, -0.181357999803219, -0.23926803657073, -0.818723158167087, 0.529262386629628], [-0.126827904091656]]","SimNLMNAR_rep7_n115000_d5_corr95_NA25_MICE.1.Y.IMP.M_500",0.590282440185547,0.0166056156158447,"2025-11-28 01:03:34.11823"
"SimNLMNAR_rep8_n115000_d5_corr95_NA25","MICE.1.Y.IMP.M",500,"[[1.46961997622695, -0.00142547440553116, -1.51507570492667, -0.534033006501105, 0.848100847786721, 0.343679934577285, 0.243240017535767, -0.636436160011342, -0.00521508903169697, 0.593258035529293], [0.0596541604043414]]","SimNLMNAR_rep8_n115000_d5_corr95_NA25_MICE.1.Y.IMP.M_500",0.165631532669067,0.00959634780883789,"2025-11-28 01:03:34.761011"
"SimNLMNAR_rep9_n115000_d5_corr95_NA25","MICE.1.Y.IMP.M",500,"[[2.18270126296533, -0.763467918787836, -1.60667852003344, -0.804495341883696, 1.01410147527385, 0.258905342120024, -0.342825295569618, -0.426719661507676, -0.655366306548864, 1.01648781679431], [-0.20598723954311]]","SimNLMNAR_rep9_n115000_d5_corr95_NA25_MICE.1.Y.IMP.M_500",0.166102409362793,0.00987505912780762,"2025-11-28 01:03:34.966695"
"SimNLMNAR_rep0_n115000_d5_corr95_NA25","MICE.1.Y.IMP.M",1000,"[[0.438766060776253, 1.63279214599543, -1.60840938699373, -0.953471401728172, 0.922449089587333, 0.237685966079291, -0.0727029932774305, -0.656314959783162, -0.540295820301033, 1.02142595397143], [-0.0916751852756014]]","SimNLMNAR_rep0_n115000_d5_corr95_NA25_MICE.1.Y.IMP.M_1000",0.184556007385254,0.00960612297058105,"2025-11-28 01:03:35.173498"
"SimNLMNAR_rep1_n115000_d5_corr95_NA25","MICE.1.Y.IMP.M",1000,"[[0.534588401602723, 1.19432232632997, -1.48995696296954, -0.906626154010934, 0.897362529196927, 0.350856376745496, 0.112858071624231, -0.26151483046342, 0.479455331691164, 1.05656117010186], [-0.711849694952658]]","SimNLMNAR_rep1_n115000_d5_corr95_NA25_MICE.1.Y.IMP.M_1000",0.556041479110718,0.00618863105773926,"2025-11-28 01:03:35.396561"
"SimNLMNAR_rep2_n115000_d5_corr95_NA25","MICE.1.Y.IMP.M",1000,"[[1.89051159526034, -0.776991886309607, -1.3275307707464, -0.790600609634151, 0.907515872332923, 0.151608990617146, 0.194739244125178, 0.128723697543338, -0.218257362697796, 1.35777610648977], [-0.161890171629096]]","SimNLMNAR_rep2_n115000_d5_corr95_NA25_MICE.1.Y.IMP.M_1000",0.596935510635376,0.0138473510742188,"2025-11-28 01:03:35.98867"
"SimNLMNAR_rep3_n115000_d5_corr95_NA25","MICE.1.Y.IMP.M",1000,"[[1.95991233139216, -0.664150920142173, -1.35722091896173, -0.801611936621478, 0.872637705334706, -0.0199172064727358, -0.121022616586127, -0.339072722802085, -0.522480299110498, 1.52625149686237], [-0.0629802041025478]]","SimNLMNAR_rep3_n115000_d5_corr95_NA25_MICE.1.Y.IMP.M_1000",0.176264524459839,0.00615525245666504,"2025-11-28 01:03:36.628658"
"SimNLMNAR_rep4_n115000_d5_corr95_NA25","MICE.1.Y.IMP.M",1000,"[[0.378764594011701, 0.984866173963635, -1.10968561947141, -0.754385202373939, 0.689955883010504, -0.242213067941996, -0.390681233529016, -0.00720207190129384, -0.61783020331565, 1.12869980898117], [0.0390651955814185]]","SimNLMNAR_rep4_n115000_d5_corr95_NA25_MICE.1.Y.IMP.M_1000",0.179640769958496,0.00608682632446289,"2025-11-28 01:03:36.839477"
"SimNLMNAR_rep5_n115000_d5_corr95_NA25","MICE.1.Y.IMP.M",1000,"[[1.2927543849997, -0.450956366217048, -1.35803522584709, -0.485006328042186, 0.855837583928661, 0.635626054133036, -0.12894063242224, -0.156295734969657, -0.61076996772687, 1.05576504708259], [-0.202033758793369]]","SimNLMNAR_rep5_n115000_d5_corr95_NA25_MICE.1.Y.IMP.M_1000",0.2004234790802,0.010000467300415,"2025-11-28 01:03:37.058407"
"SimNLMNAR_rep6_n115000_d5_corr95_NA25","MICE.1.Y.IMP.M",1000,"[[1.54762940475906, 0.180626051555087, -1.71773225573638, -0.74486799141409, 0.857380123608791, 0.154493215961394, 0.244330970857818, -0.176726099595742, -0.129874315823445, 1.1522808979678], [-0.502402534986225]]","SimNLMNAR_rep6_n115000_d5_corr95_NA25_MICE.1.Y.IMP.M_1000",0.612191438674927,0.00614070892333984,"2025-11-28 01:03:37.297627"
"SimNLMNAR_rep7_n115000_d5_corr95_NA25","MICE.1.Y.IMP.M",1000,"[[1.34200393785193, 0.909343178538425, -1.73371745473015, -0.726096502930686, 0.864969170067964, -0.0364457103119629, -0.094909216151548, -0.0388983286220003, -0.420046307207011, 1.14427698230778], [0.189815020825466]]","SimNLMNAR_rep7_n115000_d5_corr95_NA25_MICE.1.Y.IMP.M_1000",0.552520751953125,0.00620031356811523,"2025-11-28 01:03:37.947466"
"SimNLMNAR_rep8_n115000_d5_corr95_NA25","MICE.1.Y.IMP.M",1000,"[[0.790397211873917, 1.1691045500443, -2.55323467733177, -0.418969365870631, 0.912620237950959, 0.379404265850137, 0.136601640958298, -0.500369060860237, -0.169177385700329, 0.667997723345822], [-0.375666581683432]]","SimNLMNAR_rep8_n115000_d5_corr95_NA25_MICE.1.Y.IMP.M_1000",0.177750110626221,0.00618553161621094,"2025-11-28 01:03:38.541016"
"SimNLMNAR_rep9_n115000_d5_corr95_NA25","MICE.1.Y.IMP.M",1000,"[[0.55170451379281, 0.317015343281082, -1.43824203746441, -0.34578191906475, 0.82236720912408, 0.268845410586229, -0.39033832120857, -0.456200028189554, -0.784997826372616, 1.08254370600123], [0.0413453341530992]]","SimNLMNAR_rep9_n115000_d5_corr95_NA25_MICE.1.Y.IMP.M_1000",0.187895774841309,0.00615334510803223,"2025-11-28 01:03:38.75317"
"SimNLMNAR_rep0_n115000_d5_corr95_NA25","MICE.1.Y.IMP.M",5000,"[[1.04234665295154, 0.72208563557887, -1.79983385845211, -0.778744307721496, 0.882143274441543, 0.256327065172775, 0.0156233809622586, -0.0927022867894628, -0.449743046227861, 0.992486034511054], [-0.343864944887868]]","SimNLMNAR_rep0_n115000_d5_corr95_NA25_MICE.1.Y.IMP.M_5000",0.687092304229736,0.00700283050537109,"2025-11-28 01:03:38.977247"
"SimNLMNAR_rep1_n115000_d5_corr95_NA25","MICE.1.Y.IMP.M",5000,"[[0.582107197109819, 0.731773530784096, -1.45455597300291, -0.714703141725985, 0.860901652613932, 0.22170009341595, 0.0117876818112678, -0.137777466965285, -0.285457651937527, 0.874058564136257], [-0.383680513350051]]","SimNLMNAR_rep1_n115000_d5_corr95_NA25_MICE.1.Y.IMP.M_5000",0.2676682472229,0.0068516731262207,"2025-11-28 01:03:39.703979"
"SimNLMNAR_rep2_n115000_d5_corr95_NA25","MICE.1.Y.IMP.M",5000,"[[1.58316550165637, -0.190045316600535, -1.55726167525172, -0.615599868637559, 0.889764765286967, 0.0680571544747555, -0.0150125617349569, 0.000275828563409056, -0.373642498127273, 0.872813812040415], [-0.126802502555719]]","SimNLMNAR_rep2_n115000_d5_corr95_NA25_MICE.1.Y.IMP.M_5000",0.732490539550781,0.0106134414672852,"2025-11-28 01:03:40.007082"
"SimNLMNAR_rep3_n115000_d5_corr95_NA25","MICE.1.Y.IMP.M",5000,"[[1.08566163712427, 0.47829150077918, -1.88278435499629, -0.564864946203681, 0.908511271181313, 0.136352120755761, -0.0636148722975329, -0.167910678529513, -0.310716511335416, 1.04982236242138], [-0.451712744990884]]","SimNLMNAR_rep3_n115000_d5_corr95_NA25_MICE.1.Y.IMP.M_5000",0.644917488098145,0.00704836845397949,"2025-11-28 01:03:40.784138"
"SimNLMNAR_rep4_n115000_d5_corr95_NA25","MICE.1.Y.IMP.M",5000,"[[1.73690629261291, 0.0318804596477989, -1.61933392243277, -0.744121069386298, 0.827209164983092, 0.186784815703813, -0.291637085837526, -0.28739569028111, -0.621615903140431, 0.985493233331782], [-0.151299511154427]]","SimNLMNAR_rep4_n115000_d5_corr95_NA25_MICE.1.Y.IMP.M_5000",0.26960015296936,0.0068976879119873,"2025-11-28 01:03:41.467498"
"SimNLMNAR_rep5_n115000_d5_corr95_NA25","MICE.1.Y.IMP.M",5000,"[[1.42862211690251, 0.173778083502627, -1.5774532933867, -0.708853343454281, 0.870365508158151, 0.217625794597563, -0.100447356983363, -0.157769352450652, -0.355635081560388, 0.88667787009858], [-0.116251251594057]]","SimNLMNAR_rep5_n115000_d5_corr95_NA25_MICE.1.Y.IMP.M_5000",0.686140298843384,0.00690960884094238,"2025-11-28 01:03:41.774924"
"SimNLMNAR_rep6_n115000_d5_corr95_NA25","MICE.1.Y.IMP.M",5000,"[[1.38711589245698, 0.19299514870327, -1.72059274253776, -0.60455027513246, 0.871972267344187, 0.162218864590528, 0.136130238832882, -0.0269404179421131, -0.44959231531527, 1.09345070376483], [-0.410587892529672]]","SimNLMNAR_rep6_n115000_d5_corr95_NA25_MICE.1.Y.IMP.M_5000",0.272521257400513,0.0140314102172852,"2025-11-28 01:03:42.499035"
"SimNLMNAR_rep7_n115000_d5_corr95_NA25","MICE.1.Y.IMP.M",5000,"[[2.05599571919599, -0.631116326803093, -1.36135603593245, -0.758096518630993, 0.842011335260922, 0.0469735711090401, -0.0127985877148858, -0.215703985466662, -0.368889176934536, 0.893677912613422], [-0.0559042211718158]]","SimNLMNAR_rep7_n115000_d5_corr95_NA25_MICE.1.Y.IMP.M_5000",0.681097984313965,0.00697159767150879,"2025-11-28 01:03:42.814679"
"SimNLMNAR_rep8_n115000_d5_corr95_NA25","MICE.1.Y.IMP.M",5000,"[[1.08810902254913, 0.587996581820605, -1.54889354587549, -0.713465604295453, 0.805681515772111, 0.123228761111727, -0.142095879530004, -0.0987604806600004, -0.345801348244553, 0.666331601125768], [-0.160297025005305]]","SimNLMNAR_rep8_n115000_d5_corr95_NA25_MICE.1.Y.IMP.M_5000",0.282814741134644,0.00739574432373047,"2025-11-28 01:03:43.531801"
"SimNLMNAR_rep9_n115000_d5_corr95_NA25","MICE.1.Y.IMP.M",5000,"[[1.29754378526179, 0.430047232839583, -1.72321372477027, -0.755411480909326, 0.840986610415385, 0.152594805321842, -0.0405227693845016, -0.0837191443263284, -0.53469006328799, 0.828059508001968], [-0.253125113112142]]","SimNLMNAR_rep9_n115000_d5_corr95_NA25_MICE.1.Y.IMP.M_5000",0.653463125228882,0.00688076019287109,"2025-11-28 01:03:43.850795"
"SimNLMNAR_rep0_n115000_d5_corr95_NA25","MICE.1.Y.IMP.M",10000,"[[1.02054387752507, 0.794829292266476, -1.67945230283515, -0.815121345133521, 0.872033714163101, 0.210723881078675, -0.122662594687232, -0.155150330463922, -0.404946447281182, 0.903205004906979], [-0.242261750662006]]","SimNLMNAR_rep0_n115000_d5_corr95_NA25_MICE.1.Y.IMP.M_10000",1.29294896125793,0.00915288925170898,"2025-11-28 01:03:40.419872"
"SimNLMNAR_rep1_n115000_d5_corr95_NA25","MICE.1.Y.IMP.M",10000,"[[0.860312294556582, 0.7320424251708, -1.51695361131289, -0.741589545125596, 0.830782311549507, 0.187863011662269, 0.0078443166025425, -0.139146621121471, -0.286128147202224, 0.878646086129888], [-0.264280467085262]]","SimNLMNAR_rep1_n115000_d5_corr95_NA25_MICE.1.Y.IMP.M_10000",0.399306774139404,0.0184311866760254,"2025-11-28 01:03:41.779066"
"SimNLMNAR_rep2_n115000_d5_corr95_NA25","MICE.1.Y.IMP.M",10000,"[[1.13907303171037, 0.625700726933457, -1.61092056861357, -0.752950321507342, 0.83706272067877, 0.105365443664768, -0.109183610052417, -0.100653530417769, -0.444030139938891, 0.808232344374819], [-0.0963870367630415]]","SimNLMNAR_rep2_n115000_d5_corr95_NA25_MICE.1.Y.IMP.M_10000",0.788278102874756,0.00777626037597656,"2025-11-28 01:03:42.232837"
"SimNLMNAR_rep3_n115000_d5_corr95_NA25","MICE.1.Y.IMP.M",10000,"[[1.51433489070837, 0.253948816641928, -1.57063558634039, -0.838904016319999, 0.861321106910145, 0.175032479451049, -0.0538512764805736, 0.00552159125890724, -0.403673543011647, 0.92806829944045], [-0.226516268367887]]","SimNLMNAR_rep3_n115000_d5_corr95_NA25_MICE.1.Y.IMP.M_10000",0.383432626724243,0.00787520408630371,"2025-11-28 01:03:43.064962"
"SimNLMNAR_rep4_n115000_d5_corr95_NA25","MICE.1.Y.IMP.M",10000,"[[1.21933548820409, 0.390971581975085, -1.47519963722795, -0.754458441527804, 0.78177901731207, 0.0653060343686077, -0.0993086956997457, -0.210713352033013, -0.38443991897137, 0.940101819022568], [-0.214566688369559]]","SimNLMNAR_rep4_n115000_d5_corr95_NA25_MICE.1.Y.IMP.M_10000",0.802603960037231,0.0122659206390381,"2025-11-28 01:03:43.488596"
"SimNLMNAR_rep5_n115000_d5_corr95_NA25","MICE.1.Y.IMP.M",10000,"[[1.51513809658959, 0.421031094186799, -1.74562998350662, -0.721126553628966, 0.839603935873128, -0.00866953708945098, 0.00708742382408882, -0.261518423215128, -0.440403454070508, 0.876272401807482], [-0.0597262447404915]]","SimNLMNAR_rep5_n115000_d5_corr95_NA25_MICE.1.Y.IMP.M_10000",0.366934299468994,0.0076904296875,"2025-11-28 01:03:44.33568"
"SimNLMNAR_rep6_n115000_d5_corr95_NA25","MICE.1.Y.IMP.M",10000,"[[1.41563342010176, 0.612565538415858, -1.7554028458205, -0.811476783354456, 0.863038498443484, 0.0678616631339198, -0.042783999951566, -0.0687100060243225, -0.441764065769193, 1.0819411592201], [-0.226018625258582]]","SimNLMNAR_rep6_n115000_d5_corr95_NA25_MICE.1.Y.IMP.M_10000",0.377024173736572,0.00788044929504395,"2025-11-28 01:03:44.742079"
"SimNLMNAR_rep7_n115000_d5_corr95_NA25","MICE.1.Y.IMP.M",10000,"[[1.59500577561053, -0.051368219541392, -1.44461039143774, -0.806953587975457, 0.823351672780189, 0.0978337305369796, -0.0308959393454434, -0.170124578927147, -0.428699633865037, 0.871023975437333], [-0.12272194445955]]","SimNLMNAR_rep7_n115000_d5_corr95_NA25_MICE.1.Y.IMP.M_10000",0.397387027740479,0.00800180435180664,"2025-11-28 01:03:45.15662"
"SimNLMNAR_rep8_n115000_d5_corr95_NA25","MICE.1.Y.IMP.M",10000,"[[1.17025468245407, 0.357678662772569, -1.42423317063192, -0.797252294623573, 0.830615658389955, 0.189306929974734, -0.0491739394531154, -0.0563661478616546, -0.413218910611851, 0.885081791118718], [-0.234617557141377]]","SimNLMNAR_rep8_n115000_d5_corr95_NA25_MICE.1.Y.IMP.M_10000",0.837188243865967,0.00781083106994629,"2025-11-28 01:03:45.591161"
"SimNLMNAR_rep9_n115000_d5_corr95_NA25","MICE.1.Y.IMP.M",10000,"[[1.27575715322324, 0.390963607256588, -1.63217346649297, -0.757206623369181, 0.874228217262855, 0.115450837141955, -0.117977388777765, -0.0974641126893022, -0.504911762967282, 0.984138303396489], [-0.130885510602673]]","SimNLMNAR_rep9_n115000_d5_corr95_NA25_MICE.1.Y.IMP.M_10000",0.783973455429077,0.00768017768859863,"2025-11-28 01:03:46.469374"
"SimNLMNAR_rep0_n115000_d5_corr95_NA25","MICE.1.Y.IMP.M",50000,"[[1.47581676849286, 0.201350334946448, -1.5412012939332, -0.759411797587554, 0.843625397151773, 0.116990093040999, -0.0620813862121931, -0.115203908483752, -0.349715712519448, 0.929069607106101], [-0.165500464601754]]","SimNLMNAR_rep0_n115000_d5_corr95_NA25_MICE.1.Y.IMP.M_50000",1.75181365013123,0.0122473239898682,"2025-11-28 01:03:47.291602"
"SimNLMNAR_rep1_n115000_d5_corr95_NA25","MICE.1.Y.IMP.M",50000,"[[1.38244863051375, 0.342161042340606, -1.60689557659727, -0.747798944162534, 0.860864101618565, 0.071960957586041, -0.0437976853023308, -0.153675936731768, -0.359914855603438, 0.854404142825262], [-0.132583358018756]]","SimNLMNAR_rep1_n115000_d5_corr95_NA25_MICE.1.Y.IMP.M_50000",1.61982846260071,0.0123202800750732,"2025-11-28 01:03:49.090094"
"SimNLMNAR_rep2_n115000_d5_corr95_NA25","MICE.1.Y.IMP.M",50000,"[[1.27538832494846, 0.475646098742358, -1.6808005946182, -0.701359251608265, 0.873636210229995, 0.0658836892506624, -0.11686025321799, -0.148262346929572, -0.382245863845511, 0.903335411022565], [-0.118872915393109]]","SimNLMNAR_rep2_n115000_d5_corr95_NA25_MICE.1.Y.IMP.M_50000",1.68440103530884,0.0120954513549805,"2025-11-28 01:03:50.752451"
"SimNLMNAR_rep3_n115000_d5_corr95_NA25","MICE.1.Y.IMP.M",50000,"[[1.33528722671649, 0.335841754342679, -1.59743543336599, -0.738385057194698, 0.849171447199428, 0.117463148216711, -0.0897854984064015, -0.169051828319879, -0.359646279654098, 0.877839133851292], [-0.161343973289858]]","SimNLMNAR_rep3_n115000_d5_corr95_NA25_MICE.1.Y.IMP.M_50000",2.05046343803406,0.0163819789886475,"2025-11-28 01:03:52.478393"
"SimNLMNAR_rep4_n115000_d5_corr95_NA25","MICE.1.Y.IMP.M",50000,"[[1.53242664431936, 0.192910198321654, -1.67388408504219, -0.705439669530534, 0.853841405833523, 0.0784636505874257, -0.0888914284292656, -0.139743323920225, -0.418165683154209, 0.896015847328945], [-0.170903304997317]]","SimNLMNAR_rep4_n115000_d5_corr95_NA25_MICE.1.Y.IMP.M_50000",1.68693923950195,0.012221097946167,"2025-11-28 01:03:54.581305"
"SimNLMNAR_rep5_n115000_d5_corr95_NA25","MICE.1.Y.IMP.M",50000,"[[1.51062731896485, 0.289120606292253, -1.63905984083238, -0.735337359293735, 0.847049922460594, 0.0621644026330618, -0.133053597189214, -0.145396172539531, -0.488927894222119, 0.939745073804976], [-0.0809950583378989]]","SimNLMNAR_rep5_n115000_d5_corr95_NA25_MICE.1.Y.IMP.M_50000",1.63930201530457,0.0127747058868408,"2025-11-28 01:03:56.313146"
"SimNLMNAR_rep6_n115000_d5_corr95_NA25","MICE.1.Y.IMP.M",50000,"[[1.44980765728344, 0.316644464759135, -1.66843534806604, -0.729416338850574, 0.853360535331603, 0.113366817301084, -0.0248233965269408, -0.0950134219931144, -0.391476116045496, 0.944713969402395], [-0.190888169334554]]","SimNLMNAR_rep6_n115000_d5_corr95_NA25_MICE.1.Y.IMP.M_50000",1.63030862808228,0.0119984149932861,"2025-11-28 01:03:58.00076"
"SimNLMNAR_rep7_n115000_d5_corr95_NA25","MICE.1.Y.IMP.M",50000,"[[1.45898661500254, 0.323372098359946, -1.69452259392847, -0.724103548631342, 0.851883840273305, 0.110004123834176, -0.0716152356035372, -0.152627432970009, -0.446824311854226, 0.958014659777592], [-0.200125273832221]]","SimNLMNAR_rep7_n115000_d5_corr95_NA25_MICE.1.Y.IMP.M_50000",1.64630222320557,0.0123538970947266,"2025-11-28 01:03:59.684596"
"SimNLMNAR_rep8_n115000_d5_corr95_NA25","MICE.1.Y.IMP.M",50000,"[[1.35658553595054, 0.324539342068111, -1.6239655982399, -0.703110351189583, 0.853941772907218, 0.0452400605959765, -0.0973832185976499, -0.157864835335902, -0.444704366207718, 0.909855425574616], [-0.111042896065366]]","SimNLMNAR_rep8_n115000_d5_corr95_NA25_MICE.1.Y.IMP.M_50000",1.62141585350037,0.0160942077636719,"2025-11-28 01:04:01.373325"
"SimNLMNAR_rep9_n115000_d5_corr95_NA25","MICE.1.Y.IMP.M",50000,"[[1.2562936117563, 0.507968932456948, -1.65038812700185, -0.735936404192951, 0.841308962302456, 0.0811427720537369, -0.0196668743795176, -0.128843590229807, -0.431768040615842, 0.95844357580902], [-0.215268486780485]]","SimNLMNAR_rep9_n115000_d5_corr95_NA25_MICE.1.Y.IMP.M_50000",1.6246702671051,0.016535758972168,"2025-11-28 01:04:03.046825"
"SimNLMNAR_rep0_n115000_d5_corr95_NA25","MICE.1.M.IMP.M",100,"[[-1.65751718663101, 1.89813361219998, -0.613784940742667, -0.372030101264356, 0.257619386151276, 0.420020097245857, 0.70312562329041, 1.0252024140651, -1.14748798855513, 2.65306510591591], [-1.51426337291253]]","SimNLMNAR_rep0_n115000_d5_corr95_NA25_MICE.1.M.IMP.M_100",0.169931173324585,0.0071253776550293,"2025-11-28 01:04:04.719567"
"SimNLMNAR_rep1_n115000_d5_corr95_NA25","MICE.1.M.IMP.M",100,"[[0.338511289811155, -0.4299287772598, -0.0582147673702468, -0.349832243963081, 0.255235848413082, 0.795604565671725, 0.608373938404396, -0.555629397812972, -0.700434938443926, 0.348040040186527], [0.150794078921419]]","SimNLMNAR_rep1_n115000_d5_corr95_NA25_MICE.1.M.IMP.M_100",0.172714710235596,0.00717401504516602,"2025-11-28 01:04:04.925604"
"SimNLMNAR_rep2_n115000_d5_corr95_NA25","MICE.1.M.IMP.M",100,"[[-0.117327459867376, 0.257567428065721, -0.156041568157309, -0.620434968283848, 0.414735993440253, 0.630570700019997, 1.59438332861243, -0.749165019857611, -1.53970682773206, 0.758849986082384], [-0.150999741564092]]","SimNLMNAR_rep2_n115000_d5_corr95_NA25_MICE.1.M.IMP.M_100",0.168765544891357,0.0116806030273438,"2025-11-28 01:04:05.148679"
"SimNLMNAR_rep3_n115000_d5_corr95_NA25","MICE.1.M.IMP.M",100,"[[1.35785416703759, -0.515288934878163, 0.128054376887774, -0.317302630716877, 0.301351152366771, -0.142944060765665, -0.208051733532055, -0.145360260904434, -0.0246008204231143, 1.26913021812237], [0.357367311843856]]","SimNLMNAR_rep3_n115000_d5_corr95_NA25_MICE.1.M.IMP.M_100",0.174441576004028,0.0114672183990479,"2025-11-28 01:04:05.363716"
"SimNLMNAR_rep4_n115000_d5_corr95_NA25","MICE.1.M.IMP.M",100,"[[0.29901642762846, 0.531401072713846, -0.525938666022029, -0.545225062481255, 0.573808956248363, 0.259550201815558, -0.36395466885016, -0.40116408379732, -1.86221663534773, 0.345949226629448], [0.135723727409452]]","SimNLMNAR_rep4_n115000_d5_corr95_NA25_MICE.1.M.IMP.M_100",0.865013122558594,0.00778627395629883,"2025-11-28 01:03:48.019912"
"SimNLMNAR_rep5_n115000_d5_corr95_NA25","MICE.1.M.IMP.M",100,"[[0.931740582022318, 1.0697168716944, -0.0508937031821188, -1.02573310870274, 0.343323851231135, 0.768245048378048, -1.4740852457032, -1.24723657811169, -1.64867654218263, 2.61409812269383], [1.21707420575172]]","SimNLMNAR_rep5_n115000_d5_corr95_NA25_MICE.1.M.IMP.M_100",0.641629695892334,0.0218803882598877,"2025-11-28 01:03:48.939844"
"SimNLMNAR_rep6_n115000_d5_corr95_NA25","MICE.1.M.IMP.M",100,"[[2.72941367418855, -1.02256637099743, -1.29906966060121, -0.730758657092826, 0.619925755112632, 0.256051100002605, -0.764715601822222, 0.511897248935519, -0.244350517365587, 1.78579184271791], [-0.690981294201007]]","SimNLMNAR_rep6_n115000_d5_corr95_NA25_MICE.1.M.IMP.M_100",0.173477172851562,0.00629997253417969,"2025-11-28 01:03:49.641415"
"SimNLMNAR_rep7_n115000_d5_corr95_NA25","MICE.1.M.IMP.M",100,"[[0.960801406557073, -1.34890036479545, 0.720105537744734, -0.474270383689236, 0.23429888756471, 0.651701608367208, 0.0132474559876368, 0.0513886227158386, -0.251566306386216, 1.66298585525246], [0.104865739642215]]","SimNLMNAR_rep7_n115000_d5_corr95_NA25_MICE.1.M.IMP.M_100",0.212793111801147,0.00646066665649414,"2025-11-28 01:03:49.853302"
"SimNLMNAR_rep8_n115000_d5_corr95_NA25","MICE.1.M.IMP.M",100,"[[1.55801346646775, -0.774915866491952, -0.331350705069614, -0.690773574450331, 0.423258430804751, 0.606972611512715, -0.144768909052505, -0.00269026402150579, 0.639002431961094, 2.53974500309483], [-0.498472753807495]]","SimNLMNAR_rep8_n115000_d5_corr95_NA25_MICE.1.M.IMP.M_100",0.182329416275024,0.00984978675842285,"2025-11-28 01:03:50.108678"
"SimNLMNAR_rep9_n115000_d5_corr95_NA25","MICE.1.M.IMP.M",100,"[[0.573904207918176, -0.757033573203557, 0.249380422302068, -0.466791266664975, 0.284252898678422, -0.17248835295155, 0.706545303206315, -0.0325209854762751, -0.0492588398752676, 0.482319365168289], [-0.100055016488341]]","SimNLMNAR_rep9_n115000_d5_corr95_NA25_MICE.1.M.IMP.M_100",0.661335468292236,0.0064842700958252,"2025-11-28 01:03:50.330316"
"SimNLMNAR_rep0_n115000_d5_corr95_NA25","MICE.1.M.IMP.M",500,"[[0.209462033383691, 0.554055281300224, -0.610677614540462, -0.461945347253334, 0.315203436032591, 0.293033599958035, 0.350652652330508, -0.45827935342301, -0.592803365880211, 1.56120029184092], [-0.303260107928051]]","SimNLMNAR_rep0_n115000_d5_corr95_NA25_MICE.1.M.IMP.M_500",0.180041790008545,0.00643396377563477,"2025-11-28 01:03:51.028155"
"SimNLMNAR_rep1_n115000_d5_corr95_NA25","MICE.1.M.IMP.M",500,"[[0.0384435294288326, 0.325420966057859, -0.238158594942569, -0.474795388995515, 0.286531924995137, 0.35941671723197, 0.106824793705782, -0.311921974752334, -0.0635737197484289, 1.47123028047769], [-0.297713711426144]]","SimNLMNAR_rep1_n115000_d5_corr95_NA25_MICE.1.M.IMP.M_500",0.181158542633057,0.00642275810241699,"2025-11-28 01:03:51.246337"
"SimNLMNAR_rep2_n115000_d5_corr95_NA25","MICE.1.M.IMP.M",500,"[[0.594540770380173, 0.0118333655148892, -0.768206236233095, -0.462602263714447, 0.350464870501168, -0.040307510805822, 0.42551168813758, 0.00985727770368008, 0.135230411896541, 1.5865039918777], [-0.572808433248651]]","SimNLMNAR_rep2_n115000_d5_corr95_NA25_MICE.1.M.IMP.M_500",0.18732476234436,0.0103466510772705,"2025-11-28 01:03:51.470717"
"SimNLMNAR_rep3_n115000_d5_corr95_NA25","MICE.1.M.IMP.M",500,"[[0.306280935225755, 0.282091655991166, -0.607402581078292, -0.349790530262892, 0.288073898687095, -0.165539089460775, 0.0881389035030967, -0.0860287082610233, -0.291927765742982, 0.940844188874963], [-0.140554462113456]]","SimNLMNAR_rep3_n115000_d5_corr95_NA25_MICE.1.M.IMP.M_500",0.601796865463257,0.00656628608703613,"2025-11-28 01:03:51.699371"
"SimNLMNAR_rep4_n115000_d5_corr95_NA25","MICE.1.M.IMP.M",500,"[[0.608734047839303, -0.348974730182977, -0.470063939581887, -0.363347572556227, 0.383999779621386, 0.119797849281381, -0.17141133066785, -0.176758815494181, -0.259355387378315, 1.31466280465686], [-0.189246002139461]]","SimNLMNAR_rep4_n115000_d5_corr95_NA25_MICE.1.M.IMP.M_500",0.192543745040894,0.00654172897338867,"2025-11-28 01:03:52.33971"
"SimNLMNAR_rep5_n115000_d5_corr95_NA25","MICE.1.M.IMP.M",500,"[[1.09911631003165, 0.0393628350670339, -1.0435849932197, -0.363034937918712, 0.402292751817599, 0.583600129343414, -0.231495052884878, -0.170394998220068, -0.506946944496083, 1.54047735716317], [-0.260227049157568]]","SimNLMNAR_rep5_n115000_d5_corr95_NA25_MICE.1.M.IMP.M_500",0.186110973358154,0.443681001663208,"2025-11-28 01:03:52.569139"
"SimNLMNAR_rep6_n115000_d5_corr95_NA25","MICE.1.M.IMP.M",500,"[[1.11272857767754, -0.545988532484311, -0.604297388209548, -0.374656632103307, 0.414148166837939, 0.519382913650112, -0.0501065685363828, -0.456430271486756, -0.645352509968438, 1.61568698020152], [-0.118562898589857]]","SimNLMNAR_rep6_n115000_d5_corr95_NA25_MICE.1.M.IMP.M_500",0.186285018920898,0.00648403167724609,"2025-11-28 01:03:53.22824"
"SimNLMNAR_rep7_n115000_d5_corr95_NA25","MICE.1.M.IMP.M",500,"[[0.889240942571429, -0.348908512609998, -0.620046023255263, -0.191294789558028, 0.344610236288766, -0.322790330113994, -0.169725964179302, -0.426641478627094, -0.527336528229537, 0.931176330315048], [0.313236905040554]]","SimNLMNAR_rep7_n115000_d5_corr95_NA25_MICE.1.M.IMP.M_500",0.186620235443115,0.00657510757446289,"2025-11-28 01:03:53.453789"
"SimNLMNAR_rep8_n115000_d5_corr95_NA25","MICE.1.M.IMP.M",500,"[[0.25363944160012, 0.438065409686505, -0.886980558527877, -0.306499574845825, 0.425182006196563, 0.263489144727879, 0.399709205353451, -0.494042879208151, 0.128505680789567, 0.753872158213465], [-0.170301001898161]]","SimNLMNAR_rep8_n115000_d5_corr95_NA25_MICE.1.M.IMP.M_500",0.187319278717041,0.0102829933166504,"2025-11-28 01:03:53.678323"
"SimNLMNAR_rep9_n115000_d5_corr95_NA25","MICE.1.M.IMP.M",500,"[[-0.0102486676809468, 0.464667157903731, -0.407965853720644, -0.498559924202921, 0.301576370998877, 0.627113246736944, -0.0200044048021856, -0.183657508679893, -0.483155808662291, 1.01501505082485], [-0.205201216631842]]","SimNLMNAR_rep9_n115000_d5_corr95_NA25_MICE.1.M.IMP.M_500",0.596098184585571,0.423234462738037,"2025-11-28 01:03:53.905201"
"SimNLMNAR_rep0_n115000_d5_corr95_NA25","MICE.1.M.IMP.M",1000,"[[0.121195572529955, 0.697243959020193, -0.556538043830365, -0.409545809995519, 0.330593835165381, 0.00715612020135401, 0.0618262446982268, -0.431870700384057, -0.510591035275574, 1.15018027122599], [0.0423045543207702]]","SimNLMNAR_rep0_n115000_d5_corr95_NA25_MICE.1.M.IMP.M_1000",0.189099073410034,0.00669193267822266,"2025-11-28 01:03:54.95589"
"SimNLMNAR_rep1_n115000_d5_corr95_NA25","MICE.1.M.IMP.M",1000,"[[0.230984522474834, 0.507076876700587, -0.698537393492662, -0.38493741981232, 0.361409014591613, 0.184956371843554, 0.158702574750012, -0.317117594560494, -0.0161050905275761, 1.08495410375738], [-0.30455029203695]]","SimNLMNAR_rep1_n115000_d5_corr95_NA25_MICE.1.M.IMP.M_1000",0.210555076599121,0.00684571266174316,"2025-11-28 01:03:55.181087"
"SimNLMNAR_rep2_n115000_d5_corr95_NA25","MICE.1.M.IMP.M",1000,"[[0.593520702076775, -0.203497306364732, -0.712730637820287, -0.240393075471158, 0.390559648480527, 0.0151843889882193, 0.229861071406005, -0.147467878281871, -0.277965721244531, 1.20795401572999], [-0.130599652098239]]","SimNLMNAR_rep2_n115000_d5_corr95_NA25_MICE.1.M.IMP.M_1000",0.595296382904053,0.00662493705749512,"2025-11-28 01:03:55.427068"
"SimNLMNAR_rep3_n115000_d5_corr95_NA25","MICE.1.M.IMP.M",1000,"[[0.323243008543417, 0.301590684499674, -0.782907420120428, -0.297170255627927, 0.344054746937277, -0.124360366681519, -0.0247040474833558, -0.236813221088288, -0.238021687417771, 1.2401788305151], [-0.157316518635914]]","SimNLMNAR_rep3_n115000_d5_corr95_NA25_MICE.1.M.IMP.M_1000",0.196897506713867,0.00671982765197754,"2025-11-28 01:03:56.061632"
"SimNLMNAR_rep4_n115000_d5_corr95_NA25","MICE.1.M.IMP.M",1000,"[[0.476706448128804, -0.133962265842404, -0.354775972968953, -0.370123102867135, 0.342115516979692, -0.0665801379191608, -0.215512199587257, 0.017003242366004, -0.439519450606676, 1.00252552126951], [-0.0265031703331887]]","SimNLMNAR_rep4_n115000_d5_corr95_NA25_MICE.1.M.IMP.M_1000",0.201552152633667,0.00672554969787598,"2025-11-28 01:03:56.294486"
"SimNLMNAR_rep5_n115000_d5_corr95_NA25","MICE.1.M.IMP.M",1000,"[[0.420709034914605, 0.122279480136692, -0.380161591668702, -0.420967205432291, 0.298510105504149, 0.473882604170017, 0.0785319851127854, -0.0891964624045821, -0.511791920633896, 1.16307396732941], [-0.0831042415195932]]","SimNLMNAR_rep5_n115000_d5_corr95_NA25_MICE.1.M.IMP.M_1000",0.603716850280762,0.00676679611206055,"2025-11-28 01:03:56.532525"
"SimNLMNAR_rep6_n115000_d5_corr95_NA25","MICE.1.M.IMP.M",1000,"[[-0.0913289925658555, 0.878367454025555, -0.66830290386578, -0.330137196160619, 0.330330577796756, 0.0287653663173907, 0.0409583938607416, -0.348271251416758, -0.607809970224575, 1.33152616985819], [0.0213066077853509]]","SimNLMNAR_rep6_n115000_d5_corr95_NA25_MICE.1.M.IMP.M_1000",0.201312780380249,0.00659918785095215,"2025-11-28 01:03:57.176539"
"SimNLMNAR_rep7_n115000_d5_corr95_NA25","MICE.1.M.IMP.M",1000,"[[0.33925254954346, 0.635464927180227, -0.828394643961082, -0.323713129519141, 0.306031779081278, -0.0555594364130455, 0.0375973283061787, -0.383477367178902, -0.413140421455851, 1.2431137187875], [-0.0522019927035614]]","SimNLMNAR_rep7_n115000_d5_corr95_NA25_MICE.1.M.IMP.M_1000",0.205924272537231,0.418229103088379,"2025-11-28 01:03:57.413549"
"SimNLMNAR_rep8_n115000_d5_corr95_NA25","MICE.1.M.IMP.M",1000,"[[0.329536874476058, 0.232007100980297, -0.643890211013634, -0.292542667418463, 0.362348256134221, 0.0987493172285144, 0.00788537729717589, -0.447357877841559, -0.115305295855331, 0.77001088504477], [0.0710951351757888]]","SimNLMNAR_rep8_n115000_d5_corr95_NA25_MICE.1.M.IMP.M_1000",0.196389198303223,0.00956559181213379,"2025-11-28 01:03:58.067482"
"SimNLMNAR_rep9_n115000_d5_corr95_NA25","MICE.1.M.IMP.M",1000,"[[0.129333581985187, 0.533848076955572, -0.842056787909616, -0.304829077959939, 0.349702778316778, 0.34871535572261, 0.156396960593095, -0.259960300861714, -0.569803861453511, 1.11089882871223], [-0.218082283571295]]","SimNLMNAR_rep9_n115000_d5_corr95_NA25_MICE.1.M.IMP.M_1000",0.651888608932495,0.00747370719909668,"2025-11-28 01:03:55.406588"
"SimNLMNAR_rep0_n115000_d5_corr95_NA25","MICE.1.M.IMP.M",5000,"[[0.295255598702314, 0.288875223211212, -0.525463421908555, -0.355235667432054, 0.316773668417752, 0.185353324155141, 0.0855036736439922, -0.178300294261186, -0.448187499249925, 1.09257454333306], [-0.101546996466148]]","SimNLMNAR_rep0_n115000_d5_corr95_NA25_MICE.1.M.IMP.M_5000",0.706726312637329,0.0212621688842773,"2025-11-28 01:03:56.106658"
"SimNLMNAR_rep1_n115000_d5_corr95_NA25","MICE.1.M.IMP.M",5000,"[[0.30969181572534, 0.376054056781903, -0.555438586394026, -0.387913902060421, 0.306515101630466, 0.107658912050044, 0.144252350495458, -0.195635436531701, -0.282466244906693, 1.07837891863336], [-0.196164892370352]]","SimNLMNAR_rep1_n115000_d5_corr95_NA25_MICE.1.M.IMP.M_5000",0.290123462677002,0.0073544979095459,"2025-11-28 01:03:56.87568"
"SimNLMNAR_rep2_n115000_d5_corr95_NA25","MICE.1.M.IMP.M",5000,"[[0.493059335987643, 0.0651243898685315, -0.520029743202365, -0.311636530378118, 0.313193499353189, 0.142692565525525, -0.0747303333691832, -0.260708087565075, -0.346576100044687, 1.06508905146176], [-0.0377936587816644]]","SimNLMNAR_rep2_n115000_d5_corr95_NA25_MICE.1.M.IMP.M_5000",0.665482044219971,0.0074613094329834,"2025-11-28 01:03:57.204457"
"SimNLMNAR_rep3_n115000_d5_corr95_NA25","MICE.1.M.IMP.M",5000,"[[0.498680954755491, 0.166531481384937, -0.599661210532065, -0.346404632597893, 0.324687154208893, 0.168114392686126, 0.0228188294439664, -0.278622969119341, -0.292890591436037, 1.21658913402898], [-0.217896841091583]]","SimNLMNAR_rep3_n115000_d5_corr95_NA25_MICE.1.M.IMP.M_5000",0.702764511108398,0.0079951286315918,"2025-11-28 01:03:57.911698"
"SimNLMNAR_rep4_n115000_d5_corr95_NA25","MICE.1.M.IMP.M",5000,"[[0.336285620775377, 0.449544984616558, -0.585509657956812, -0.394039539186633, 0.300702179576459, 0.122402569905768, -0.158503374775559, -0.407651428248821, -0.481233528147619, 1.1169812707056], [-0.0129638149545355]]","SimNLMNAR_rep4_n115000_d5_corr95_NA25_MICE.1.M.IMP.M_5000",0.293593883514404,0.0111234188079834,"2025-11-28 01:03:58.655014"
"SimNLMNAR_rep5_n115000_d5_corr95_NA25","MICE.1.M.IMP.M",5000,"[[0.474312763564336, 0.0897350018813566, -0.561353191440347, -0.305970047696945, 0.331006511294099, 0.248490781974294, -0.0429973415286309, -0.349533318635867, -0.340617757557323, 0.956431632400899], [0.00502228310382145]]","SimNLMNAR_rep5_n115000_d5_corr95_NA25_MICE.1.M.IMP.M_5000",0.723470687866211,0.00750231742858887,"2025-11-28 01:03:58.988543"
"SimNLMNAR_rep6_n115000_d5_corr95_NA25","MICE.1.M.IMP.M",5000,"[[0.36243330550927, 0.255006617431876, -0.578425991435255, -0.351696086393905, 0.316069737376142, 0.158554710074457, 0.0384485952778733, -0.249061929441319, -0.345026441178334, 1.189748095531], [-0.167094156507173]]","SimNLMNAR_rep6_n115000_d5_corr95_NA25_MICE.1.M.IMP.M_5000",0.671562910079956,0.00763797760009766,"2025-11-28 01:03:59.748102"
"SimNLMNAR_rep7_n115000_d5_corr95_NA25","MICE.1.M.IMP.M",5000,"[[0.451664830936652, 0.165935995749785, -0.531316284892433, -0.407476875670911, 0.324461040524784, 0.0534090390523726, -0.00484956306687473, -0.269449000826602, -0.43146254832295, 1.09031522021167], [-0.00987303012893412]]","SimNLMNAR_rep7_n115000_d5_corr95_NA25_MICE.1.M.IMP.M_5000",0.292152166366577,0.00761723518371582,"2025-11-28 01:04:00.458302"
"SimNLMNAR_rep8_n115000_d5_corr95_NA25","MICE.1.M.IMP.M",5000,"[[0.265281368062545, 0.283971477595039, -0.445656438097757, -0.339562556821621, 0.343557307805737, 0.0173355432879388, -0.0610247207196571, -0.2442919187946, -0.331649993177242, 0.899134658426892], [0.0819042804964021]]","SimNLMNAR_rep8_n115000_d5_corr95_NA25_MICE.1.M.IMP.M_5000",0.702663421630859,0.00734758377075195,"2025-11-28 01:04:00.787284"
"SimNLMNAR_rep9_n115000_d5_corr95_NA25","MICE.1.M.IMP.M",5000,"[[0.460849299982445, 0.169189761396434, -0.615795785667481, -0.277216958703141, 0.314716226563725, 0.0637104300785903, -0.0706877929116964, -0.230962422061098, -0.450606034279985, 1.07453725162256], [-0.00955732725725594]]","SimNLMNAR_rep9_n115000_d5_corr95_NA25_MICE.1.M.IMP.M_5000",0.305451631546021,0.0074007511138916,"2025-11-28 01:04:01.53247"
"SimNLMNAR_rep0_n115000_d5_corr95_NA25","MICE.1.M.IMP.M",10000,"[[0.333380215815244, 0.338335330274354, -0.668236191570381, -0.346973708177741, 0.354983423197443, 0.137061139526088, -0.0348668486712528, -0.237276896745115, -0.32530252187625, 1.10030054499124], [-0.0802677024720047]]","SimNLMNAR_rep0_n115000_d5_corr95_NA25_MICE.1.M.IMP.M_10000",0.853760004043579,0.00859713554382324,"2025-11-28 01:04:01.873527"
"SimNLMNAR_rep1_n115000_d5_corr95_NA25","MICE.1.M.IMP.M",10000,"[[0.204964140659811, 0.38341434380054, -0.558476783781201, -0.354401430859104, 0.331018150232995, 0.157611146990412, 0.0831997117526019, -0.247543562794357, -0.318505444428444, 1.00205772211159], [-0.114454675637117]]","SimNLMNAR_rep1_n115000_d5_corr95_NA25_MICE.1.M.IMP.M_10000",0.794282674789429,0.00833010673522949,"2025-11-28 01:04:02.766313"
"SimNLMNAR_rep2_n115000_d5_corr95_NA25","MICE.1.M.IMP.M",10000,"[[0.391057030059968, 0.197193560989063, -0.553626816533081, -0.32609022693135, 0.323880538120015, 0.12140281081856, 0.00288845596675434, -0.2905085342214, -0.335186096915164, 1.02019033946949], [-0.0199364377206251]]","SimNLMNAR_rep2_n115000_d5_corr95_NA25_MICE.1.M.IMP.M_10000",0.394530057907104,0.00821113586425781,"2025-11-28 01:04:03.602724"
"SimNLMNAR_rep3_n115000_d5_corr95_NA25","MICE.1.M.IMP.M",10000,"[[0.407387603329885, 0.329212897197551, -0.685552751561016, -0.346877626383331, 0.348531172091306, 0.0910949743819027, -0.0177842443387923, -0.175139586318717, -0.355513436813075, 1.11802415480019], [-0.123346047823821]]","SimNLMNAR_rep3_n115000_d5_corr95_NA25_MICE.1.M.IMP.M_10000",0.420107364654541,0.00844740867614746,"2025-11-28 01:04:04.040672"
"SimNLMNAR_rep4_n115000_d5_corr95_NA25","MICE.1.M.IMP.M",10000,"[[0.410983020267372, 0.390767910312886, -0.578748732232417, -0.41190749032693, 0.29824855821062, 0.0765387061778364, -0.0964889329300133, -0.234106888444193, -0.407571624853666, 1.06792188197765], [-0.0808678260589562]]","SimNLMNAR_rep4_n115000_d5_corr95_NA25_MICE.1.M.IMP.M_10000",0.815860748291016,0.00873041152954102,"2025-11-28 01:04:04.500535"
"SimNLMNAR_rep5_n115000_d5_corr95_NA25","MICE.1.M.IMP.M",10000,"[[0.429397547868127, 0.305080369666017, -0.679403642805533, -0.31960174205644, 0.315641230787025, 0.0802535934433615, 0.0333157273776699, -0.261058320788473, -0.386318380329889, 1.02550971233732], [-0.0383112278791882]]","SimNLMNAR_rep5_n115000_d5_corr95_NA25_MICE.1.M.IMP.M_10000",0.408728361129761,0.00822663307189941,"2025-11-28 01:04:05.354622"
"SimNLMNAR_rep6_n115000_d5_corr95_NA25","MICE.1.M.IMP.M",10000,"[[0.500042859645747, 0.287308120846268, -0.630461238876132, -0.380850707405972, 0.301115572775645, 0.0485911952956633, 0.0353623881746132, -0.23068369405516, -0.319488184256442, 1.24397730363181], [-0.127170433723996]]","SimNLMNAR_rep6_n115000_d5_corr95_NA25_MICE.1.M.IMP.M_10000",0.409547090530396,0.00838303565979004,"2025-11-28 01:04:05.80122"
"SimNLMNAR_rep7_n115000_d5_corr95_NA25","MICE.1.M.IMP.M",10000,"[[0.534561900537011, 0.210994362737287, -0.584885926346355, -0.388041253521824, 0.314340682241767, 0.0699977828210487, -0.0304097339544397, -0.233384155389544, -0.397073902512825, 1.10372000881768], [-0.0297233811901304]]","SimNLMNAR_rep7_n115000_d5_corr95_NA25_MICE.1.M.IMP.M_10000",0.841227293014526,0.00836634635925293,"2025-11-28 01:04:06.248657"
"SimNLMNAR_rep8_n115000_d5_corr95_NA25","MICE.1.M.IMP.M",10000,"[[0.310008860238287, 0.34835628895317, -0.598273189469754, -0.350972805098938, 0.337348262327256, 0.0662813651695954, -0.0203126901369438, -0.256617751578823, -0.366039581089834, 1.07070194353294], [-0.0534832925819193]]","SimNLMNAR_rep8_n115000_d5_corr95_NA25_MICE.1.M.IMP.M_10000",0.773723125457764,0.00842928886413574,"2025-11-28 01:04:07.127911"
"SimNLMNAR_rep9_n115000_d5_corr95_NA25","MICE.1.M.IMP.M",10000,"[[0.297976989698179, 0.43056542258997, -0.63168439114318, -0.358367938720559, 0.336957222082228, 0.107341270547777, 0.00615748663002695, -0.28052563995167, -0.454076948172374, 1.06982796376089], [-0.0356362646674502]]","SimNLMNAR_rep9_n115000_d5_corr95_NA25_MICE.1.M.IMP.M_10000",0.403201341629028,0.00836539268493652,"2025-11-28 01:04:07.939303"
"SimNLMNAR_rep0_n115000_d5_corr95_NA25","MICE.1.M.IMP.M",50000,"[[0.333030243315894, 0.351255861182785, -0.592085335682918, -0.351941333795278, 0.320946389750871, 0.112228699987206, -0.0156738880085207, -0.254475681611667, -0.351386110923164, 1.09656729383065], [-0.0573973393563544]]","SimNLMNAR_rep0_n115000_d5_corr95_NA25_MICE.1.M.IMP.M_50000",2.17119717597961,0.0180873870849609,"2025-11-28 01:04:08.382115"
"SimNLMNAR_rep1_n115000_d5_corr95_NA25","MICE.1.M.IMP.M",50000,"[[0.344709865994701, 0.288601043094369, -0.575967945860572, -0.345113427282908, 0.324991604746724, 0.0935670513528796, 0.0214684222425741, -0.275634806806651, -0.344856810431165, 1.04570942068404], [-0.0489342035871995]]","SimNLMNAR_rep1_n115000_d5_corr95_NA25_MICE.1.M.IMP.M_50000",2.16870784759521,0.0137693881988525,"2025-11-28 01:04:10.600703"
"SimNLMNAR_rep2_n115000_d5_corr95_NA25","MICE.1.M.IMP.M",50000,"[[0.386414855101732, 0.305851575838102, -0.598927151959568, -0.363894920931316, 0.325524663049346, 0.0917004251178553, -0.0442567700412177, -0.252996300650886, -0.349692860310219, 1.0354608812504], [-0.0485207143600572]]","SimNLMNAR_rep2_n115000_d5_corr95_NA25_MICE.1.M.IMP.M_50000",2.1211793422699,0.0177664756774902,"2025-11-28 01:04:12.812907"
"SimNLMNAR_rep3_n115000_d5_corr95_NA25","MICE.1.M.IMP.M",50000,"[[0.3897625687611, 0.329564438382039, -0.65567277531127, -0.343087665362587, 0.331187954035763, 0.0893234398967273, -0.0216310234664963, -0.259874121835383, -0.324900663687318, 1.08100129668449], [-0.0848665936683015]]","SimNLMNAR_rep3_n115000_d5_corr95_NA25_MICE.1.M.IMP.M_50000",2.70066380500793,0.0188002586364746,"2025-11-28 01:04:02.555808"
"SimNLMNAR_rep4_n115000_d5_corr95_NA25","MICE.1.M.IMP.M",50000,"[[0.415639124191754, 0.277486871754484, -0.636622084525943, -0.347567004065797, 0.321869966105456, 0.106330198844586, -0.00974671671163945, -0.250484950911591, -0.377571773851789, 1.08297046228805], [-0.0910297641821664]]","SimNLMNAR_rep4_n115000_d5_corr95_NA25_MICE.1.M.IMP.M_50000",2.16954827308655,0.0258564949035645,"2025-11-28 01:04:05.321404"
"SimNLMNAR_rep5_n115000_d5_corr95_NA25","MICE.1.M.IMP.M",50000,"[[0.367193217215138, 0.295848990915787, -0.590339612315778, -0.338517711847448, 0.31788324658913, 0.102555275373812, -0.0176153323769411, -0.267035631956836, -0.405423721062913, 1.06102498988757], [-0.0256522565873773]]","SimNLMNAR_rep5_n115000_d5_corr95_NA25_MICE.1.M.IMP.M_50000",1.77358913421631,0.0196413993835449,"2025-11-28 01:04:07.551124"
"SimNLMNAR_rep6_n115000_d5_corr95_NA25","MICE.1.M.IMP.M",50000,"[[0.409446260445303, 0.313620954970138, -0.643688890334808, -0.354495892680258, 0.320152886673701, 0.0812877939747158, 0.0103213369024888, -0.256098600440537, -0.346056652310448, 1.11038709816316], [-0.0866837162559708]]","SimNLMNAR_rep6_n115000_d5_corr95_NA25_MICE.1.M.IMP.M_50000",2.2488157749176,0.0143237113952637,"2025-11-28 01:04:09.375733"
"SimNLMNAR_rep7_n115000_d5_corr95_NA25","MICE.1.M.IMP.M",50000,"[[0.350587031935325, 0.353432099485129, -0.648035329789153, -0.34025841912053, 0.331193889034908, 0.0803230213254651, 0.00692365191568932, -0.253063005969148, -0.411450711046667, 1.07633471433945], [-0.0776555520500641]]","SimNLMNAR_rep7_n115000_d5_corr95_NA25_MICE.1.M.IMP.M_50000",2.18198084831238,0.0137925148010254,"2025-11-28 01:04:11.670186"
"SimNLMNAR_rep8_n115000_d5_corr95_NA25","MICE.1.M.IMP.M",50000,"[[0.376088843141841, 0.352648875036703, -0.634028059057707, -0.360590497064269, 0.329181640298099, 0.0561719911198028, -0.00598234071910276, -0.231792264386299, -0.388025375511326, 1.08162823892111], [-0.0502573703165776]]","SimNLMNAR_rep8_n115000_d5_corr95_NA25_MICE.1.M.IMP.M_50000",1.81816935539246,0.0179915428161621,"2025-11-28 01:04:13.901943"
"SimNLMNAR_rep9_n115000_d5_corr95_NA25","MICE.1.M.IMP.M",50000,"[[0.316517831141622, 0.377559813911178, -0.616242270898275, -0.347629641463759, 0.319653251510914, 0.0979813548071328, 0.0378086299691854, -0.260124557279847, -0.404026255072932, 1.0912547271069], [-0.0969967200998739]]","SimNLMNAR_rep9_n115000_d5_corr95_NA25_MICE.1.M.IMP.M_50000",2.53012490272522,0.0140540599822998,"2025-11-28 01:04:15.768101"
"SimNLMNAR_rep0_n115000_d5_corr95_NA25","MICE.1.Y.M.IMP.M",100,"[[-4.80626286507817, 2.22935273520974, 0.38989761858816, 0.0194121590243061, 0.696068417117939, 1.66230121355035, 1.30631379502608, 1.76338997466627, -0.72166381537016, 3.79631290935233], [-1.8986933488754]]","SimNLMNAR_rep0_n115000_d5_corr95_NA25_MICE.1.Y.M.IMP.M_100",0.202602624893188,0.0127885341644287,"2025-11-28 01:04:18.347094"
"SimNLMNAR_rep1_n115000_d5_corr95_NA25","MICE.1.Y.M.IMP.M",100,"[[5.13434479304331, -2.85157230596408, -2.88269479171035, -1.55965361460428, 1.01166985081702, -0.170213986359287, 1.8521662693288, -0.978454860686195, -0.216329537782158, 2.437024037355], [-2.36592388877077]]","SimNLMNAR_rep1_n115000_d5_corr95_NA25_MICE.1.Y.M.IMP.M_100",0.220739841461182,0.00773453712463379,"2025-11-28 01:04:18.591335"
"SimNLMNAR_rep2_n115000_d5_corr95_NA25","MICE.1.Y.M.IMP.M",100,"[[-0.0892167365906046, -0.148433029576653, -1.64423706857244, -0.768265651291828, 1.2153908290302, 1.22074792093049, 3.1977067064565, -0.705351904009278, -1.84831250850944, 0.426926490086136], [-1.45187608160318]]","SimNLMNAR_rep2_n115000_d5_corr95_NA25_MICE.1.Y.M.IMP.M_100",0.215353965759277,0.0075681209564209,"2025-11-28 01:04:18.8482"
"SimNLMNAR_rep3_n115000_d5_corr95_NA25","MICE.1.Y.M.IMP.M",100,"[[-1.44633932663607, 5.77433694324582, -3.08586068099837, -0.978020394453879, 1.23614359074574, -0.000454140500258449, -0.603861893336571, -0.528991359929676, -0.525131390767062, 1.70049394651599], [0.0486892405961898]]","SimNLMNAR_rep3_n115000_d5_corr95_NA25_MICE.1.Y.M.IMP.M_100",0.213907718658447,0.0123016834259033,"2025-11-28 01:04:19.102057"
"SimNLMNAR_rep4_n115000_d5_corr95_NA25","MICE.1.Y.M.IMP.M",100,"[[-0.826107409124216, 1.10952356159442, 0.290349572958874, -1.38711303168678, 0.699151817598699, 0.114755019896629, -0.802938915180767, -0.000516825832710541, -0.992143081555841, 1.20815638797663], [0.415027695265937]]","SimNLMNAR_rep4_n115000_d5_corr95_NA25_MICE.1.Y.M.IMP.M_100",0.604177713394165,0.00767278671264648,"2025-11-28 01:04:19.363058"
"SimNLMNAR_rep5_n115000_d5_corr95_NA25","MICE.1.Y.M.IMP.M",100,"[[5.86549978767885, 2.24454056037208, -4.18739588852135, -3.02377767841291, 1.09820038657277, -0.813112328131401, -4.87600130468797, -1.88935817150835, -1.26644147129728, 3.21969138611055], [2.36075008253343]]","SimNLMNAR_rep5_n115000_d5_corr95_NA25_MICE.1.Y.M.IMP.M_100",0.202804803848267,0.00760698318481445,"2025-11-28 01:04:20.003628"
"SimNLMNAR_rep6_n115000_d5_corr95_NA25","MICE.1.Y.M.IMP.M",100,"[[3.45061968275704, -2.43887550147517, -2.68288860553, -1.07806062439575, 1.90477211411621, 1.85153009781285, -0.0543394376595981, 0.326585148298354, -0.528616563134597, -0.0740342907964725], [-2.67958794187084]]","SimNLMNAR_rep6_n115000_d5_corr95_NA25_MICE.1.Y.M.IMP.M_100",0.579231739044189,0.00785636901855469,"2025-11-28 01:04:20.242554"
"SimNLMNAR_rep7_n115000_d5_corr95_NA25","MICE.1.Y.M.IMP.M",100,"[[0.806998624424613, -0.915677221946871, 0.122357481153052, -0.920013496586809, 0.569640936430668, 0.376445069000179, 0.591285128474114, 0.472535708352327, 0.585361723377758, 2.15200315766624], [-0.645299105706163]]","SimNLMNAR_rep7_n115000_d5_corr95_NA25_MICE.1.Y.M.IMP.M_100",0.206827163696289,0.00756287574768066,"2025-11-28 01:04:20.861055"
"SimNLMNAR_rep8_n115000_d5_corr95_NA25","MICE.1.Y.M.IMP.M",100,"[[0.19509280909629, 0.111358498614934, -0.878572768206755, -0.520071894082401, 0.861814757009675, 1.42609086761672, 0.00132708423027839, 0.567302562175518, -0.840312543572378, 1.81959383944849], [-0.465300722784169]]","SimNLMNAR_rep8_n115000_d5_corr95_NA25_MICE.1.Y.M.IMP.M_100",0.206847429275513,0.0122556686401367,"2025-11-28 01:04:21.104183"
"SimNLMNAR_rep9_n115000_d5_corr95_NA25","MICE.1.Y.M.IMP.M",100,"[[1.70900086998827, -0.839187531391192, 1.48999868223747, -1.57429756193849, 0.678148258991591, -0.389197900752394, -1.02998582995273, 0.605987766617164, -0.834096426487271, 0.616100193363839], [1.06571461341715]]","SimNLMNAR_rep9_n115000_d5_corr95_NA25_MICE.1.Y.M.IMP.M_100",0.209677219390869,0.00737094879150391,"2025-11-28 01:04:21.352982"
"SimNLMNAR_rep0_n115000_d5_corr95_NA25","MICE.1.Y.M.IMP.M",500,"[[-0.586762762971271, 2.44720201665924, -2.20051885473942, -0.6007165529226, 0.874731197476554, 0.995317046699703, 0.297696512685907, -0.0742833995843048, -1.210548305864, 1.67063885499382], [-0.822045094572719]]","SimNLMNAR_rep0_n115000_d5_corr95_NA25_MICE.1.Y.M.IMP.M_500",0.223674058914185,0.0077664852142334,"2025-11-28 01:04:21.600195"
"SimNLMNAR_rep1_n115000_d5_corr95_NA25","MICE.1.Y.M.IMP.M",500,"[[1.46031678663706, -0.458567278211149, -0.736256520809003, -0.718637983494351, 0.57762715220173, 0.359582738165145, 0.211782506131831, -0.368158074011496, 0.034541043049227, 1.11408578342376], [-0.497924875443916]]","SimNLMNAR_rep1_n115000_d5_corr95_NA25_MICE.1.Y.M.IMP.M_500",0.240451574325562,0.0124514102935791,"2025-11-28 01:04:21.860066"
"SimNLMNAR_rep2_n115000_d5_corr95_NA25","MICE.1.Y.M.IMP.M",500,"[[0.616537278399192, 0.699517890613397, -1.90368459015202, -1.13731453890965, 0.942829537799653, 0.262609406966089, 1.18487678533356, 0.452900606114114, 0.296385596114031, 1.47164019010578], [-1.42256375888094]]","SimNLMNAR_rep2_n115000_d5_corr95_NA25_MICE.1.Y.M.IMP.M_500",0.230337142944336,0.00773715972900391,"2025-11-28 01:04:22.142099"
"SimNLMNAR_rep3_n115000_d5_corr95_NA25","MICE.1.Y.M.IMP.M",500,"[[1.88517656664829, -0.605339999920799, -1.88818689075553, -0.706813297509385, 1.0172599356915, -0.080107105584307, 0.487003197649123, -0.0826647499743868, -0.23243442992069, 1.36604750363333], [-0.541778939935408]]","SimNLMNAR_rep3_n115000_d5_corr95_NA25_MICE.1.Y.M.IMP.M_500",0.231375217437744,0.00777196884155273,"2025-11-28 01:04:22.408195"
"SimNLMNAR_rep4_n115000_d5_corr95_NA25","MICE.1.Y.M.IMP.M",500,"[[1.55615465561222, -0.959364747051716, -1.35538369488236, -0.420154045045417, 0.898470128362638, 0.406942392333528, -0.682174001994612, -0.0746692430022075, -0.399878131248772, 1.19327004207416], [-0.424491160459001]]","SimNLMNAR_rep4_n115000_d5_corr95_NA25_MICE.1.Y.M.IMP.M_500",0.699411869049072,0.0076448917388916,"2025-11-28 01:04:22.682783"
"SimNLMNAR_rep5_n115000_d5_corr95_NA25","MICE.1.Y.M.IMP.M",500,"[[0.252011424664123, 1.14472173718007, -1.15550422681861, -0.943772565633937, 0.768313103243927, 0.870603462340757, -0.476365264507457, 0.104146211023133, -0.528164427729979, 1.58620889147851], [-0.275285502496541]]","SimNLMNAR_rep5_n115000_d5_corr95_NA25_MICE.1.Y.M.IMP.M_500",0.216929912567139,0.00766420364379883,"2025-11-28 01:04:23.424635"
"SimNLMNAR_rep6_n115000_d5_corr95_NA25","MICE.1.Y.M.IMP.M",500,"[[2.96351793264859, -1.77554194167162, -1.38125282138295, -0.752192137862475, 0.901140542441824, 0.502204423459027, 0.181024640290754, -0.600449684574429, -0.785109174327495, 1.45082402819223], [-0.469292347872346]]","SimNLMNAR_rep6_n115000_d5_corr95_NA25_MICE.1.Y.M.IMP.M_500",0.22260594367981,0.0077664852142334,"2025-11-28 01:04:23.677935"
"SimNLMNAR_rep7_n115000_d5_corr95_NA25","MICE.1.Y.M.IMP.M",500,"[[1.89992761484003, 0.294501157609988, -1.97961951953919, -0.512823679904224, 0.844002108027257, -0.545184734679749, -0.709195586900169, -0.369445286867941, -1.36929055720268, 0.79340119461064], [0.812023551634629]]","SimNLMNAR_rep7_n115000_d5_corr95_NA25_MICE.1.Y.M.IMP.M_500",0.221949338912964,0.0077211856842041,"2025-11-28 01:04:23.936576"
"SimNLMNAR_rep8_n115000_d5_corr95_NA25","MICE.1.Y.M.IMP.M",500,"[[1.29885888563094, 0.242133028914206, -1.86084452023389, -0.519970327545864, 0.969059461420494, 0.099646668430883, 0.104887318090945, -0.524776907921343, 0.507053272552248, 1.00158284194245], [-0.0330357476304693]]","SimNLMNAR_rep8_n115000_d5_corr95_NA25_MICE.1.Y.M.IMP.M_500",1.10268187522888,0.0110781192779541,"2025-11-28 01:04:09.379135"
"SimNLMNAR_rep9_n115000_d5_corr95_NA25","MICE.1.Y.M.IMP.M",500,"[[0.580136866038014, 1.36167109967461, -2.21205792603302, -0.760673171900804, 1.11029774710091, 0.504892640193786, 0.412082256815309, -0.242210789304903, -1.21448653915636, 1.12782459131833], [-0.174719674308955]]","SimNLMNAR_rep9_n115000_d5_corr95_NA25_MICE.1.Y.M.IMP.M_500",0.245127201080322,0.0207808017730713,"2025-11-28 01:04:10.534664"
"SimNLMNAR_rep0_n115000_d5_corr95_NA25","MICE.1.Y.M.IMP.M",1000,"[[0.0951162439994139, 1.61985506077735, -1.64074129627553, -0.850317966981718, 0.795876781780035, 0.601803384679285, 0.150070319154462, -0.334754010479642, -0.506133304533315, 1.23480385634865], [-0.489380969888708]]","SimNLMNAR_rep0_n115000_d5_corr95_NA25_MICE.1.Y.M.IMP.M_1000",0.249643802642822,0.00681090354919434,"2025-11-28 01:04:10.838401"
"SimNLMNAR_rep1_n115000_d5_corr95_NA25","MICE.1.Y.M.IMP.M",1000,"[[0.776895486560278, 1.32107605874136, -1.39930610525319, -1.13552228738211, 0.917460540825238, 0.141534112165562, 0.101988850673334, -0.157887876383367, 0.308330807847571, 0.774971025426484], [-0.54333290225172]]","SimNLMNAR_rep1_n115000_d5_corr95_NA25_MICE.1.Y.M.IMP.M_1000",0.656315088272095,0.00687766075134277,"2025-11-28 01:04:11.126351"
"SimNLMNAR_rep2_n115000_d5_corr95_NA25","MICE.1.Y.M.IMP.M",1000,"[[1.60082673476204, -0.670484163150063, -1.35848592745308, -0.695700227519203, 0.897378868116108, -0.146395490926798, 0.478638418139411, -0.198205335567999, 0.0782286130630957, 1.07748378320941], [-0.231090988283179]]","SimNLMNAR_rep2_n115000_d5_corr95_NA25_MICE.1.Y.M.IMP.M_1000",0.676634550094604,0.00693297386169434,"2025-11-28 01:04:11.819957"
"SimNLMNAR_rep3_n115000_d5_corr95_NA25","MICE.1.Y.M.IMP.M",1000,"[[1.75832038398119, -0.422348562747221, -1.69366538910213, -0.571193953402687, 0.850415548873162, 0.0592008792565241, 0.0231168789904486, -0.106300325873645, -0.306109308390488, 1.06806792469296], [-0.35500116188514]]","SimNLMNAR_rep3_n115000_d5_corr95_NA25_MICE.1.Y.M.IMP.M_1000",0.242107629776001,0.010526180267334,"2025-11-28 01:04:12.533124"
"SimNLMNAR_rep4_n115000_d5_corr95_NA25","MICE.1.Y.M.IMP.M",1000,"[[1.05359585450265, -0.108706761445019, -0.7285647957909, -0.603240740138832, 0.701089532646725, -0.236836744996686, -0.650495155865663, -0.0493410925262784, -0.378101957136232, 1.03648571071541], [0.262017314236216]]","SimNLMNAR_rep4_n115000_d5_corr95_NA25_MICE.1.Y.M.IMP.M_1000",0.645200967788696,0.00684046745300293,"2025-11-28 01:04:12.821084"
"SimNLMNAR_rep5_n115000_d5_corr95_NA25","MICE.1.Y.M.IMP.M",1000,"[[0.827925236171209, 0.346037704799428, -1.36897130040059, -0.653633891317919, 0.850337203780113, 0.968620198050632, -0.102427196238565, 0.00591215500949264, -0.780833112553819, 0.957326774172419], [-0.339915853398381]]","SimNLMNAR_rep5_n115000_d5_corr95_NA25_MICE.1.Y.M.IMP.M_1000",0.254578113555908,0.00699114799499512,"2025-11-28 01:04:13.50153"
"SimNLMNAR_rep6_n115000_d5_corr95_NA25","MICE.1.Y.M.IMP.M",1000,"[[0.709916685979534, 1.12920082653312, -1.69003191177126, -0.756308313790083, 0.79739896998594, 0.0373873702153495, -0.059880051636873, -0.176911613848515, -0.504267258125191, 0.925400019378118], [-0.327251139081837]]","SimNLMNAR_rep6_n115000_d5_corr95_NA25_MICE.1.Y.M.IMP.M_1000",0.665604829788208,0.00701165199279785,"2025-11-28 01:04:13.79316"
"SimNLMNAR_rep7_n115000_d5_corr95_NA25","MICE.1.Y.M.IMP.M",1000,"[[1.88614674599605, 0.7347039265881, -2.17616833674826, -0.857195089787494, 0.916640517656478, -0.070322955584364, -0.534469865318602, 0.027912807820341, -0.79867343649588, 0.971416886470727], [-0.0253544899351155]]","SimNLMNAR_rep7_n115000_d5_corr95_NA25_MICE.1.Y.M.IMP.M_1000",0.247267007827759,0.00687646865844727,"2025-11-28 01:04:14.500117"
"SimNLMNAR_rep8_n115000_d5_corr95_NA25","MICE.1.Y.M.IMP.M",1000,"[[2.26737240574241, -0.68429136531283, -2.00380764293455, -0.625219088789655, 1.01988219236725, 0.36367455541513, 0.0889926974328441, -0.357554792009573, 0.408514812330007, 0.634331718880478], [-0.430910700881851]]","SimNLMNAR_rep8_n115000_d5_corr95_NA25_MICE.1.Y.M.IMP.M_1000",0.617459774017334,0.0105776786804199,"2025-11-28 01:04:14.785372"
"SimNLMNAR_rep9_n115000_d5_corr95_NA25","MICE.1.Y.M.IMP.M",1000,"[[-0.0694724734026689, 1.06923019740975, -1.55341510369993, -0.440088964622587, 0.910469394770508, 0.383844288930447, -0.179572689336079, -0.363558814708422, -0.720340452502747, 0.935849580665226], [-0.04393747646264]]","SimNLMNAR_rep9_n115000_d5_corr95_NA25_MICE.1.Y.M.IMP.M_1000",0.2496657371521,0.00690627098083496,"2025-11-28 01:04:15.44334"
"SimNLMNAR_rep0_n115000_d5_corr95_NA25","MICE.1.Y.M.IMP.M",5000,"[[1.10927109026937, 0.775169713540236, -1.91005746699288, -0.812898339260023, 0.945493987073475, 0.367666682077189, 0.0538823595922227, -0.0668883572629367, -0.361034301004299, 0.985854225397169], [-0.473355365942545]]","SimNLMNAR_rep0_n115000_d5_corr95_NA25_MICE.1.Y.M.IMP.M_5000",0.807431697845459,0.00771903991699219,"2025-11-28 01:04:15.732728"
"SimNLMNAR_rep1_n115000_d5_corr95_NA25","MICE.1.Y.M.IMP.M",5000,"[[1.27968499085467, 0.596060008442815, -1.73655553283363, -0.831293918761145, 0.912216657300338, 0.115385526330032, 0.034180625753858, -0.195142540972685, -0.36445585560833, 0.765633987358297], [-0.427243289306652]]","SimNLMNAR_rep1_n115000_d5_corr95_NA25_MICE.1.Y.M.IMP.M_5000",0.383168458938599,0.0114970207214355,"2025-11-28 01:04:16.576725"
"SimNLMNAR_rep2_n115000_d5_corr95_NA25","MICE.1.Y.M.IMP.M",5000,"[[1.36831572295159, -0.142289161996902, -1.52581823724345, -0.669837354386835, 0.899984755349582, 0.175100589587131, -0.068701275912211, -0.196019711747703, -0.319391434274765, 0.98322758739058], [-0.25168070054536]]","SimNLMNAR_rep2_n115000_d5_corr95_NA25_MICE.1.Y.M.IMP.M_5000",0.767808437347412,0.0113675594329834,"2025-11-28 01:04:17.004884"
"SimNLMNAR_rep3_n115000_d5_corr95_NA25","MICE.1.Y.M.IMP.M",5000,"[[1.88204856875284, 0.00107271235566605, -1.85856951740506, -0.757716886214085, 0.962651059042923, -0.00122333706716287, -0.304228149220049, -0.160215265783282, -0.102051589735731, 1.09174843642066], [-0.382597313957937]]","SimNLMNAR_rep3_n115000_d5_corr95_NA25_MICE.1.Y.M.IMP.M_5000",0.750007629394531,0.00764727592468262,"2025-11-28 01:04:17.814911"
"SimNLMNAR_rep4_n115000_d5_corr95_NA25","MICE.1.Y.M.IMP.M",5000,"[[0.920488303731944, 0.818031109215274, -1.68387440811409, -0.752771334340602, 0.87152279416844, -0.0145291072083671, -0.422246542363028, -0.380698278209379, -0.661645628398619, 0.974131456073518], [-0.072069848249253]]","SimNLMNAR_rep4_n115000_d5_corr95_NA25_MICE.1.Y.M.IMP.M_5000",0.373287439346313,0.0114490985870361,"2025-11-28 01:04:18.602905"
"SimNLMNAR_rep5_n115000_d5_corr95_NA25","MICE.1.Y.M.IMP.M",5000,"[[1.47829543682209, 0.461068620122357, -1.77392538395061, -0.744734675648172, 0.89447164683365, 0.263465120611412, -0.130733296893044, -0.218923432310987, -0.592292816563216, 0.673444157262115], [-0.0515738418585072]]","SimNLMNAR_rep5_n115000_d5_corr95_NA25_MICE.1.Y.M.IMP.M_5000",0.861173629760742,0.00925254821777344,"2025-11-28 01:04:19.017075"
"SimNLMNAR_rep6_n115000_d5_corr95_NA25","MICE.1.Y.M.IMP.M",5000,"[[0.875403535773229, 0.904808609391533, -1.87461194168238, -0.751933087758417, 0.906272524921048, 0.248770646812148, -0.0195062118088201, 0.0119700047426784, -0.431672057067829, 1.17814657904989], [-0.52532928910271]]","SimNLMNAR_rep6_n115000_d5_corr95_NA25_MICE.1.Y.M.IMP.M_5000",0.443654537200928,0.0171997547149658,"2025-11-28 01:04:19.917782"
"SimNLMNAR_rep7_n115000_d5_corr95_NA25","MICE.1.Y.M.IMP.M",5000,"[[2.03664830024378, -0.544367577121182, -1.39006631146377, -0.809075890232822, 0.887226358129746, 0.137450300986069, -0.13677280222057, -0.327161053185801, -0.377780734853363, 0.920591318965867], [-0.035372474579858]]","SimNLMNAR_rep7_n115000_d5_corr95_NA25_MICE.1.Y.M.IMP.M_5000",1.22696089744568,0.00934648513793945,"2025-11-28 01:04:20.412545"
"SimNLMNAR_rep8_n115000_d5_corr95_NA25","MICE.1.Y.M.IMP.M",5000,"[[1.13515719735734, 0.257814107202377, -1.40740954742963, -0.724026673036304, 0.863216177252553, 0.0208146526197256, -0.225864680739413, -0.0053701257357412, -0.222147898094381, 0.76187227102367], [-0.147716097216248]]","SimNLMNAR_rep8_n115000_d5_corr95_NA25_MICE.1.Y.M.IMP.M_5000",0.482024192810059,0.0158553123474121,"2025-11-28 01:04:21.683977"
"SimNLMNAR_rep9_n115000_d5_corr95_NA25","MICE.1.Y.M.IMP.M",5000,"[[1.26424700758404, 0.363872507911379, -1.57081997696188, -0.762448487518866, 0.948244638831752, 0.0143501104371701, -0.173480995808089, -0.0811445129441948, -0.566140219435427, 0.867608657348755], [-0.0334655899662536]]","SimNLMNAR_rep9_n115000_d5_corr95_NA25_MICE.1.Y.M.IMP.M_5000",0.438458204269409,0.0124533176422119,"2025-11-28 01:04:22.219731"
"SimNLMNAR_rep0_n115000_d5_corr95_NA25","MICE.1.Y.M.IMP.M",10000,"[[1.38585367324001, 0.50960436076071, -1.81556754058334, -0.821492176228611, 0.942585414638275, 0.274962353684055, -0.247329397374977, -0.270198172772021, -0.280436152353235, 0.932165240693954], [-0.288322173177201]]","SimNLMNAR_rep0_n115000_d5_corr95_NA25_MICE.1.Y.M.IMP.M_10000",1.22116732597351,0.00945019721984863,"2025-11-28 01:04:22.701795"
"SimNLMNAR_rep1_n115000_d5_corr95_NA25","MICE.1.Y.M.IMP.M",10000,"[[1.25589032790965, 0.263918629462447, -1.46958230446401, -0.806908247357147, 0.862865753126702, 0.10448779008364, -0.00816212328859742, -0.207197744536172, -0.359126787376093, 0.765518754225392], [-0.212920443719563]]","SimNLMNAR_rep1_n115000_d5_corr95_NA25_MICE.1.Y.M.IMP.M_10000",0.992758274078369,0.00935554504394531,"2025-11-28 01:04:23.966378"
"SimNLMNAR_rep2_n115000_d5_corr95_NA25","MICE.1.Y.M.IMP.M",10000,"[[1.07819783688748, 0.616129826229688, -1.65279325439544, -0.731610912701806, 0.851937463969556, 0.00455556026900802, -0.0919116375719444, -0.185302153415188, -0.313630279962353, 0.849739904492962], [-0.140402791449701]]","SimNLMNAR_rep2_n115000_d5_corr95_NA25_MICE.1.Y.M.IMP.M_10000",1.32167339324951,0.00966787338256836,"2025-11-28 01:04:17.238003"
"SimNLMNAR_rep3_n115000_d5_corr95_NA25","MICE.1.Y.M.IMP.M",10000,"[[1.46734344766935, 0.393040957787724, -1.78139506027761, -0.800098507494363, 0.911957676632148, 0.107772292898656, -0.0399423189195741, -0.170101983876405, -0.42014153713325, 0.936886001652164], [-0.296560088183477]]","SimNLMNAR_rep3_n115000_d5_corr95_NA25_MICE.1.Y.M.IMP.M_10000",0.567938804626465,0.0205297470092773,"2025-11-28 01:04:18.613549"
"SimNLMNAR_rep4_n115000_d5_corr95_NA25","MICE.1.Y.M.IMP.M",10000,"[[1.41190580280558, 0.503760598225003, -1.72111094227785, -0.843093009466784, 0.862160812008619, -0.0540003804485458, -0.179855111541794, -0.284742057442015, -0.35931412797122, 0.91185258402907], [-0.2321144529219]]","SimNLMNAR_rep4_n115000_d5_corr95_NA25_MICE.1.Y.M.IMP.M_10000",0.955583333969116,0.0126104354858398,"2025-11-28 01:04:19.246224"
"SimNLMNAR_rep5_n115000_d5_corr95_NA25","MICE.1.Y.M.IMP.M",10000,"[[1.15472036238556, 0.738335332765237, -1.86480404615912, -0.726294216757797, 0.906229362801818, -0.156298312645762, -0.187802465893291, -0.201309679861393, -0.472916950364606, 0.89537384985415], [-0.114257977582534]]","SimNLMNAR_rep5_n115000_d5_corr95_NA25_MICE.1.Y.M.IMP.M_10000",0.907478809356689,0.012397289276123,"2025-11-28 01:04:20.24505"
"SimNLMNAR_rep6_n115000_d5_corr95_NA25","MICE.1.Y.M.IMP.M",10000,"[[1.25471670118414, 0.751941946269333, -1.82755386017053, -0.892196141830385, 0.896935440742222, 0.0140267230026492, 0.0717401913505902, -0.173926480374846, -0.348579480332588, 1.10247020026049], [-0.369557521529299]]","SimNLMNAR_rep6_n115000_d5_corr95_NA25_MICE.1.Y.M.IMP.M_10000",0.887879133224487,0.012911319732666,"2025-11-28 01:04:21.194731"
"SimNLMNAR_rep7_n115000_d5_corr95_NA25","MICE.1.Y.M.IMP.M",10000,"[[1.62739314716391, 0.114152709063383, -1.64903661181382, -0.829208954287943, 0.879230212425087, 0.0107007339348101, -0.105345781542851, -0.14532381895649, -0.444147919380549, 0.872129520525911], [-0.147836775675452]]","SimNLMNAR_rep7_n115000_d5_corr95_NA25_MICE.1.Y.M.IMP.M_10000",0.513071775436401,0.0126590728759766,"2025-11-28 01:04:22.127779"
"SimNLMNAR_rep8_n115000_d5_corr95_NA25","MICE.1.Y.M.IMP.M",10000,"[[1.26031730328025, 0.0920525098082687, -1.43881137983796, -0.758866574313295, 0.856168993171107, 0.111525535754207, -0.0650388089614746, -0.153874067837589, -0.319783830942693, 0.930847556657973], [-0.277341984516455]]","SimNLMNAR_rep8_n115000_d5_corr95_NA25_MICE.1.Y.M.IMP.M_10000",0.904054880142212,0.00904726982116699,"2025-11-28 01:04:22.682579"
"SimNLMNAR_rep9_n115000_d5_corr95_NA25","MICE.1.Y.M.IMP.M",10000,"[[1.13528990545118, 0.47773347758573, -1.47423170937908, -0.797611067026691, 0.865960918752246, 0.0652366664204263, -0.0297994961015998, -0.238897396668719, -0.403783351710493, 0.842964010667158], [-0.0883335641068023]]","SimNLMNAR_rep9_n115000_d5_corr95_NA25_MICE.1.Y.M.IMP.M_10000",0.514120578765869,0.00890851020812988,"2025-11-28 01:04:23.625009"
"SimNLMNAR_rep0_n115000_d5_corr95_NA25","MICE.1.Y.M.IMP.M",50000,"[[1.33696217888164, 0.402442406751405, -1.64236257273195, -0.804633276798492, 0.895028892718839, 0.0946211963183058, -0.100147553935555, -0.274598172621579, -0.342395064685256, 0.905719307087428], [-0.200668841755232]]","SimNLMNAR_rep0_n115000_d5_corr95_NA25_MICE.1.Y.M.IMP.M_50000",2.55418539047241,0.0145864486694336,"2025-11-28 01:04:24.177417"
"SimNLMNAR_rep1_n115000_d5_corr95_NA25","MICE.1.Y.M.IMP.M",50000,"[[1.32500220289037, 0.319605183675005, -1.58537539421417, -0.793808743032082, 0.882877403083486, 0.102289239599396, -0.0436879177428677, -0.352189021783441, -0.373071806487612, 0.882977021192412], [-0.165154756233478]]","SimNLMNAR_rep1_n115000_d5_corr95_NA25_MICE.1.Y.M.IMP.M_50000",2.57246899604797,0.0188031196594238,"2025-11-28 01:04:26.776242"
"SimNLMNAR_rep2_n115000_d5_corr95_NA25","MICE.1.Y.M.IMP.M",50000,"[[1.17002049457313, 0.551161525644093, -1.63304048513371, -0.794749962205062, 0.878993129487436, 0.0751632519561798, -0.165255970093993, -0.238402624701087, -0.357540906464068, 0.906756373594253], [-0.16136492889112]]","SimNLMNAR_rep2_n115000_d5_corr95_NA25_MICE.1.Y.M.IMP.M_50000",2.51039385795593,0.0189409255981445,"2025-11-28 01:04:29.403363"
"SimNLMNAR_rep3_n115000_d5_corr95_NA25","MICE.1.Y.M.IMP.M",50000,"[[1.38430338658169, 0.291959668386854, -1.64355914635365, -0.776246977877966, 0.897249627484208, 0.130323174519807, -0.100501984507142, -0.216821064961419, -0.321649632318497, 0.894912889231264], [-0.22623985534108]]","SimNLMNAR_rep3_n115000_d5_corr95_NA25_MICE.1.Y.M.IMP.M_50000",2.51315832138062,0.0143828392028809,"2025-11-28 01:04:31.962293"
"SimNLMNAR_rep4_n115000_d5_corr95_NA25","MICE.1.Y.M.IMP.M",50000,"[[1.40060469560902, 0.211396590453265, -1.6374645853996, -0.709048743199827, 0.875078477775453, 0.0655801910692909, -0.111447153308421, -0.217250341415896, -0.39172963128781, 0.889656470053984], [-0.202140790499735]]","SimNLMNAR_rep4_n115000_d5_corr95_NA25_MICE.1.Y.M.IMP.M_50000",2.12071776390076,0.0146298408508301,"2025-11-28 01:04:34.522454"
"SimNLMNAR_rep5_n115000_d5_corr95_NA25","MICE.1.Y.M.IMP.M",50000,"[[1.4330897017347, 0.308626214730487, -1.6845210282254, -0.733555161540038, 0.87936920859061, 0.0789601681040483, -0.146183784190761, -0.244602674224311, -0.405001504134971, 0.808104558112812], [-0.140006135106213]]","SimNLMNAR_rep5_n115000_d5_corr95_NA25_MICE.1.Y.M.IMP.M_50000",2.55699896812439,0.0185408592224121,"2025-11-28 01:04:36.687906"
"SimNLMNAR_rep6_n115000_d5_corr95_NA25","MICE.1.Y.M.IMP.M",50000,"[[1.43215187351569, 0.397954247226014, -1.70255209210434, -0.785259951795019, 0.88945121689156, 0.0708673612320856, -0.0820114403683743, -0.242001897309369, -0.38376230752862, 0.887793175417805], [-0.20226710670418]]","SimNLMNAR_rep6_n115000_d5_corr95_NA25_MICE.1.Y.M.IMP.M_50000",2.5437753200531,0.0147385597229004,"2025-11-28 01:04:39.293709"
"SimNLMNAR_rep7_n115000_d5_corr95_NA25","MICE.1.Y.M.IMP.M",50000,"[[1.36317532198373, 0.36176558223065, -1.66739590422209, -0.761362949871689, 0.883439049333637, 0.0760939313758056, -0.134443239301366, -0.303625367458403, -0.394654206685308, 0.903339767695961], [-0.195723640404578]]","SimNLMNAR_rep7_n115000_d5_corr95_NA25_MICE.1.Y.M.IMP.M_50000",2.49113488197327,0.0145156383514404,"2025-11-28 01:04:41.88239"
"SimNLMNAR_rep8_n115000_d5_corr95_NA25","MICE.1.Y.M.IMP.M",50000,"[[1.31237103030576, 0.379593980551561, -1.63076435836479, -0.765418840698848, 0.894435430091307, 0.0290684934897566, -0.13870451796039, -0.262653604682392, -0.391922127210065, 0.878816106960972], [-0.132460304667151]]","SimNLMNAR_rep8_n115000_d5_corr95_NA25_MICE.1.Y.M.IMP.M_50000",2.54225993156433,0.0147330760955811,"2025-11-28 01:04:44.423347"
"SimNLMNAR_rep9_n115000_d5_corr95_NA25","MICE.1.Y.M.IMP.M",50000,"[[1.33133114760376, 0.302962319346376, -1.58639909069559, -0.770818546195506, 0.87143253129183, 0.0318887038964055, 0.00266116971117597, -0.254518065609788, -0.416704919027039, 0.91244618957515], [-0.219659162105765]]","SimNLMNAR_rep9_n115000_d5_corr95_NA25_MICE.1.Y.M.IMP.M_50000",2.58607244491577,0.0189743041992188,"2025-11-28 01:04:47.010204"
"SimNLMNAR_rep0_n115000_d5_corr95_NA25","MICE.10.IMP",100,"[[-1.07116871609448, 0.728377278085017, 0.256132732479137, -0.172712307245811, 0.18204589362479], [0.171763426943076]]","SimNLMNAR_rep0_n115000_d5_corr95_NA25_MICE.10.IMP_100",1.35829710960388,0.033897876739502,"2025-11-28 01:04:49.649599"
"SimNLMNAR_rep1_n115000_d5_corr95_NA25","MICE.10.IMP",100,"[[0.582759607755413, -0.0133707868375197, -0.534294766122257, -0.456313593094825, 0.393365469810979], [0.171830738207033]]","SimNLMNAR_rep1_n115000_d5_corr95_NA25_MICE.10.IMP_100",0.980861663818359,0.0344011783599854,"2025-11-28 01:04:51.070775"
"SimNLMNAR_rep2_n115000_d5_corr95_NA25","MICE.10.IMP",100,"[[0.306066576018838, -0.501433369013784, -0.500133972978342, -0.206722632160369, 0.386374668497999], [-0.0804325214623066]]","SimNLMNAR_rep2_n115000_d5_corr95_NA25_MICE.10.IMP_100",1.01358509063721,0.0345559120178223,"2025-11-28 01:04:52.115444"
"SimNLMNAR_rep3_n115000_d5_corr95_NA25","MICE.10.IMP",100,"[[0.162430271045602, 0.537465447038511, -0.191602731775584, -0.294585151692372, 0.306676936263531], [0.195587009079917]]","SimNLMNAR_rep3_n115000_d5_corr95_NA25_MICE.10.IMP_100",1.40410208702087,0.0282351970672607,"2025-11-28 01:04:53.194081"
"SimNLMNAR_rep4_n115000_d5_corr95_NA25","MICE.10.IMP",100,"[[-0.909524297460884, 1.23821530062779, -0.200874000378123, -0.248574237499814, 0.347702687253376], [0.131560534787492]]","SimNLMNAR_rep4_n115000_d5_corr95_NA25_MICE.10.IMP_100",0.986186027526855,0.0340962409973145,"2025-11-28 01:04:54.657815"
"SimNLMNAR_rep5_n115000_d5_corr95_NA25","MICE.10.IMP",100,"[[0.804688076525018, 0.672369842278077, -0.521592084644286, -0.737636074222207, 0.386372009999969], [0.409803613102038]]","SimNLMNAR_rep5_n115000_d5_corr95_NA25_MICE.10.IMP_100",1.02192640304565,0.0340673923492432,"2025-11-28 01:04:55.709159"
"SimNLMNAR_rep6_n115000_d5_corr95_NA25","MICE.10.IMP",100,"[[1.68515852686147, -0.950226657441718, -0.748418356370237, -0.284644433242662, 0.522201308375597], [0.238798618915686]]","SimNLMNAR_rep6_n115000_d5_corr95_NA25_MICE.10.IMP_100",1.99907159805298,0.0379598140716553,"2025-11-28 01:04:24.787028"
"SimNLMNAR_rep7_n115000_d5_corr95_NA25","MICE.10.IMP",100,"[[0.442423355651522, -0.167402664302633, -0.00941129092090781, -0.420787999977748, 0.344667021888739], [0.545272253473231]]","SimNLMNAR_rep7_n115000_d5_corr95_NA25_MICE.10.IMP_100",1.30340075492859,0.0797939300537109,"2025-11-28 01:04:26.867968"
"SimNLMNAR_rep8_n115000_d5_corr95_NA25","MICE.10.IMP",100,"[[0.710687893916524, 0.00560626331146802, -0.302232726688662, -0.351310650187684, 0.284349986881529], [0.276393052767745]]","SimNLMNAR_rep8_n115000_d5_corr95_NA25_MICE.10.IMP_100",1.81891536712646,0.0358524322509766,"2025-11-28 01:04:28.291831"
"SimNLMNAR_rep9_n115000_d5_corr95_NA25","MICE.10.IMP",100,"[[0.667397649152024, -0.992300792589523, 0.493869339018558, -0.377334035148496, 0.28486202384694], [0.51710748339092]]","SimNLMNAR_rep9_n115000_d5_corr95_NA25_MICE.10.IMP_100",1.55147910118103,0.0445120334625244,"2025-11-28 01:04:30.182125"
"SimNLMNAR_rep0_n115000_d5_corr95_NA25","MICE.10.IMP",500,"[[-0.0366777978066653, 0.41507422187703, -0.412278141563526, -0.183210293019048, 0.271353978821341], [0.181004522482092]]","SimNLMNAR_rep0_n115000_d5_corr95_NA25_MICE.10.IMP_500",1.68865442276001,0.0376627445220947,"2025-11-28 01:04:31.81399"
"SimNLMNAR_rep1_n115000_d5_corr95_NA25","MICE.10.IMP",500,"[[0.253498911273918, 0.334174086568425, -0.280915801718534, -0.401286892330562, 0.280809523578593], [0.2758278921855]]","SimNLMNAR_rep1_n115000_d5_corr95_NA25_MICE.10.IMP_500",1.18242216110229,0.0444419384002686,"2025-11-28 01:04:33.573816"
"SimNLMNAR_rep2_n115000_d5_corr95_NA25","MICE.10.IMP",500,"[[0.465632863716651, -0.141574226605822, -0.49988109338592, -0.199578862119304, 0.314221680504385], [0.271775090228074]]","SimNLMNAR_rep2_n115000_d5_corr95_NA25_MICE.10.IMP_500",1.6169581413269,0.0352165699005127,"2025-11-28 01:04:34.832632"
"SimNLMNAR_rep3_n115000_d5_corr95_NA25","MICE.10.IMP",500,"[[0.42412754733146, 0.235663579578954, -0.47803271636545, -0.373703732204324, 0.296956177305882], [0.21376979239361]]","SimNLMNAR_rep3_n115000_d5_corr95_NA25_MICE.10.IMP_500",1.62236642837524,0.0359170436859131,"2025-11-28 01:04:36.518082"
"SimNLMNAR_rep4_n115000_d5_corr95_NA25","MICE.10.IMP",500,"[[0.440121184649409, -0.00385268348816651, -0.379855783624264, -0.378439548283296, 0.322924752377785], [0.174051360322405]]","SimNLMNAR_rep4_n115000_d5_corr95_NA25_MICE.10.IMP_500",1.59994077682495,0.0429923534393311,"2025-11-28 01:04:38.20764"
"SimNLMNAR_rep5_n115000_d5_corr95_NA25","MICE.10.IMP",500,"[[0.166988080794694, 0.462624492406894, -0.415853215823887, -0.340987802383279, 0.351738160252504], [0.318545728029666]]","SimNLMNAR_rep5_n115000_d5_corr95_NA25_MICE.10.IMP_500",1.64724826812744,0.0359752178192139,"2025-11-28 01:04:39.883891"
"SimNLMNAR_rep6_n115000_d5_corr95_NA25","MICE.10.IMP",500,"[[0.7207564876606, -0.148410383091045, -0.468616801887241, -0.32367413092998, 0.31558145224204], [0.147328565007823]]","SimNLMNAR_rep6_n115000_d5_corr95_NA25_MICE.10.IMP_500",1.57314515113831,0.035567045211792,"2025-11-28 01:04:41.598038"
"SimNLMNAR_rep7_n115000_d5_corr95_NA25","MICE.10.IMP",500,"[[0.452241730150452, -0.103513649887164, -0.381996808115302, -0.194583296078265, 0.287059025778475], [0.198702552377224]]","SimNLMNAR_rep7_n115000_d5_corr95_NA25_MICE.10.IMP_500",1.62719559669495,0.0358655452728271,"2025-11-28 01:04:43.238732"
"SimNLMNAR_rep8_n115000_d5_corr95_NA25","MICE.10.IMP",500,"[[0.213409010871276, 0.234274611003622, -0.610875539496055, -0.182010780970473, 0.338051949472949], [0.245795448660556]]","SimNLMNAR_rep8_n115000_d5_corr95_NA25_MICE.10.IMP_500",1.19399881362915,0.0359361171722412,"2025-11-28 01:04:44.933342"
"SimNLMNAR_rep9_n115000_d5_corr95_NA25","MICE.10.IMP",500,"[[0.193002874421685, 0.322366666340333, -0.438753704038862, -0.324639892167261, 0.290070169089432], [0.178071280800482]]","SimNLMNAR_rep9_n115000_d5_corr95_NA25_MICE.10.IMP_500",1.99912762641907,0.0361037254333496,"2025-11-28 01:04:46.192945"
"SimNLMNAR_rep0_n115000_d5_corr95_NA25","MICE.10.IMP",1000,"[[0.292959224309835, 0.242794570412137, -0.448383906764514, -0.280024728688092, 0.305914148125433], [0.214114751677017]]","SimNLMNAR_rep0_n115000_d5_corr95_NA25_MICE.10.IMP_1000",1.68052673339844,0.0396356582641602,"2025-11-28 01:04:48.260704"
"SimNLMNAR_rep1_n115000_d5_corr95_NA25","MICE.10.IMP",1000,"[[0.250915041795636, 0.431886418923544, -0.467034132383444, -0.331037746413485, 0.309045617069776], [0.226639601503341]]","SimNLMNAR_rep1_n115000_d5_corr95_NA25_MICE.10.IMP_1000",1.6466076374054,0.0334513187408447,"2025-11-28 01:04:50.011329"
"SimNLMNAR_rep2_n115000_d5_corr95_NA25","MICE.10.IMP",1000,"[[0.372160722124322, 0.0305918258060217, -0.504958121930642, -0.247582151853264, 0.336925449762741], [0.30494545752137]]","SimNLMNAR_rep2_n115000_d5_corr95_NA25_MICE.10.IMP_1000",1.57799911499023,0.0339500904083252,"2025-11-28 01:04:51.722071"
"SimNLMNAR_rep3_n115000_d5_corr95_NA25","MICE.10.IMP",1000,"[[0.344291106604079, 0.266184183085182, -0.419878043803578, -0.307855526509421, 0.266846163585067], [0.205404199396922]]","SimNLMNAR_rep3_n115000_d5_corr95_NA25_MICE.10.IMP_1000",1.61829614639282,0.0372457504272461,"2025-11-28 01:04:53.36571"
"SimNLMNAR_rep4_n115000_d5_corr95_NA25","MICE.10.IMP",1000,"[[0.365934333155249, 0.225481981711824, -0.331952232030755, -0.379740298573261, 0.276290808151282], [0.20296212896231]]","SimNLMNAR_rep4_n115000_d5_corr95_NA25_MICE.10.IMP_1000",1.67749643325806,0.0339937210083008,"2025-11-28 01:04:55.055078"
"SimNLMNAR_rep5_n115000_d5_corr95_NA25","MICE.10.IMP",1000,"[[0.274132896512724, 0.138153335892132, -0.365884165387237, -0.267345389961676, 0.309672925127364], [0.293638426227206]]","SimNLMNAR_rep5_n115000_d5_corr95_NA25_MICE.10.IMP_1000",1.60835337638855,0.0338931083679199,"2025-11-28 01:04:56.795753"
"SimNLMNAR_rep6_n115000_d5_corr95_NA25","MICE.10.IMP",1000,"[[0.251876994216351, 0.314536544301531, -0.490927022581909, -0.294144045776239, 0.309797237237977], [0.194624656384806]]","SimNLMNAR_rep6_n115000_d5_corr95_NA25_MICE.10.IMP_1000",1.60626602172852,0.0399558544158936,"2025-11-28 01:04:58.467345"
"SimNLMNAR_rep7_n115000_d5_corr95_NA25","MICE.10.IMP",1000,"[[0.418422449690629, 0.303998934306239, -0.615506275104874, -0.296890463111137, 0.312056332582368], [0.211147631552249]]","SimNLMNAR_rep7_n115000_d5_corr95_NA25_MICE.10.IMP_1000",1.57813215255737,0.0379235744476318,"2025-11-28 01:05:00.143699"
"SimNLMNAR_rep8_n115000_d5_corr95_NA25","MICE.10.IMP",1000,"[[0.378664480890469, 0.265788397964146, -0.716138579759419, -0.266749418569171, 0.359434443816603], [0.160593757056687]]","SimNLMNAR_rep8_n115000_d5_corr95_NA25_MICE.10.IMP_1000",1.61723971366882,0.0335838794708252,"2025-11-28 01:05:01.790047"
"SimNLMNAR_rep9_n115000_d5_corr95_NA25","MICE.10.IMP",1000,"[[0.193671471971245, 0.359310435704862, -0.61099221392174, -0.232458537968189, 0.29799162356535], [0.126469928161006]]","SimNLMNAR_rep9_n115000_d5_corr95_NA25_MICE.10.IMP_1000",1.61919832229614,0.0377397537231445,"2025-11-28 01:05:03.471627"
"SimNLMNAR_rep0_n115000_d5_corr95_NA25","MICE.10.IMP",5000,"[[0.286381726316929, 0.321629991112681, -0.498818062062869, -0.291934166718634, 0.299704444016753], [0.231736305333258]]","SimNLMNAR_rep0_n115000_d5_corr95_NA25_MICE.10.IMP_5000",2.16773104667664,0.0385391712188721,"2025-11-28 01:05:05.158032"
"SimNLMNAR_rep1_n115000_d5_corr95_NA25","MICE.10.IMP",5000,"[[0.293093458750447, 0.316264530869032, -0.469328215888233, -0.322385256655331, 0.299908958906318], [0.193019148771778]]","SimNLMNAR_rep1_n115000_d5_corr95_NA25_MICE.10.IMP_5000",3.19453358650208,0.0396337509155273,"2025-11-28 01:04:32.644593"
"SimNLMNAR_rep2_n115000_d5_corr95_NA25","MICE.10.IMP",5000,"[[0.402911973649829, 0.191902599834679, -0.530671366689768, -0.271332661008717, 0.31151975342017], [0.215495877284284]]","SimNLMNAR_rep2_n115000_d5_corr95_NA25_MICE.10.IMP_5000",2.28108668327332,0.0523214340209961,"2025-11-28 01:04:35.924495"
"SimNLMNAR_rep3_n115000_d5_corr95_NA25","MICE.10.IMP",5000,"[[0.33283983400023, 0.317379653171581, -0.525614631900563, -0.294932148120379, 0.312279440210587], [0.139785073633318]]","SimNLMNAR_rep3_n115000_d5_corr95_NA25_MICE.10.IMP_5000",2.24711871147156,0.037895679473877,"2025-11-28 01:04:38.300101"
"SimNLMNAR_rep4_n115000_d5_corr95_NA25","MICE.10.IMP",5000,"[[0.327622393251311, 0.308380079168701, -0.488363508376218, -0.321179952672467, 0.273819331934472], [0.134273397198868]]","SimNLMNAR_rep4_n115000_d5_corr95_NA25_MICE.10.IMP_5000",2.25970268249512,0.0376052856445312,"2025-11-28 01:04:40.6179"
"SimNLMNAR_rep5_n115000_d5_corr95_NA25","MICE.10.IMP",5000,"[[0.420197639061911, 0.213878615379887, -0.536187104482559, -0.26914392429733, 0.301092468388352], [0.268653357139455]]","SimNLMNAR_rep5_n115000_d5_corr95_NA25_MICE.10.IMP_5000",2.23858547210693,0.0421702861785889,"2025-11-28 01:04:42.947818"
"SimNLMNAR_rep6_n115000_d5_corr95_NA25","MICE.10.IMP",5000,"[[0.320664971962778, 0.279425955365356, -0.515842994417047, -0.257993892519419, 0.287723962042885], [0.185775579875825]]","SimNLMNAR_rep6_n115000_d5_corr95_NA25_MICE.10.IMP_5000",2.2275185585022,0.0412693023681641,"2025-11-28 01:04:45.260674"
"SimNLMNAR_rep7_n115000_d5_corr95_NA25","MICE.10.IMP",5000,"[[0.515289738598052, 0.106456746220519, -0.477746817878969, -0.329652847609498, 0.296363750283703], [0.206276498529137]]","SimNLMNAR_rep7_n115000_d5_corr95_NA25_MICE.10.IMP_5000",2.17889428138733,0.0420539379119873,"2025-11-28 01:04:47.561298"
"SimNLMNAR_rep8_n115000_d5_corr95_NA25","MICE.10.IMP",5000,"[[0.397922587098016, 0.213423594741455, -0.518858500376812, -0.286381345877221, 0.316600030332554], [0.204508210230875]]","SimNLMNAR_rep8_n115000_d5_corr95_NA25_MICE.10.IMP_5000",2.20646739006042,0.0373818874359131,"2025-11-28 01:04:49.812103"
"SimNLMNAR_rep9_n115000_d5_corr95_NA25","MICE.10.IMP",5000,"[[0.37022117497465, 0.260516471885659, -0.530170533855903, -0.279660362543078, 0.296907534596715], [0.160648777000004]]","SimNLMNAR_rep9_n115000_d5_corr95_NA25_MICE.10.IMP_5000",2.18590879440308,0.0384006500244141,"2025-11-28 01:04:52.08842"
"SimNLMNAR_rep0_n115000_d5_corr95_NA25","MICE.10.IMP",10000,"[[0.305837440402841, 0.349579653816077, -0.549794683584771, -0.293677542062698, 0.310069045033307], [0.210048844387862]]","SimNLMNAR_rep0_n115000_d5_corr95_NA25_MICE.10.IMP_10000",2.93977403640747,0.0435521602630615,"2025-11-28 01:04:54.342947"
"SimNLMNAR_rep1_n115000_d5_corr95_NA25","MICE.10.IMP",10000,"[[0.23116183812224, 0.387993594348536, -0.516008001783048, -0.293608872858993, 0.297893269172357], [0.19937975634803]]","SimNLMNAR_rep1_n115000_d5_corr95_NA25_MICE.10.IMP_10000",2.94323492050171,0.45122504234314,"2025-11-28 01:04:57.361962"
"SimNLMNAR_rep2_n115000_d5_corr95_NA25","MICE.10.IMP",10000,"[[0.346657476689186, 0.258763115005311, -0.521132396195699, -0.274814741953199, 0.298930806396672], [0.207510703402739]]","SimNLMNAR_rep2_n115000_d5_corr95_NA25_MICE.10.IMP_10000",2.92059803009033,0.0467009544372559,"2025-11-28 01:05:00.79248"
"SimNLMNAR_rep3_n115000_d5_corr95_NA25","MICE.10.IMP",10000,"[[0.37407088224559, 0.346511163239688, -0.543748084226339, -0.319476282621551, 0.306386970449915], [0.187897006186709]]","SimNLMNAR_rep3_n115000_d5_corr95_NA25_MICE.10.IMP_10000",2.93123602867126,0.0452601909637451,"2025-11-28 01:05:03.791627"
"SimNLMNAR_rep4_n115000_d5_corr95_NA25","MICE.10.IMP",10000,"[[0.3531117473358, 0.297280089888617, -0.479357870070401, -0.320621244169722, 0.266444459575955], [0.136090997879739]]","SimNLMNAR_rep4_n115000_d5_corr95_NA25_MICE.10.IMP_10000",2.84532117843628,0.0451681613922119,"2025-11-28 01:05:07.184299"
"SimNLMNAR_rep5_n115000_d5_corr95_NA25","MICE.10.IMP",10000,"[[0.391939663867754, 0.234405176152799, -0.523854211393249, -0.26905576827537, 0.289454967825053], [0.238783158947077]]","SimNLMNAR_rep5_n115000_d5_corr95_NA25_MICE.10.IMP_10000",2.46466159820557,0.0466687679290771,"2025-11-28 01:05:10.104187"
"SimNLMNAR_rep6_n115000_d5_corr95_NA25","MICE.10.IMP",10000,"[[0.349908784271503, 0.377595672447595, -0.552064694515525, -0.304121885774805, 0.289331176426626], [0.220010814225861]]","SimNLMNAR_rep6_n115000_d5_corr95_NA25_MICE.10.IMP_10000",3.25577449798584,0.0433025360107422,"2025-11-28 01:05:12.647758"
"SimNLMNAR_rep7_n115000_d5_corr95_NA25","MICE.10.IMP",10000,"[[0.463160702664433, 0.172447671217264, -0.489169407460053, -0.330113838307334, 0.286430024492962], [0.196736774728166]]","SimNLMNAR_rep7_n115000_d5_corr95_NA25_MICE.10.IMP_10000",2.85638070106506,0.0426204204559326,"2025-11-28 01:05:15.977941"
"SimNLMNAR_rep8_n115000_d5_corr95_NA25","MICE.10.IMP",10000,"[[0.31941478620971, 0.276199853188906, -0.500831024923047, -0.288386515446721, 0.303137704690659], [0.191235657528028]]","SimNLMNAR_rep8_n115000_d5_corr95_NA25_MICE.10.IMP_10000",2.90384840965271,0.042949914932251,"2025-11-28 01:05:18.907711"
"SimNLMNAR_rep9_n115000_d5_corr95_NA25","MICE.10.IMP",10000,"[[0.328328934932612, 0.297093855416424, -0.510983656328597, -0.28799911892088, 0.296901524647697], [0.178484987601571]]","SimNLMNAR_rep9_n115000_d5_corr95_NA25_MICE.10.IMP_10000",2.85420227050781,0.0465238094329834,"2025-11-28 01:05:21.885468"
"SimNLMNAR_rep0_n115000_d5_corr95_NA25","MICE.10.IMP",50000,"[[0.352824747713198, 0.28826648843881, -0.508384266193255, -0.29415300744094, 0.297831291791638], [0.216767416120688]]","SimNLMNAR_rep0_n115000_d5_corr95_NA25_MICE.10.IMP_50000",11.4958381652832,0.08766770362854,"2025-11-28 01:05:24.817074"
"SimNLMNAR_rep1_n115000_d5_corr95_NA25","MICE.10.IMP",50000,"[[0.323493791349645, 0.310543896722862, -0.505681992971209, -0.299008204336553, 0.29730926136891], [0.209320977048068]]","SimNLMNAR_rep1_n115000_d5_corr95_NA25_MICE.10.IMP_50000",10.0843002796173,0.0835342407226562,"2025-11-28 01:05:36.432249"
"SimNLMNAR_rep2_n115000_d5_corr95_NA25","MICE.10.IMP",50000,"[[0.32979278322736, 0.314797510320594, -0.513404541642629, -0.294583426679161, 0.299273883694313], [0.209412588934933]]","SimNLMNAR_rep2_n115000_d5_corr95_NA25_MICE.10.IMP_50000",9.43321561813354,0.100492238998413,"2025-11-28 01:05:46.631315"
"SimNLMNAR_rep3_n115000_d5_corr95_NA25","MICE.10.IMP",50000,"[[0.321783698587375, 0.327433073522771, -0.524060709002477, -0.294043048406199, 0.297278165783536], [0.197057685299176]]","SimNLMNAR_rep3_n115000_d5_corr95_NA25_MICE.10.IMP_50000",8.69048309326172,0.0877377986907959,"2025-11-28 01:05:56.195277"
"SimNLMNAR_rep4_n115000_d5_corr95_NA25","MICE.10.IMP",50000,"[[0.357051459879551, 0.266653489746463, -0.52376271699577, -0.281327866977282, 0.291998171483006], [0.177381178830675]]","SimNLMNAR_rep4_n115000_d5_corr95_NA25_MICE.10.IMP_50000",8.6360239982605,0.083582878112793,"2025-11-28 01:06:05.003707"
"SimNLMNAR_rep5_n115000_d5_corr95_NA25","MICE.10.IMP",50000,"[[0.358693718437711, 0.265925700709772, -0.51578756385141, -0.280620289506493, 0.29444893830159], [0.215765218589553]]","SimNLMNAR_rep5_n115000_d5_corr95_NA25_MICE.10.IMP_50000",12.8111810684204,0.0953364372253418,"2025-11-28 01:04:39.999422"
"SimNLMNAR_rep6_n115000_d5_corr95_NA25","MICE.10.IMP",50000,"[[0.39392010376704, 0.276868195841509, -0.542960330320119, -0.290374021145793, 0.294164487623663], [0.204759988395481]]","SimNLMNAR_rep6_n115000_d5_corr95_NA25_MICE.10.IMP_50000",9.58088374137878,0.103900671005249,"2025-11-28 01:04:52.958276"
"SimNLMNAR_rep7_n115000_d5_corr95_NA25","MICE.10.IMP",50000,"[[0.320706625171811, 0.321472818551092, -0.537895083892518, -0.287916189284446, 0.297647906803881], [0.173466173276466]]","SimNLMNAR_rep7_n115000_d5_corr95_NA25_MICE.10.IMP_50000",9.2123966217041,0.0914137363433838,"2025-11-28 01:05:02.685822"
"SimNLMNAR_rep8_n115000_d5_corr95_NA25","MICE.10.IMP",50000,"[[0.353648680021374, 0.295315279037065, -0.517296465161873, -0.297029316545807, 0.295434988367122], [0.200199736225653]]","SimNLMNAR_rep8_n115000_d5_corr95_NA25_MICE.10.IMP_50000",9.49400901794434,0.112415313720703,"2025-11-28 01:05:12.024126"
"SimNLMNAR_rep9_n115000_d5_corr95_NA25","MICE.10.IMP",50000,"[[0.325228060344273, 0.317816439616502, -0.515035202365337, -0.288673957675254, 0.289879742007377], [0.177426927698373]]","SimNLMNAR_rep9_n115000_d5_corr95_NA25_MICE.10.IMP_50000",8.68335008621216,0.0876069068908691,"2025-11-28 01:05:21.664083"
"SimNLMNAR_rep0_n115000_d5_corr95_NA25","MICE.10.Y.IMP",100,"[[-3.18068563688234, 1.46402643216623, 0.575341221885469, -0.0770973989033897, 0.650491434809137], [0.193203673052862]]","SimNLMNAR_rep0_n115000_d5_corr95_NA25_MICE.10.Y.IMP_100",1.25854516029358,0.0386326313018799,"2025-11-28 01:05:30.466502"
"SimNLMNAR_rep1_n115000_d5_corr95_NA25","MICE.10.Y.IMP",100,"[[2.38720051276504, -1.72640976022697, -1.89576595296851, -0.335044133905437, 0.937975033662914], [-0.488648576441699]]","SimNLMNAR_rep1_n115000_d5_corr95_NA25_MICE.10.Y.IMP_100",1.2567982673645,0.0325448513031006,"2025-11-28 01:05:31.797024"
"SimNLMNAR_rep2_n115000_d5_corr95_NA25","MICE.10.Y.IMP",100,"[[1.20729262986854, -0.62950849759292, -1.68316510429505, -1.07130860037213, 1.06051779073079], [-0.774359982509289]]","SimNLMNAR_rep2_n115000_d5_corr95_NA25_MICE.10.Y.IMP_100",1.68208050727844,0.038611888885498,"2025-11-28 01:05:33.117642"
"SimNLMNAR_rep3_n115000_d5_corr95_NA25","MICE.10.Y.IMP",100,"[[1.3397592172681, 2.12651651981381, -2.32081791269756, -1.42515595457282, 1.65563319923403], [-0.339927037818747]]","SimNLMNAR_rep3_n115000_d5_corr95_NA25_MICE.10.Y.IMP_100",1.20656609535217,0.0394158363342285,"2025-11-28 01:05:34.869467"
"SimNLMNAR_rep4_n115000_d5_corr95_NA25","MICE.10.Y.IMP",100,"[[-2.21081202528273, 2.2105801413321, 0.115630978353928, -0.801181244974456, 0.693880060152961], [-0.0963979932526642]]","SimNLMNAR_rep4_n115000_d5_corr95_NA25_MICE.10.Y.IMP_100",1.23678374290466,0.0324802398681641,"2025-11-28 01:05:36.146231"
"SimNLMNAR_rep5_n115000_d5_corr95_NA25","MICE.10.Y.IMP",100,"[[4.12157777280237, 2.05322422453209, -2.60180596242762, -2.88233037557941, 1.10132074689698], [0.444990270255853]]","SimNLMNAR_rep5_n115000_d5_corr95_NA25_MICE.10.Y.IMP_100",1.23714375495911,0.0329914093017578,"2025-11-28 01:05:37.445325"
"SimNLMNAR_rep6_n115000_d5_corr95_NA25","MICE.10.Y.IMP",100,"[[8.25752343009557, -5.88448863400705, -4.15222335369278, -0.981972386331645, 2.71140652351006], [-1.08261314203134]]","SimNLMNAR_rep6_n115000_d5_corr95_NA25_MICE.10.Y.IMP_100",1.24124765396118,0.0328834056854248,"2025-11-28 01:05:38.745304"
"SimNLMNAR_rep7_n115000_d5_corr95_NA25","MICE.10.Y.IMP",100,"[[1.76299851328751, -1.42677243017964, 0.303741412716303, -1.25770554582053, 0.832639876904393], [0.798033070795027]]","SimNLMNAR_rep7_n115000_d5_corr95_NA25_MICE.10.Y.IMP_100",1.3120481967926,0.0331521034240723,"2025-11-28 01:05:40.049892"
"SimNLMNAR_rep8_n115000_d5_corr95_NA25","MICE.10.Y.IMP",100,"[[2.85071761034459, -1.42884457328621, -1.51075468377345, -0.551533052267993, 0.885938768375756], [0.30661860837656]]","SimNLMNAR_rep8_n115000_d5_corr95_NA25_MICE.10.Y.IMP_100",1.28018236160278,0.0329551696777344,"2025-11-28 01:05:41.427429"
"SimNLMNAR_rep9_n115000_d5_corr95_NA25","MICE.10.Y.IMP",100,"[[0.901542456016906, -1.29828241682409, 1.03663483017447, -0.929491825177501, 0.611468084315511], [0.97081090402879]]","SimNLMNAR_rep9_n115000_d5_corr95_NA25_MICE.10.Y.IMP_100",1.28279638290405,0.0328717231750488,"2025-11-28 01:05:42.770833"
"SimNLMNAR_rep0_n115000_d5_corr95_NA25","MICE.10.Y.IMP",500,"[[-0.63071095418795, 2.22252588278679, -1.86025792202225, -0.45563836896404, 0.798519963133366], [-0.235186435447408]]","SimNLMNAR_rep0_n115000_d5_corr95_NA25_MICE.10.Y.IMP_500",1.39763379096985,0.0340311527252197,"2025-11-28 01:05:44.116321"
"SimNLMNAR_rep1_n115000_d5_corr95_NA25","MICE.10.Y.IMP",500,"[[0.745588382128054, 0.660866406070678, -1.16379085289711, -0.75199459131105, 0.7117794173494], [-0.070212187391236]]","SimNLMNAR_rep1_n115000_d5_corr95_NA25_MICE.10.Y.IMP_500",1.41199326515198,0.0424947738647461,"2025-11-28 01:05:45.580579"
"SimNLMNAR_rep2_n115000_d5_corr95_NA25","MICE.10.Y.IMP",500,"[[1.63047923294539, 0.001313079140559, -1.80198435030058, -0.790102279782721, 0.965579752801348], [0.199980847887044]]","SimNLMNAR_rep2_n115000_d5_corr95_NA25_MICE.10.Y.IMP_500",1.44986772537231,0.0462231636047363,"2025-11-28 01:05:47.072347"
"SimNLMNAR_rep3_n115000_d5_corr95_NA25","MICE.10.Y.IMP",500,"[[1.45396080341931, 0.191246945586121, -1.40189947688779, -0.996727674217729, 0.857728577499842], [0.0297256824364554]]","SimNLMNAR_rep3_n115000_d5_corr95_NA25_MICE.10.Y.IMP_500",1.87376308441162,0.0333750247955322,"2025-11-28 01:05:48.601598"
"SimNLMNAR_rep4_n115000_d5_corr95_NA25","MICE.10.Y.IMP",500,"[[2.0836568857946, -1.1894581567125, -1.25864314144496, -0.568618187248924, 0.908295891673266], [-0.11459396944431]]","SimNLMNAR_rep4_n115000_d5_corr95_NA25_MICE.10.Y.IMP_500",1.34926557540894,0.0332295894622803,"2025-11-28 01:05:50.541492"
"SimNLMNAR_rep5_n115000_d5_corr95_NA25","MICE.10.Y.IMP",500,"[[0.660759639566577, 0.759365683803258, -1.26066814302898, -0.816478790705597, 0.820495506859801], [0.03347600100862]]","SimNLMNAR_rep5_n115000_d5_corr95_NA25_MICE.10.Y.IMP_500",1.36269640922546,0.0415594577789307,"2025-11-28 01:05:51.964226"
"SimNLMNAR_rep6_n115000_d5_corr95_NA25","MICE.10.Y.IMP",500,"[[2.59411298464856, -0.870461224087575, -1.62780058239533, -0.857238516005141, 0.969408641230412], [-0.271894302312735]]","SimNLMNAR_rep6_n115000_d5_corr95_NA25_MICE.10.Y.IMP_500",1.38650584220886,0.0346682071685791,"2025-11-28 01:05:53.402489"
"SimNLMNAR_rep7_n115000_d5_corr95_NA25","MICE.10.Y.IMP",500,"[[1.19355620529997, -0.350727242470092, -1.16386713825654, -0.39166117751231, 0.703566415761434], [-0.000863924059951857]]","SimNLMNAR_rep7_n115000_d5_corr95_NA25_MICE.10.Y.IMP_500",1.39257073402405,0.0414292812347412,"2025-11-28 01:05:54.856008"
"SimNLMNAR_rep8_n115000_d5_corr95_NA25","MICE.10.Y.IMP",500,"[[1.32557861394679, 0.0108435701981873, -1.65745075374653, -0.507202589686292, 0.896814914223803], [0.314737555307469]]","SimNLMNAR_rep8_n115000_d5_corr95_NA25_MICE.10.Y.IMP_500",1.39827013015747,0.0336217880249023,"2025-11-28 01:05:56.320745"
"SimNLMNAR_rep9_n115000_d5_corr95_NA25","MICE.10.Y.IMP",500,"[[1.1632704405137, -0.225503680958807, -1.50647401888308, -0.453701297310429, 0.949594981648582], [-0.0212011261178067]]","SimNLMNAR_rep9_n115000_d5_corr95_NA25_MICE.10.Y.IMP_500",1.48278141021729,0.0367074012756348,"2025-11-28 01:05:57.783737"
"SimNLMNAR_rep0_n115000_d5_corr95_NA25","MICE.10.Y.IMP",1000,"[[0.195176606524792, 2.24367729688239, -2.0972748149946, -0.90108981810488, 0.926779621514708], [-0.187931892330989]]","SimNLMNAR_rep0_n115000_d5_corr95_NA25_MICE.10.Y.IMP_1000",2.48855233192444,0.0437307357788086,"2025-11-28 01:04:47.713385"
"SimNLMNAR_rep1_n115000_d5_corr95_NA25","MICE.10.Y.IMP",1000,"[[0.759424519281408, 0.876052106458535, -1.36496890039096, -0.775931393555739, 0.827952413607808], [-0.0133092390846151]]","SimNLMNAR_rep1_n115000_d5_corr95_NA25_MICE.10.Y.IMP_1000",2.03129768371582,0.0553116798400879,"2025-11-28 01:04:50.290316"
"SimNLMNAR_rep2_n115000_d5_corr95_NA25","MICE.10.Y.IMP",1000,"[[1.58311771555407, -0.50756848043453, -1.32550725659086, -0.627367704736519, 0.861051613184722], [0.263246765272084]]","SimNLMNAR_rep2_n115000_d5_corr95_NA25_MICE.10.Y.IMP_1000",1.55992579460144,0.0469534397125244,"2025-11-28 01:04:52.416033"
"SimNLMNAR_rep3_n115000_d5_corr95_NA25","MICE.10.Y.IMP",1000,"[[1.61528207892944, -0.263463332903549, -1.47271767859481, -0.725085872180922, 0.840329474846546], [-0.0478718308304337]]","SimNLMNAR_rep3_n115000_d5_corr95_NA25_MICE.10.Y.IMP_1000",1.98520374298096,0.0383346080780029,"2025-11-28 01:04:54.056161"
"SimNLMNAR_rep4_n115000_d5_corr95_NA25","MICE.10.Y.IMP",1000,"[[1.73690427731356, -0.275875708819366, -1.04987528167659, -0.78474849134364, 0.704334022860101], [0.0443727277366038]]","SimNLMNAR_rep4_n115000_d5_corr95_NA25_MICE.10.Y.IMP_1000",1.54405641555786,0.0380427837371826,"2025-11-28 01:04:56.113127"
"SimNLMNAR_rep5_n115000_d5_corr95_NA25","MICE.10.Y.IMP",1000,"[[1.06527785129674, -0.140611726506665, -1.01201879506598, -0.620566172967277, 0.7612377604593], [0.112509022086288]]","SimNLMNAR_rep5_n115000_d5_corr95_NA25_MICE.10.Y.IMP_1000",1.97684288024902,0.0374927520751953,"2025-11-28 01:04:57.728603"
"SimNLMNAR_rep6_n115000_d5_corr95_NA25","MICE.10.Y.IMP",1000,"[[1.4213446100015, 0.600482672631554, -1.90107622042593, -0.703945377598149, 0.902461351533641], [-0.0946368720838146]]","SimNLMNAR_rep6_n115000_d5_corr95_NA25_MICE.10.Y.IMP_1000",1.55083084106445,0.470243215560913,"2025-11-28 01:04:59.77262"
"SimNLMNAR_rep7_n115000_d5_corr95_NA25","MICE.10.Y.IMP",1000,"[[2.30465827260829, -0.127463385119657, -1.89493993154282, -0.672030218753171, 0.92357984882913], [0.196402032703118]]","SimNLMNAR_rep7_n115000_d5_corr95_NA25_MICE.10.Y.IMP_1000",1.50990271568298,0.0498530864715576,"2025-11-28 01:05:01.828308"
"SimNLMNAR_rep8_n115000_d5_corr95_NA25","MICE.10.Y.IMP",1000,"[[1.31211823511557, 0.471209087638127, -2.02624545395385, -0.527582806217625, 0.919331523146203], [0.007491702210625]]","SimNLMNAR_rep8_n115000_d5_corr95_NA25_MICE.10.Y.IMP_1000",2.07257390022278,0.0375182628631592,"2025-11-28 01:05:03.420272"
"SimNLMNAR_rep9_n115000_d5_corr95_NA25","MICE.10.Y.IMP",1000,"[[0.843649071353091, 0.48185042292104, -1.86090097575167, -0.450388777472254, 0.886248312097281], [-0.178385068118555]]","SimNLMNAR_rep9_n115000_d5_corr95_NA25_MICE.10.Y.IMP_1000",1.54142475128174,0.0381395816802979,"2025-11-28 01:05:05.562858"
"SimNLMNAR_rep0_n115000_d5_corr95_NA25","MICE.10.Y.IMP",5000,"[[0.941874711305828, 0.906617133128366, -1.66957536988143, -0.764700821793969, 0.863487827107011], [0.0102380614175601]]","SimNLMNAR_rep0_n115000_d5_corr95_NA25_MICE.10.Y.IMP_5000",2.98328518867493,0.0835418701171875,"2025-11-28 01:05:07.174818"
"SimNLMNAR_rep1_n115000_d5_corr95_NA25","MICE.10.Y.IMP",5000,"[[0.805079983226107, 0.944601210436402, -1.55059822922391, -0.799181597726264, 0.872021725565262], [-0.0445267980732121]]","SimNLMNAR_rep1_n115000_d5_corr95_NA25_MICE.10.Y.IMP_5000",3.37039375305176,0.0504331588745117,"2025-11-28 01:05:10.280008"
"SimNLMNAR_rep2_n115000_d5_corr95_NA25","MICE.10.Y.IMP",5000,"[[1.56199798693487, -0.00816364758223332, -1.63982693193399, -0.626855727962206, 0.878291132717983], [0.0388721318891088]]","SimNLMNAR_rep2_n115000_d5_corr95_NA25_MICE.10.Y.IMP_5000",3.17107367515564,0.0464513301849365,"2025-11-28 01:05:13.740404"
"SimNLMNAR_rep3_n115000_d5_corr95_NA25","MICE.10.Y.IMP",5000,"[[1.49634678136936, 0.254425238387169, -1.71710663704085, -0.681645269567375, 0.883765675662636], [-0.156398935861336]]","SimNLMNAR_rep3_n115000_d5_corr95_NA25_MICE.10.Y.IMP_5000",2.91899704933167,0.0479116439819336,"2025-11-28 01:05:17.003772"
"SimNLMNAR_rep4_n115000_d5_corr95_NA25","MICE.10.Y.IMP",5000,"[[1.49403637259053, 0.0898087942342867, -1.57603786664248, -0.672666227079193, 0.822163527647867], [-0.109404674764216]]","SimNLMNAR_rep4_n115000_d5_corr95_NA25_MICE.10.Y.IMP_5000",2.94418334960938,0.0508406162261963,"2025-11-28 01:05:20.012966"
"SimNLMNAR_rep5_n115000_d5_corr95_NA25","MICE.10.Y.IMP",5000,"[[1.54718376051473, 0.278410400040062, -1.81489252821883, -0.675502137232374, 0.894547781625492], [0.0142589026391703]]","SimNLMNAR_rep5_n115000_d5_corr95_NA25_MICE.10.Y.IMP_5000",2.9719603061676,0.0474364757537842,"2025-11-28 01:05:23.044"
"SimNLMNAR_rep6_n115000_d5_corr95_NA25","MICE.10.Y.IMP",5000,"[[1.08198155281976, 0.690888073232798, -1.66998451474209, -0.675207338777569, 0.828925993265236], [-0.0919281051031842]]","SimNLMNAR_rep6_n115000_d5_corr95_NA25_MICE.10.Y.IMP_5000",2.97553420066833,0.0473027229309082,"2025-11-28 01:05:26.096792"
"SimNLMNAR_rep7_n115000_d5_corr95_NA25","MICE.10.Y.IMP",5000,"[[1.99850237811095, -0.200878565221788, -1.55489018191949, -0.813695394393797, 0.854385575371727], [0.0647231971978034]]","SimNLMNAR_rep7_n115000_d5_corr95_NA25_MICE.10.Y.IMP_5000",2.96729969978333,0.0502755641937256,"2025-11-28 01:05:29.153117"
"SimNLMNAR_rep8_n115000_d5_corr95_NA25","MICE.10.Y.IMP",5000,"[[1.21718054880245, 0.285507294366352, -1.50036549012488, -0.6440765512468, 0.836332755508008], [-0.00742981278488076]]","SimNLMNAR_rep8_n115000_d5_corr95_NA25_MICE.10.Y.IMP_5000",3.04400277137756,0.0473785400390625,"2025-11-28 01:05:32.2043"
"SimNLMNAR_rep9_n115000_d5_corr95_NA25","MICE.10.Y.IMP",5000,"[[1.44674766196239, 0.342487459402844, -1.75510225648151, -0.711546380206887, 0.87866321223856], [-0.0792811734276532]]","SimNLMNAR_rep9_n115000_d5_corr95_NA25_MICE.10.Y.IMP_5000",3.01702690124512,0.0497901439666748,"2025-11-28 01:05:35.332969"
"SimNLMNAR_rep0_n115000_d5_corr95_NA25","MICE.10.Y.IMP",10000,"[[1.32952122813584, 0.655337105821549, -1.77134180295046, -0.771588787352722, 0.882344969531277], [-0.031972145147103]]","SimNLMNAR_rep0_n115000_d5_corr95_NA25_MICE.10.Y.IMP_10000",4.54326629638672,0.0564966201782227,"2025-11-28 01:05:38.433251"
"SimNLMNAR_rep1_n115000_d5_corr95_NA25","MICE.10.Y.IMP",10000,"[[1.03419592144063, 0.636893881659631, -1.55828148255824, -0.727656786026896, 0.843887639533306], [-0.0224472487310899]]","SimNLMNAR_rep1_n115000_d5_corr95_NA25_MICE.10.Y.IMP_10000",4.16902780532837,0.0550906658172607,"2025-11-28 01:05:43.071835"
"SimNLMNAR_rep2_n115000_d5_corr95_NA25","MICE.10.Y.IMP",10000,"[[1.32881453233061, 0.383444511202228, -1.61410012068243, -0.684806625571887, 0.827650484163265], [0.0304920418660795]]","SimNLMNAR_rep2_n115000_d5_corr95_NA25_MICE.10.Y.IMP_10000",3.72177314758301,0.0486834049224854,"2025-11-28 01:05:47.333811"
"SimNLMNAR_rep3_n115000_d5_corr95_NA25","MICE.10.Y.IMP",10000,"[[1.59171831458539, 0.348287059153968, -1.74934201413496, -0.762063508321385, 0.888997004936411], [-0.0422845738010017]]","SimNLMNAR_rep3_n115000_d5_corr95_NA25_MICE.10.Y.IMP_10000",3.70894145965576,0.0543720722198486,"2025-11-28 01:05:51.136922"
"SimNLMNAR_rep4_n115000_d5_corr95_NA25","MICE.10.Y.IMP",10000,"[[1.37199834657338, 0.342756819236458, -1.5633835201867, -0.728493785229576, 0.791863663822589], [-0.0954355387307217]]","SimNLMNAR_rep4_n115000_d5_corr95_NA25_MICE.10.Y.IMP_10000",5.08627724647522,0.057694673538208,"2025-11-28 01:04:55.562588"
"SimNLMNAR_rep5_n115000_d5_corr95_NA25","MICE.10.Y.IMP",10000,"[[1.52409076658139, 0.308384037899544, -1.71621584294746, -0.674554281839045, 0.851047903418915], [0.0315422243790465]]","SimNLMNAR_rep5_n115000_d5_corr95_NA25_MICE.10.Y.IMP_10000",3.80008745193481,0.0593278408050537,"2025-11-28 01:05:00.750958"
"SimNLMNAR_rep6_n115000_d5_corr95_NA25","MICE.10.Y.IMP",10000,"[[1.28659967834096, 0.76085174212726, -1.79305309827962, -0.766167557528136, 0.854298268390676], [0.0187572953048863]]","SimNLMNAR_rep6_n115000_d5_corr95_NA25_MICE.10.Y.IMP_10000",3.6690661907196,0.054487943649292,"2025-11-28 01:05:04.650988"
"SimNLMNAR_rep7_n115000_d5_corr95_NA25","MICE.10.Y.IMP",10000,"[[1.83431095712856, -0.102957502938103, -1.59393668588863, -0.751127253255863, 0.842698473048156], [0.0166665303407748]]","SimNLMNAR_rep7_n115000_d5_corr95_NA25_MICE.10.Y.IMP_10000",3.67355275154114,0.0489869117736816,"2025-11-28 01:05:08.406728"
"SimNLMNAR_rep8_n115000_d5_corr95_NA25","MICE.10.Y.IMP",10000,"[[1.18414053315432, 0.317989263466711, -1.48020585881877, -0.685413691939149, 0.828686141430471], [-0.0421538455016217]]","SimNLMNAR_rep8_n115000_d5_corr95_NA25_MICE.10.Y.IMP_10000",3.67204022407532,0.0542757511138916,"2025-11-28 01:05:12.161189"
"SimNLMNAR_rep9_n115000_d5_corr95_NA25","MICE.10.Y.IMP",10000,"[[1.24431767028892, 0.447554614916239, -1.56604750239442, -0.744022264173365, 0.846520821611709], [-0.0138789820274801]]","SimNLMNAR_rep9_n115000_d5_corr95_NA25_MICE.10.Y.IMP_10000",3.66233325004578,0.0532760620117188,"2025-11-28 01:05:15.918712"
"SimNLMNAR_rep0_n115000_d5_corr95_NA25","MICE.10.Y.IMP",50000,"[[1.33297136174496, 0.412415093970567, -1.59149044753679, -0.716344020917259, 0.843991516882635], [0.00781251324588886]]","SimNLMNAR_rep0_n115000_d5_corr95_NA25_MICE.10.Y.IMP_50000",14.1466360092163,0.100840330123901,"2025-11-28 01:05:19.667035"
"SimNLMNAR_rep1_n115000_d5_corr95_NA25","MICE.10.Y.IMP",50000,"[[1.44309864218619, 0.391367037342571, -1.64941915806121, -0.754224580055315, 0.854772504431539], [0.00942142190496961]]","SimNLMNAR_rep1_n115000_d5_corr95_NA25_MICE.10.Y.IMP_50000",12.7959275245667,0.559782743453979,"2025-11-28 01:05:33.947501"
"SimNLMNAR_rep2_n115000_d5_corr95_NA25","MICE.10.Y.IMP",50000,"[[1.29032256475473, 0.528663214344779, -1.66016824512942, -0.720522591908794, 0.853106535056211], [0.0188692533880085]]","SimNLMNAR_rep2_n115000_d5_corr95_NA25_MICE.10.Y.IMP_50000",11.9501187801361,0.498265027999878,"2025-11-28 01:05:47.336128"
"SimNLMNAR_rep3_n115000_d5_corr95_NA25","MICE.10.Y.IMP",50000,"[[1.38540425594716, 0.388018513156611, -1.63779295875518, -0.725465413334545, 0.854100276703396], [-0.0154878374503409]]","SimNLMNAR_rep3_n115000_d5_corr95_NA25_MICE.10.Y.IMP_50000",11.7980341911316,0.551273822784424,"2025-11-28 01:05:59.819726"
"SimNLMNAR_rep4_n115000_d5_corr95_NA25","MICE.10.Y.IMP",50000,"[[1.53570294141329, 0.238931517759826, -1.69020563439515, -0.684029556222935, 0.850239876103949], [-0.0381681422385419]]","SimNLMNAR_rep4_n115000_d5_corr95_NA25_MICE.10.Y.IMP_50000",11.8181214332581,0.49751091003418,"2025-11-28 01:06:12.20338"
"SimNLMNAR_rep5_n115000_d5_corr95_NA25","MICE.10.Y.IMP",50000,"[[1.41567617931279, 0.404832769113094, -1.66534450217706, -0.702621452289485, 0.839724786889398], [0.0123885990655331]]","SimNLMNAR_rep5_n115000_d5_corr95_NA25_MICE.10.Y.IMP_50000",11.7806761264801,0.112277030944824,"2025-11-28 01:06:24.552784"
"SimNLMNAR_rep6_n115000_d5_corr95_NA25","MICE.10.Y.IMP",50000,"[[1.41605587983597, 0.448878929875405, -1.69590274539726, -0.71768332408799, 0.850725333441698], [0.0080501009837733]]","SimNLMNAR_rep6_n115000_d5_corr95_NA25_MICE.10.Y.IMP_50000",12.7726912498474,0.103074789047241,"2025-11-28 01:06:36.479027"
"SimNLMNAR_rep7_n115000_d5_corr95_NA25","MICE.10.Y.IMP",50000,"[[1.47377549648589, 0.382695978994973, -1.69657996009266, -0.724254291374464, 0.842415857856011], [-0.0461951347629245]]","SimNLMNAR_rep7_n115000_d5_corr95_NA25_MICE.10.Y.IMP_50000",12.4699690341949,0.10146951675415,"2025-11-28 01:06:49.387116"
"SimNLMNAR_rep8_n115000_d5_corr95_NA25","MICE.10.Y.IMP",50000,"[[1.40045872313255, 0.409571081375295, -1.65349207260429, -0.730957680727309, 0.856429672728959], [0.0148236907811079]]","SimNLMNAR_rep8_n115000_d5_corr95_NA25_MICE.10.Y.IMP_50000",12.845860004425,0.101893663406372,"2025-11-28 01:07:01.990896"
"SimNLMNAR_rep9_n115000_d5_corr95_NA25","MICE.10.Y.IMP",50000,"[[1.37034746974621, 0.415362804622323, -1.63684018112974, -0.699367979626867, 0.839917059964947], [-0.0247725381034099]]","SimNLMNAR_rep9_n115000_d5_corr95_NA25_MICE.10.Y.IMP_50000",12.3648464679718,0.103091478347778,"2025-11-28 01:07:14.971054"
"SimNLMNAR_rep0_n115000_d5_corr95_NA25","MICE.10.M.IMP",100,"[[-1.88203936511629, 1.51359453678319, 0.253693735047554, -0.179858983150086, 0.18350700169677], [0.217140167697511]]","SimNLMNAR_rep0_n115000_d5_corr95_NA25_MICE.10.M.IMP_100",1.80203437805176,0.0428032875061035,"2025-11-28 01:07:27.471235"
"SimNLMNAR_rep1_n115000_d5_corr95_NA25","MICE.10.M.IMP",100,"[[1.00287363750966, -0.408539738421471, -0.601327761467412, -0.283073461395258, 0.311594414508928], [0.118096190551089]]","SimNLMNAR_rep1_n115000_d5_corr95_NA25_MICE.10.M.IMP_100",1.4028844833374,0.0374877452850342,"2025-11-28 01:07:29.346859"
"SimNLMNAR_rep2_n115000_d5_corr95_NA25","MICE.10.M.IMP",100,"[[0.431688572540292, -0.720423841512007, -0.030427023707561, -0.277672848802401, 0.286686291895278], [0.00240098713557757]]","SimNLMNAR_rep2_n115000_d5_corr95_NA25_MICE.10.M.IMP_100",1.39131689071655,0.0367064476013184,"2025-11-28 01:07:30.819232"
"SimNLMNAR_rep3_n115000_d5_corr95_NA25","MICE.10.M.IMP",100,"[[0.459857853824007, 0.437394230226103, -0.433606289191169, -0.339238697014492, 0.371745129774043], [0.121324886956668]]","SimNLMNAR_rep3_n115000_d5_corr95_NA25_MICE.10.M.IMP_100",1.3984808921814,0.0366191864013672,"2025-11-28 01:07:32.278229"
"SimNLMNAR_rep4_n115000_d5_corr95_NA25","MICE.10.M.IMP",100,"[[-1.31903085691775, 1.85277616937525, 0.144051035916248, -0.535934210765943, 0.308359339881111], [0.153044654264142]]","SimNLMNAR_rep4_n115000_d5_corr95_NA25_MICE.10.M.IMP_100",1.42884135246277,0.0364642143249512,"2025-11-28 01:07:33.743835"
"SimNLMNAR_rep5_n115000_d5_corr95_NA25","MICE.10.M.IMP",100,"[[0.90063915208655, 0.556404196927431, -0.442596737676268, -0.800927816195777, 0.402570752339499], [0.537948508779276]]","SimNLMNAR_rep5_n115000_d5_corr95_NA25_MICE.10.M.IMP_100",1.44114184379578,0.0443792343139648,"2025-11-28 01:07:35.238899"
"SimNLMNAR_rep6_n115000_d5_corr95_NA25","MICE.10.M.IMP",100,"[[1.32365404124805, -0.35927643291871, -0.551260223865869, -0.365343145081915, 0.370585821649224], [0.377192504858266]]","SimNLMNAR_rep6_n115000_d5_corr95_NA25_MICE.10.M.IMP_100",1.91200065612793,0.0362033843994141,"2025-11-28 01:07:36.761868"
"SimNLMNAR_rep7_n115000_d5_corr95_NA25","MICE.10.M.IMP",100,"[[0.772094713274226, -0.729823060083885, 0.570720954151029, -0.579268459230723, 0.294863691769663], [0.764508048666896]]","SimNLMNAR_rep7_n115000_d5_corr95_NA25_MICE.10.M.IMP_100",1.36749577522278,0.0428628921508789,"2025-11-28 01:07:38.741422"
"SimNLMNAR_rep8_n115000_d5_corr95_NA25","MICE.10.M.IMP",100,"[[0.772431447282283, 0.0115796024911814, -0.358542500846094, -0.314279709709491, 0.306074238644253], [0.283000155941818]]","SimNLMNAR_rep8_n115000_d5_corr95_NA25_MICE.10.M.IMP_100",2.39066100120544,0.0505108833312988,"2025-11-28 01:05:03.534944"
"SimNLMNAR_rep9_n115000_d5_corr95_NA25","MICE.10.M.IMP",100,"[[0.67626025483355, -0.979719552998526, 0.572110522038265, -0.326640033039966, 0.263934676979008], [0.453587817173499]]","SimNLMNAR_rep9_n115000_d5_corr95_NA25_MICE.10.M.IMP_100",1.97476005554199,0.0635814666748047,"2025-11-28 01:05:06.024984"
"SimNLMNAR_rep0_n115000_d5_corr95_NA25","MICE.10.M.IMP",500,"[[-0.22724701947347, 0.592302781639196, -0.398780845547982, -0.221162500617605, 0.276833286303286], [0.154632220324024]]","SimNLMNAR_rep0_n115000_d5_corr95_NA25_MICE.10.M.IMP_500",2.04443669319153,0.0442776679992676,"2025-11-28 01:05:08.101883"
"SimNLMNAR_rep1_n115000_d5_corr95_NA25","MICE.10.M.IMP",500,"[[0.310830077105015, 0.249801414591812, -0.152281105469117, -0.487580266735641, 0.268071363241064], [0.273409040479878]]","SimNLMNAR_rep1_n115000_d5_corr95_NA25_MICE.10.M.IMP_500",2.01609706878662,0.0411200523376465,"2025-11-28 01:05:10.222874"
"SimNLMNAR_rep2_n115000_d5_corr95_NA25","MICE.10.M.IMP",500,"[[0.354513008658124, -0.138349164156827, -0.442336577819581, -0.274132373917712, 0.345805337614918], [0.277268290137376]]","SimNLMNAR_rep2_n115000_d5_corr95_NA25_MICE.10.M.IMP_500",1.55904746055603,0.0418515205383301,"2025-11-28 01:05:12.314436"
"SimNLMNAR_rep3_n115000_d5_corr95_NA25","MICE.10.M.IMP",500,"[[0.440494378681919, 0.298857042682206, -0.60663309231944, -0.388342751700529, 0.300714368320549], [0.144010127515857]]","SimNLMNAR_rep3_n115000_d5_corr95_NA25_MICE.10.M.IMP_500",2.01211547851562,0.0446412563323975,"2025-11-28 01:05:13.9518"
"SimNLMNAR_rep4_n115000_d5_corr95_NA25","MICE.10.M.IMP",500,"[[0.324841772129536, 0.345602678972543, -0.387232864734627, -0.480645212105272, 0.316793224403993], [0.148746711494668]]","SimNLMNAR_rep4_n115000_d5_corr95_NA25_MICE.10.M.IMP_500",1.57112383842468,0.0417039394378662,"2025-11-28 01:05:16.045836"
"SimNLMNAR_rep5_n115000_d5_corr95_NA25","MICE.10.M.IMP",500,"[[0.3801061056418, 0.128898793064077, -0.178633065126046, -0.404915293706712, 0.320777446711737], [0.278865122718177]]","SimNLMNAR_rep5_n115000_d5_corr95_NA25_MICE.10.M.IMP_500",2.02297711372375,0.0557737350463867,"2025-11-28 01:05:17.690801"
"SimNLMNAR_rep6_n115000_d5_corr95_NA25","MICE.10.M.IMP",500,"[[0.595135600911017, -0.148516977010703, -0.357355718260258, -0.335471813641162, 0.318422450724093], [0.108185648191371]]","SimNLMNAR_rep6_n115000_d5_corr95_NA25_MICE.10.M.IMP_500",1.5338761806488,0.0411069393157959,"2025-11-28 01:05:19.807273"
"SimNLMNAR_rep7_n115000_d5_corr95_NA25","MICE.10.M.IMP",500,"[[0.338869462256897, 0.0556115127928919, -0.293449298158628, -0.294350898591714, 0.271665691818464], [0.148966136789511]]","SimNLMNAR_rep7_n115000_d5_corr95_NA25_MICE.10.M.IMP_500",1.97209024429321,0.0447068214416504,"2025-11-28 01:05:21.419244"
"SimNLMNAR_rep8_n115000_d5_corr95_NA25","MICE.10.M.IMP",500,"[[0.238907850892066, 0.287398902150664, -0.634539209074365, -0.250732142799269, 0.373349366139115], [0.264455485065715]]","SimNLMNAR_rep8_n115000_d5_corr95_NA25_MICE.10.M.IMP_500",1.52903056144714,0.0410356521606445,"2025-11-28 01:05:23.466955"
"SimNLMNAR_rep9_n115000_d5_corr95_NA25","MICE.10.M.IMP",500,"[[0.0975834585490296, 0.41523814662421, -0.439922091399781, -0.2966283299715, 0.282686841774512], [0.129268185356173]]","SimNLMNAR_rep9_n115000_d5_corr95_NA25_MICE.10.M.IMP_500",2.03792309761047,0.046550989151001,"2025-11-28 01:05:25.068608"
"SimNLMNAR_rep0_n115000_d5_corr95_NA25","MICE.10.M.IMP",1000,"[[0.204037925670504, 0.282046503630624, -0.369649785503652, -0.309452597338584, 0.294359703654376], [0.206186101898948]]","SimNLMNAR_rep0_n115000_d5_corr95_NA25_MICE.10.M.IMP_1000",1.63640785217285,0.0454323291778564,"2025-11-28 01:05:27.188101"
"SimNLMNAR_rep1_n115000_d5_corr95_NA25","MICE.10.M.IMP",1000,"[[0.368548328111564, 0.365377720554352, -0.361866516882699, -0.421054524728438, 0.290540116050446], [0.209984376777216]]","SimNLMNAR_rep1_n115000_d5_corr95_NA25_MICE.10.M.IMP_1000",2.0343906879425,0.0510892868041992,"2025-11-28 01:05:28.901714"
"SimNLMNAR_rep2_n115000_d5_corr95_NA25","MICE.10.M.IMP",1000,"[[0.36999907873452, 0.0436251254450298, -0.487384236959646, -0.276615397672336, 0.349368398258109], [0.27995386349328]]","SimNLMNAR_rep2_n115000_d5_corr95_NA25_MICE.10.M.IMP_1000",2.0847761631012,0.0414276123046875,"2025-11-28 01:05:31.019032"
"SimNLMNAR_rep3_n115000_d5_corr95_NA25","MICE.10.M.IMP",1000,"[[0.3980380794876, 0.211724152522483, -0.472586276464322, -0.392562279737904, 0.299505550837717], [0.163712448402422]]","SimNLMNAR_rep3_n115000_d5_corr95_NA25_MICE.10.M.IMP_1000",1.67202019691467,0.0427353382110596,"2025-11-28 01:05:33.177713"
"SimNLMNAR_rep4_n115000_d5_corr95_NA25","MICE.10.M.IMP",1000,"[[0.367893779641895, 0.128235718510501, -0.247121430981695, -0.418359924163702, 0.28810214077596], [0.158401477453777]]","SimNLMNAR_rep4_n115000_d5_corr95_NA25_MICE.10.M.IMP_1000",2.2114953994751,0.0422279834747314,"2025-11-28 01:05:34.926335"
"SimNLMNAR_rep5_n115000_d5_corr95_NA25","MICE.10.M.IMP",1000,"[[0.25680958808535, 0.347589434248445, -0.414711718982523, -0.368240312306664, 0.326502734481307], [0.274138244585781]]","SimNLMNAR_rep5_n115000_d5_corr95_NA25_MICE.10.M.IMP_1000",2.15400743484497,0.0476808547973633,"2025-11-28 01:05:37.211831"
"SimNLMNAR_rep6_n115000_d5_corr95_NA25","MICE.10.M.IMP",1000,"[[0.310497773779421, 0.240138748586682, -0.438358247577434, -0.354171872580772, 0.323326446881822], [0.161000967442946]]","SimNLMNAR_rep6_n115000_d5_corr95_NA25_MICE.10.M.IMP_1000",2.23464322090149,0.0392251014709473,"2025-11-28 01:05:39.444243"
"SimNLMNAR_rep7_n115000_d5_corr95_NA25","MICE.10.M.IMP",1000,"[[0.423476954927987, 0.339111025934809, -0.606854310673162, -0.328862380590078, 0.306571429261968], [0.156600648766309]]","SimNLMNAR_rep7_n115000_d5_corr95_NA25_MICE.10.M.IMP_1000",1.7177152633667,0.0428934097290039,"2025-11-28 01:05:41.750778"
"SimNLMNAR_rep8_n115000_d5_corr95_NA25","MICE.10.M.IMP",1000,"[[0.391321697549441, 0.46859708822239, -0.762567638372377, -0.333786422322677, 0.349420643023983], [0.138581884139207]]","SimNLMNAR_rep8_n115000_d5_corr95_NA25_MICE.10.M.IMP_1000",2.11735558509827,0.0423305034637451,"2025-11-28 01:05:43.546672"
"SimNLMNAR_rep9_n115000_d5_corr95_NA25","MICE.10.M.IMP",1000,"[[0.323486305484681, 0.191761188426377, -0.610554603064136, -0.243008930796206, 0.32064685273943], [0.0971484577334232]]","SimNLMNAR_rep9_n115000_d5_corr95_NA25_MICE.10.M.IMP_1000",1.75102663040161,0.0488336086273193,"2025-11-28 01:05:45.738976"
"SimNLMNAR_rep0_n115000_d5_corr95_NA25","MICE.10.M.IMP",5000,"[[0.277313926575841, 0.381733428655958, -0.507208053939929, -0.348043667886987, 0.305499579595948], [0.180947816629273]]","SimNLMNAR_rep0_n115000_d5_corr95_NA25_MICE.10.M.IMP_5000",3.16163492202759,0.0497336387634277,"2025-11-28 01:05:47.571031"
"SimNLMNAR_rep1_n115000_d5_corr95_NA25","MICE.10.M.IMP",5000,"[[0.294839953520055, 0.305470955399301, -0.422110587396807, -0.369348246038462, 0.305864903518493], [0.162945292222957]]","SimNLMNAR_rep1_n115000_d5_corr95_NA25_MICE.10.M.IMP_5000",3.19814682006836,0.049457311630249,"2025-11-28 01:05:50.814728"
"SimNLMNAR_rep2_n115000_d5_corr95_NA25","MICE.10.M.IMP",5000,"[[0.380105572233274, 0.271379995650705, -0.543125571975146, -0.329643105331843, 0.317645213796204], [0.167960019178944]]","SimNLMNAR_rep2_n115000_d5_corr95_NA25_MICE.10.M.IMP_5000",3.09807062149048,0.0563967227935791,"2025-11-28 01:05:54.096219"
"SimNLMNAR_rep3_n115000_d5_corr95_NA25","MICE.10.M.IMP",5000,"[[0.338168859744101, 0.37862140510885, -0.521621105036157, -0.346677457737158, 0.312401053655892], [0.11343494314225]]","SimNLMNAR_rep3_n115000_d5_corr95_NA25_MICE.10.M.IMP_5000",4.20892691612244,0.057187557220459,"2025-11-28 01:05:11.279499"
"SimNLMNAR_rep4_n115000_d5_corr95_NA25","MICE.10.M.IMP",5000,"[[0.440986205126288, 0.220332233180678, -0.475646901678877, -0.358928271916465, 0.274803964449534], [0.107142553105585]]","SimNLMNAR_rep4_n115000_d5_corr95_NA25_MICE.10.M.IMP_5000",3.64522361755371,0.0765705108642578,"2025-11-28 01:05:15.594981"
"SimNLMNAR_rep5_n115000_d5_corr95_NA25","MICE.10.M.IMP",5000,"[[0.482724162968822, 0.196256408236517, -0.519925400525634, -0.339809437127663, 0.310538381561734], [0.217645135274551]]","SimNLMNAR_rep5_n115000_d5_corr95_NA25_MICE.10.M.IMP_5000",3.86913967132568,0.0525193214416504,"2025-11-28 01:05:19.35803"
"SimNLMNAR_rep6_n115000_d5_corr95_NA25","MICE.10.M.IMP",5000,"[[0.364297692554014, 0.326393672360674, -0.531585019080144, -0.335911006625622, 0.301301621548426], [0.138167753944601]]","SimNLMNAR_rep6_n115000_d5_corr95_NA25_MICE.10.M.IMP_5000",3.6232647895813,0.0470263957977295,"2025-11-28 01:05:23.316485"
"SimNLMNAR_rep7_n115000_d5_corr95_NA25","MICE.10.M.IMP",5000,"[[0.586322345263168, 0.0945664954237264, -0.448383231407043, -0.393795735439274, 0.293883574160457], [0.178564828400612]]","SimNLMNAR_rep7_n115000_d5_corr95_NA25_MICE.10.M.IMP_5000",2.92414546012878,0.0486390590667725,"2025-11-28 01:05:27.021813"
"SimNLMNAR_rep8_n115000_d5_corr95_NA25","MICE.10.M.IMP",5000,"[[0.375389392238113, 0.312651046321555, -0.530055668225379, -0.33611778026113, 0.317474925195168], [0.171982139937099]]","SimNLMNAR_rep8_n115000_d5_corr95_NA25_MICE.10.M.IMP_5000",2.98305583000183,0.052325963973999,"2025-11-28 01:05:30.026402"
"SimNLMNAR_rep9_n115000_d5_corr95_NA25","MICE.10.M.IMP",5000,"[[0.356006664930095, 0.352941239760017, -0.54431388894588, -0.361465774296847, 0.306127103213351], [0.122721027113215]]","SimNLMNAR_rep9_n115000_d5_corr95_NA25_MICE.10.M.IMP_5000",2.91057348251343,0.0514183044433594,"2025-11-28 01:05:33.092307"
"SimNLMNAR_rep0_n115000_d5_corr95_NA25","MICE.10.M.IMP",10000,"[[0.316814852195986, 0.396347451638385, -0.537386523205625, -0.374374689870568, 0.312998685131698], [0.160423904454801]]","SimNLMNAR_rep0_n115000_d5_corr95_NA25_MICE.10.M.IMP_10000",4.34625697135925,0.0587599277496338,"2025-11-28 01:05:36.084711"
"SimNLMNAR_rep1_n115000_d5_corr95_NA25","MICE.10.M.IMP",10000,"[[0.227470476431037, 0.431659330688232, -0.496995287893294, -0.357194690361673, 0.300917994337355], [0.153467410382326]]","SimNLMNAR_rep1_n115000_d5_corr95_NA25_MICE.10.M.IMP_10000",4.81373047828674,0.055772066116333,"2025-11-28 01:05:40.51951"
"SimNLMNAR_rep2_n115000_d5_corr95_NA25","MICE.10.M.IMP",10000,"[[0.291351304115087, 0.36181972613864, -0.513345912899725, -0.334499684283554, 0.300410046895695], [0.166857773986488]]","SimNLMNAR_rep2_n115000_d5_corr95_NA25_MICE.10.M.IMP_10000",4.15251302719116,0.0562469959259033,"2025-11-28 01:05:45.419619"
"SimNLMNAR_rep3_n115000_d5_corr95_NA25","MICE.10.M.IMP",10000,"[[0.335204203932809, 0.446305074224229, -0.553968276998891, -0.372941945011624, 0.313492246881887], [0.147369386742822]]","SimNLMNAR_rep3_n115000_d5_corr95_NA25_MICE.10.M.IMP_10000",4.11425256729126,0.0607352256774902,"2025-11-28 01:05:49.662061"
"SimNLMNAR_rep4_n115000_d5_corr95_NA25","MICE.10.M.IMP",10000,"[[0.329369195934352, 0.409205522834957, -0.537214720144992, -0.376921196458965, 0.28286464807263], [0.0817926843420267]]","SimNLMNAR_rep4_n115000_d5_corr95_NA25_MICE.10.M.IMP_10000",4.15439581871033,0.0598416328430176,"2025-11-28 01:05:53.870799"
"SimNLMNAR_rep5_n115000_d5_corr95_NA25","MICE.10.M.IMP",10000,"[[0.434978237081531, 0.213574223136872, -0.511015613445705, -0.334677545485373, 0.304501606336484], [0.19981034537188]]","SimNLMNAR_rep5_n115000_d5_corr95_NA25_MICE.10.M.IMP_10000",4.57366943359375,0.0649247169494629,"2025-11-28 01:05:58.120237"
"SimNLMNAR_rep6_n115000_d5_corr95_NA25","MICE.10.M.IMP",10000,"[[0.355505544422448, 0.410829330261708, -0.564405135650529, -0.365525653707604, 0.301819372522486], [0.158737008269622]]","SimNLMNAR_rep6_n115000_d5_corr95_NA25_MICE.10.M.IMP_10000",4.07512283325195,0.0634527206420898,"2025-11-28 01:06:02.791048"
"SimNLMNAR_rep7_n115000_d5_corr95_NA25","MICE.10.M.IMP",10000,"[[0.461539583115712, 0.227246133624982, -0.51378339414463, -0.381059868738534, 0.297279098564236], [0.148967869307769]]","SimNLMNAR_rep7_n115000_d5_corr95_NA25_MICE.10.M.IMP_10000",4.11758065223694,0.0625543594360352,"2025-11-28 01:06:06.962594"
"SimNLMNAR_rep8_n115000_d5_corr95_NA25","MICE.10.M.IMP",10000,"[[0.329848638162377, 0.319872941345324, -0.532238415666061, -0.327567819127553, 0.3102078206843], [0.148297378877876]]","SimNLMNAR_rep8_n115000_d5_corr95_NA25_MICE.10.M.IMP_10000",4.10087966918945,0.057166576385498,"2025-11-28 01:06:11.175408"
"SimNLMNAR_rep9_n115000_d5_corr95_NA25","MICE.10.M.IMP",10000,"[[0.304011055950466, 0.359495744913965, -0.511792726469296, -0.351748952893257, 0.308207716027027], [0.133650796763673]]","SimNLMNAR_rep9_n115000_d5_corr95_NA25_MICE.10.M.IMP_10000",4.11953783035278,0.0572452545166016,"2025-11-28 01:06:15.365358"
"SimNLMNAR_rep0_n115000_d5_corr95_NA25","MICE.10.M.IMP",50000,"[[0.337456145435692, 0.35180407545836, -0.519970517645721, -0.351327463471049, 0.307212495534909], [0.17014753963332]]","SimNLMNAR_rep0_n115000_d5_corr95_NA25_MICE.10.M.IMP_50000",14.8427691459656,0.127080678939819,"2025-11-28 01:06:19.574067"
"SimNLMNAR_rep1_n115000_d5_corr95_NA25","MICE.10.M.IMP",50000,"[[0.332747789109164, 0.341003313499093, -0.51337441081596, -0.354730981665897, 0.307068934007037], [0.16330098605637]]","SimNLMNAR_rep1_n115000_d5_corr95_NA25_MICE.10.M.IMP_50000",13.6685347557068,0.133552312850952,"2025-11-28 01:06:34.578213"
"SimNLMNAR_rep2_n115000_d5_corr95_NA25","MICE.10.M.IMP",50000,"[[0.310268796196606, 0.38165084000696, -0.535699877052111, -0.350690857534059, 0.310547712539343], [0.154026262326053]]","SimNLMNAR_rep2_n115000_d5_corr95_NA25_MICE.10.M.IMP_50000",12.2336370944977,0.117909908294678,"2025-11-28 01:06:48.83151"
"SimNLMNAR_rep3_n115000_d5_corr95_NA25","MICE.10.M.IMP",50000,"[[0.319166933083224, 0.353124483497407, -0.526855518704052, -0.344324803127168, 0.307197077969362], [0.148023709005302]]","SimNLMNAR_rep3_n115000_d5_corr95_NA25_MICE.10.M.IMP_50000",12.6335756778717,0.117384672164917,"2025-11-28 01:07:01.215125"
"SimNLMNAR_rep4_n115000_d5_corr95_NA25","MICE.10.M.IMP",50000,"[[0.361169026285515, 0.31528778735889, -0.538774746303515, -0.338124475863183, 0.301750561582803], [0.135075880173348]]","SimNLMNAR_rep4_n115000_d5_corr95_NA25_MICE.10.M.IMP_50000",12.5390124320984,0.122230291366577,"2025-11-28 01:07:14.006589"
"SimNLMNAR_rep5_n115000_d5_corr95_NA25","MICE.10.M.IMP",50000,"[[0.352997428105808, 0.309262548801508, -0.515992890942167, -0.329984104365721, 0.298990280346255], [0.175167637672124]]","SimNLMNAR_rep5_n115000_d5_corr95_NA25_MICE.10.M.IMP_50000",12.6401057243347,0.113599538803101,"2025-11-28 01:07:26.699876"
"SimNLMNAR_rep6_n115000_d5_corr95_NA25","MICE.10.M.IMP",50000,"[[0.359955341707913, 0.355354691532475, -0.551457125492799, -0.347300573979836, 0.302187627575412], [0.152485433916096]]","SimNLMNAR_rep6_n115000_d5_corr95_NA25_MICE.10.M.IMP_50000",12.0989816188812,0.115853786468506,"2025-11-28 01:07:39.485412"
"SimNLMNAR_rep7_n115000_d5_corr95_NA25","MICE.10.M.IMP",50000,"[[0.332728196177469, 0.370207181242885, -0.546666257460446, -0.353749943172614, 0.304582640501837], [0.123386299706285]]","SimNLMNAR_rep7_n115000_d5_corr95_NA25_MICE.10.M.IMP_50000",16.6857352256775,0.122155666351318,"2025-11-28 01:05:18.715564"
"SimNLMNAR_rep8_n115000_d5_corr95_NA25","MICE.10.M.IMP",50000,"[[0.36199405523542, 0.318895886794728, -0.513117970713921, -0.351800661657447, 0.303078910469678], [0.164597890947052]]","SimNLMNAR_rep8_n115000_d5_corr95_NA25_MICE.10.M.IMP_50000",14.0282270908356,0.122269630432129,"2025-11-28 01:05:35.580438"
"SimNLMNAR_rep9_n115000_d5_corr95_NA25","MICE.10.M.IMP",50000,"[[0.319357724108338, 0.351048002774059, -0.521330490380854, -0.33625857426407, 0.299235184946673], [0.133839709921089]]","SimNLMNAR_rep9_n115000_d5_corr95_NA25_MICE.10.M.IMP_50000",12.4897212982178,0.110139131546021,"2025-11-28 01:05:49.768133"
"SimNLMNAR_rep0_n115000_d5_corr95_NA25","MICE.10.Y.M.IMP",100,"[[-3.68368686205282, 2.46107542556136, 0.249061595058565, -0.179977065119591, 0.621690518661075], [0.0397864405194657]]","SimNLMNAR_rep0_n115000_d5_corr95_NA25_MICE.10.Y.M.IMP_100",1.76845026016235,0.0462646484375,"2025-11-28 01:06:02.400027"
"SimNLMNAR_rep1_n115000_d5_corr95_NA25","MICE.10.Y.M.IMP",100,"[[1.83769403369608, -1.03029931479946, -2.06943642882413, -0.448510510377717, 0.971364784733405], [-0.576136892858986]]","SimNLMNAR_rep1_n115000_d5_corr95_NA25_MICE.10.Y.M.IMP_100",1.72471761703491,0.0400640964508057,"2025-11-28 01:06:04.245441"
"SimNLMNAR_rep2_n115000_d5_corr95_NA25","MICE.10.Y.M.IMP",100,"[[1.85991058818198, -0.809604999510549, -1.11855930844519, -1.71941609328051, 1.02473269185462], [-0.473587366415985]]","SimNLMNAR_rep2_n115000_d5_corr95_NA25_MICE.10.Y.M.IMP_100",1.72603583335876,0.0462691783905029,"2025-11-28 01:06:06.039918"
"SimNLMNAR_rep3_n115000_d5_corr95_NA25","MICE.10.Y.M.IMP",100,"[[1.48908890120948, 1.45692578376359, -1.89802004360995, -1.19591759169878, 1.50452815552785], [-0.514150370557258]]","SimNLMNAR_rep3_n115000_d5_corr95_NA25_MICE.10.Y.M.IMP_100",2.16250157356262,0.0389020442962646,"2025-11-28 01:06:07.842381"
"SimNLMNAR_rep4_n115000_d5_corr95_NA25","MICE.10.Y.M.IMP",100,"[[-1.67036469173166, 1.81383961497211, 0.238485659225709, -0.966926654502135, 0.683462263887345], [-0.0755840908149383]]","SimNLMNAR_rep4_n115000_d5_corr95_NA25_MICE.10.Y.M.IMP_100",1.73683404922485,0.0493547916412354,"2025-11-28 01:06:10.07355"
"SimNLMNAR_rep5_n115000_d5_corr95_NA25","MICE.10.Y.M.IMP",100,"[[2.66890419876248, 1.11183224875887, -1.6895995957734, -2.18357678257897, 0.895109585890262], [0.360121972260656]]","SimNLMNAR_rep5_n115000_d5_corr95_NA25_MICE.10.Y.M.IMP_100",1.72566390037537,0.0480554103851318,"2025-11-28 01:06:11.891212"
"SimNLMNAR_rep6_n115000_d5_corr95_NA25","MICE.10.Y.M.IMP",100,"[[354.167699380504, 146.807373435451, -538.350119707139, -132.977344004718, 128.642862381145], [-286.910607900751]]","SimNLMNAR_rep6_n115000_d5_corr95_NA25_MICE.10.Y.M.IMP_100",1.75941276550293,0.0405683517456055,"2025-11-28 01:06:13.69873"
"SimNLMNAR_rep7_n115000_d5_corr95_NA25","MICE.10.Y.M.IMP",100,"[[2.01727633682755, -1.51659872908734, 0.681523918815666, -1.59617768841417, 0.688916573252007], [1.1514496044805]]","SimNLMNAR_rep7_n115000_d5_corr95_NA25_MICE.10.Y.M.IMP_100",1.74310970306396,0.0470597743988037,"2025-11-28 01:06:15.530024"
"SimNLMNAR_rep8_n115000_d5_corr95_NA25","MICE.10.Y.M.IMP",100,"[[1.57356228270357, -0.215516634420995, -1.0442379616957, -0.449948566800584, 0.653238045845341], [0.39075944508174]]","SimNLMNAR_rep8_n115000_d5_corr95_NA25_MICE.10.Y.M.IMP_100",1.7888708114624,0.048147439956665,"2025-11-28 01:06:17.35363"
"SimNLMNAR_rep9_n115000_d5_corr95_NA25","MICE.10.Y.M.IMP",100,"[[1.00963633307526, -0.688268147812175, -0.142034881048162, -0.644959526161458, 0.55934663764807], [0.434622770373227]]","SimNLMNAR_rep9_n115000_d5_corr95_NA25_MICE.10.Y.M.IMP_100",2.22176790237427,0.0402131080627441,"2025-11-28 01:06:19.221632"
"SimNLMNAR_rep0_n115000_d5_corr95_NA25","MICE.10.Y.M.IMP",500,"[[-0.196393423055434, 1.7854180703316, -1.98213301357173, -0.462574691239199, 0.847665014588901], [-0.260923711690337]]","SimNLMNAR_rep0_n115000_d5_corr95_NA25_MICE.10.Y.M.IMP_500",1.86159038543701,0.0483951568603516,"2025-11-28 01:06:21.514191"
"SimNLMNAR_rep1_n115000_d5_corr95_NA25","MICE.10.Y.M.IMP",500,"[[0.869574294309672, 0.505394290922444, -0.863336552594802, -0.96296993793769, 0.685909113172244], [0.0519725259492531]]","SimNLMNAR_rep1_n115000_d5_corr95_NA25_MICE.10.Y.M.IMP_500",2.31424140930176,0.0412859916687012,"2025-11-28 01:06:23.455148"
"SimNLMNAR_rep2_n115000_d5_corr95_NA25","MICE.10.Y.M.IMP",500,"[[1.07969720743118, 0.177842743812399, -1.69139980475689, -0.747590798398792, 0.949062995071989], [0.0774220975940449]]","SimNLMNAR_rep2_n115000_d5_corr95_NA25_MICE.10.Y.M.IMP_500",1.90619874000549,0.0411393642425537,"2025-11-28 01:06:25.840728"
"SimNLMNAR_rep3_n115000_d5_corr95_NA25","MICE.10.Y.M.IMP",500,"[[1.46211339900785, 0.206961197998516, -1.30535744450074, -1.1462056705639, 0.95914863288092], [0.242554516840579]]","SimNLMNAR_rep3_n115000_d5_corr95_NA25_MICE.10.Y.M.IMP_500",1.81778955459595,0.0397613048553467,"2025-11-28 01:06:27.819318"
"SimNLMNAR_rep4_n115000_d5_corr95_NA25","MICE.10.Y.M.IMP",500,"[[1.56599347695447, -0.693270589049613, -1.11315166290157, -0.606064785647599, 0.826887648751196], [-0.178548493376143]]","SimNLMNAR_rep4_n115000_d5_corr95_NA25_MICE.10.Y.M.IMP_500",1.82821559906006,0.0403766632080078,"2025-11-28 01:06:29.708192"
"SimNLMNAR_rep5_n115000_d5_corr95_NA25","MICE.10.Y.M.IMP",500,"[[1.22148702589764, 0.259553013587036, -1.07416399005034, -1.0054076068008, 0.789902861480036], [0.000154408198426574]]","SimNLMNAR_rep5_n115000_d5_corr95_NA25_MICE.10.Y.M.IMP_500",1.84600067138672,0.0413665771484375,"2025-11-28 01:06:31.60944"
"SimNLMNAR_rep6_n115000_d5_corr95_NA25","MICE.10.Y.M.IMP",500,"[[3.03422620126803, -1.21982822373253, -1.56634070129767, -0.909279847199078, 0.990446246897715], [-0.217520115339371]]","SimNLMNAR_rep6_n115000_d5_corr95_NA25_MICE.10.Y.M.IMP_500",1.92341589927673,0.0485231876373291,"2025-11-28 01:06:33.528016"
"SimNLMNAR_rep7_n115000_d5_corr95_NA25","MICE.10.Y.M.IMP",500,"[[1.01126834141049, -0.0268996301232168, -1.15119401405942, -0.537940731937185, 0.686055160987734], [-0.0378766477756732]]","SimNLMNAR_rep7_n115000_d5_corr95_NA25_MICE.10.Y.M.IMP_500",1.87252807617188,0.0480916500091553,"2025-11-28 01:06:35.562003"
"SimNLMNAR_rep8_n115000_d5_corr95_NA25","MICE.10.Y.M.IMP",500,"[[1.25481627840672, 0.26878453243033, -1.75118693341868, -0.519517210635178, 0.918732581198511], [0.361090893960336]]","SimNLMNAR_rep8_n115000_d5_corr95_NA25_MICE.10.Y.M.IMP_500",2.34756016731262,0.0399057865142822,"2025-11-28 01:06:37.512947"
"SimNLMNAR_rep9_n115000_d5_corr95_NA25","MICE.10.Y.M.IMP",500,"[[1.15894663627632, -0.0413753357864226, -1.2784674430423, -0.687596741105032, 0.922830784663511], [0.133461352778184]]","SimNLMNAR_rep9_n115000_d5_corr95_NA25_MICE.10.Y.M.IMP_500",2.19745087623596,0.0509247779846191,"2025-11-28 01:06:39.931933"
"SimNLMNAR_rep0_n115000_d5_corr95_NA25","MICE.10.Y.M.IMP",1000,"[[-0.113576410929038, 2.20598990041131, -2.0389800479372, -0.756083167897724, 0.927937313844012], [-0.19639400774092]]","SimNLMNAR_rep0_n115000_d5_corr95_NA25_MICE.10.Y.M.IMP_1000",2.75342035293579,0.0563523769378662,"2025-11-28 01:06:42.215107"
"SimNLMNAR_rep1_n115000_d5_corr95_NA25","MICE.10.Y.M.IMP",1000,"[[0.786698787451808, 0.861015744112372, -1.30911455395793, -0.85988828983219, 0.837714144347681], [-0.0847696707169231]]","SimNLMNAR_rep1_n115000_d5_corr95_NA25_MICE.10.Y.M.IMP_1000",2.73086524009705,0.0503981113433838,"2025-11-28 01:06:45.064689"
"SimNLMNAR_rep2_n115000_d5_corr95_NA25","MICE.10.Y.M.IMP",1000,"[[1.53025394729232, -0.457589301943374, -1.44038291546093, -0.683485610733384, 0.944959465427996], [0.183399652658653]]","SimNLMNAR_rep2_n115000_d5_corr95_NA25_MICE.10.Y.M.IMP_1000",3.52482342720032,0.0457241535186768,"2025-11-28 01:05:26.387239"
"SimNLMNAR_rep3_n115000_d5_corr95_NA25","MICE.10.Y.M.IMP",1000,"[[1.56559889474104, -0.21035919337775, -1.42719810980037, -0.788107837918796, 0.873798432271646], [-0.0530091348590074]]","SimNLMNAR_rep3_n115000_d5_corr95_NA25_MICE.10.Y.M.IMP_1000",2.6318895816803,0.0569431781768799,"2025-11-28 01:05:30.002763"
"SimNLMNAR_rep4_n115000_d5_corr95_NA25","MICE.10.Y.M.IMP",1000,"[[1.65877143380189, -0.336530011039828, -1.13081473917343, -0.783706385167341, 0.763474653374402], [-0.115308158772587]]","SimNLMNAR_rep4_n115000_d5_corr95_NA25_MICE.10.Y.M.IMP_1000",2.67723655700684,0.0457339286804199,"2025-11-28 01:05:32.73361"
"SimNLMNAR_rep5_n115000_d5_corr95_NA25","MICE.10.Y.M.IMP",1000,"[[0.880477106273695, 0.292593938532975, -1.00155724158643, -0.768512064510657, 0.773130727944859], [0.0979321777402412]]","SimNLMNAR_rep5_n115000_d5_corr95_NA25_MICE.10.Y.M.IMP_1000",2.72884774208069,0.0508806705474854,"2025-11-28 01:05:35.49066"
"SimNLMNAR_rep6_n115000_d5_corr95_NA25","MICE.10.Y.M.IMP",1000,"[[1.75097631211483, -0.0297041136254503, -1.66220286937828, -0.744395188666293, 0.890776449236504], [-0.157414335252592]]","SimNLMNAR_rep6_n115000_d5_corr95_NA25_MICE.10.Y.M.IMP_1000",2.73349976539612,0.0582163333892822,"2025-11-28 01:05:38.30733"
"SimNLMNAR_rep7_n115000_d5_corr95_NA25","MICE.10.Y.M.IMP",1000,"[[1.91257448303809, 0.344547737118724, -2.00099650444791, -0.791946379943133, 0.952354481892412], [-0.0742174721897804]]","SimNLMNAR_rep7_n115000_d5_corr95_NA25_MICE.10.Y.M.IMP_1000",2.85385584831238,0.0537345409393311,"2025-11-28 01:05:41.139695"
"SimNLMNAR_rep8_n115000_d5_corr95_NA25","MICE.10.Y.M.IMP",1000,"[[1.31037053213404, 0.438172857637629, -1.96858131867242, -0.561607700095717, 0.894777609924211], [-0.0475543957793456]]","SimNLMNAR_rep8_n115000_d5_corr95_NA25_MICE.10.Y.M.IMP_1000",2.83142018318176,0.0534493923187256,"2025-11-28 01:05:44.085526"
"SimNLMNAR_rep9_n115000_d5_corr95_NA25","MICE.10.Y.M.IMP",1000,"[[0.828953816453534, 0.623513093307432, -1.93730744133837, -0.524371114719467, 0.934735905575779], [-0.0988931538800953]]","SimNLMNAR_rep9_n115000_d5_corr95_NA25_MICE.10.Y.M.IMP_1000",2.80038857460022,0.0458624362945557,"2025-11-28 01:05:47.003999"
"SimNLMNAR_rep0_n115000_d5_corr95_NA25","MICE.10.Y.M.IMP",5000,"[[0.814785967763691, 0.99194738264738, -1.75859540243313, -0.759009892241434, 0.913979014623076], [-0.0768421768014053]]","SimNLMNAR_rep0_n115000_d5_corr95_NA25_MICE.10.Y.M.IMP_5000",3.90562534332275,0.0531380176544189,"2025-11-28 01:05:49.885056"
"SimNLMNAR_rep1_n115000_d5_corr95_NA25","MICE.10.Y.M.IMP",5000,"[[0.90657757025399, 0.780685851329368, -1.59473450671683, -0.803542728357574, 0.897461709303859], [-0.152309833003754]]","SimNLMNAR_rep1_n115000_d5_corr95_NA25_MICE.10.Y.M.IMP_5000",4.25446772575378,0.0556018352508545,"2025-11-28 01:05:53.876466"
"SimNLMNAR_rep2_n115000_d5_corr95_NA25","MICE.10.Y.M.IMP",5000,"[[1.5623454627552, -0.023327478084126, -1.71641854634862, -0.628846045172515, 0.914442453562783], [-0.0296505091190318]]","SimNLMNAR_rep2_n115000_d5_corr95_NA25_MICE.10.Y.M.IMP_5000",4.22995638847351,0.0553848743438721,"2025-11-28 01:05:58.223383"
"SimNLMNAR_rep3_n115000_d5_corr95_NA25","MICE.10.Y.M.IMP",5000,"[[1.1966119474067, 0.439203915665032, -1.6864770559893, -0.721098175854004, 0.916091384827265], [-0.23622962550615]]","SimNLMNAR_rep3_n115000_d5_corr95_NA25_MICE.10.Y.M.IMP_5000",3.87493896484375,0.0571420192718506,"2025-11-28 01:06:02.541903"
"SimNLMNAR_rep4_n115000_d5_corr95_NA25","MICE.10.Y.M.IMP",5000,"[[1.56093761857591, 0.00395792343567241, -1.60164436090913, -0.683344607946243, 0.831564517913058], [-0.196756061934165]]","SimNLMNAR_rep4_n115000_d5_corr95_NA25_MICE.10.Y.M.IMP_5000",4.31794309616089,0.0580620765686035,"2025-11-28 01:06:06.506605"
"SimNLMNAR_rep5_n115000_d5_corr95_NA25","MICE.10.Y.M.IMP",5000,"[[1.37408154445102, 0.589335741302821, -1.96105599818897, -0.718552662198858, 0.947772415853832], [-0.0735236271801094]]","SimNLMNAR_rep5_n115000_d5_corr95_NA25_MICE.10.Y.M.IMP_5000",4.29170703887939,0.0582029819488525,"2025-11-28 01:06:10.920919"
"SimNLMNAR_rep6_n115000_d5_corr95_NA25","MICE.10.Y.M.IMP",5000,"[[1.01747792245093, 0.816392552143158, -1.77602772163574, -0.747652073170803, 0.871362846164039], [-0.207007765953653]]","SimNLMNAR_rep6_n115000_d5_corr95_NA25_MICE.10.Y.M.IMP_5000",4.30007648468018,0.0566396713256836,"2025-11-28 01:06:15.303942"
"SimNLMNAR_rep7_n115000_d5_corr95_NA25","MICE.10.Y.M.IMP",5000,"[[2.1770908394024, -0.396669827384734, -1.57368066679476, -0.866743708046671, 0.89445007013913], [0.00538630536778824]]","SimNLMNAR_rep7_n115000_d5_corr95_NA25_MICE.10.Y.M.IMP_5000",4.13056826591492,0.0562477111816406,"2025-11-28 01:06:19.693563"
"SimNLMNAR_rep8_n115000_d5_corr95_NA25","MICE.10.Y.M.IMP",5000,"[[1.25902008173146, 0.275889244104794, -1.55733445705083, -0.68270996800142, 0.865187994917804], [-0.0851065161813945]]","SimNLMNAR_rep8_n115000_d5_corr95_NA25_MICE.10.Y.M.IMP_5000",4.26375579833984,0.0584406852722168,"2025-11-28 01:06:23.912185"
"SimNLMNAR_rep9_n115000_d5_corr95_NA25","MICE.10.Y.M.IMP",5000,"[[1.46245519311834, 0.401107308126737, -1.76503676166646, -0.818333572998712, 0.929933038133371], [-0.101783515936815]]","SimNLMNAR_rep9_n115000_d5_corr95_NA25_MICE.10.Y.M.IMP_5000",4.31200861930847,0.058696985244751,"2025-11-28 01:06:28.266969"
"SimNLMNAR_rep0_n115000_d5_corr95_NA25","MICE.10.Y.M.IMP",10000,"[[1.19044800717146, 0.687666866951721, -1.78241387836781, -0.802648531502021, 0.918103650596624], [-0.145794270983295]]","SimNLMNAR_rep0_n115000_d5_corr95_NA25_MICE.10.Y.M.IMP_10000",6.66334939002991,0.0666601657867432,"2025-11-28 01:06:32.668756"
"SimNLMNAR_rep1_n115000_d5_corr95_NA25","MICE.10.Y.M.IMP",10000,"[[0.891978836666313, 0.82745945920559, -1.63488149690464, -0.775757067252506, 0.867366245569986], [-0.101714252086276]]","SimNLMNAR_rep1_n115000_d5_corr95_NA25_MICE.10.Y.M.IMP_10000",6.0966329574585,0.0627992153167725,"2025-11-28 01:06:39.431002"
"SimNLMNAR_rep2_n115000_d5_corr95_NA25","MICE.10.Y.M.IMP",10000,"[[1.28268339846974, 0.397080162985921, -1.61050094144193, -0.730976297368599, 0.856514101594077], [-0.0220422839438556]]","SimNLMNAR_rep2_n115000_d5_corr95_NA25_MICE.10.Y.M.IMP_10000",5.61263608932495,0.065847635269165,"2025-11-28 01:06:45.627111"
"SimNLMNAR_rep3_n115000_d5_corr95_NA25","MICE.10.Y.M.IMP",10000,"[[1.42882730109369, 0.535917192867064, -1.82314458619665, -0.805408196760282, 0.910818056248155], [-0.160489693303074]]","SimNLMNAR_rep3_n115000_d5_corr95_NA25_MICE.10.Y.M.IMP_10000",6.10666942596436,0.0610671043395996,"2025-11-28 01:06:51.338953"
"SimNLMNAR_rep4_n115000_d5_corr95_NA25","MICE.10.Y.M.IMP",10000,"[[1.20636579582566, 0.524511485242271, -1.64432835309833, -0.772279247033234, 0.831258473134672], [-0.211153246733744]]","SimNLMNAR_rep4_n115000_d5_corr95_NA25_MICE.10.Y.M.IMP_10000",5.17775511741638,0.0661690235137939,"2025-11-28 01:06:57.538851"
"SimNLMNAR_rep5_n115000_d5_corr95_NA25","MICE.10.Y.M.IMP",10000,"[[1.38734846506731, 0.48396813171636, -1.78134805378599, -0.751935123484745, 0.887276495783841], [-0.0941838162118119]]","SimNLMNAR_rep5_n115000_d5_corr95_NA25_MICE.10.Y.M.IMP_10000",5.60631036758423,0.0644900798797607,"2025-11-28 01:07:02.813646"
"SimNLMNAR_rep6_n115000_d5_corr95_NA25","MICE.10.Y.M.IMP",10000,"[[1.32488512795822, 0.674741824654002, -1.80813209523181, -0.833205916842037, 0.887167593856265], [-0.13040682718262]]","SimNLMNAR_rep6_n115000_d5_corr95_NA25_MICE.10.Y.M.IMP_10000",6.59849548339844,0.0671346187591553,"2025-11-28 01:05:34.309209"
"SimNLMNAR_rep7_n115000_d5_corr95_NA25","MICE.10.Y.M.IMP",10000,"[[1.67293851749162, 0.112414963884987, -1.6379956837499, -0.83953326936026, 0.868061942520961], [-0.0594399647739009]]","SimNLMNAR_rep7_n115000_d5_corr95_NA25_MICE.10.Y.M.IMP_10000",5.72670459747314,0.0781264305114746,"2025-11-28 01:05:41.021517"
"SimNLMNAR_rep8_n115000_d5_corr95_NA25","MICE.10.Y.M.IMP",10000,"[[1.16472378400409, 0.392034883871313, -1.53079261103136, -0.741802544982682, 0.861466401451831], [-0.0938858507035853]]","SimNLMNAR_rep8_n115000_d5_corr95_NA25_MICE.10.Y.M.IMP_10000",5.6892671585083,0.0655491352081299,"2025-11-28 01:05:46.864137"
"SimNLMNAR_rep9_n115000_d5_corr95_NA25","MICE.10.Y.M.IMP",10000,"[[1.08109957281072, 0.617714523105367, -1.59973069514148, -0.799554736602982, 0.879919574633702], [-0.0791048655569673]]","SimNLMNAR_rep9_n115000_d5_corr95_NA25_MICE.10.Y.M.IMP_10000",5.25225973129272,0.0710525512695312,"2025-11-28 01:05:52.652491"
"SimNLMNAR_rep0_n115000_d5_corr95_NA25","MICE.10.Y.M.IMP",50000,"[[1.27312878946599, 0.472210086427412, -1.63198076537524, -0.770703760357635, 0.879910817085386], [-0.0813387534821876]]","SimNLMNAR_rep0_n115000_d5_corr95_NA25_MICE.10.Y.M.IMP_50000",19.4848430156708,0.132138967514038,"2025-11-28 01:05:58.008126"
"SimNLMNAR_rep1_n115000_d5_corr95_NA25","MICE.10.Y.M.IMP",50000,"[[1.39316513170015, 0.381391845672653, -1.65230998570695, -0.804585457009202, 0.888912349908508], [-0.0867738652704416]]","SimNLMNAR_rep1_n115000_d5_corr95_NA25_MICE.10.Y.M.IMP_50000",17.7762548923492,0.132637023925781,"2025-11-28 01:06:17.657926"
"SimNLMNAR_rep2_n115000_d5_corr95_NA25","MICE.10.Y.M.IMP",50000,"[[1.19909986668406, 0.583776369349043, -1.71873505872314, -0.759517808059017, 0.888609879739573], [-0.0947294305062106]]","SimNLMNAR_rep2_n115000_d5_corr95_NA25_MICE.10.Y.M.IMP_50000",17.8054616451263,0.137617111206055,"2025-11-28 01:06:35.598171"
"SimNLMNAR_rep3_n115000_d5_corr95_NA25","MICE.10.Y.M.IMP",50000,"[[1.31298945143016, 0.410409816265293, -1.68270082864504, -0.762006651836158, 0.892666238122841], [-0.124841164260828]]","SimNLMNAR_rep3_n115000_d5_corr95_NA25_MICE.10.Y.M.IMP_50000",17.7388601303101,0.133977890014648,"2025-11-28 01:06:53.575745"
"SimNLMNAR_rep4_n115000_d5_corr95_NA25","MICE.10.Y.M.IMP",50000,"[[1.4552623372568, 0.264747758121723, -1.71342938345701, -0.721235140398254, 0.890328432975537], [-0.126935865384035]]","SimNLMNAR_rep4_n115000_d5_corr95_NA25_MICE.10.Y.M.IMP_50000",17.7224867343903,0.133011341094971,"2025-11-28 01:07:11.479719"
"SimNLMNAR_rep5_n115000_d5_corr95_NA25","MICE.10.Y.M.IMP",50000,"[[1.29551041774303, 0.505326638569521, -1.72569525288495, -0.735523389167833, 0.878670433649771], [-0.0861156555119442]]","SimNLMNAR_rep5_n115000_d5_corr95_NA25_MICE.10.Y.M.IMP_50000",17.6437933444977,0.132193803787231,"2025-11-28 01:07:29.367916"
"SimNLMNAR_rep6_n115000_d5_corr95_NA25","MICE.10.Y.M.IMP",50000,"[[1.27841973108292, 0.558673569000367, -1.71285425341768, -0.774491381889904, 0.878303852066232], [-0.10411634256557]]","SimNLMNAR_rep6_n115000_d5_corr95_NA25_MICE.10.Y.M.IMP_50000",17.258620262146,0.133498907089233,"2025-11-28 01:07:47.175318"
"SimNLMNAR_rep7_n115000_d5_corr95_NA25","MICE.10.Y.M.IMP",50000,"[[1.40085107215466, 0.436431638587848, -1.74443499892909, -0.776955440158575, 0.885060682206665], [-0.1559090633508]]","SimNLMNAR_rep7_n115000_d5_corr95_NA25_MICE.10.Y.M.IMP_50000",17.619416475296,0.122415065765381,"2025-11-28 01:08:04.598503"
"SimNLMNAR_rep8_n115000_d5_corr95_NA25","MICE.10.Y.M.IMP",50000,"[[1.2694920211181, 0.470843200246212, -1.65259966056527, -0.777496642140735, 0.888090533600488], [-0.0839918514064695]]","SimNLMNAR_rep8_n115000_d5_corr95_NA25_MICE.10.Y.M.IMP_50000",15.765289068222,0.123605728149414,"2025-11-28 01:08:22.370514"
"SimNLMNAR_rep9_n115000_d5_corr95_NA25","MICE.10.Y.M.IMP",50000,"[[1.26518619982713, 0.470843756962449, -1.65590567283743, -0.753276965179342, 0.875333579944075], [-0.128639184234489]]","SimNLMNAR_rep9_n115000_d5_corr95_NA25_MICE.10.Y.M.IMP_50000",15.758647441864,0.136120080947876,"2025-11-28 01:08:38.289731"
"SimNLMNAR_rep0_n115000_d5_corr95_NA25","MICE.10.IMP.M",100,"[[-1.69829643933672, 1.58877662147427, -0.0810638557890071, -0.314766182996637, 0.294963722443272, 0.0250467274133729, 0.7167804320642, 0.52133557384312, -0.834303673610106, 3.06298849226848], [-1.09077864544715]]","SimNLMNAR_rep0_n115000_d5_corr95_NA25_MICE.10.IMP.M_100",1.03722405433655,0.0693893432617188,"2025-11-28 01:08:54.61957"
"SimNLMNAR_rep1_n115000_d5_corr95_NA25","MICE.10.IMP.M",100,"[[0.947241499272683, -0.365915334935275, -0.560606395264902, -0.421036254874434, 0.404515402349631, 0.676149693171261, 0.746788315503876, -0.430894404348197, -0.545816178917528, -0.0459421101726597], [-0.0400039976083092]]","SimNLMNAR_rep1_n115000_d5_corr95_NA25_MICE.10.IMP.M_100",1.40301847457886,0.0680942535400391,"2025-11-28 01:08:55.756151"
"SimNLMNAR_rep2_n115000_d5_corr95_NA25","MICE.10.IMP.M",100,"[[0.164645241819602, -0.216106062621907, -0.629473158838053, -0.48619765902267, 0.451363423455137, 0.263949497655875, 1.40241794483995, -0.11187978818878, -0.993794821412645, 0.789570339424861], [-0.541064684161846]]","SimNLMNAR_rep2_n115000_d5_corr95_NA25_MICE.10.IMP.M_100",0.981328248977661,0.0614550113677979,"2025-11-28 01:08:57.256523"
"SimNLMNAR_rep3_n115000_d5_corr95_NA25","MICE.10.IMP.M",100,"[[0.381096250059942, 0.762021811282513, -0.79117929337718, -0.314793688240054, 0.468397370991085, -0.341579177782382, -0.592610312385639, -0.404406989271669, -0.591994214814915, 2.13303223113743], [0.258994406123445]]","SimNLMNAR_rep3_n115000_d5_corr95_NA25_MICE.10.IMP.M_100",0.985650062561035,0.0622336864471436,"2025-11-28 01:08:58.328265"
"SimNLMNAR_rep4_n115000_d5_corr95_NA25","MICE.10.IMP.M",100,"[[-1.07005446592438, 1.31687742997158, 0.0193024396680091, -0.412924241557344, 0.338721708928287, 0.32032238897152, -0.407746250319936, -0.0257334624777742, -0.654158447223479, 1.12517407391565], [-0.0616925419612564]]","SimNLMNAR_rep4_n115000_d5_corr95_NA25_MICE.10.IMP.M_100",1.00066351890564,0.0626175403594971,"2025-11-28 01:08:59.405065"
"SimNLMNAR_rep5_n115000_d5_corr95_NA25","MICE.10.IMP.M",100,"[[0.841668428260041, 1.14481389663706, -0.781177488665035, -0.703797251357633, 0.505718104538227, 1.18625049965517, -1.15077249487728, -1.17622482026993, -1.94677184361702, 2.86220540980569], [0.973623162200842]]","SimNLMNAR_rep5_n115000_d5_corr95_NA25_MICE.10.IMP.M_100",1.00914144515991,0.0625967979431152,"2025-11-28 01:09:00.497469"
"SimNLMNAR_rep6_n115000_d5_corr95_NA25","MICE.10.IMP.M",100,"[[2.53990028415241, -1.91556950098097, -0.773324594255543, -0.443413202089891, 0.561608027391015, 0.89430142038296, -0.273838038742656, 0.747399238680372, -0.0626930950570376, 1.50215730235169], [-0.554178480734443]]","SimNLMNAR_rep6_n115000_d5_corr95_NA25_MICE.10.IMP.M_100",0.938964128494263,0.0638937950134277,"2025-11-28 01:09:01.597974"
"SimNLMNAR_rep7_n115000_d5_corr95_NA25","MICE.10.IMP.M",100,"[[0.854405862773623, -1.41591043102125, 0.399989845119943, -0.600425704024197, 0.359218312057838, 0.641281140333609, 0.115765185829632, 0.681169288225852, 0.108015088208224, 1.76749230780775], [-0.406197051166033]]","SimNLMNAR_rep7_n115000_d5_corr95_NA25_MICE.10.IMP.M_100",0.94385290145874,0.0584988594055176,"2025-11-28 01:09:02.630355"
"SimNLMNAR_rep8_n115000_d5_corr95_NA25","MICE.10.IMP.M",100,"[[0.736082351128022, -0.401458344101598, -0.194193078255773, -0.388496641194922, 0.292497466386234, 0.792464086996376, 0.0661820770785216, 0.146406051107543, 0.497936103987295, 1.38114425747631], [-0.587251856326843]]","SimNLMNAR_rep8_n115000_d5_corr95_NA25_MICE.10.IMP.M_100",0.948466062545776,0.0582950115203857,"2025-11-28 01:09:03.661622"
"SimNLMNAR_rep9_n115000_d5_corr95_NA25","MICE.10.IMP.M",100,"[[0.505629495586706, -0.808927196109266, 0.150344513620914, -0.378789371331905, 0.319162613482857, 0.4161964970107, 0.421070652960579, 0.114254321704554, -0.0786121713151295, 0.713248176910263], [-0.26689237230703]]","SimNLMNAR_rep9_n115000_d5_corr95_NA25_MICE.10.IMP.M_100",0.958070993423462,0.0606040954589844,"2025-11-28 01:09:04.697394"
"SimNLMNAR_rep0_n115000_d5_corr95_NA25","MICE.10.IMP.M",500,"[[-0.207823935363884, 0.597618251793411, -0.514271835024188, -0.253899998726212, 0.311139512377755, 0.234046419449311, 0.351558661830391, -0.199755592802442, -0.590034814301436, 1.43562630933251], [-0.298737774001934]]","SimNLMNAR_rep0_n115000_d5_corr95_NA25_MICE.10.IMP.M_500",1.04072427749634,0.0593035221099854,"2025-11-28 01:09:05.745084"
"SimNLMNAR_rep1_n115000_d5_corr95_NA25","MICE.10.IMP.M",500,"[[0.294216176034777, 0.255773829555972, -0.40518003371853, -0.449323238248594, 0.301850812576579, 0.467998520788244, 0.143843250536904, -0.313754230958376, -0.15088913120607, 1.39192583937467], [-0.335596024857686]]","SimNLMNAR_rep1_n115000_d5_corr95_NA25_MICE.10.IMP.M_500",2.07370090484619,0.0616700649261475,"2025-11-28 01:05:41.321839"
"SimNLMNAR_rep2_n115000_d5_corr95_NA25","MICE.10.IMP.M",500,"[[0.539030818677415, -0.313618008906296, -0.600487680152239, -0.279398742708457, 0.338963387950152, 0.0965348643220773, 0.397509125559346, 0.176779532910326, -0.00366458071175213, 1.40769362996305], [-0.507411877372592]]","SimNLMNAR_rep2_n115000_d5_corr95_NA25_MICE.10.IMP.M_500",1.20674896240234,0.0814151763916016,"2025-11-28 01:05:43.501537"
"SimNLMNAR_rep3_n115000_d5_corr95_NA25","MICE.10.IMP.M",500,"[[0.34767099926417, 0.223511298850666, -0.552876097486105, -0.370353120440368, 0.333673896905014, 0.0545860713008035, -0.0874543725774957, -0.0940425455768235, -0.403028548494589, 1.32915445905788], [-0.0433502287310735]]","SimNLMNAR_rep3_n115000_d5_corr95_NA25_MICE.10.IMP.M_500",1.63750743865967,0.0666024684906006,"2025-11-28 01:05:44.832572"
"SimNLMNAR_rep4_n115000_d5_corr95_NA25","MICE.10.IMP.M",500,"[[0.237712385606869, 0.0516151601540119, -0.431697871880868, -0.369470520368202, 0.348216041063332, 0.350829678945265, -0.0856664549116244, 0.041106094538329, -0.583505283650915, 1.41269352810209], [-0.262718139399313]]","SimNLMNAR_rep4_n115000_d5_corr95_NA25_MICE.10.IMP.M_500",1.66646718978882,0.0636501312255859,"2025-11-28 01:05:46.57392"
"SimNLMNAR_rep5_n115000_d5_corr95_NA25","MICE.10.IMP.M",500,"[[0.279006525708313, 0.276201624964321, -0.347001388341325, -0.397381538821369, 0.335045493456894, 0.547819039669974, -0.119787042621888, -0.234943837709807, -0.483204594832525, 1.33450482210352], [0.00527962527662735]]","SimNLMNAR_rep5_n115000_d5_corr95_NA25_MICE.10.IMP.M_500",1.709805727005,0.0677669048309326,"2025-11-28 01:05:48.336016"
"SimNLMNAR_rep6_n115000_d5_corr95_NA25","MICE.10.IMP.M",500,"[[0.906449622155595, -0.315760644638641, -0.587524426859637, -0.336196146982724, 0.3449300634103, 0.419787022432678, 0.0189281959715347, -0.196455296968829, -0.565574142415385, 1.70580481444074], [-0.313070697441656]]","SimNLMNAR_rep6_n115000_d5_corr95_NA25_MICE.10.IMP.M_500",1.64966559410095,0.0617988109588623,"2025-11-28 01:05:50.151595"
"SimNLMNAR_rep7_n115000_d5_corr95_NA25","MICE.10.IMP.M",500,"[[0.418665148470002, 0.03275244307052, -0.433764508586618, -0.202692929470147, 0.302163188304052, -0.187347513751827, -0.0746247241044533, -0.27311188481529, -0.466612962028692, 0.959565807408893], [0.217621158023612]]","SimNLMNAR_rep7_n115000_d5_corr95_NA25_MICE.10.IMP.M_500",1.56671476364136,0.0681869983673096,"2025-11-28 01:05:51.893904"
"SimNLMNAR_rep8_n115000_d5_corr95_NA25","MICE.10.IMP.M",500,"[[0.232361266652146, 0.133509411569504, -0.660997502264432, -0.234277715126854, 0.350471648818986, 0.27641290748784, 0.278595112754124, -0.428077802912617, -0.159158377104077, 0.775239600364983], [-0.0579850314772928]]","SimNLMNAR_rep8_n115000_d5_corr95_NA25_MICE.10.IMP.M_500",1.71062612533569,0.0646994113922119,"2025-11-28 01:05:53.565909"
"SimNLMNAR_rep9_n115000_d5_corr95_NA25","MICE.10.IMP.M",500,"[[0.246417132140272, 0.033716883399632, -0.475832036916851, -0.25963828088042, 0.338843246852549, 0.577983238101809, -0.0553537163214722, -0.210418256083118, -0.715671015759834, 1.15774087655668], [-0.0588094141722078]]","SimNLMNAR_rep9_n115000_d5_corr95_NA25_MICE.10.IMP.M_500",1.60062122344971,0.0636575222015381,"2025-11-28 01:05:55.371921"
"SimNLMNAR_rep0_n115000_d5_corr95_NA25","MICE.10.IMP.M",1000,"[[0.2471001449289, 0.342526876604352, -0.55571004436918, -0.33054197575521, 0.329367408894435, 0.0485110686528715, 0.202678991558736, -0.243664959004208, -0.453504173362221, 1.33650370027038], [-0.119976739839307]]","SimNLMNAR_rep0_n115000_d5_corr95_NA25_MICE.10.IMP.M_1000",1.71284413337708,0.0668225288391113,"2025-11-28 01:05:57.07302"
"SimNLMNAR_rep1_n115000_d5_corr95_NA25","MICE.10.IMP.M",1000,"[[0.251142804386099, 0.414377063643907, -0.503987834679397, -0.390086855268647, 0.311476895759728, 0.328974630657584, 0.14880226786711, -0.231532731840071, -0.117878593193676, 1.34854953775376], [-0.303675083309621]]","SimNLMNAR_rep1_n115000_d5_corr95_NA25_MICE.10.IMP.M_1000",1.69050097465515,0.062265157699585,"2025-11-28 01:05:58.890422"
"SimNLMNAR_rep2_n115000_d5_corr95_NA25","MICE.10.IMP.M",1000,"[[0.473108911480698, -0.0624003489895818, -0.629918413338174, -0.283369095860201, 0.353257128968401, 0.0642294981925123, 0.145625689598477, 0.033079028746188, -0.305077785577201, 1.28174167833502], [-0.148236694259706]]","SimNLMNAR_rep2_n115000_d5_corr95_NA25_MICE.10.IMP.M_1000",1.65933036804199,0.0641841888427734,"2025-11-28 01:06:00.673775"
"SimNLMNAR_rep3_n115000_d5_corr95_NA25","MICE.10.IMP.M",1000,"[[0.444942003842208, 0.112086341107562, -0.580867432450227, -0.305231366705028, 0.30400416753993, 0.0569104276743077, 0.0491912834014504, -0.331439837368152, -0.276477003603666, 1.27181953674213], [-0.128964627306626]]","SimNLMNAR_rep3_n115000_d5_corr95_NA25_MICE.10.IMP.M_1000",1.72747325897217,0.0700860023498535,"2025-11-28 01:06:02.43326"
"SimNLMNAR_rep4_n115000_d5_corr95_NA25","MICE.10.IMP.M",1000,"[[0.415451051380678, 0.0828901444503692, -0.34051102404453, -0.381403251321158, 0.295630018520445, -0.0152937837485152, -0.224467102251871, 0.0546056819263486, -0.509245072858621, 1.2601547434478], [-0.00755959129998513]]","SimNLMNAR_rep4_n115000_d5_corr95_NA25_MICE.10.IMP.M_1000",1.71992540359497,0.0700209140777588,"2025-11-28 01:06:04.261506"
"SimNLMNAR_rep5_n115000_d5_corr95_NA25","MICE.10.IMP.M",1000,"[[0.198988147521965, 0.110311561311147, -0.437661565146159, -0.259656642792093, 0.345805358592091, 0.488754021954963, 0.0686932852082468, -0.0673616424092044, -0.638539276286529, 1.24228060469053], [-0.0536714577188998]]","SimNLMNAR_rep5_n115000_d5_corr95_NA25_MICE.10.IMP.M_1000",1.63744878768921,0.0667638778686523,"2025-11-28 01:06:06.086776"
"SimNLMNAR_rep6_n115000_d5_corr95_NA25","MICE.10.IMP.M",1000,"[[0.35276318347998, 0.236140890230563, -0.649451298875879, -0.286264882550423, 0.336882506041134, 0.283354178616159, -0.0702709288804807, -0.188245676998265, -0.444855087652901, 1.46965699966702], [-0.168326950175993]]","SimNLMNAR_rep6_n115000_d5_corr95_NA25_MICE.10.IMP.M_1000",1.66768336296082,0.0663022994995117,"2025-11-28 01:06:07.823014"
"SimNLMNAR_rep7_n115000_d5_corr95_NA25","MICE.10.IMP.M",1000,"[[0.438435288385869, 0.254990256030483, -0.68392778206722, -0.297244834856445, 0.342258326275489, 0.109284813828865, -0.0133822636591842, -0.316006057124399, -0.4282124821166, 1.26558390355181], [-0.0123822003832818]]","SimNLMNAR_rep7_n115000_d5_corr95_NA25_MICE.10.IMP.M_1000",1.98951053619385,0.0770776271820068,"2025-11-28 01:06:09.587751"
"SimNLMNAR_rep8_n115000_d5_corr95_NA25","MICE.10.IMP.M",1000,"[[0.509634950704135, 0.171247168747223, -0.785307353106593, -0.273291124001057, 0.363143515189046, 0.232819493191572, 0.0202748158160238, -0.344592028831926, -0.252531664635951, 0.743562592676623], [-0.00768367464271204]]","SimNLMNAR_rep8_n115000_d5_corr95_NA25_MICE.10.IMP.M_1000",1.84444117546082,0.0750963687896729,"2025-11-28 01:06:11.691405"
"SimNLMNAR_rep9_n115000_d5_corr95_NA25","MICE.10.IMP.M",1000,"[[0.252697420365987, 0.122166024691604, -0.63333753474906, -0.217378013163164, 0.326619675066668, 0.442455353147538, 0.05143090232203, -0.219129390109964, -0.693176813443332, 1.09829220401522], [-0.16416088425102]]","SimNLMNAR_rep9_n115000_d5_corr95_NA25_MICE.10.IMP.M_1000",1.82609128952026,0.0707724094390869,"2025-11-28 01:06:13.65047"
"SimNLMNAR_rep0_n115000_d5_corr95_NA25","MICE.10.IMP.M",5000,"[[0.309188690886696, 0.263577399539601, -0.560487109626971, -0.321012123106695, 0.320800329127064, 0.170478258601402, 0.0782897965261641, -0.0743480979041051, -0.455474815944216, 1.20973587999014], [-0.131418840570198]]","SimNLMNAR_rep0_n115000_d5_corr95_NA25_MICE.10.IMP.M_5000",2.3891294002533,0.0737335681915283,"2025-11-28 01:06:15.580107"
"SimNLMNAR_rep1_n115000_d5_corr95_NA25","MICE.10.IMP.M",5000,"[[0.231972655475234, 0.338688589245415, -0.537649684270452, -0.345875191540564, 0.32322814639094, 0.255042169513634, 0.103330938926984, -0.127783660090371, -0.257414115759602, 1.10054036497893], [-0.223656708965253]]","SimNLMNAR_rep1_n115000_d5_corr95_NA25_MICE.10.IMP.M_5000",2.46222567558289,0.0750546455383301,"2025-11-28 01:06:18.076002"
"SimNLMNAR_rep2_n115000_d5_corr95_NA25","MICE.10.IMP.M",5000,"[[0.399098001269271, 0.104739838452173, -0.532174521559584, -0.290402660472582, 0.319097220458048, 0.189186419345942, 0.00769389631536495, -0.0881554347061812, -0.413780273344883, 1.11269811219585], [-0.0957283138147132]]","SimNLMNAR_rep2_n115000_d5_corr95_NA25_MICE.10.IMP.M_5000",2.33449578285217,0.0715863704681396,"2025-11-28 01:06:20.647482"
"SimNLMNAR_rep3_n115000_d5_corr95_NA25","MICE.10.IMP.M",5000,"[[0.377042580639805, 0.229378752531289, -0.605159321019207, -0.302159625524262, 0.323631264916618, 0.187681032214879, 0.0997971618377038, -0.1883302740484, -0.28094998570585, 1.26809303730625], [-0.268276395914287]]","SimNLMNAR_rep3_n115000_d5_corr95_NA25_MICE.10.IMP.M_5000",2.42088294029236,0.0773038864135742,"2025-11-28 01:06:23.086787"
"SimNLMNAR_rep4_n115000_d5_corr95_NA25","MICE.10.IMP.M",5000,"[[0.404320898609168, 0.204154981108211, -0.541205995163726, -0.341532225887781, 0.299410355677196, 0.208132711699669, -0.0240739003266493, -0.271176941115144, -0.567286464134272, 1.16060112369437], [-0.0937450153042155]]","SimNLMNAR_rep4_n115000_d5_corr95_NA25_MICE.10.IMP.M_5000",2.3962504863739,0.0723035335540771,"2025-11-28 01:06:25.620819"
"SimNLMNAR_rep5_n115000_d5_corr95_NA25","MICE.10.IMP.M",5000,"[[0.375495234208091, 0.181647659133849, -0.588660447137126, -0.274541532309899, 0.319824973739301, 0.226045681100371, 0.104931269235311, -0.194473948210664, -0.340428847901518, 1.0744197447232], [-0.0720333410802087]]","SimNLMNAR_rep5_n115000_d5_corr95_NA25_MICE.10.IMP.M_5000",2.93029975891113,0.0750167369842529,"2025-11-28 01:05:48.779495"
"SimNLMNAR_rep6_n115000_d5_corr95_NA25","MICE.10.IMP.M",5000,"[[0.320640073189826, 0.292388832233513, -0.644362645538031, -0.291907113350689, 0.321158560761114, 0.216780425933916, 0.104532335966741, -0.0712344667177621, -0.401757742872313, 1.27128772054625], [-0.256853768857028]]","SimNLMNAR_rep6_n115000_d5_corr95_NA25_MICE.10.IMP.M_5000",3.23649287223816,0.0934374332427979,"2025-11-28 01:05:51.833042"
"SimNLMNAR_rep7_n115000_d5_corr95_NA25","MICE.10.IMP.M",5000,"[[0.540306343502435, 0.0426464199376839, -0.552135681744014, -0.326963496376246, 0.318862722697189, 0.143909578021968, 0.0730096541103379, -0.226172928608325, -0.447884177057753, 1.11875526651429], [-0.0478621372369347]]","SimNLMNAR_rep7_n115000_d5_corr95_NA25_MICE.10.IMP.M_5000",2.7978982925415,0.0970759391784668,"2025-11-28 01:05:55.20864"
"SimNLMNAR_rep8_n115000_d5_corr95_NA25","MICE.10.IMP.M",5000,"[[0.329209708161163, 0.253135378115763, -0.520618455969387, -0.309154733686751, 0.315209061940503, 0.130216475232292, 0.0671683586802088, -0.130725980509134, -0.370370066658733, 1.0186944352107], [-0.0638309228180191]]","SimNLMNAR_rep8_n115000_d5_corr95_NA25_MICE.10.IMP.M_5000",2.92774605751038,0.0906610488891602,"2025-11-28 01:05:58.140513"
"SimNLMNAR_rep9_n115000_d5_corr95_NA25","MICE.10.IMP.M",5000,"[[0.311478538739104, 0.280523286742166, -0.577621330920713, -0.304568249839667, 0.314202316235553, 0.161499525707988, 0.0524691953594412, -0.13594409039832, -0.51691464414856, 1.16924630288322], [-0.0952599416717148]]","SimNLMNAR_rep9_n115000_d5_corr95_NA25_MICE.10.IMP.M_5000",2.89476585388184,0.0998170375823975,"2025-11-28 01:06:01.196776"
"SimNLMNAR_rep0_n115000_d5_corr95_NA25","MICE.10.IMP.M",10000,"[[0.339507500417442, 0.284379950295757, -0.601658937635679, -0.321690936167906, 0.324768094711633, 0.15871008315284, 0.000136930750252497, -0.137176909587713, -0.353951038351677, 1.18256464584564], [-0.117884311600147]]","SimNLMNAR_rep0_n115000_d5_corr95_NA25_MICE.10.IMP.M_10000",3.55221509933472,0.0788772106170654,"2025-11-28 01:06:04.227506"
"SimNLMNAR_rep1_n115000_d5_corr95_NA25","MICE.10.IMP.M",10000,"[[0.241149985545904, 0.304682610776651, -0.560093047857972, -0.321927350015014, 0.320738407757628, 0.239992899545795, 0.0798349005739724, -0.124112379843022, -0.349171838261238, 1.1234662983387], [-0.171959828350551]]","SimNLMNAR_rep1_n115000_d5_corr95_NA25_MICE.10.IMP.M_10000",3.85879254341125,0.0779774188995361,"2025-11-28 01:06:07.895111"
"SimNLMNAR_rep2_n115000_d5_corr95_NA25","MICE.10.IMP.M",10000,"[[0.324547147523383, 0.224089560628172, -0.532030979748085, -0.298164357903439, 0.312154133846411, 0.163412266554675, 0.0335368410452598, -0.152941234737118, -0.404168947592956, 1.11074182344088], [-0.0695522191289236]]","SimNLMNAR_rep2_n115000_d5_corr95_NA25_MICE.10.IMP.M_10000",3.55831837654114,0.0780766010284424,"2025-11-28 01:06:11.865767"
"SimNLMNAR_rep3_n115000_d5_corr95_NA25","MICE.10.IMP.M",10000,"[[0.384288297501468, 0.279853787896987, -0.609125119651496, -0.323378337154249, 0.323472293544535, 0.169209151136189, 0.0582717689064897, -0.077030346003136, -0.369390579731646, 1.18307911693853], [-0.180332721176342]]","SimNLMNAR_rep3_n115000_d5_corr95_NA25_MICE.10.IMP.M_10000",3.4661557674408,0.0789954662322998,"2025-11-28 01:06:15.537894"
"SimNLMNAR_rep4_n115000_d5_corr95_NA25","MICE.10.IMP.M",10000,"[[0.370500754247602, 0.303937183010215, -0.585598365572585, -0.326069148848771, 0.289547979312375, 0.153272630364011, 0.00603968278111404, -0.164132893546032, -0.462101675002594, 1.14591439027119], [-0.144373265667129]]","SimNLMNAR_rep4_n115000_d5_corr95_NA25_MICE.10.IMP.M_10000",3.42495012283325,0.0850086212158203,"2025-11-28 01:06:19.123786"
"SimNLMNAR_rep5_n115000_d5_corr95_NA25","MICE.10.IMP.M",10000,"[[0.402316420932503, 0.186267432793863, -0.593694260049175, -0.277166850863142, 0.31187616198536, 0.118045217472009, 0.0951163621603105, -0.154960737217168, -0.426416924737858, 1.07772001664524], [-0.0471120172970974]]","SimNLMNAR_rep5_n115000_d5_corr95_NA25_MICE.10.IMP.M_10000",3.80911445617676,0.0793220996856689,"2025-11-28 01:06:22.666103"
"SimNLMNAR_rep6_n115000_d5_corr95_NA25","MICE.10.IMP.M",10000,"[[0.372063502314673, 0.332329659872859, -0.654959491104892, -0.327267719841179, 0.315251373324526, 0.160911634114834, 0.0949787104944672, -0.1521450746525, -0.385894552513367, 1.28185862118535], [-0.181802727369577]]","SimNLMNAR_rep6_n115000_d5_corr95_NA25_MICE.10.IMP.M_10000",3.22428250312805,0.0738136768341064,"2025-11-28 01:06:26.586453"
"SimNLMNAR_rep7_n115000_d5_corr95_NA25","MICE.10.IMP.M",10000,"[[0.430146059004929, 0.172047132470387, -0.570855495554514, -0.342712511410487, 0.313049072456617, 0.142859716216611, 0.0695624561947419, -0.163597048956298, -0.428955311034716, 1.13272990147044], [-0.102593393857563]]","SimNLMNAR_rep7_n115000_d5_corr95_NA25_MICE.10.IMP.M_10000",3.09778356552124,0.0729687213897705,"2025-11-28 01:06:29.930489"
"SimNLMNAR_rep8_n115000_d5_corr95_NA25","MICE.10.IMP.M",10000,"[[0.277993733070333, 0.284599470025285, -0.5653097281433, -0.302396068252615, 0.318646827271191, 0.172475082672715, 0.0442238608211908, -0.13192576919733, -0.405333222249387, 1.14460284227621], [-0.133142501229152]]","SimNLMNAR_rep8_n115000_d5_corr95_NA25_MICE.10.IMP.M_10000",3.06529259681702,0.072523832321167,"2025-11-28 01:06:33.138269"
"SimNLMNAR_rep9_n115000_d5_corr95_NA25","MICE.10.IMP.M",10000,"[[0.295261779738768, 0.324351140608614, -0.569064013848765, -0.319746101920337, 0.313818975550569, 0.215867364594274, 0.0536194143355164, -0.180717440907914, -0.472959047420797, 1.10388030852625], [-0.10042708599036]]","SimNLMNAR_rep9_n115000_d5_corr95_NA25_MICE.10.IMP.M_10000",2.94041633605957,0.0721752643585205,"2025-11-28 01:06:36.310194"
"SimNLMNAR_rep0_n115000_d5_corr95_NA25","MICE.10.IMP.M",50000,"[[0.325768513142055, 0.266832010801108, -0.55798016380368, -0.309733679100132, 0.314987356560383, 0.157853634563878, 0.0410556376845396, -0.141972435832629, -0.370066109375477, 1.12247344210533], [-0.103031834745015]]","SimNLMNAR_rep0_n115000_d5_corr95_NA25_MICE.10.IMP.M_50000",11.5879881381989,0.134626865386963,"2025-11-28 01:06:39.358444"
"SimNLMNAR_rep1_n115000_d5_corr95_NA25","MICE.10.IMP.M",50000,"[[0.335919248594863, 0.262715975824829, -0.572826732277101, -0.311136681662463, 0.314587523028828, 0.162197353268841, 0.0575430125022776, -0.180145881965104, -0.377569959446323, 1.11060519742658], [-0.0990714929103872]]","SimNLMNAR_rep1_n115000_d5_corr95_NA25_MICE.10.IMP.M_50000",10.136283159256,0.130219697952271,"2025-11-28 01:06:51.112375"
"SimNLMNAR_rep2_n115000_d5_corr95_NA25","MICE.10.IMP.M",50000,"[[0.318588413295801, 0.301652611987305, -0.58044056154695, -0.312601298324281, 0.317063300033453, 0.143990077177732, 0.00624449127438761, -0.133478423589475, -0.3745165174137, 1.11290907826479], [-0.0894553930839305]]","SimNLMNAR_rep2_n115000_d5_corr95_NA25_MICE.10.IMP.M_50000",9.71229124069214,0.130043745040894,"2025-11-28 01:07:01.410541"
"SimNLMNAR_rep3_n115000_d5_corr95_NA25","MICE.10.IMP.M",50000,"[[0.334324787654423, 0.278674801859742, -0.585467939021718, -0.310778285544118, 0.315891001242064, 0.159646200403523, 0.0494860970166765, -0.144129906680665, -0.372809352443877, 1.12779441661168], [-0.12745732687794]]","SimNLMNAR_rep3_n115000_d5_corr95_NA25_MICE.10.IMP.M_50000",9.73905777931213,0.128217697143555,"2025-11-28 01:07:11.285148"
"SimNLMNAR_rep4_n115000_d5_corr95_NA25","MICE.10.IMP.M",50000,"[[0.356841321155642, 0.239977808015196, -0.589930924916112, -0.296189446272977, 0.309221898398548, 0.13998981806795, 0.0428848878096858, -0.145280721216181, -0.429471322623245, 1.10932767347503], [-0.112785522952858]]","SimNLMNAR_rep4_n115000_d5_corr95_NA25_MICE.10.IMP.M_50000",9.89279794692993,0.144362688064575,"2025-11-28 01:07:21.183817"
"SimNLMNAR_rep5_n115000_d5_corr95_NA25","MICE.10.IMP.M",50000,"[[0.345686383806255, 0.250125779485649, -0.572395555546693, -0.295302718506466, 0.310511491672191, 0.137889059238623, 0.0612626420962619, -0.153030966903157, -0.433701793588453, 1.10693379443444], [-0.0728485830205482]]","SimNLMNAR_rep5_n115000_d5_corr95_NA25_MICE.10.IMP.M_50000",9.67713141441345,0.120959758758545,"2025-11-28 01:07:31.255212"
"SimNLMNAR_rep6_n115000_d5_corr95_NA25","MICE.10.IMP.M",50000,"[[0.40926231176099, 0.250296261900641, -0.608617693480475, -0.317039635761847, 0.313342123324712, 0.160870967573183, 0.0637290747664031, -0.144601923988842, -0.405928423681294, 1.14235564199561], [-0.113737769664046]]","SimNLMNAR_rep6_n115000_d5_corr95_NA25_MICE.10.IMP.M_50000",9.41690397262573,0.124959468841553,"2025-11-28 01:07:41.086178"
"SimNLMNAR_rep7_n115000_d5_corr95_NA25","MICE.10.IMP.M",50000,"[[0.343122916289648, 0.277492966110813, -0.584752726427994, -0.309161321644208, 0.312886574795191, 0.142736778464859, 0.0561206883312643, -0.168468479606598, -0.440200655371961, 1.13065152692668], [-0.106363480364723]]","SimNLMNAR_rep7_n115000_d5_corr95_NA25_MICE.10.IMP.M_50000",8.89436960220337,0.118227005004883,"2025-11-28 01:07:50.658365"
"SimNLMNAR_rep8_n115000_d5_corr95_NA25","MICE.10.IMP.M",50000,"[[0.369708982292027, 0.2575177508452, -0.5812241303313, -0.315364352579044, 0.315613187612409, 0.136196425430552, 0.0322728800564557, -0.14600692417217, -0.424866877449157, 1.14121736684146], [-0.0842488941216988]]","SimNLMNAR_rep8_n115000_d5_corr95_NA25_MICE.10.IMP.M_50000",8.93271017074585,0.11830735206604,"2025-11-28 01:07:59.702494"
"SimNLMNAR_rep9_n115000_d5_corr95_NA25","MICE.10.IMP.M",50000,"[[0.329321400595211, 0.28124983890411, -0.572874751468363, -0.305984706055709, 0.309464025617406, 0.149817355995967, 0.0734843405434063, -0.152750503527878, -0.450071689638781, 1.12471660259237], [-0.117242781107881]]","SimNLMNAR_rep9_n115000_d5_corr95_NA25_MICE.10.IMP.M_50000",14.5192360877991,0.134575366973877,"2025-11-28 01:05:56.446495"
"SimNLMNAR_rep0_n115000_d5_corr95_NA25","MICE.10.Y.IMP.M",100,"[[-2.51974882518707, 0.106490695129488, 1.29230868013936, -0.0583838885503964, 0.702816927677549, 0.11874687376836, 0.858923322836434, 0.776957988963546, -0.896000193799428, 2.40970760450238], [-0.667528205736715]]","SimNLMNAR_rep0_n115000_d5_corr95_NA25_MICE.10.Y.IMP.M_100",1.42932534217834,0.0758974552154541,"2025-11-28 01:06:11.145743"
"SimNLMNAR_rep1_n115000_d5_corr95_NA25","MICE.10.Y.IMP.M",100,"[[2.5676275513375, -1.75249010106776, -1.85543053663105, -0.584209526495365, 0.913527151329077, 0.785978255281668, 0.921622937928545, -0.60795014284247, -0.302476599896107, 0.77407563256596], [-1.03713661527889]]","SimNLMNAR_rep1_n115000_d5_corr95_NA25_MICE.10.Y.IMP.M_100",2.24078035354614,0.0790064334869385,"2025-11-28 01:06:12.690432"
"SimNLMNAR_rep2_n115000_d5_corr95_NA25","MICE.10.Y.IMP.M",100,"[[1.0439956561136, -0.172995636958844, -2.42656118616546, -1.91291365403597, 1.40551827280315, 0.870499243373299, 1.98787016584867, -0.524040293778594, -1.75715886315774, 1.20201647311315], [-1.86307731854472]]","SimNLMNAR_rep2_n115000_d5_corr95_NA25_MICE.10.Y.IMP.M_100",1.34479427337646,0.0734508037567139,"2025-11-28 01:06:15.050098"
"SimNLMNAR_rep3_n115000_d5_corr95_NA25","MICE.10.Y.IMP.M",100,"[[84.3010149595413, 21.9230074052962, -60.4980835946712, -26.7154420503023, 39.1246915376847, -8.60889742672417, -26.1751836628052, 34.1424701540022, 0.288544967690565, 35.6519320315663], [2.59700151141964]]","SimNLMNAR_rep3_n115000_d5_corr95_NA25_MICE.10.Y.IMP.M_100",1.36660170555115,0.0659129619598389,"2025-11-28 01:06:16.50095"
"SimNLMNAR_rep4_n115000_d5_corr95_NA25","MICE.10.Y.IMP.M",100,"[[-1.2710961111998, 0.935193468547492, 0.393854350025246, -1.07347104583082, 0.849777085374881, 0.0973137662479401, -0.743922795020169, -0.232798393192416, -1.29872618711201, 1.25970323214583], [0.335172387847893]]","SimNLMNAR_rep4_n115000_d5_corr95_NA25_MICE.10.Y.IMP.M_100",1.42979955673218,0.0729844570159912,"2025-11-28 01:06:17.965189"
"SimNLMNAR_rep5_n115000_d5_corr95_NA25","MICE.10.Y.IMP.M",100,"[[425.687721170147, 543.695594582266, -528.051594524398, -320.459721833005, 121.094860810196, 214.560534081356, -439.545012662917, -165.045681128815, -446.974033540281, 352.092413653752], [219.13110022485]]","SimNLMNAR_rep5_n115000_d5_corr95_NA25_MICE.10.Y.IMP.M_100",1.40674591064453,0.0728342533111572,"2025-11-28 01:06:19.503915"
"SimNLMNAR_rep6_n115000_d5_corr95_NA25","MICE.10.Y.IMP.M",100,"[[102.252028078228, -73.4389501396117, -63.0413119547031, -15.0732416343493, 34.0496717254525, 10.1208145495279, -16.9576967605807, 18.2272761059152, 12.8682749924921, 33.6411579200497], [-42.7646783680487]]","SimNLMNAR_rep6_n115000_d5_corr95_NA25_MICE.10.Y.IMP.M_100",1.88398051261902,0.0720951557159424,"2025-11-28 01:06:21.015754"
"SimNLMNAR_rep7_n115000_d5_corr95_NA25","MICE.10.Y.IMP.M",100,"[[0.651719193577846, -1.83983786512366, 0.551892930859984, -1.51357638869877, 1.02615769078532, 1.01620500200746, 0.501281355380279, 0.693715810261211, 0.324586274805635, 2.27474338070608], [-1.06165915714602]]","SimNLMNAR_rep7_n115000_d5_corr95_NA25_MICE.10.Y.IMP.M_100",1.36853289604187,0.0791513919830322,"2025-11-28 01:06:23.009681"
"SimNLMNAR_rep8_n115000_d5_corr95_NA25","MICE.10.Y.IMP.M",100,"[[2.2372340521266, -0.980805971190428, -1.83687537014467, -0.50902139239276, 0.974188828911784, 1.04521263439705, -0.470728535460637, 0.44923481003926, 0.175393281760851, 1.66701421697789], [-0.52772314964972]]","SimNLMNAR_rep8_n115000_d5_corr95_NA25_MICE.10.Y.IMP.M_100",1.42202925682068,0.0761995315551758,"2025-11-28 01:06:24.498495"
"SimNLMNAR_rep9_n115000_d5_corr95_NA25","MICE.10.Y.IMP.M",100,"[[1.06680688446656, -1.52791089424492, 0.433486334791235, -0.773966210375393, 0.695225405488334, 0.399064353740367, 0.1390300811507, 0.285518284482513, 0.00889129366856138, 0.987002941010988], [0.0335360264173792]]","SimNLMNAR_rep9_n115000_d5_corr95_NA25_MICE.10.Y.IMP.M_100",1.41846537590027,0.0783474445343018,"2025-11-28 01:06:26.03102"
"SimNLMNAR_rep0_n115000_d5_corr95_NA25","MICE.10.Y.IMP.M",500,"[[-0.959904921765307, 2.49555484832648, -2.0262315144873, -0.471445720560836, 0.829989050891024, 0.456594429861529, 0.433859052612186, -0.237731953947958, -0.737786919988433, 1.36070459089959], [-0.743369154409418]]","SimNLMNAR_rep0_n115000_d5_corr95_NA25_MICE.10.Y.IMP.M_500",1.56295013427734,0.0797362327575684,"2025-11-28 01:06:27.560789"
"SimNLMNAR_rep1_n115000_d5_corr95_NA25","MICE.10.Y.IMP.M",500,"[[0.406967967305154, 0.712634046600348, -1.01570153208956, -0.876741466133531, 0.728347612236462, 0.24465832560511, 0.0869783435532823, -0.158278265417026, -0.0122007282284009, 1.27344714495136], [-0.515870157799571]]","SimNLMNAR_rep1_n115000_d5_corr95_NA25_MICE.10.Y.IMP.M_500",1.99311208724976,0.0763680934906006,"2025-11-28 01:06:29.234398"
"SimNLMNAR_rep2_n115000_d5_corr95_NA25","MICE.10.Y.IMP.M",500,"[[1.7163621133203, -0.42799449244695, -1.77743333632627, -0.726417161060437, 0.96492026761984, -0.0544093492088928, 0.602962723745756, 0.353442567102359, 0.0962992525998975, 1.17408807944163], [-0.694377726688266]]","SimNLMNAR_rep2_n115000_d5_corr95_NA25_MICE.10.Y.IMP.M_500",1.51066541671753,0.078930139541626,"2025-11-28 01:06:31.334773"
"SimNLMNAR_rep3_n115000_d5_corr95_NA25","MICE.10.Y.IMP.M",500,"[[1.44554181565788, -0.184697107264055, -1.18299207799895, -1.10767624848014, 0.898034152861653, 0.0306958853230338, 0.152581877696025, -0.0113331690862188, -0.338727903255416, 1.20501248250464], [-0.161053684347822]]","SimNLMNAR_rep3_n115000_d5_corr95_NA25_MICE.10.Y.IMP.M_500",1.56778812408447,0.0804169178009033,"2025-11-28 01:06:32.954046"
"SimNLMNAR_rep4_n115000_d5_corr95_NA25","MICE.10.Y.IMP.M",500,"[[1.83522487332696, -1.05963053084074, -1.29594917296631, -0.526418119775364, 0.930130276883673, 0.293505305755483, -0.338593200175225, 0.0202976897034117, -0.687143662400953, 1.21030316133784], [-0.388464659814652]]","SimNLMNAR_rep4_n115000_d5_corr95_NA25_MICE.10.Y.IMP.M_500",1.53146934509277,0.0815596580505371,"2025-11-28 01:06:34.632965"
"SimNLMNAR_rep5_n115000_d5_corr95_NA25","MICE.10.Y.IMP.M",500,"[[0.831772981872414, 0.694412880601516, -1.36100817007553, -0.856265229485038, 0.82243049127337, 0.715023205657888, -0.330714244858471, -0.0388918013336344, -0.386544507041655, 1.16101513846423], [-0.330734305065375]]","SimNLMNAR_rep5_n115000_d5_corr95_NA25_MICE.10.Y.IMP.M_500",2.00730085372925,0.0797383785247803,"2025-11-28 01:06:36.277674"
"SimNLMNAR_rep6_n115000_d5_corr95_NA25","MICE.10.Y.IMP.M",500,"[[2.80811516388619, -0.889752495903473, -1.77471528943832, -0.905045321794996, 0.985913492778676, 0.270774595904611, -0.101958626754432, -0.292851135576827, -0.510934771513857, 1.4591142953797], [-0.533661149553738]]","SimNLMNAR_rep6_n115000_d5_corr95_NA25_MICE.10.Y.IMP.M_500",1.52127766609192,0.0954015254974365,"2025-11-28 01:06:38.397801"
"SimNLMNAR_rep7_n115000_d5_corr95_NA25","MICE.10.Y.IMP.M",500,"[[1.22268844350692, -0.219967486832138, -1.15139410531287, -0.480224067323098, 0.708256731367656, -0.292169130943363, -0.117441750055996, -0.346602137064584, -0.741360417506988, 0.803498207027577], [0.256115851503251]]","SimNLMNAR_rep7_n115000_d5_corr95_NA25_MICE.10.Y.IMP.M_500",1.58382272720337,0.0780854225158691,"2025-11-28 01:06:40.046389"
"SimNLMNAR_rep8_n115000_d5_corr95_NA25","MICE.10.Y.IMP.M",500,"[[0.847646109560152, 0.567363608705901, -1.82349066386061, -0.471368918447629, 0.890805732767546, 0.156184270003094, 0.350074036955548, -0.361790185932919, -0.0372200370454733, 0.63177965296318], [-0.07564246270882]]","SimNLMNAR_rep8_n115000_d5_corr95_NA25_MICE.10.Y.IMP.M_500",1.51701688766479,0.0738420486450195,"2025-11-28 01:06:41.73936"
"SimNLMNAR_rep9_n115000_d5_corr95_NA25","MICE.10.Y.IMP.M",500,"[[1.29609685875549, -0.154230581002846, -1.53710499430582, -0.653502200745951, 0.948418447064823, 0.565893683298068, -0.0436628756758687, -0.378890115392149, -0.526017929869465, 1.01220558280533], [-0.215752778350183]]","SimNLMNAR_rep9_n115000_d5_corr95_NA25_MICE.10.Y.IMP.M_500",1.97316646575928,0.0740048885345459,"2025-11-28 01:06:43.361107"
"SimNLMNAR_rep0_n115000_d5_corr95_NA25","MICE.10.Y.IMP.M",1000,"[[0.0701762398829602, 2.14494539414942, -1.98280012917869, -0.880822757948168, 0.881665491048787, 0.20814828989742, 0.0511079538191504, -0.297588124432921, -0.446372796058866, 1.37085569838336], [-0.43241891251524]]","SimNLMNAR_rep0_n115000_d5_corr95_NA25_MICE.10.Y.IMP.M_1000",1.59258270263672,0.078632116317749,"2025-11-28 01:06:45.438344"
"SimNLMNAR_rep1_n115000_d5_corr95_NA25","MICE.10.Y.IMP.M",1000,"[[0.716656844231086, 1.15490306534211, -1.51054658440969, -0.900542729955837, 0.851442546017735, 0.226087595778631, 0.129226382994578, -0.202036289472312, 0.100037370912297, 1.08187159026407], [-0.517445009715786]]","SimNLMNAR_rep1_n115000_d5_corr95_NA25_MICE.10.Y.IMP.M_1000",1.62292909622192,0.0748677253723145,"2025-11-28 01:06:47.140265"
"SimNLMNAR_rep2_n115000_d5_corr95_NA25","MICE.10.Y.IMP.M",1000,"[[1.55302045896484, -0.65351688416676, -1.24728876007263, -0.605741213326194, 0.838692758425716, -0.113267235203234, 0.104769746616085, 0.0257259148380404, -0.0918483241850263, 1.00868733213616], [-0.0917366813444474]]","SimNLMNAR_rep2_n115000_d5_corr95_NA25_MICE.10.Y.IMP.M_1000",1.70528721809387,0.0799577236175537,"2025-11-28 01:06:48.870645"
"SimNLMNAR_rep3_n115000_d5_corr95_NA25","MICE.10.Y.IMP.M",1000,"[[1.85393298303828, -0.62524476140333, -1.41057430923251, -0.727583568695473, 0.857417908985462, 0.0256482200603139, -0.0620946912586954, -0.281028918632985, -0.288279955931052, 1.04963273464622], [-0.198126135702961]]","SimNLMNAR_rep3_n115000_d5_corr95_NA25_MICE.10.Y.IMP.M_1000",2.06614065170288,0.0746300220489502,"2025-11-28 01:06:50.686123"
"SimNLMNAR_rep4_n115000_d5_corr95_NA25","MICE.10.Y.IMP.M",1000,"[[1.43124543205268, 0.0558673520492033, -1.10111210853802, -0.777218280274203, 0.724345877997366, -0.200498600502788, -0.288261405250253, -0.0132213027379448, -0.503889535440349, 1.05963696899685], [0.0205695602258404]]","SimNLMNAR_rep4_n115000_d5_corr95_NA25_MICE.10.Y.IMP.M_1000",2.53610634803772,0.0720639228820801,"2025-11-28 01:06:03.383205"
"SimNLMNAR_rep5_n115000_d5_corr95_NA25","MICE.10.Y.IMP.M",1000,"[[1.18059967508681, -0.101759667493293, -1.26390327490667, -0.665454717717857, 0.810937844357396, 0.531024145681297, 0.00237565638645822, 0.0102857437497408, -0.655105287937136, 1.11584312131536], [-0.25249178702892]]","SimNLMNAR_rep5_n115000_d5_corr95_NA25_MICE.10.Y.IMP.M_1000",2.00113344192505,0.0877959728240967,"2025-11-28 01:06:06.037233"
"SimNLMNAR_rep6_n115000_d5_corr95_NA25","MICE.10.Y.IMP.M",1000,"[[1.40818311634152, 0.301053680915593, -1.80850857805835, -0.674305706875814, 0.909423717050158, 0.215771759006499, -0.118561994680484, -0.156664812473461, -0.361784331684644, 1.12324955837426], [-0.357138352944259]]","SimNLMNAR_rep6_n115000_d5_corr95_NA25_MICE.10.Y.IMP.M_1000",1.64730405807495,0.0704653263092041,"2025-11-28 01:06:08.166038"
"SimNLMNAR_rep7_n115000_d5_corr95_NA25","MICE.10.Y.IMP.M",1000,"[[1.87504439510206, 0.200079397575394, -1.84550060313866, -0.709912228915673, 0.90735778698882, -0.0599467749389578, -0.0881284923994407, -0.193308805035894, -0.53124646958819, 1.01998936629446], [0.0192490217061417]]","SimNLMNAR_rep7_n115000_d5_corr95_NA25_MICE.10.Y.IMP.M_1000",2.10321354866028,0.0741052627563477,"2025-11-28 01:06:09.920881"
"SimNLMNAR_rep8_n115000_d5_corr95_NA25","MICE.10.Y.IMP.M",1000,"[[1.48175433306607, 0.0670554259761464, -1.90600021886907, -0.544025860082717, 0.905825850459437, 0.20916060931698, -0.0100747248670319, -0.254831993193979, -0.15169942015469, 0.644349901355788], [-0.174732580362745]]","SimNLMNAR_rep8_n115000_d5_corr95_NA25_MICE.10.Y.IMP.M_1000",1.62323927879333,0.50818395614624,"2025-11-28 01:06:12.129477"
"SimNLMNAR_rep9_n115000_d5_corr95_NA25","MICE.10.Y.IMP.M",1000,"[[0.82770009037651, 0.264796243929048, -1.82999748235785, -0.40417545515388, 0.914438245080378, 0.437539589357619, -0.233755972745492, -0.397617889010407, -0.787308257488594, 0.98295256727082], [-0.222319808159102]]","SimNLMNAR_rep9_n115000_d5_corr95_NA25_MICE.10.Y.IMP.M_1000",1.58762764930725,0.0850639343261719,"2025-11-28 01:06:14.293422"
"SimNLMNAR_rep0_n115000_d5_corr95_NA25","MICE.10.Y.IMP.M",5000,"[[1.02606790132484, 0.699882874160473, -1.65931109541723, -0.776730426351585, 0.861518040106474, 0.264853253241536, -0.000605325657949789, -0.117599782031014, -0.428530012625269, 0.896558238504879], [-0.270034236560143]]","SimNLMNAR_rep0_n115000_d5_corr95_NA25_MICE.10.Y.IMP.M_5000",3.02612042427063,0.0793440341949463,"2025-11-28 01:06:15.998358"
"SimNLMNAR_rep1_n115000_d5_corr95_NA25","MICE.10.Y.IMP.M",5000,"[[0.897085617294898, 0.670490108795683, -1.48099353937962, -0.783901055951406, 0.85324286452377, 0.165903166972625, 0.0419689631550203, -0.0711419745995497, -0.225604781302156, 0.886662796346252], [-0.332113744792036]]","SimNLMNAR_rep1_n115000_d5_corr95_NA25_MICE.10.Y.IMP.M_5000",3.08762645721436,0.0834500789642334,"2025-11-28 01:06:19.13562"
"SimNLMNAR_rep2_n115000_d5_corr95_NA25","MICE.10.Y.IMP.M",5000,"[[1.54325217964978, -0.192098905713985, -1.48706173322699, -0.599041890712126, 0.840710432362835, 0.158147784558287, -0.0878644665995072, -0.129615576278916, -0.383101184237142, 0.901186447826559], [-0.113429243658353]]","SimNLMNAR_rep2_n115000_d5_corr95_NA25_MICE.10.Y.IMP.M_5000",3.53766846656799,0.0794782638549805,"2025-11-28 01:06:22.340036"
"SimNLMNAR_rep3_n115000_d5_corr95_NA25","MICE.10.Y.IMP.M",5000,"[[1.22013650996759, 0.357677749270328, -1.65935157896327, -0.670668190333753, 0.87454537341623, 0.154239194212759, -0.122101647723839, -0.210457542071, -0.256150382549771, 1.03735385445497], [-0.370998649092648]]","SimNLMNAR_rep3_n115000_d5_corr95_NA25_MICE.10.Y.IMP.M_5000",3.46933555603027,0.0778851509094238,"2025-11-28 01:06:25.990653"
"SimNLMNAR_rep4_n115000_d5_corr95_NA25","MICE.10.Y.IMP.M",5000,"[[1.52431402095844, -0.0278273150252463, -1.55965101953532, -0.659434387569057, 0.834988341477303, 0.144164992863815, -0.240919525584752, -0.273284301584536, -0.543012661871702, 0.971098171726917], [-0.171434160820601]]","SimNLMNAR_rep4_n115000_d5_corr95_NA25_MICE.10.Y.IMP.M_5000",2.98620414733887,0.0822885036468506,"2025-11-28 01:06:29.575083"
"SimNLMNAR_rep5_n115000_d5_corr95_NA25","MICE.10.Y.IMP.M",5000,"[[1.463723765698, 0.378932620800462, -1.90163907964899, -0.661353124251976, 0.926043774996491, 0.185718247534978, -0.108470037499594, -0.173141773920338, -0.433174551925514, 0.828150547878562], [-0.124721589426555]]","SimNLMNAR_rep5_n115000_d5_corr95_NA25_MICE.10.Y.IMP.M_5000",3.47999596595764,0.0772585868835449,"2025-11-28 01:06:32.676113"
"SimNLMNAR_rep6_n115000_d5_corr95_NA25","MICE.10.Y.IMP.M",5000,"[[1.04156446827326, 0.648983027123283, -1.64329941832673, -0.698881929560003, 0.816886709162486, 0.14595562680258, 0.0877229912512064, -0.0459536677475488, -0.444346946760348, 1.10304002610873], [-0.379804960491244]]","SimNLMNAR_rep6_n115000_d5_corr95_NA25_MICE.10.Y.IMP.M_5000",3.36901211738586,0.0788400173187256,"2025-11-28 01:06:36.266634"
"SimNLMNAR_rep7_n115000_d5_corr95_NA25","MICE.10.Y.IMP.M",5000,"[[1.99814980434057, -0.293870610713802, -1.47317096575734, -0.843757328172116, 0.84684199850416, 0.126459666050061, -0.0314725331833722, -0.114007497837501, -0.45035820289632, 0.910068046572991], [-0.0808688728413322]]","SimNLMNAR_rep7_n115000_d5_corr95_NA25_MICE.10.Y.IMP.M_5000",3.05846905708313,0.0796473026275635,"2025-11-28 01:06:39.747967"
"SimNLMNAR_rep8_n115000_d5_corr95_NA25","MICE.10.Y.IMP.M",5000,"[[1.41944845672787, 0.0553495906931289, -1.47238280692465, -0.666371253343584, 0.856425644321925, 0.0306384384389104, -0.118315561375359, -0.0652957304314575, -0.327836707707721, 0.725426070358744], [-0.0852960277662387]]","SimNLMNAR_rep8_n115000_d5_corr95_NA25_MICE.10.Y.IMP.M_5000",3.37397217750549,0.0785882472991943,"2025-11-28 01:06:42.920089"
"SimNLMNAR_rep9_n115000_d5_corr95_NA25","MICE.10.Y.IMP.M",5000,"[[1.47758243338268, 0.198120660478312, -1.68192075519705, -0.723028770836946, 0.883334916309318, 0.0870374875163353, -0.0699403543517961, -0.0966862913777408, -0.529583476177584, 0.940600572400446], [-0.159117629150682]]","SimNLMNAR_rep9_n115000_d5_corr95_NA25_MICE.10.Y.IMP.M_5000",3.39689445495605,0.0787050724029541,"2025-11-28 01:06:46.412238"
"SimNLMNAR_rep0_n115000_d5_corr95_NA25","MICE.10.Y.IMP.M",10000,"[[1.15285512807045, 0.763620988490051, -1.76978578068695, -0.780170969420676, 0.881619109963854, 0.201174969919452, -0.157979795323488, -0.149652907098655, -0.352304582399558, 0.978586963592835], [-0.214058994029049]]","SimNLMNAR_rep0_n115000_d5_corr95_NA25_MICE.10.Y.IMP.M_10000",4.94278311729431,0.0848784446716309,"2025-11-28 01:06:49.930342"
"SimNLMNAR_rep1_n115000_d5_corr95_NA25","MICE.10.Y.IMP.M",10000,"[[0.888416301084412, 0.722964172326815, -1.54203550061492, -0.743941849870788, 0.824411067334675, 0.153307163742835, 0.0177621644698714, -0.139966470559531, -0.33591454267121, 0.882618155163039], [-0.252463801019476]]","SimNLMNAR_rep1_n115000_d5_corr95_NA25_MICE.10.Y.IMP.M_10000",4.35818958282471,0.08158278465271,"2025-11-28 01:06:54.990595"
"SimNLMNAR_rep2_n115000_d5_corr95_NA25","MICE.10.Y.IMP.M",10000,"[[1.43439604121617, 0.126269826405951, -1.54216201371375, -0.67013453056368, 0.825879750892975, 0.0838506744431007, -0.0750575349191333, -0.140030215186147, -0.413981765493307, 0.902879867775084], [-0.0853992481461435]]","SimNLMNAR_rep2_n115000_d5_corr95_NA25_MICE.10.Y.IMP.M_10000",3.98841834068298,0.0917351245880127,"2025-11-28 01:06:59.464891"
"SimNLMNAR_rep3_n115000_d5_corr95_NA25","MICE.10.Y.IMP.M",10000,"[[1.57300672100941, 0.240284904094444, -1.70415844146649, -0.768480773518653, 0.883968372848782, 0.15408302752097, -0.0661761176523205, -0.0583991232264215, -0.356969615279187, 0.943510366670385], [-0.265201329939217]]","SimNLMNAR_rep3_n115000_d5_corr95_NA25_MICE.10.Y.IMP.M_10000",4.03387427330017,0.0875875949859619,"2025-11-28 01:07:03.585339"
"SimNLMNAR_rep4_n115000_d5_corr95_NA25","MICE.10.Y.IMP.M",10000,"[[1.53940782176146, 0.176855872292805, -1.57978853196578, -0.761106457977035, 0.813290162975331, 0.061854321136095, -0.103121153323895, -0.165105441425787, -0.439865916708621, 0.937404395177458], [-0.228781378028823]]","SimNLMNAR_rep4_n115000_d5_corr95_NA25_MICE.10.Y.IMP.M_10000",3.91138410568237,0.0860810279846191,"2025-11-28 01:07:07.741097"
"SimNLMNAR_rep5_n115000_d5_corr95_NA25","MICE.10.Y.IMP.M",10000,"[[1.34485503492975, 0.55783953774025, -1.78617321724766, -0.727401383339353, 0.855034575241838, 0.0307230896389476, -0.0113396293468887, -0.138102709853315, -0.472167834910706, 0.90901237556232], [-0.107097537941608]]","SimNLMNAR_rep5_n115000_d5_corr95_NA25_MICE.10.Y.IMP.M_10000",4.0591766834259,0.0879769325256348,"2025-11-28 01:07:11.771534"
"SimNLMNAR_rep6_n115000_d5_corr95_NA25","MICE.10.Y.IMP.M",10000,"[[1.26174492573165, 0.685104504490688, -1.78407499467186, -0.799628546981004, 0.867030004141097, 0.0587051326903491, 0.0274719282125027, -0.0973995568415209, -0.35688326543259, 1.08662395492054], [-0.293577249484444]]","SimNLMNAR_rep6_n115000_d5_corr95_NA25_MICE.10.Y.IMP.M_10000",3.9210193157196,0.111853361129761,"2025-11-28 01:07:15.950813"
"SimNLMNAR_rep7_n115000_d5_corr95_NA25","MICE.10.Y.IMP.M",10000,"[[1.8584042151843, -0.157939248737949, -1.59063675052355, -0.765224360283276, 0.85787339896386, 0.0445425871081702, -0.083780650241431, -0.108506586189188, -0.433052462917868, 0.854992419777515], [-0.0866058095752368]]","SimNLMNAR_rep7_n115000_d5_corr95_NA25_MICE.10.Y.IMP.M_10000",3.93349170684814,0.0850255489349365,"2025-11-28 01:07:20.016259"
"SimNLMNAR_rep8_n115000_d5_corr95_NA25","MICE.10.Y.IMP.M",10000,"[[1.21918486383428, 0.267466604900477, -1.47389038728489, -0.703275547833162, 0.818293118943242, 0.115234779400877, -0.0753787371271393, -0.0679928945428545, -0.407821701821975, 0.891826010227725], [-0.207856491283873]]","SimNLMNAR_rep8_n115000_d5_corr95_NA25_MICE.10.Y.IMP.M_10000",4.73604559898376,0.0837161540985107,"2025-11-28 01:06:11.295516"
"SimNLMNAR_rep9_n115000_d5_corr95_NA25","MICE.10.Y.IMP.M",10000,"[[1.15527098500866, 0.49588379130376, -1.55809545955402, -0.751799561646045, 0.846943241654057, 0.143603139926609, -0.0610210983160041, -0.157615440124109, -0.448299319782669, 0.912358300466761], [-0.134084407808442]]","SimNLMNAR_rep9_n115000_d5_corr95_NA25_MICE.10.Y.IMP.M_10000",3.97470593452454,0.0971431732177734,"2025-11-28 01:06:16.17037"
"SimNLMNAR_rep0_n115000_d5_corr95_NA25","MICE.10.Y.IMP.M",50000,"[[1.35761023832562, 0.340043103469757, -1.5575956378885, -0.747309937632374, 0.840853526915716, 0.124742673909146, -0.0788197750509878, -0.119793489415279, -0.37758951893954, 0.919598204819813], [-0.160769479830476]]","SimNLMNAR_rep0_n115000_d5_corr95_NA25_MICE.10.Y.IMP.M_50000",15.6462004184723,0.139062881469727,"2025-11-28 01:06:20.282063"
"SimNLMNAR_rep1_n115000_d5_corr95_NA25","MICE.10.Y.IMP.M",50000,"[[1.43372073086376, 0.26428985585114, -1.58921175037423, -0.765530590068003, 0.858618555238677, 0.0778979642655742, -0.0203215319573845, -0.16097381742902, -0.380220336245629, 0.898954907658848], [-0.150212061624328]]","SimNLMNAR_rep1_n115000_d5_corr95_NA25_MICE.10.Y.IMP.M_50000",13.6665952205658,0.136083602905273,"2025-11-28 01:06:36.102944"
"SimNLMNAR_rep2_n115000_d5_corr95_NA25","MICE.10.Y.IMP.M",50000,"[[1.22169482442223, 0.518736507419354, -1.64423321837207, -0.734236339830897, 0.859989403378491, 0.0750311541498526, -0.121011475646208, -0.126000151893614, -0.369301586002093, 0.898353992802104], [-0.126248043363098]]","SimNLMNAR_rep2_n115000_d5_corr95_NA25_MICE.10.Y.IMP.M_50000",12.9290502071381,0.140143632888794,"2025-11-28 01:06:49.937157"
"SimNLMNAR_rep3_n115000_d5_corr95_NA25","MICE.10.Y.IMP.M",50000,"[[1.39017121207924, 0.322689548014813, -1.64376549358826, -0.733054268165547, 0.858861106646866, 0.11654829995674, -0.0599224147578081, -0.142818817961125, -0.372497565356745, 0.916551170812335], [-0.194755748842633]]","SimNLMNAR_rep3_n115000_d5_corr95_NA25_MICE.10.Y.IMP.M_50000",12.8866109848022,0.132302045822144,"2025-11-28 01:07:03.039111"
"SimNLMNAR_rep4_n115000_d5_corr95_NA25","MICE.10.Y.IMP.M",50000,"[[1.4972361490427, 0.153715664340303, -1.61642995710727, -0.695614505715024, 0.845225585941268, 0.092901440143227, -0.0577454491773286, -0.121868114864445, -0.423296014373779, 0.920231986183613], [-0.180288984453793]]","SimNLMNAR_rep4_n115000_d5_corr95_NA25_MICE.10.Y.IMP.M_50000",12.6717698574066,0.13237738609314,"2025-11-28 01:07:16.092517"
"SimNLMNAR_rep5_n115000_d5_corr95_NA25","MICE.10.Y.IMP.M",50000,"[[1.40421248436993, 0.358985596463904, -1.65239071445029, -0.715337924247709, 0.842439964419015, 0.0781396267530609, -0.0610154422185341, -0.147158398261269, -0.449500962061964, 0.917445756586709], [-0.117908792187823]]","SimNLMNAR_rep5_n115000_d5_corr95_NA25_MICE.10.Y.IMP.M_50000",12.538631439209,0.132833480834961,"2025-11-28 01:07:28.929407"
"SimNLMNAR_rep6_n115000_d5_corr95_NA25","MICE.10.Y.IMP.M",50000,"[[1.40381055974705, 0.388297912765837, -1.65978685077698, -0.748849441079102, 0.84608188081421, 0.107870367096764, -0.0319151039524496, -0.13291063557661, -0.397291419686788, 0.960768013770571], [-0.181206809203223]]","SimNLMNAR_rep6_n115000_d5_corr95_NA25_MICE.10.Y.IMP.M_50000",12.7086939811707,0.146323919296265,"2025-11-28 01:07:41.632423"
"SimNLMNAR_rep7_n115000_d5_corr95_NA25","MICE.10.Y.IMP.M",50000,"[[1.45334033349211, 0.304580290034733, -1.64185290606919, -0.741081336887074, 0.840515974456611, 0.107420585400212, -0.0422040067187983, -0.171655313544301, -0.477709820498379, 0.918326112296424], [-0.17840631723394]]","SimNLMNAR_rep7_n115000_d5_corr95_NA25_MICE.10.Y.IMP.M_50000",13.2721192836761,0.139872074127197,"2025-11-28 01:07:54.520058"
"SimNLMNAR_rep8_n115000_d5_corr95_NA25","MICE.10.Y.IMP.M",50000,"[[1.32862856230072, 0.355693762427822, -1.57933576208484, -0.730951422097464, 0.851873173723518, 0.0558149852752652, -0.0844402341486208, -0.139075965968151, -0.428240709900257, 0.913096389976139], [-0.10483155486819]]","SimNLMNAR_rep8_n115000_d5_corr95_NA25_MICE.10.Y.IMP.M_50000",12.2161979675293,0.125555753707886,"2025-11-28 01:08:07.965367"
"SimNLMNAR_rep9_n115000_d5_corr95_NA25","MICE.10.Y.IMP.M",50000,"[[1.35538865547259, 0.317343455196777, -1.5805245151677, -0.714947785201725, 0.835439450077665, 0.0761324613775946, -0.0217026998563981, -0.132729721948919, -0.431040967028613, 0.933957936816414], [-0.188776404164395]]","SimNLMNAR_rep9_n115000_d5_corr95_NA25_MICE.10.Y.IMP.M_50000",12.1790459156036,0.127163410186768,"2025-11-28 01:08:20.342405"
"SimNLMNAR_rep0_n115000_d5_corr95_NA25","MICE.10.M.IMP.M",100,"[[-1.53413109241384, 1.40738217013395, -0.143414972092954, -0.263719297996266, 0.223017212948425, 0.322641903151356, 0.519741705677155, 0.640361563335603, -0.768280755836757, 2.41632064295259], [-1.13821114474675]]","SimNLMNAR_rep0_n115000_d5_corr95_NA25_MICE.10.M.IMP.M_100",1.32728958129883,0.0651481151580811,"2025-11-28 01:08:32.680178"
"SimNLMNAR_rep1_n115000_d5_corr95_NA25","MICE.10.M.IMP.M",100,"[[1.41809472397217, -0.686191247170342, -0.64154208922719, -0.446259346701657, 0.356098658853557, 0.921248523328518, 0.489455922283171, -0.548170987006168, -0.566789558843319, 0.305984597302306], [-0.096643226150496]]","SimNLMNAR_rep1_n115000_d5_corr95_NA25_MICE.10.M.IMP.M_100",1.30829191207886,0.0722861289978027,"2025-11-28 01:08:34.102444"
"SimNLMNAR_rep2_n115000_d5_corr95_NA25","MICE.10.M.IMP.M",100,"[[0.370304834949805, -0.780946663756663, -0.27473999626484, -0.312586455703008, 0.483425848412184, 0.410550878953701, 1.34091172199729, -0.441843039852817, -1.22083809466157, 0.542734742306439], [-0.084609631908862]]","SimNLMNAR_rep2_n115000_d5_corr95_NA25_MICE.10.M.IMP.M_100",1.31514453887939,0.0732064247131348,"2025-11-28 01:08:35.513546"
"SimNLMNAR_rep3_n115000_d5_corr95_NA25","MICE.10.M.IMP.M",100,"[[0.0861340066549614, 1.09904953653799, -0.782833251056597, -0.330134090390427, 0.456839910416745, -0.303340314979489, -0.616018170278567, -0.672109853286184, -0.534919007164446, 1.57547854220842], [0.388788422039628]]","SimNLMNAR_rep3_n115000_d5_corr95_NA25_MICE.10.M.IMP.M_100",1.34823226928711,0.0801727771759033,"2025-11-28 01:08:36.932965"
"SimNLMNAR_rep4_n115000_d5_corr95_NA25","MICE.10.M.IMP.M",100,"[[-0.537683065257399, 1.14921854607424, -0.0229157031116267, -0.582274341958524, 0.39481356179197, 0.089534918931297, -0.334275393634723, -0.323525601859269, -0.985205509180964, 1.15145291819092], [0.243846027427347]]","SimNLMNAR_rep4_n115000_d5_corr95_NA25_MICE.10.M.IMP.M_100",1.38369846343994,0.0771729946136475,"2025-11-28 01:08:38.39203"
"SimNLMNAR_rep5_n115000_d5_corr95_NA25","MICE.10.M.IMP.M",100,"[[0.379132467523692, 2.18960672439256, -0.829869305854441, -1.1748962131575, 0.584942930229904, 1.00859395220728, -1.71558293081526, -1.619799319099, -2.14232202297738, 3.57572721486468], [1.29544060372537]]","SimNLMNAR_rep5_n115000_d5_corr95_NA25_MICE.10.M.IMP.M_100",1.8304615020752,0.0647625923156738,"2025-11-28 01:08:39.884234"
"SimNLMNAR_rep6_n115000_d5_corr95_NA25","MICE.10.M.IMP.M",100,"[[2.23184683530523, -1.31605494982948, -1.00530316584744, -0.452868464146231, 0.515063387641282, 0.940953412964622, -0.511686291552896, 0.789864328540937, -0.0984355772888514, 1.66986019900974], [-0.717153634375883]]","SimNLMNAR_rep6_n115000_d5_corr95_NA25_MICE.10.M.IMP.M_100",1.27908897399902,0.0721189975738525,"2025-11-28 01:08:41.810898"
"SimNLMNAR_rep7_n115000_d5_corr95_NA25","MICE.10.M.IMP.M",100,"[[0.850724000354793, -1.78523100788997, 0.801712447829178, -0.713067374770177, 0.39795646437551, 1.0696723275834, 0.125672423786069, 0.290000563665621, -0.103973605611739, 1.75995879744955], [-0.116783412813052]]","SimNLMNAR_rep7_n115000_d5_corr95_NA25_MICE.10.M.IMP.M_100",1.29155731201172,0.066692590713501,"2025-11-28 01:08:43.193064"
"SimNLMNAR_rep8_n115000_d5_corr95_NA25","MICE.10.M.IMP.M",100,"[[0.964245759395434, -0.228495679861684, -0.514435066041942, -0.46047918332818, 0.401356708219418, 0.530366316238633, -0.25624450136721, 0.0240568785918034, 0.402163327865823, 1.6277037731361], [-0.35435950785347]]","SimNLMNAR_rep8_n115000_d5_corr95_NA25_MICE.10.M.IMP.M_100",1.33098006248474,0.073267936706543,"2025-11-28 01:08:44.581424"
"SimNLMNAR_rep9_n115000_d5_corr95_NA25","MICE.10.M.IMP.M",100,"[[0.893624834027866, -1.0683015566695, 0.326102296705393, -0.370314073756431, 0.321648529415013, 0.405182639631501, 0.288566883065904, -0.0456921125140283, -0.327708176870288, 0.867168420316753], [0.128019021820452]]","SimNLMNAR_rep9_n115000_d5_corr95_NA25_MICE.10.M.IMP.M_100",1.27900910377502,0.0727896690368652,"2025-11-28 01:08:46.016364"
"SimNLMNAR_rep0_n115000_d5_corr95_NA25","MICE.10.M.IMP.M",500,"[[-0.249973578000501, 0.835234749153441, -0.708204188420796, -0.301426651834328, 0.325671315779027, 0.481709401814867, 0.311924908183135, -0.306927916180553, -0.527013061129417, 1.45155469439367], [-0.397401214671531]]","SimNLMNAR_rep0_n115000_d5_corr95_NA25_MICE.10.M.IMP.M_500",1.39017033576965,0.0732605457305908,"2025-11-28 01:08:47.398597"
"SimNLMNAR_rep1_n115000_d5_corr95_NA25","MICE.10.M.IMP.M",500,"[[0.349424631051206, 0.244109232950168, -0.416484541610141, -0.501654518068143, 0.321062184363771, 0.403644393034829, 0.226496333970678, -0.308473152830778, -0.109054015363171, 1.48612568514005], [-0.392233275419122]]","SimNLMNAR_rep1_n115000_d5_corr95_NA25_MICE.10.M.IMP.M_500",1.39216780662537,0.0798096656799316,"2025-11-28 01:08:48.892546"
"SimNLMNAR_rep2_n115000_d5_corr95_NA25","MICE.10.M.IMP.M",500,"[[0.483487390008688, -0.367391933736469, -0.556705573488649, -0.286406713249846, 0.349775330195438, 0.0822628334891763, 0.465527997037351, -0.000869063473716117, 0.066197558517328, 1.3214738039196], [-0.491719771211354]]","SimNLMNAR_rep2_n115000_d5_corr95_NA25_MICE.10.M.IMP.M_500",1.39050078392029,0.0662283897399902,"2025-11-28 01:08:50.397409"
"SimNLMNAR_rep3_n115000_d5_corr95_NA25","MICE.10.M.IMP.M",500,"[[0.468634095742391, 0.210614348579498, -0.690571532144467, -0.345060830653564, 0.318910796925265, 0.0594739845622867, -0.0326001534985081, -0.0902064791059735, -0.342704473511229, 1.27790895062036], [-0.120182127896278]]","SimNLMNAR_rep3_n115000_d5_corr95_NA25_MICE.10.M.IMP.M_500",3.28647518157959,0.0843935012817383,"2025-11-28 01:06:18.947401"
"SimNLMNAR_rep4_n115000_d5_corr95_NA25","MICE.10.M.IMP.M",500,"[[0.275162740286076, 0.157999998251981, -0.488886573145526, -0.445022676436162, 0.355386991629585, 0.125507756699349, -0.124194018307305, -0.0175747658971368, -0.37172087879425, 1.37309424140471], [-0.225342803157846]]","SimNLMNAR_rep4_n115000_d5_corr95_NA25_MICE.10.M.IMP.M_500",2.73268270492554,0.097707986831665,"2025-11-28 01:06:22.365424"
"SimNLMNAR_rep5_n115000_d5_corr95_NA25","MICE.10.M.IMP.M",500,"[[0.416810367099076, 0.0606092336359661, -0.307811515003797, -0.37025611004667, 0.35922425191824, 0.527257888482395, -0.149553110059301, -0.411778353674346, -0.486245034151854, 1.11681378178861], [0.0854946667126542]]","SimNLMNAR_rep5_n115000_d5_corr95_NA25_MICE.10.M.IMP.M_500",1.68018102645874,0.0861437320709229,"2025-11-28 01:06:25.238806"
"SimNLMNAR_rep6_n115000_d5_corr95_NA25","MICE.10.M.IMP.M",500,"[[0.959051711762531, -0.400172777489613, -0.549779913560941, -0.380551759241354, 0.373079684728877, 0.442643676834781, 0.0623782839937002, -0.325813025725516, -0.673788658268339, 1.70337847888674], [-0.235284541658514]]","SimNLMNAR_rep6_n115000_d5_corr95_NA25_MICE.10.M.IMP.M_500",2.16952013969421,0.0771973133087158,"2025-11-28 01:06:27.039155"
"SimNLMNAR_rep7_n115000_d5_corr95_NA25","MICE.10.M.IMP.M",500,"[[0.355505587370732, 0.181959158863946, -0.416778036139076, -0.267803764929079, 0.318671812004937, -0.303344585111074, -0.245128997177923, -0.407867656304336, -0.513635089767166, 0.859431363841276], [0.382853228298168]]","SimNLMNAR_rep7_n115000_d5_corr95_NA25_MICE.10.M.IMP.M_500",1.66584372520447,0.0799307823181152,"2025-11-28 01:06:29.319105"
"SimNLMNAR_rep8_n115000_d5_corr95_NA25","MICE.10.M.IMP.M",500,"[[0.392436195145317, -0.0583555213126964, -0.550483612302475, -0.284170982828869, 0.356372232797645, 0.192514229048038, 0.297142234337695, -0.397291750862886, -0.0830921960531561, 0.698723842164099], [-0.014686928018359]]","SimNLMNAR_rep8_n115000_d5_corr95_NA25_MICE.10.M.IMP.M_500",2.124844789505,0.0725333690643311,"2025-11-28 01:06:31.096794"
"SimNLMNAR_rep9_n115000_d5_corr95_NA25","MICE.10.M.IMP.M",500,"[[0.341315397647926, 0.126435508269424, -0.505622391120674, -0.340735237851034, 0.335457362992726, 0.551568207618429, -0.0241688788685875, -0.409038219052289, -0.606709058332651, 1.0478361367071], [-0.0314134095525863]]","SimNLMNAR_rep9_n115000_d5_corr95_NA25_MICE.10.M.IMP.M_500",1.65759992599487,0.0784025192260742,"2025-11-28 01:06:33.326034"
"SimNLMNAR_rep0_n115000_d5_corr95_NA25","MICE.10.M.IMP.M",1000,"[[0.211058351554095, 0.405456002939109, -0.522266965506398, -0.369447453101676, 0.327759394013348, 0.0607600929240342, 0.143060901369667, -0.396924970447051, -0.461853566363068, 1.29463524110538], [-0.0365669602114857]]","SimNLMNAR_rep0_n115000_d5_corr95_NA25_MICE.10.M.IMP.M_1000",2.14604806900024,0.0725142955780029,"2025-11-28 01:06:35.092118"
"SimNLMNAR_rep1_n115000_d5_corr95_NA25","MICE.10.M.IMP.M",1000,"[[0.474194648111585, 0.231174668736903, -0.550231998137191, -0.391348847763329, 0.321337264336083, 0.203181992817338, 0.111549623330912, -0.354569355589835, -0.0293338776023358, 1.27948698043089], [-0.277990845993163]]","SimNLMNAR_rep1_n115000_d5_corr95_NA25_MICE.10.M.IMP.M_1000",1.74025201797485,0.499058723449707,"2025-11-28 01:06:37.341953"
"SimNLMNAR_rep2_n115000_d5_corr95_NA25","MICE.10.M.IMP.M",1000,"[[0.511607338688104, -0.21884299717469, -0.529342217178852, -0.315735451616463, 0.369102260784649, 0.055255840115149, 0.262950150582447, -0.0688740853153706, -0.264751099209951, 1.15998615568807], [-0.133723137780713]]","SimNLMNAR_rep2_n115000_d5_corr95_NA25_MICE.10.M.IMP.M_1000",1.71746563911438,0.0841970443725586,"2025-11-28 01:06:39.610862"
"SimNLMNAR_rep3_n115000_d5_corr95_NA25","MICE.10.M.IMP.M",1000,"[[0.495186809377176, 0.077967626037973, -0.564072583015642, -0.347780747589174, 0.31297975910565, 0.00851995976700434, -0.0146939611219403, -0.288627774292679, -0.264799751033139, 1.21438463074864], [-0.0946376877924817]]","SimNLMNAR_rep3_n115000_d5_corr95_NA25_MICE.10.M.IMP.M_1000",2.16907143592834,0.0791466236114502,"2025-11-28 01:06:41.444768"
"SimNLMNAR_rep4_n115000_d5_corr95_NA25","MICE.10.M.IMP.M",1000,"[[0.356351883997704, 0.25900974403623, -0.444566939172942, -0.402534663699628, 0.31732037333657, -0.141506138654914, -0.273320435163774, -0.0887287551677258, -0.417809219139863, 1.21194444903001], [0.0453313393116605]]","SimNLMNAR_rep4_n115000_d5_corr95_NA25_MICE.10.M.IMP.M_1000",1.71954441070557,0.0752336978912354,"2025-11-28 01:06:43.72774"
"SimNLMNAR_rep5_n115000_d5_corr95_NA25","MICE.10.M.IMP.M",1000,"[[0.355141171685995, 0.0641364838229167, -0.437090379094682, -0.352123243139105, 0.357336365792884, 0.472496293208189, 0.140478698922959, -0.145659205965255, -0.600741953410037, 1.12211593727919], [-0.0610843646758644]]","SimNLMNAR_rep5_n115000_d5_corr95_NA25_MICE.10.M.IMP.M_1000",2.04655170440674,0.0741856098175049,"2025-11-28 01:06:45.553182"
"SimNLMNAR_rep6_n115000_d5_corr95_NA25","MICE.10.M.IMP.M",1000,"[[0.402020315449121, 0.256634416103835, -0.645565254984674, -0.343936517332982, 0.347037312947076, 0.161432375968588, -0.0215966580691844, -0.329526563965336, -0.443732384547094, 1.36651562787067], [-0.0988265924054708]]","SimNLMNAR_rep6_n115000_d5_corr95_NA25_MICE.10.M.IMP.M_1000",2.11518955230713,0.074967622756958,"2025-11-28 01:06:47.704511"
"SimNLMNAR_rep7_n115000_d5_corr95_NA25","MICE.10.M.IMP.M",1000,"[[0.400471725328797, 0.438856158900817, -0.689460129810645, -0.341099751517636, 0.346409946785696, -0.00569048086769345, -0.144870924492182, -0.475377289888074, -0.457079975994406, 1.21287554573687], [0.105719668792513]]","SimNLMNAR_rep7_n115000_d5_corr95_NA25_MICE.10.M.IMP.M_1000",1.67309617996216,0.0743296146392822,"2025-11-28 01:06:49.924986"
"SimNLMNAR_rep8_n115000_d5_corr95_NA25","MICE.10.M.IMP.M",1000,"[[0.540146836315237, 0.233579360514324, -0.760905307187188, -0.329286378849645, 0.347940497861789, 0.129338998463287, 0.02265151202252, -0.372640369368577, -0.14076121311371, 0.768479917127032], [-0.0241012588943097]]","SimNLMNAR_rep8_n115000_d5_corr95_NA25_MICE.10.M.IMP.M_1000",2.0464985370636,0.0740242004394531,"2025-11-28 01:06:51.702201"
"SimNLMNAR_rep9_n115000_d5_corr95_NA25","MICE.10.M.IMP.M",1000,"[[0.154505281430776, 0.269822589530965, -0.647124275100622, -0.238642365529018, 0.341213215447243, 0.396185771861247, 0.0419642356141856, -0.329565816226111, -0.642017417122199, 1.07815195120687], [-0.100167667723504]]","SimNLMNAR_rep9_n115000_d5_corr95_NA25_MICE.10.M.IMP.M_1000",2.08972144126892,0.0701684951782227,"2025-11-28 01:06:53.852672"
"SimNLMNAR_rep0_n115000_d5_corr95_NA25","MICE.10.M.IMP.M",5000,"[[0.334824934012755, 0.326513246223426, -0.594219828960461, -0.372684341077644, 0.330309681077384, 0.157091047081692, 0.0319833340542102, -0.221141932166718, -0.446522910283513, 1.15258830925928], [-0.0894801392005564]]","SimNLMNAR_rep0_n115000_d5_corr95_NA25_MICE.10.M.IMP.M_5000",3.00042271614075,0.0817313194274902,"2025-11-28 01:06:56.041654"
"SimNLMNAR_rep1_n115000_d5_corr95_NA25","MICE.10.M.IMP.M",5000,"[[0.242347782840048, 0.356982766205765, -0.560246308234372, -0.352802456287546, 0.333325036335388, 0.141087149534192, 0.0841391000498315, -0.227912658943521, -0.234079011789386, 1.06110616403337], [-0.165363354620511]]","SimNLMNAR_rep1_n115000_d5_corr95_NA25_MICE.10.M.IMP.M_5000",3.17200875282288,0.0813324451446533,"2025-11-28 01:06:59.154565"
"SimNLMNAR_rep2_n115000_d5_corr95_NA25","MICE.10.M.IMP.M",5000,"[[0.40580651731981, 0.199507084026727, -0.589228919543526, -0.336053221853315, 0.333203463179545, 0.155673878642108, -0.0710911622428958, -0.24109133571222, -0.318409237888509, 1.08368377750893], [-0.0633566552259226]]","SimNLMNAR_rep2_n115000_d5_corr95_NA25_MICE.10.M.IMP.M_5000",3.0405158996582,0.0863656997680664,"2025-11-28 01:07:02.437337"
"SimNLMNAR_rep3_n115000_d5_corr95_NA25","MICE.10.M.IMP.M",5000,"[[0.392314618886353, 0.279612746173151, -0.598919132453146, -0.342654746033743, 0.329843803986834, 0.122959732212594, 0.00408219110405723, -0.272593922726698, -0.250392035168442, 1.22658237189701], [-0.193052360273433]]","SimNLMNAR_rep3_n115000_d5_corr95_NA25_MICE.10.M.IMP.M_5000",3.05836582183838,0.0821783542633057,"2025-11-28 01:07:05.595914"
"SimNLMNAR_rep4_n115000_d5_corr95_NA25","MICE.10.M.IMP.M",5000,"[[0.440735705450074, 0.326092451134954, -0.611142191616556, -0.372352735959597, 0.309100006885375, 0.106841975410814, -0.173309358660957, -0.384740700482033, -0.485617169094537, 1.09157296051332], [-0.00725465511417625]]","SimNLMNAR_rep4_n115000_d5_corr95_NA25_MICE.10.M.IMP.M_5000",3.01796531677246,0.0924811363220215,"2025-11-28 01:07:08.768356"
"SimNLMNAR_rep5_n115000_d5_corr95_NA25","MICE.10.M.IMP.M",5000,"[[0.448187618584072, 0.187804485701835, -0.619627040433482, -0.326527633307306, 0.340679112214625, 0.190730651204083, 0.00656925178821351, -0.329163818163771, -0.349271597763707, 1.01570289180301], [-0.00488218807736863]]","SimNLMNAR_rep5_n115000_d5_corr95_NA25_MICE.10.M.IMP.M_5000",3.63240027427673,0.0813572406768799,"2025-11-28 01:07:11.909587"
"SimNLMNAR_rep6_n115000_d5_corr95_NA25","MICE.10.M.IMP.M",5000,"[[0.346597040464833, 0.3204002659788, -0.667128801416947, -0.333469567725095, 0.329124194950804, 0.173335876155002, 0.044748012935055, -0.18087377311848, -0.354648927495178, 1.21305379430334], [-0.223710959805535]]","SimNLMNAR_rep6_n115000_d5_corr95_NA25_MICE.10.M.IMP.M_5000",3.02978539466858,0.0814933776855469,"2025-11-28 01:07:15.655793"
"SimNLMNAR_rep7_n115000_d5_corr95_NA25","MICE.10.M.IMP.M",5000,"[[0.437448333155589, 0.225113454899547, -0.541191507967006, -0.393486301040371, 0.320860898838194, 0.101612406517544, -0.00503036712294199, -0.297172560960522, -0.417214696838862, 1.078512438938], [-0.00665908281627075]]","SimNLMNAR_rep7_n115000_d5_corr95_NA25_MICE.10.M.IMP.M_5000",4.16849517822266,0.0873141288757324,"2025-11-28 01:06:26.738798"
"SimNLMNAR_rep8_n115000_d5_corr95_NA25","MICE.10.M.IMP.M",5000,"[[0.383432032234931, 0.348396083487456, -0.617820541471928, -0.352796843709808, 0.330974925612219, 0.056583045689015, -0.0392535330839113, -0.207781519220411, -0.281500793580409, 1.02972706582001], [-0.0518591052851089]]","SimNLMNAR_rep8_n115000_d5_corr95_NA25_MICE.10.M.IMP.M_5000",3.65112686157227,0.104877233505249,"2025-11-28 01:06:31.041243"
"SimNLMNAR_rep9_n115000_d5_corr95_NA25","MICE.10.M.IMP.M",5000,"[[0.366672932777974, 0.286711911301074, -0.588121698487126, -0.331096881910699, 0.326447341675564, 0.0491482455509821, 0.00373457575540154, -0.238719288154286, -0.434081359294628, 1.07910188308963], [-0.0282003497637065]]","SimNLMNAR_rep9_n115000_d5_corr95_NA25_MICE.10.M.IMP.M_5000",3.60118103027344,0.0856921672821045,"2025-11-28 01:06:34.837745"
"SimNLMNAR_rep0_n115000_d5_corr95_NA25","MICE.10.M.IMP.M",10000,"[[0.369944861872572, 0.331823149205903, -0.630528914113794, -0.358525040619732, 0.334383979997516, 0.132865629792866, -0.0244969249460368, -0.244826200716662, -0.342056197600636, 1.11566970853808], [-0.0777266423657237]]","SimNLMNAR_rep0_n115000_d5_corr95_NA25_MICE.10.M.IMP.M_10000",5.21541333198547,0.0951671600341797,"2025-11-28 01:06:38.559513"
"SimNLMNAR_rep1_n115000_d5_corr95_NA25","MICE.10.M.IMP.M",10000,"[[0.268111975020128, 0.3433761640112, -0.579759012665043, -0.340885981086615, 0.322901286090844, 0.160194304405531, 0.0347091376136446, -0.22432720417134, -0.317958198134514, 1.03982964964171], [-0.110510647993041]]","SimNLMNAR_rep1_n115000_d5_corr95_NA25_MICE.10.M.IMP.M_10000",4.64008903503418,0.0920538902282715,"2025-11-28 01:06:43.905509"
"SimNLMNAR_rep2_n115000_d5_corr95_NA25","MICE.10.M.IMP.M",10000,"[[0.363505677429702, 0.286322653573631, -0.58294710057335, -0.336905686842707, 0.321498656530703, 0.126804480926773, -0.0204978910365833, -0.256084697841632, -0.345390934790648, 1.04521115273], [-0.0434772929313438]]","SimNLMNAR_rep2_n115000_d5_corr95_NA25_MICE.10.M.IMP.M_10000",4.18840074539185,0.0935544967651367,"2025-11-28 01:06:48.670519"
"SimNLMNAR_rep3_n115000_d5_corr95_NA25","MICE.10.M.IMP.M",10000,"[[0.371313600888439, 0.369797031210433, -0.651302713422597, -0.353510684049841, 0.338414323441361, 0.0973760136876615, 0.0058849661560887, -0.188193984054201, -0.351560950423212, 1.1362170172367], [-0.126017835207872]]","SimNLMNAR_rep3_n115000_d5_corr95_NA25_MICE.10.M.IMP.M_10000",4.66661310195923,0.0895631313323975,"2025-11-28 01:06:52.986892"
"SimNLMNAR_rep4_n115000_d5_corr95_NA25","MICE.10.M.IMP.M",10000,"[[0.388675708306584, 0.368165076264558, -0.602460059033173, -0.386426975334065, 0.297142439998651, 0.0849448504352469, -0.0678315318820113, -0.268163823944, -0.435774974456986, 1.10317739943792], [-0.0996883258515669]]","SimNLMNAR_rep4_n115000_d5_corr95_NA25_MICE.10.M.IMP.M_10000",4.91877913475037,0.0933139324188232,"2025-11-28 01:06:57.777227"
"SimNLMNAR_rep5_n115000_d5_corr95_NA25","MICE.10.M.IMP.M",10000,"[[0.459795894283086, 0.16417736173873, -0.598149103119114, -0.316595034943114, 0.320629120078211, 0.0830790241414573, 0.0292313996343871, -0.251236467150024, -0.403935054963115, 1.02969787005139], [-0.00766867118591213]]","SimNLMNAR_rep5_n115000_d5_corr95_NA25_MICE.10.M.IMP.M_10000",4.87741446495056,0.0898709297180176,"2025-11-28 01:07:02.822377"
"SimNLMNAR_rep6_n115000_d5_corr95_NA25","MICE.10.M.IMP.M",10000,"[[0.405234163557834, 0.353416184823023, -0.636523671690956, -0.37654301993415, 0.320264842489716, 0.0634681896531238, 0.0353610163271888, -0.257701357311462, -0.37439679917025, 1.2267973587473], [-0.109082968102587]]","SimNLMNAR_rep6_n115000_d5_corr95_NA25_MICE.10.M.IMP.M_10000",4.19093775749207,0.091233491897583,"2025-11-28 01:07:07.825996"
"SimNLMNAR_rep7_n115000_d5_corr95_NA25","MICE.10.M.IMP.M",10000,"[[0.460908470630841, 0.245418539830806, -0.60132231579937, -0.377425290397557, 0.316313263687384, 0.0594933428967937, -0.0262088940949538, -0.23786213962063, -0.404308661019624, 1.07322859167369], [-0.0418064586492256]]","SimNLMNAR_rep7_n115000_d5_corr95_NA25_MICE.10.M.IMP.M_10000",4.70819139480591,0.0867383480072021,"2025-11-28 01:07:12.141593"
"SimNLMNAR_rep8_n115000_d5_corr95_NA25","MICE.10.M.IMP.M",10000,"[[0.329234156415193, 0.290140369207654, -0.582702050670216, -0.340044749139996, 0.326340839474635, 0.12258746313739, -0.0171067710729024, -0.20965981349708, -0.345494976701493, 1.10325904581418], [-0.10078724111962]]","SimNLMNAR_rep8_n115000_d5_corr95_NA25_MICE.10.M.IMP.M_10000",4.20890092849731,0.0959112644195557,"2025-11-28 01:07:16.970086"
"SimNLMNAR_rep9_n115000_d5_corr95_NA25","MICE.10.M.IMP.M",10000,"[[0.28671767236431, 0.370832338949742, -0.588692381931242, -0.349580330264608, 0.332693833463093, 0.104919876260446, 0.0100059497635237, -0.268816584665261, -0.418154884184957, 1.03442240337264], [-0.0411722735629975]]","SimNLMNAR_rep9_n115000_d5_corr95_NA25_MICE.10.M.IMP.M_10000",4.49936866760254,0.0911152362823486,"2025-11-28 01:07:21.308455"
"SimNLMNAR_rep0_n115000_d5_corr95_NA25","MICE.10.M.IMP.M",50000,"[[0.359444661938361, 0.302099651279362, -0.59315306799186, -0.345086287338321, 0.326646097802212, 0.10806842246993, -0.0124828059157776, -0.249101683166108, -0.341518655313373, 1.07419224001984], [-0.0657117237642118]]","SimNLMNAR_rep0_n115000_d5_corr95_NA25_MICE.10.M.IMP.M_50000",15.494503736496,0.151826143264771,"2025-11-28 01:07:25.932422"
"SimNLMNAR_rep1_n115000_d5_corr95_NA25","MICE.10.M.IMP.M",50000,"[[0.360292152672743, 0.306165469734284, -0.60071641696756, -0.353263127396171, 0.327608293889133, 0.0926338471540593, 0.0196558537414411, -0.281151790492594, -0.34896244897222, 1.05307623450353], [-0.0536195943687987]]","SimNLMNAR_rep1_n115000_d5_corr95_NA25_MICE.10.M.IMP.M_50000",14.2867631912231,0.143409490585327,"2025-11-28 01:07:41.610806"
"SimNLMNAR_rep2_n115000_d5_corr95_NA25","MICE.10.M.IMP.M",50000,"[[0.336714897403691, 0.346526211912577, -0.614466596983649, -0.349771170906936, 0.330723069040087, 0.0961035315591717, -0.0478708467440567, -0.25489197990214, -0.343024081875684, 1.05207693969816], [-0.0456174001556191]]","SimNLMNAR_rep2_n115000_d5_corr95_NA25_MICE.10.M.IMP.M_50000",13.5628151893616,0.149937629699707,"2025-11-28 01:07:56.072449"
"SimNLMNAR_rep3_n115000_d5_corr95_NA25","MICE.10.M.IMP.M",50000,"[[0.367290948924036, 0.291642338781211, -0.601491424681878, -0.339810120911488, 0.325656723931408, 0.0907074091027346, -0.0129653812141912, -0.253260349867901, -0.344094499428294, 1.06941797994943], [-0.071974220412243]]","SimNLMNAR_rep3_n115000_d5_corr95_NA25_MICE.10.M.IMP.M_50000",13.4104409217834,0.143413305282593,"2025-11-28 01:08:09.816364"
"SimNLMNAR_rep4_n115000_d5_corr95_NA25","MICE.10.M.IMP.M",50000,"[[0.399675978259729, 0.278560881166947, -0.620088454155719, -0.341413838680191, 0.320428250454707, 0.080155798295241, -0.0013686874830204, -0.2496943507568, -0.384245303524122, 1.0751441781162], [-0.0765846112873929]]","SimNLMNAR_rep4_n115000_d5_corr95_NA25_MICE.10.M.IMP.M_50000",12.9435203075409,0.143086194992065,"2025-11-28 01:08:23.401047"
"SimNLMNAR_rep5_n115000_d5_corr95_NA25","MICE.10.M.IMP.M",50000,"[[0.374853205648097, 0.29371396600601, -0.597784915349675, -0.331245732950487, 0.317685334728745, 0.106609064711371, -0.00876528643232777, -0.268978512488329, -0.394983276807748, 1.05623281869248], [-0.0285639669721445]]","SimNLMNAR_rep5_n115000_d5_corr95_NA25_MICE.10.M.IMP.M_50000",12.9598791599274,0.150135278701782,"2025-11-28 01:08:36.51853"
"SimNLMNAR_rep6_n115000_d5_corr95_NA25","MICE.10.M.IMP.M",50000,"[[0.396306133010604, 0.337728121568152, -0.642851197398651, -0.354557065662693, 0.323127570984458, 0.0808533969042515, 0.00896270604632072, -0.251663908645108, -0.373084175545415, 1.09202752916286], [-0.071414072273371]]","SimNLMNAR_rep6_n115000_d5_corr95_NA25_MICE.10.M.IMP.M_50000",12.8976273536682,0.146326065063477,"2025-11-28 01:08:49.658875"
"SimNLMNAR_rep7_n115000_d5_corr95_NA25","MICE.10.M.IMP.M",50000,"[[0.36410878025154, 0.335805676393636, -0.626881954094046, -0.35153031155865, 0.324794758412383, 0.0847456561374742, -0.000728911468017834, -0.277181130564384, -0.409995985444809, 1.07411516821842], [-0.0679481115003484]]","SimNLMNAR_rep7_n115000_d5_corr95_NA25_MICE.10.M.IMP.M_50000",13.0528094768524,0.529354333877563,"2025-11-28 01:09:02.733659"
"SimNLMNAR_rep8_n115000_d5_corr95_NA25","MICE.10.M.IMP.M",50000,"[[0.363480350487835, 0.339119917357793, -0.615091608747533, -0.347659301537684, 0.323880411089562, 0.0698729069652115, -0.0248210316176058, -0.26016558814519, -0.388179931909155, 1.08538606442982], [-0.038541808226146]]","SimNLMNAR_rep8_n115000_d5_corr95_NA25_MICE.10.M.IMP.M_50000",12.1895358562469,0.54055380821228,"2025-11-28 01:09:16.346554"
"SimNLMNAR_rep9_n115000_d5_corr95_NA25","MICE.10.M.IMP.M",50000,"[[0.351844343079299, 0.331079196215646, -0.604298735494323, -0.34522784050186, 0.321139330679702, 0.0907026571203993, 0.0243085267030911, -0.267728994747443, -0.402711715369313, 1.07036635300914], [-0.0759038077777827]]","SimNLMNAR_rep9_n115000_d5_corr95_NA25_MICE.10.M.IMP.M_50000",12.64435505867,0.152021884918213,"2025-11-28 01:09:29.107318"
"SimNLMNAR_rep0_n115000_d5_corr95_NA25","MICE.10.Y.M.IMP.M",100,"[[-3.40243994586292, 1.43481212864258, 0.209978189614636, -0.0418993519370875, 0.791394861641827, 0.422733222867955, 0.934029879978547, 1.01875998874122, -1.48344278106313, 3.40127450211443], [-1.2372404941427]]","SimNLMNAR_rep0_n115000_d5_corr95_NA25_MICE.10.Y.M.IMP.M_100",2.09814357757568,0.0814661979675293,"2025-11-28 01:09:41.936512"
"SimNLMNAR_rep1_n115000_d5_corr95_NA25","MICE.10.Y.M.IMP.M",100,"[[3.22337804755794, -2.15420946766909, -1.73137904002475, -0.942810911306101, 0.997102477950192, 0.83054204167029, 1.26589797224481, -0.764787101472377, -0.683013079278427, 1.33290776330405], [-1.17714298700267]]","SimNLMNAR_rep1_n115000_d5_corr95_NA25_MICE.10.Y.M.IMP.M_100",2.74945759773254,0.0805957317352295,"2025-11-28 01:06:33.734854"
"SimNLMNAR_rep2_n115000_d5_corr95_NA25","MICE.10.Y.M.IMP.M",100,"[[0.791405601790083, 0.143442536698889, -1.67247366984251, -2.06204605054156, 1.36653260384849, 1.64027430953802, 3.14108809212649, -0.781717936932307, -2.5113040547235, 0.220683180397493], [-1.31023240786892]]","SimNLMNAR_rep2_n115000_d5_corr95_NA25_MICE.10.Y.M.IMP.M_100",2.7559220790863,0.083392858505249,"2025-11-28 01:06:36.610059"
"SimNLMNAR_rep3_n115000_d5_corr95_NA25","MICE.10.Y.M.IMP.M",100,"[[-1870.74798272973, 4206.82934942832, -1656.69689248994, -818.935179354061, 781.644832983712, -893.549567581105, -1139.42972719758, -128.045158734958, -793.651670104118, 1435.63754667212], [-63.11250665182]]","SimNLMNAR_rep3_n115000_d5_corr95_NA25_MICE.10.Y.M.IMP.M_100",1.88254880905151,0.108158111572266,"2025-11-28 01:06:39.486285"
"SimNLMNAR_rep4_n115000_d5_corr95_NA25","MICE.10.Y.M.IMP.M",100,"[[-0.919531177469838, 1.1910517003023, -0.0329242182216497, -1.01510384485393, 0.951910066850801, -0.389730060496821, -0.81318770848902, -0.324289101308508, -1.28657085324928, 0.545003482654599], [0.641407979116904]]","SimNLMNAR_rep4_n115000_d5_corr95_NA25_MICE.10.Y.M.IMP.M_100",2.35153198242188,0.0748682022094727,"2025-11-28 01:06:41.508756"
"SimNLMNAR_rep5_n115000_d5_corr95_NA25","MICE.10.Y.M.IMP.M",100,"[[69.0655341703521, 60.2267729584682, -29.9927203236236, -108.322196596412, 31.3258674206818, 101.008602474231, -38.3895592481443, -40.5862869293003, -107.66356938896, 98.5030099936222], [36.0366624351053]]","SimNLMNAR_rep5_n115000_d5_corr95_NA25_MICE.10.Y.M.IMP.M_100",2.33656811714172,0.0750858783721924,"2025-11-28 01:06:43.978097"
"SimNLMNAR_rep6_n115000_d5_corr95_NA25","MICE.10.Y.M.IMP.M",100,"[[138.681896917693, -114.617794851615, -52.4486944405206, -13.457009932775, 34.1053641603877, 11.7241699388152, -35.2094265171077, 9.60891444229166, 38.8347315369577, 12.5020776534601], [-31.724638041547]]","SimNLMNAR_rep6_n115000_d5_corr95_NA25_MICE.10.Y.M.IMP.M_100",1.90948987007141,0.531116247177124,"2025-11-28 01:06:46.421277"
"SimNLMNAR_rep7_n115000_d5_corr95_NA25","MICE.10.Y.M.IMP.M",100,"[[2.67615985373406, -4.12630077428591, 1.16406667870205, -1.58765594163289, 1.04784833364498, 1.42960612372071, 0.246448658017545, 0.41144348660639, -0.133898758759387, 2.49976294494593], [-0.193743086891798]]","SimNLMNAR_rep7_n115000_d5_corr95_NA25_MICE.10.Y.M.IMP.M_100",1.87982869148254,0.0787839889526367,"2025-11-28 01:06:48.893358"
"SimNLMNAR_rep8_n115000_d5_corr95_NA25","MICE.10.Y.M.IMP.M",100,"[[1.97381513405427, -0.727179495922127, -1.46958590668228, -0.633098976617988, 0.948470793164261, 0.878502642252601, -0.594711420521222, 0.438443770962415, 0.125930021158148, 1.73945466366771], [-0.310972698294075]]","SimNLMNAR_rep8_n115000_d5_corr95_NA25_MICE.10.Y.M.IMP.M_100",2.34008121490479,0.077782154083252,"2025-11-28 01:06:50.882544"
"SimNLMNAR_rep9_n115000_d5_corr95_NA25","MICE.10.Y.M.IMP.M",100,"[[2.32851391737583, -1.71024151070017, 0.0380284253815013, -1.11704416412205, 0.745477447808298, 0.520005950768712, -0.159877576984789, 0.0614443574498416, -0.797215878070919, 1.39201749385174], [0.184132818859957]]","SimNLMNAR_rep9_n115000_d5_corr95_NA25_MICE.10.Y.M.IMP.M_100",2.32633638381958,0.0789403915405273,"2025-11-28 01:06:53.337418"
"SimNLMNAR_rep0_n115000_d5_corr95_NA25","MICE.10.Y.M.IMP.M",500,"[[-0.164671967240781, 1.953204665596, -2.41151577913729, -0.591872158390397, 0.943919440621902, 0.906144849610904, 0.920843947572418, -0.12801259438268, -0.833593854167494, 1.5012597571703], [-1.23881115904276]]","SimNLMNAR_rep0_n115000_d5_corr95_NA25_MICE.10.Y.M.IMP.M_500",2.52195072174072,0.0828061103820801,"2025-11-28 01:06:55.773645"
"SimNLMNAR_rep1_n115000_d5_corr95_NA25","MICE.10.Y.M.IMP.M",500,"[[0.926523110942815, 0.557984454485212, -0.987604477566582, -0.975644532115735, 0.686753713377854, 0.202144701063754, 0.26853019213935, -0.283241954996144, -0.0276067031006678, 1.29109712231608], [-0.548765985541108]]","SimNLMNAR_rep1_n115000_d5_corr95_NA25_MICE.10.Y.M.IMP.M_500",2.5096640586853,0.0756323337554932,"2025-11-28 01:06:58.411852"
"SimNLMNAR_rep2_n115000_d5_corr95_NA25","MICE.10.Y.M.IMP.M",500,"[[1.42476245989166, -0.321910318635726, -1.87626026532913, -0.854957870797183, 0.976125069557247, 0.0944147084140386, 1.0718161562299, 0.634975541965267, 0.346307024950643, 1.4066982843086], [-1.25855796389691]]","SimNLMNAR_rep2_n115000_d5_corr95_NA25_MICE.10.Y.M.IMP.M_500",2.4985339641571,0.0798466205596924,"2025-11-28 01:07:01.028587"
"SimNLMNAR_rep3_n115000_d5_corr95_NA25","MICE.10.Y.M.IMP.M",500,"[[1.90665543884377, -0.462975745766486, -1.45038511673811, -1.11891403653745, 0.955421271803474, 0.238857516568886, 0.424176737094076, 0.147485817704225, -0.258366645210935, 0.908536604892525], [-0.444627774476545]]","SimNLMNAR_rep3_n115000_d5_corr95_NA25_MICE.10.Y.M.IMP.M_500",2.53194046020508,0.0754446983337402,"2025-11-28 01:07:03.641841"
"SimNLMNAR_rep4_n115000_d5_corr95_NA25","MICE.10.Y.M.IMP.M",500,"[[1.84476512280116, -1.01633024273712, -1.27594833643142, -0.701447174270666, 0.945045865771564, 0.164076457396738, -0.409051432418546, 0.156312961049371, -0.223287676485073, 1.29556788887387], [-0.540951198017053]]","SimNLMNAR_rep4_n115000_d5_corr95_NA25_MICE.10.Y.M.IMP.M_500",2.54471254348755,0.0731720924377441,"2025-11-28 01:07:06.280702"
"SimNLMNAR_rep5_n115000_d5_corr95_NA25","MICE.10.Y.M.IMP.M",500,"[[1.43621873275676, 0.223980672799715, -1.33506395266162, -0.998570378925409, 0.854137430795543, 0.68440092063064, -0.566359475622543, -0.302330366268091, -0.380103149344352, 1.44122996993648], [-0.322052554147602]]","SimNLMNAR_rep5_n115000_d5_corr95_NA25_MICE.10.Y.M.IMP.M_500",2.49710130691528,0.0752191543579102,"2025-11-28 01:07:08.930818"
"SimNLMNAR_rep6_n115000_d5_corr95_NA25","MICE.10.Y.M.IMP.M",500,"[[2.8954945863161, -1.39300588120297, -1.56785550308679, -0.919162677352249, 1.08871904633141, 0.33339579969417, -0.0643207339613041, -0.359351165040242, -0.428608633028708, 1.45726727438979], [-0.586333790466201]]","SimNLMNAR_rep6_n115000_d5_corr95_NA25_MICE.10.Y.M.IMP.M_500",2.08363485336304,0.0810830593109131,"2025-11-28 01:07:11.535171"
"SimNLMNAR_rep7_n115000_d5_corr95_NA25","MICE.10.Y.M.IMP.M",500,"[[1.75065864651583, -0.189162888060275, -1.5012237309821, -0.566462696162474, 0.821268284253174, -0.458212860463733, -0.63487455022925, -0.410710640526315, -0.880171526413874, 0.841498992238118], [0.554342631030537]]","SimNLMNAR_rep7_n115000_d5_corr95_NA25_MICE.10.Y.M.IMP.M_500",2.49815034866333,0.0845174789428711,"2025-11-28 01:07:13.734845"
"SimNLMNAR_rep8_n115000_d5_corr95_NA25","MICE.10.Y.M.IMP.M",500,"[[1.67860955793709, -0.550924155517865, -1.74843891762013, -0.519760627719538, 0.944449169788013, 0.281826160039955, 0.800313979398142, -0.422892931415109, 0.330602130405376, 0.703465552821365], [-0.33778480287905]]","SimNLMNAR_rep8_n115000_d5_corr95_NA25_MICE.10.Y.M.IMP.M_500",2.39114379882812,0.0817036628723145,"2025-11-28 01:07:16.348903"
"SimNLMNAR_rep9_n115000_d5_corr95_NA25","MICE.10.Y.M.IMP.M",500,"[[0.990941663776106, 0.1058074382242, -1.46922746884754, -0.682672920509524, 0.924236137377788, 0.583520977072306, 0.174458111595227, -0.457986561822455, -0.7039340944121, 1.01463257312202], [-0.253419338904948]]","SimNLMNAR_rep9_n115000_d5_corr95_NA25_MICE.10.Y.M.IMP.M_500",2.42801523208618,0.0722012519836426,"2025-11-28 01:07:18.85286"
"SimNLMNAR_rep0_n115000_d5_corr95_NA25","MICE.10.Y.M.IMP.M",1000,"[[0.0329182822950419, 2.19844521819961, -2.1447542013143, -0.840021353443011, 0.974022193212134, 0.326630601615572, 0.0774441120911392, -0.526881405990587, -0.574955597033227, 1.22583156037404], [-0.437047390326868]]","SimNLMNAR_rep0_n115000_d5_corr95_NA25_MICE.10.Y.M.IMP.M_1000",2.57949090003967,0.0752768516540527,"2025-11-28 01:07:21.383971"
"SimNLMNAR_rep1_n115000_d5_corr95_NA25","MICE.10.Y.M.IMP.M",1000,"[[0.761450480640325, 0.903560190061544, -1.40713498859134, -0.929105617437249, 0.861794610902443, 0.18688745706757, 0.177569102789621, -0.227830595029409, 0.10528920207869, 1.04617757958678], [-0.648878093781861]]","SimNLMNAR_rep1_n115000_d5_corr95_NA25_MICE.10.Y.M.IMP.M_1000",2.52920174598694,0.0742411613464355,"2025-11-28 01:07:24.070065"
"SimNLMNAR_rep2_n115000_d5_corr95_NA25","MICE.10.Y.M.IMP.M",1000,"[[1.43131351708508, -0.421525840643832, -1.4988964424201, -0.696195144756163, 0.93374747209205, -0.0668792858635531, 0.358248219713698, -0.0276421394312496, -0.0502915096770071, 1.10295761342043], [-0.313978960663205]]","SimNLMNAR_rep2_n115000_d5_corr95_NA25_MICE.10.Y.M.IMP.M_1000",2.59639167785645,0.0786590576171875,"2025-11-28 01:07:26.703891"
"SimNLMNAR_rep3_n115000_d5_corr95_NA25","MICE.10.Y.M.IMP.M",1000,"[[1.5890592132399, -0.145498118891102, -1.54757245848019, -0.851256082140722, 0.930828720724723, -0.0525371551167928, 0.0648691390684503, -0.221332749303946, -0.304207569788923, 1.04310578144959], [-0.265606951322958]]","SimNLMNAR_rep3_n115000_d5_corr95_NA25_MICE.10.Y.M.IMP.M_1000",2.62590932846069,0.0854263305664062,"2025-11-28 01:07:29.408747"
"SimNLMNAR_rep4_n115000_d5_corr95_NA25","MICE.10.Y.M.IMP.M",1000,"[[1.50358740687204, -0.0143522408077462, -1.17060387634138, -0.796751026306002, 0.763198715259771, -0.237870156888762, -0.442918012027769, -0.0293246323075166, -0.421475920704897, 0.956790643847913], [0.0278093652926276]]","SimNLMNAR_rep4_n115000_d5_corr95_NA25_MICE.10.Y.M.IMP.M_1000",2.59710121154785,0.0785930156707764,"2025-11-28 01:07:32.150508"
"SimNLMNAR_rep5_n115000_d5_corr95_NA25","MICE.10.Y.M.IMP.M",1000,"[[1.03665826211433, 0.118067814900825, -1.19801622898455, -0.743946718856034, 0.812432082401432, 0.564033172315769, -0.0510735012006796, 0.0840956770359167, -0.62309327259259, 0.96263042172658], [-0.26902867118887]]","SimNLMNAR_rep5_n115000_d5_corr95_NA25_MICE.10.Y.M.IMP.M_1000",2.64247012138367,0.0806617736816406,"2025-11-28 01:07:34.857271"
"SimNLMNAR_rep6_n115000_d5_corr95_NA25","MICE.10.Y.M.IMP.M",1000,"[[1.42549376453889, 0.302044698658041, -1.8550821759348, -0.720205500186257, 0.949320052295159, 0.0998609102086509, 0.189055816252607, -0.154990330181997, -0.298249916307883, 1.26699856010573], [-0.513952969639035]]","SimNLMNAR_rep6_n115000_d5_corr95_NA25_MICE.10.Y.M.IMP.M_1000",3.73163056373596,0.0782468318939209,"2025-11-28 01:06:41.605106"
"SimNLMNAR_rep7_n115000_d5_corr95_NA25","MICE.10.Y.M.IMP.M",1000,"[[2.06718109423827, 0.149090160664709, -1.85196984944223, -0.755011877569665, 0.920073206317704, -0.276183049898885, -0.234479750223799, -0.314551007399551, -0.652556683961142, 0.979774275048727], [0.17471406575028]]","SimNLMNAR_rep7_n115000_d5_corr95_NA25_MICE.10.Y.M.IMP.M_1000",2.71571087837219,0.0882382392883301,"2025-11-28 01:06:45.462518"
"SimNLMNAR_rep8_n115000_d5_corr95_NA25","MICE.10.Y.M.IMP.M",1000,"[[1.49979110965867, 0.0617769432569895, -1.96639641653653, -0.530669777374019, 0.923942424008395, 0.290781734897577, 0.200341613425089, -0.148006685027521, -0.0113318774628154, 0.574231872765734], [-0.355936731862695]]","SimNLMNAR_rep8_n115000_d5_corr95_NA25_MICE.10.Y.M.IMP.M_1000",2.77721309661865,0.079988956451416,"2025-11-28 01:06:48.305382"
"SimNLMNAR_rep9_n115000_d5_corr95_NA25","MICE.10.Y.M.IMP.M",1000,"[[0.884291324852216, 0.53812586397331, -2.02574111700664, -0.545468656438842, 1.00958694933331, 0.60707253584215, -0.0775044556723536, -0.508218373891559, -0.754630550527565, 1.06478311718116], [-0.26633672148373]]","SimNLMNAR_rep9_n115000_d5_corr95_NA25_MICE.10.Y.M.IMP.M_1000",2.61719703674316,0.0805532932281494,"2025-11-28 01:06:51.196136"
"SimNLMNAR_rep0_n115000_d5_corr95_NA25","MICE.10.Y.M.IMP.M",5000,"[[0.973957816272939, 0.753277743055749, -1.78136791533505, -0.782926163041231, 0.914715427006954, 0.337734011171476, 0.0386171811058193, -0.260453871912407, -0.493116165974657, 0.954307513176252], [-0.368504131018882]]","SimNLMNAR_rep0_n115000_d5_corr95_NA25_MICE.10.Y.M.IMP.M_5000",3.98357152938843,0.0913846492767334,"2025-11-28 01:06:53.927058"
"SimNLMNAR_rep1_n115000_d5_corr95_NA25","MICE.10.Y.M.IMP.M",5000,"[[0.829867913659862, 0.768873604189462, -1.5965193069257, -0.801299496197226, 0.900726911541129, 0.126290263566361, 0.107322469067371, -0.191525273297656, -0.162970765506277, 0.848703269408757], [-0.433661041561012]]","SimNLMNAR_rep1_n115000_d5_corr95_NA25_MICE.10.Y.M.IMP.M_5000",4.48449468612671,0.0899922847747803,"2025-11-28 01:06:58.039228"
"SimNLMNAR_rep2_n115000_d5_corr95_NA25","MICE.10.Y.M.IMP.M",5000,"[[1.34482517647052, 0.106577266737314, -1.6150711903967, -0.691276113741779, 0.887934917368343, 0.187090814937637, -0.128398967445548, -0.267684471358668, -0.314620656718572, 0.926464536948592], [-0.196890151357764]]","SimNLMNAR_rep2_n115000_d5_corr95_NA25_MICE.10.Y.M.IMP.M_5000",4.85655951499939,0.0982589721679688,"2025-11-28 01:07:02.646502"
"SimNLMNAR_rep3_n115000_d5_corr95_NA25","MICE.10.Y.M.IMP.M",5000,"[[1.16518126939504, 0.543650996688065, -1.80528362047735, -0.729490667084146, 0.933674792561608, 0.13934944408884, -0.164884631244728, -0.320828506256532, -0.235072550658898, 1.05257580701388], [-0.410048329556771]]","SimNLMNAR_rep3_n115000_d5_corr95_NA25_MICE.10.Y.M.IMP.M_5000",4.80934453010559,0.110864162445068,"2025-11-28 01:07:07.633634"
"SimNLMNAR_rep4_n115000_d5_corr95_NA25","MICE.10.Y.M.IMP.M",5000,"[[1.57448128101917, 0.0866732741239854, -1.60567007148356, -0.729784626972578, 0.853590592327472, 0.0720030998910877, -0.420087156570652, -0.42314616374614, -0.510871715556267, 0.970741899654244], [-0.103652139219267]]","SimNLMNAR_rep4_n115000_d5_corr95_NA25_MICE.10.Y.M.IMP.M_5000",4.51853847503662,1.06508302688599,"2025-11-28 01:07:12.586422"
"SimNLMNAR_rep5_n115000_d5_corr95_NA25","MICE.10.Y.M.IMP.M",5000,"[[1.24985331227442, 0.618021923921101, -1.87696938226087, -0.736195443080562, 0.931438230766609, 0.176971507880063, -0.1550254728272, -0.302239256146514, -0.435621227047681, 0.822618772767615], [-0.130690217299726]]","SimNLMNAR_rep5_n115000_d5_corr95_NA25_MICE.10.Y.M.IMP.M_5000",4.2722909450531,0.579445600509644,"2025-11-28 01:07:18.210436"
"SimNLMNAR_rep6_n115000_d5_corr95_NA25","MICE.10.Y.M.IMP.M",5000,"[[1.01980732961224, 0.719465258845521, -1.77441500011174, -0.754648793599097, 0.866232118730393, 0.176430135217728, 0.129401676515407, -0.130578077042758, -0.394667175594956, 1.06629703060729], [-0.522604032529447]]","SimNLMNAR_rep6_n115000_d5_corr95_NA25_MICE.10.Y.M.IMP.M_5000",3.87665724754333,0.0887823104858398,"2025-11-28 01:07:23.101344"
"SimNLMNAR_rep7_n115000_d5_corr95_NA25","MICE.10.Y.M.IMP.M",5000,"[[2.06551797766645, -0.309252341980279, -1.5700476034945, -0.846408124549402, 0.893480174130545, 0.0200191059044632, -0.0710380510747927, -0.289115628198922, -0.495746793151977, 0.873988109236916], [-0.0402756905329741]]","SimNLMNAR_rep7_n115000_d5_corr95_NA25_MICE.10.Y.M.IMP.M_5000",4.28190207481384,0.0981051921844482,"2025-11-28 01:07:27.101876"
"SimNLMNAR_rep8_n115000_d5_corr95_NA25","MICE.10.Y.M.IMP.M",5000,"[[1.25603816643043, 0.380082398484106, -1.55616117746473, -0.764373900618308, 0.873069886786508, -0.0580527548361655, -0.23862516724226, -0.09884037368088, -0.237398053974749, 0.792207001820881], [-0.130365331931794]]","SimNLMNAR_rep8_n115000_d5_corr95_NA25_MICE.10.Y.M.IMP.M_5000",5.09328818321228,0.0980410575866699,"2025-11-28 01:07:31.51297"
"SimNLMNAR_rep9_n115000_d5_corr95_NA25","MICE.10.Y.M.IMP.M",5000,"[[1.35446345514992, 0.360655404874487, -1.72147777218975, -0.804500693684162, 0.941340971116946, 0.0376033546462544, -0.121873854164694, -0.165721492482245, -0.489766087684471, 0.904506972060392], [-0.192292917281821]]","SimNLMNAR_rep9_n115000_d5_corr95_NA25_MICE.10.Y.M.IMP.M_5000",4.95250415802002,0.0947496891021729,"2025-11-28 01:07:36.735663"
"SimNLMNAR_rep0_n115000_d5_corr95_NA25","MICE.10.Y.M.IMP.M",10000,"[[1.33006832847553, 0.462382041952415, -1.76773056958619, -0.803693985054172, 0.92279841315301, 0.271491137140146, -0.092432543901753, -0.275653116018437, -0.347921230188633, 0.904211682979309], [-0.307367463202667]]","SimNLMNAR_rep0_n115000_d5_corr95_NA25_MICE.10.Y.M.IMP.M_10000",6.88800525665283,0.110754013061523,"2025-11-28 01:07:41.81468"
"SimNLMNAR_rep1_n115000_d5_corr95_NA25","MICE.10.Y.M.IMP.M",10000,"[[0.95126299952634, 0.629460489013295, -1.59821329074388, -0.771869717851663, 0.872377787389607, 0.0958053373906389, 0.0418748103206989, -0.236487908158644, -0.316038568038851, 0.857474636656822], [-0.282687962295471]]","SimNLMNAR_rep1_n115000_d5_corr95_NA25_MICE.10.Y.M.IMP.M_10000",5.47107815742493,0.102639198303223,"2025-11-28 01:07:48.843989"
"SimNLMNAR_rep2_n115000_d5_corr95_NA25","MICE.10.Y.M.IMP.M",10000,"[[1.31697524072069, 0.232387515892865, -1.5625565838767, -0.703846237376759, 0.85512473935621, 0.0727878964009482, -0.129934680923312, -0.232302883284758, -0.341414606316916, 0.853215661189257], [-0.110827245305314]]","SimNLMNAR_rep2_n115000_d5_corr95_NA25_MICE.10.Y.M.IMP.M_10000",5.81303811073303,0.106894969940186,"2025-11-28 01:07:54.447682"
"SimNLMNAR_rep3_n115000_d5_corr95_NA25","MICE.10.Y.M.IMP.M",10000,"[[1.48908750850099, 0.308958884560238, -1.76768118616745, -0.807849420254869, 0.921024653314094, 0.120346038839153, -0.0960028062876299, -0.169996752635234, -0.336792136572025, 0.945988861022971], [-0.327594374517007]]","SimNLMNAR_rep3_n115000_d5_corr95_NA25_MICE.10.Y.M.IMP.M_10000",6.21468639373779,0.10144305229187,"2025-11-28 01:08:00.40064"
"SimNLMNAR_rep4_n115000_d5_corr95_NA25","MICE.10.Y.M.IMP.M",10000,"[[1.39968436547473, 0.39220972726533, -1.62991769842316, -0.835038377055258, 0.844685888238715, -0.0478781753798578, -0.207700930330081, -0.305904345124498, -0.3960779174384, 0.965203625902345], [-0.226680343131651]]","SimNLMNAR_rep4_n115000_d5_corr95_NA25_MICE.10.Y.M.IMP.M_10000",5.71503663063049,0.0997543334960938,"2025-11-28 01:08:06.747111"
"SimNLMNAR_rep5_n115000_d5_corr95_NA25","MICE.10.Y.M.IMP.M",10000,"[[1.49806937311963, 0.355863343815041, -1.79707751577939, -0.742749423743123, 0.893298789218606, 0.0345306543046229, -0.128827735566108, -0.241804524822063, -0.473855517797494, 0.893769527458224], [-0.112681737601215]]","SimNLMNAR_rep5_n115000_d5_corr95_NA25_MICE.10.Y.M.IMP.M_10000",6.57595777511597,0.0985112190246582,"2025-11-28 01:08:12.592414"
"SimNLMNAR_rep6_n115000_d5_corr95_NA25","MICE.10.Y.M.IMP.M",10000,"[[1.28167812957283, 0.601083538698445, -1.76555701381244, -0.843376450554788, 0.89332454625586, 0.0409918016846062, 0.0273012275335261, -0.205490045076886, -0.351235445880934, 1.03211709549138], [-0.337125054645876]]","SimNLMNAR_rep6_n115000_d5_corr95_NA25_MICE.10.Y.M.IMP.M_10000",5.85447096824646,0.0984351634979248,"2025-11-28 01:08:19.297286"
"SimNLMNAR_rep7_n115000_d5_corr95_NA25","MICE.10.Y.M.IMP.M",10000,"[[1.68952855747125, 0.0467163383621962, -1.6506515846641, -0.822963642742837, 0.886159761519828, 0.0089820528330275, -0.129762113919579, -0.22945181510448, -0.41965941249441, 0.864409656605373], [-0.126938233316051]]","SimNLMNAR_rep7_n115000_d5_corr95_NA25_MICE.10.Y.M.IMP.M_10000",5.79351282119751,0.101577043533325,"2025-11-28 01:08:25.280781"
"SimNLMNAR_rep8_n115000_d5_corr95_NA25","MICE.10.Y.M.IMP.M",10000,"[[1.1872484674926, 0.212203761714582, -1.45915525966225, -0.722808591112174, 0.847168203999138, 0.123223528127903, -0.129851202961348, -0.125381225011656, -0.322457181369081, 0.867546213124697], [-0.247253445990393]]","SimNLMNAR_rep8_n115000_d5_corr95_NA25_MICE.10.Y.M.IMP.M_10000",6.16020822525024,0.0990018844604492,"2025-11-28 01:08:31.209876"
"SimNLMNAR_rep9_n115000_d5_corr95_NA25","MICE.10.Y.M.IMP.M",10000,"[[1.15150315141545, 0.519147376634209, -1.61572467825226, -0.801825651050324, 0.907021216950979, 0.0803184333881865, -0.0974425006434017, -0.253248287343182, -0.431403132483313, 0.870423017624059], [-0.151788888431233]]","SimNLMNAR_rep9_n115000_d5_corr95_NA25_MICE.10.Y.M.IMP.M_10000",5.80883836746216,0.098491907119751,"2025-11-28 01:08:37.498435"
"SimNLMNAR_rep0_n115000_d5_corr95_NA25","MICE.10.Y.M.IMP.M",50000,"[[1.35447641072416, 0.324676112552928, -1.61661107878192, -0.779713465333631, 0.890425463250748, 0.128326022271186, -0.11728020623477, -0.252417678674071, -0.333694779429325, 0.890791134859183], [-0.215335820907646]]","SimNLMNAR_rep0_n115000_d5_corr95_NA25_MICE.10.Y.M.IMP.M_50000",23.8180449008942,0.175485134124756,"2025-11-28 01:06:49.603297"
"SimNLMNAR_rep1_n115000_d5_corr95_NA25","MICE.10.Y.M.IMP.M",50000,"[[1.3982185420803, 0.294687576871356, -1.61860616510118, -0.80065280363309, 0.890174274781892, 0.0406949894051391, -0.0351706639727366, -0.288455099725537, -0.360195037275597, 0.868505911559937], [-0.168993368502087]]","SimNLMNAR_rep1_n115000_d5_corr95_NA25_MICE.10.Y.M.IMP.M_50000",19.6767184734344,0.215245246887207,"2025-11-28 01:07:13.643518"
"SimNLMNAR_rep2_n115000_d5_corr95_NA25","MICE.10.Y.M.IMP.M",50000,"[[1.24007509975858, 0.448019674266915, -1.66001429498526, -0.772351180806388, 0.891399225754058, 0.0942671316934608, -0.158444333604004, -0.241773188363899, -0.343731802145424, 0.889838212600731], [-0.182500601476584]]","SimNLMNAR_rep2_n115000_d5_corr95_NA25_MICE.10.Y.M.IMP.M_50000",16.8006489276886,0.154979705810547,"2025-11-28 01:07:33.57513"
"SimNLMNAR_rep3_n115000_d5_corr95_NA25","MICE.10.Y.M.IMP.M",50000,"[[1.32178830273667, 0.342992304403256, -1.66925328620548, -0.752447905956905, 0.892245527297798, 0.0938495124586316, -0.10608571026768, -0.282770522397513, -0.33692916349721, 0.893416102600929], [-0.22171470506566]]","SimNLMNAR_rep3_n115000_d5_corr95_NA25_MICE.10.Y.M.IMP.M_50000",16.4596347808838,0.157262802124023,"2025-11-28 01:07:50.56647"
"SimNLMNAR_rep4_n115000_d5_corr95_NA25","MICE.10.Y.M.IMP.M",50000,"[[1.42765040975598, 0.226837652668595, -1.67447443818571, -0.737171298705823, 0.888105243375159, 0.0647132396936941, -0.116083833324616, -0.237983533292497, -0.376727194666331, 0.891789103055052], [-0.220011751077826]]","SimNLMNAR_rep4_n115000_d5_corr95_NA25_MICE.10.Y.M.IMP.M_50000",16.3577761650085,0.158142566680908,"2025-11-28 01:08:07.219988"
"SimNLMNAR_rep5_n115000_d5_corr95_NA25","MICE.10.Y.M.IMP.M",50000,"[[1.32124417559083, 0.434984629922354, -1.70693044259613, -0.749174551167592, 0.889527303243479, 0.102010106579818, -0.133602492237288, -0.253797693758219, -0.425485933132703, 0.88051846121345], [-0.150223034296535]]","SimNLMNAR_rep5_n115000_d5_corr95_NA25_MICE.10.Y.M.IMP.M_50000",15.8109209537506,0.611824512481689,"2025-11-28 01:08:23.76621"
"SimNLMNAR_rep6_n115000_d5_corr95_NA25","MICE.10.Y.M.IMP.M",50000,"[[1.35069831819781, 0.430036167293049, -1.69274036638131, -0.783104675428889, 0.885473505897801, 0.0525440389240831, -0.08268423040005, -0.24299572386632, -0.372875741354007, 0.920973303761755], [-0.205152553544145]]","SimNLMNAR_rep6_n115000_d5_corr95_NA25_MICE.10.Y.M.IMP.M_50000",15.7766344547272,0.164005756378174,"2025-11-28 01:08:40.218869"
"SimNLMNAR_rep7_n115000_d5_corr95_NA25","MICE.10.Y.M.IMP.M",50000,"[[1.42371519228684, 0.345504718710416, -1.69115006563834, -0.784965425580873, 0.883731043939675, 0.0847097524515884, -0.0866213436894342, -0.274410895342757, -0.449977675019703, 0.894040992769165], [-0.215322984734341]]","SimNLMNAR_rep7_n115000_d5_corr95_NA25_MICE.10.Y.M.IMP.M_50000",16.5487334728241,0.156517028808594,"2025-11-28 01:08:56.190965"
"SimNLMNAR_rep8_n115000_d5_corr95_NA25","MICE.10.Y.M.IMP.M",50000,"[[1.27411326439138, 0.451684141928889, -1.66049168214321, -0.779417958248577, 0.89867547927125, 0.0226766074518072, -0.120295304006985, -0.239919948889315, -0.401761036780341, 0.905182923570506], [-0.145149911224077]]","SimNLMNAR_rep8_n115000_d5_corr95_NA25_MICE.10.Y.M.IMP.M_50000",16.3262460231781,0.15408730506897,"2025-11-28 01:09:12.92749"
"SimNLMNAR_rep9_n115000_d5_corr95_NA25","MICE.10.Y.M.IMP.M",50000,"[[1.27434946100066, 0.394240384803852, -1.60923434197327, -0.763068114556595, 0.874843744542903, 0.0473481250399526, -0.0419251519568946, -0.268679292305454, -0.393385739739247, 0.904679326975472], [-0.216646580205459]]","SimNLMNAR_rep9_n115000_d5_corr95_NA25_MICE.10.Y.M.IMP.M_50000",16.9660120010376,0.160475969314575,"2025-11-28 01:09:29.437853"
"SimNLMNAR_rep0_n115000_d5_corr95_NA25","SAEM.NoReg",100,"[[-3.77027133748266, 4.02334215642177, -0.2890202055018, -0.771268459526644, 0.594988406534709], [-0.136461356908274]]","SimNLMNAR_rep0_n115000_d5_corr95_NA25_SAEM.NoReg_100",1.34933304786682,4.62171459197998,"2025-11-28 01:09:46.596329"
"SimNLMNAR_rep1_n115000_d5_corr95_NA25","SAEM.NoReg",100,"[[3.50720003459826, -1.78671280538607, -1.6523051569526, -1.2266659974704, 1.10584651190836], [-0.458743546959495]]","SimNLMNAR_rep1_n115000_d5_corr95_NA25_SAEM.NoReg_100",1.39858961105347,4.55750107765198,"2025-11-28 01:09:52.59695"
"SimNLMNAR_rep2_n115000_d5_corr95_NA25","SAEM.NoReg",100,"[[2.13529976414253, -0.541336655696288, -0.105762785779262, -3.06025153404956, 1.21713631966715], [-0.19220628370605]]","SimNLMNAR_rep2_n115000_d5_corr95_NA25_SAEM.NoReg_100",1.40155434608459,4.60584259033203,"2025-11-28 01:09:58.586518"
"SimNLMNAR_rep4_n115000_d5_corr95_NA25","SAEM.NoReg",100,"[[4.13788127515441, -4.2406771916974, 3.85981520751807, -2.94644825661919, 0.730725035295657], [2.02052710638571]]","SimNLMNAR_rep4_n115000_d5_corr95_NA25_SAEM.NoReg_100",1.41373014450073,4.62974071502686,"2025-11-28 01:10:06.477242"
"SimNLMNAR_rep8_n115000_d5_corr95_NA25","SAEM.NoReg",100,"[[3.08422517086739, -0.00512867395033953, -1.83201718722818, -1.38469627778825, 1.02040306070919], [0.322588406976448]]","SimNLMNAR_rep8_n115000_d5_corr95_NA25_SAEM.NoReg_100",1.45834374427795,4.87946820259094,"2025-11-28 01:10:18.347982"
"SimNLMNAR_rep0_n115000_d5_corr95_NA25","SAEM.NoReg",500,"[[-0.588071123117248, 2.72501045060744, -2.08328971811273, -0.826707411677618, 0.813894265239279], [-0.383443950093048]]","SimNLMNAR_rep0_n115000_d5_corr95_NA25_SAEM.NoReg_500",2.70573353767395,5.08797240257263,"2025-11-28 01:10:26.687567"
"SimNLMNAR_rep1_n115000_d5_corr95_NA25","SAEM.NoReg",500,"[[0.660117659661382, 1.13400279310115, -0.877768191803165, -1.0906595310658, 0.624287661348897], [0.152871793769452]]","SimNLMNAR_rep1_n115000_d5_corr95_NA25_SAEM.NoReg_500",2.6573543548584,4.62949967384338,"2025-11-28 01:10:34.514407"
"SimNLMNAR_rep2_n115000_d5_corr95_NA25","SAEM.NoReg",500,"[[1.8074512123007, -0.304532437421427, -1.6808211253816, -0.734366423340961, 0.908029664548418], [0.219209301972802]]","SimNLMNAR_rep2_n115000_d5_corr95_NA25_SAEM.NoReg_500",2.75878357887268,4.66049098968506,"2025-11-28 01:10:41.836495"
"SimNLMNAR_rep3_n115000_d5_corr95_NA25","SAEM.NoReg",500,"[[1.79467764145396, -0.839622856810596, -0.231835434895199, -1.21790064562201, 0.827536778568456], [0.691551366312783]]","SimNLMNAR_rep3_n115000_d5_corr95_NA25_SAEM.NoReg_500",2.78351378440857,4.84787964820862,"2025-11-28 01:10:49.289541"
"SimNLMNAR_rep4_n115000_d5_corr95_NA25","SAEM.NoReg",500,"[[2.67793540308028, -0.910251527909815, -0.77271716775437, -1.38194069797613, 0.895922815958578], [0.214959534339687]]","SimNLMNAR_rep4_n115000_d5_corr95_NA25_SAEM.NoReg_500",2.9504292011261,4.73275756835938,"2025-11-28 01:10:56.956926"
"SimNLMNAR_rep5_n115000_d5_corr95_NA25","SAEM.NoReg",500,"[[0.74158931353999, 0.183879690351399, 0.812192901732004, -1.56311050435702, 0.702540606049918], [1.08945016911593]]","SimNLMNAR_rep5_n115000_d5_corr95_NA25_SAEM.NoReg_500",3.10892367362976,5.28507471084595,"2025-11-28 01:06:56.561662"
"SimNLMNAR_rep6_n115000_d5_corr95_NA25","SAEM.NoReg",500,"[[5.12499859581517, -4.18945651171756, 1.42241273389387, -1.90516864933038, 1.08676418810306], [1.54509020225966]]","SimNLMNAR_rep6_n115000_d5_corr95_NA25_SAEM.NoReg_500",3.39520621299744,4.85891103744507,"2025-11-28 01:07:05.002137"
"SimNLMNAR_rep7_n115000_d5_corr95_NA25","SAEM.NoReg",500,"[[4.13242608657213, -1.45997112210538, -1.43339618036211, -1.472369640652, 1.06171198007611], [0.681615302962639]]","SimNLMNAR_rep7_n115000_d5_corr95_NA25_SAEM.NoReg_500",2.99817156791687,4.77624607086182,"2025-11-28 01:07:13.295852"
"SimNLMNAR_rep8_n115000_d5_corr95_NA25","SAEM.NoReg",500,"[[2.00492367892389, -0.414097220920222, -1.06566563226862, -0.955408616794912, 0.90606032295976], [0.570185679096648]]","SimNLMNAR_rep8_n115000_d5_corr95_NA25_SAEM.NoReg_500",3.72529268264771,4.66017079353333,"2025-11-28 01:07:21.124594"
"SimNLMNAR_rep9_n115000_d5_corr95_NA25","SAEM.NoReg",500,"[[0.31877492606449, 1.0429892424177, 0.00587649414598407, -1.84094774496872, 1.15728392577154], [0.737574865386268]]","SimNLMNAR_rep9_n115000_d5_corr95_NA25_SAEM.NoReg_500",3.33433127403259,4.58396029472351,"2025-11-28 01:07:29.546999"
"SimNLMNAR_rep0_n115000_d5_corr95_NA25","SAEM.NoReg",1000,"[[-0.114215895679243, 2.356159265235, -1.68891133026895, -1.11151971468457, 0.888836438284929], [-0.0366359449421032]]","SimNLMNAR_rep0_n115000_d5_corr95_NA25_SAEM.NoReg_1000",4.0614550113678,4.58990788459778,"2025-11-28 01:07:37.499742"
"SimNLMNAR_rep1_n115000_d5_corr95_NA25","SAEM.NoReg",1000,"[[1.15384942466142, 1.42838775706467, -1.67163795425741, -1.18846173950876, 0.86884881316122], [-0.00897163161377634]]","SimNLMNAR_rep1_n115000_d5_corr95_NA25_SAEM.NoReg_1000",4.75168180465698,4.5160174369812,"2025-11-28 01:07:46.185821"
"SimNLMNAR_rep2_n115000_d5_corr95_NA25","SAEM.NoReg",1000,"[[1.70701915894272, -0.845883837999864, -0.557873711666719, -0.894201247663838, 0.774736802101744], [0.558124874745062]]","SimNLMNAR_rep2_n115000_d5_corr95_NA25_SAEM.NoReg_1000",3.33460283279419,4.45897030830383,"2025-11-28 01:07:55.489884"
"SimNLMNAR_rep3_n115000_d5_corr95_NA25","SAEM.NoReg",1000,"[[1.26677658810542, -0.0354342899105393, -0.918878624892302, -0.999480630721431, 0.817084453751072], [0.278439950985281]]","SimNLMNAR_rep3_n115000_d5_corr95_NA25_SAEM.NoReg_1000",3.44786095619202,5.07985305786133,"2025-11-28 01:08:03.318454"
"SimNLMNAR_rep4_n115000_d5_corr95_NA25","SAEM.NoReg",1000,"[[1.89067694513635, -0.049990186844619, -0.664989131898426, -1.28613428466141, 0.783480143763567], [0.434514823791739]]","SimNLMNAR_rep4_n115000_d5_corr95_NA25_SAEM.NoReg_1000",3.66450500488281,4.54539036750793,"2025-11-28 01:08:11.878284"
"SimNLMNAR_rep5_n115000_d5_corr95_NA25","SAEM.NoReg",1000,"[[1.19808367313192, -0.243588276857709, 0.380854888334715, -1.23238765565433, 0.7365339276174], [1.03265598145532]]","SimNLMNAR_rep5_n115000_d5_corr95_NA25_SAEM.NoReg_1000",3.91914749145508,4.54174780845642,"2025-11-28 01:08:20.122478"
"SimNLMNAR_rep6_n115000_d5_corr95_NA25","SAEM.NoReg",1000,"[[1.98360034681142, -0.112734205756863, -1.33737220409692, -1.10824066333258, 0.910643433630915], [0.0799259885848129]]","SimNLMNAR_rep6_n115000_d5_corr95_NA25_SAEM.NoReg_1000",4.71992325782776,4.48150396347046,"2025-11-28 01:08:28.616639"
"SimNLMNAR_rep7_n115000_d5_corr95_NA25","SAEM.NoReg",1000,"[[2.9913808484741, -0.305050728803872, -1.65395948541549, -1.2514649362153, 1.010350015807], [0.451505281912455]]","SimNLMNAR_rep7_n115000_d5_corr95_NA25_SAEM.NoReg_1000",3.94001650810242,4.52965950965881,"2025-11-28 01:08:37.851707"
"SimNLMNAR_rep8_n115000_d5_corr95_NA25","SAEM.NoReg",1000,"[[2.19245040099064, -0.428687421930084, -1.33680365797283, -0.954134216795495, 0.900839436329847], [0.28221110789025]]","SimNLMNAR_rep8_n115000_d5_corr95_NA25_SAEM.NoReg_1000",4.78998517990112,4.86475729942322,"2025-11-28 01:08:46.354277"
"SimNLMNAR_rep9_n115000_d5_corr95_NA25","SAEM.NoReg",1000,"[[0.595872525813741, 1.07686945945085, -0.858150461822737, -1.24507531251707, 0.959934345328147], [0.567398328280285]]","SimNLMNAR_rep9_n115000_d5_corr95_NA25_SAEM.NoReg_1000",3.12184357643127,4.49494409561157,"2025-11-28 01:08:56.043377"
"SimNLMNAR_rep0_n115000_d5_corr95_NA25","SAEM.NoReg",5000,"[[1.09756570413311, 1.10426439419335, -1.62571466681689, -1.04585759554739, 0.838800698171947], [0.149523055347606]]","SimNLMNAR_rep0_n115000_d5_corr95_NA25_SAEM.NoReg_5000",11.9386887550354,4.48009443283081,"2025-11-28 01:09:03.692662"
"SimNLMNAR_rep1_n115000_d5_corr95_NA25","SAEM.NoReg",5000,"[[1.29953548090601, 0.861897877794742, -1.47230466269984, -1.09526591234937, 0.850083422512223], [0.0983626943283375]]","SimNLMNAR_rep1_n115000_d5_corr95_NA25_SAEM.NoReg_5000",13.4255101680756,4.58146095275879,"2025-11-28 01:09:20.145034"
"SimNLMNAR_rep2_n115000_d5_corr95_NA25","SAEM.NoReg",5000,"[[1.71512567509907, 0.150655507710018, -1.22981234359755, -1.06806136965154, 0.862798122736765], [0.338224331527071]]","SimNLMNAR_rep2_n115000_d5_corr95_NA25_SAEM.NoReg_5000",12.7282230854034,4.49141430854797,"2025-11-28 01:09:38.188839"
"SimNLMNAR_rep3_n115000_d5_corr95_NA25","SAEM.NoReg",5000,"[[1.44627455700071, 0.587405382289352, -1.52769096737419, -1.03531512285101, 0.878284799252881], [0.0171477594195899]]","SimNLMNAR_rep3_n115000_d5_corr95_NA25_SAEM.NoReg_5000",13.9756531715393,4.47009181976318,"2025-11-28 01:09:55.442322"
"SimNLMNAR_rep4_n115000_d5_corr95_NA25","SAEM.NoReg",5000,"[[1.662751672839, 0.379410015109086, -1.12902570189745, -1.2132324869234, 0.845980047442784], [0.240897181365704]]","SimNLMNAR_rep4_n115000_d5_corr95_NA25_SAEM.NoReg_5000",14.112991809845,4.49608564376831,"2025-11-28 01:10:13.923774"
"SimNLMNAR_rep5_n115000_d5_corr95_NA25","SAEM.NoReg",5000,"[[1.84607936157256, 0.397150030563519, -1.51026975379535, -1.14191413680139, 0.935345922299906], [0.36790252682468]]","SimNLMNAR_rep5_n115000_d5_corr95_NA25_SAEM.NoReg_5000",14.6381239891052,4.5380380153656,"2025-11-28 01:10:32.566806"
"SimNLMNAR_rep6_n115000_d5_corr95_NA25","SAEM.NoReg",5000,"[[1.36293071017966, 0.659822684874316, -1.42119036347486, -1.08089526816251, 0.835761338751821], [0.113133154869767]]","SimNLMNAR_rep6_n115000_d5_corr95_NA25_SAEM.NoReg_5000",14.2641062736511,4.53027963638306,"2025-11-28 01:10:51.779385"
"SimNLMNAR_rep7_n115000_d5_corr95_NA25","SAEM.NoReg",5000,"[[2.35271826669906, -0.435933732859206, -0.99624523812858, -1.24581161204452, 0.883906958340208], [0.424167189173175]]","SimNLMNAR_rep7_n115000_d5_corr95_NA25_SAEM.NoReg_5000",13.5235331058502,4.55484247207642,"2025-11-28 01:11:10.606718"
"SimNLMNAR_rep8_n115000_d5_corr95_NA25","SAEM.NoReg",5000,"[[1.49003739650798, 0.510010134954823, -1.34240353106742, -1.10243911230964, 0.877707711410268], [0.245422133468843]]","SimNLMNAR_rep8_n115000_d5_corr95_NA25_SAEM.NoReg_5000",13.7221994400024,4.65889596939087,"2025-11-28 01:11:28.720012"
"SimNLMNAR_rep9_n115000_d5_corr95_NA25","SAEM.NoReg",5000,"[[1.55377037758758, 0.797881625686592, -1.588437546108, -1.22210186588606, 0.924665879109866], [0.20015900677238]]","SimNLMNAR_rep9_n115000_d5_corr95_NA25_SAEM.NoReg_5000",15.0063819885254,5.44660091400146,"2025-11-28 01:07:04.745599"
"SimNLMNAR_rep0_n115000_d5_corr95_NA25","SAEM.NoReg",10000,"[[1.40442985223571, 0.739286401267206, -1.47649926905544, -1.12467793335283, 0.855543465138963], [0.148274126744095]]","SimNLMNAR_rep0_n115000_d5_corr95_NA25_SAEM.NoReg_10000",27.1936106681824,4.9350643157959,"2025-11-28 01:07:25.248203"
"SimNLMNAR_rep1_n115000_d5_corr95_NA25","SAEM.NoReg",10000,"[[1.29199128803182, 0.891210079839923, -1.43864956576554, -1.13004078311575, 0.835242974950998], [0.178288725712578]]","SimNLMNAR_rep1_n115000_d5_corr95_NA25_SAEM.NoReg_10000",26.4759659767151,4.42323637008667,"2025-11-28 01:07:57.416482"
"SimNLMNAR_rep2_n115000_d5_corr95_NA25","SAEM.NoReg",10000,"[[1.51767548325629, 0.291062886818847, -1.00625910659875, -1.1071445148128, 0.794843918974798], [0.356043562078662]]","SimNLMNAR_rep2_n115000_d5_corr95_NA25_SAEM.NoReg_10000",24.8506627082825,4.58480381965637,"2025-11-28 01:08:28.353164"
"SimNLMNAR_rep3_n115000_d5_corr95_NA25","SAEM.NoReg",10000,"[[1.72462598870189, 0.400234605110216, -1.48152870913889, -1.08415964631848, 0.859542503432899], [0.139798322426599]]","SimNLMNAR_rep3_n115000_d5_corr95_NA25_SAEM.NoReg_10000",23.0268225669861,4.63436627388,"2025-11-28 01:08:57.826495"
"SimNLMNAR_rep4_n115000_d5_corr95_NA25","SAEM.NoReg",10000,"[[1.49713390360575, 0.76435303664432, -1.31731721621207, -1.21979454335141, 0.813581344542161], [0.180123343792776]]","SimNLMNAR_rep4_n115000_d5_corr95_NA25_SAEM.NoReg_10000",26.3756968975067,4.97406721115112,"2025-11-28 01:09:25.525362"
"SimNLMNAR_rep5_n115000_d5_corr95_NA25","SAEM.NoReg",10000,"[[1.82453609396876, 0.327616507951011, -1.38122005464476, -1.15547719314536, 0.871997291381899], [0.32093824928245]]","SimNLMNAR_rep5_n115000_d5_corr95_NA25_SAEM.NoReg_10000",25.9748873710632,4.73964786529541,"2025-11-28 01:09:56.909348"
"SimNLMNAR_rep6_n115000_d5_corr95_NA25","SAEM.NoReg",10000,"[[1.64449274193542, 0.490598000725324, -1.40472292239442, -1.16128049768023, 0.838288994491431], [0.182074149746177]]","SimNLMNAR_rep6_n115000_d5_corr95_NA25_SAEM.NoReg_10000",25.5355243682861,5.14201784133911,"2025-11-28 01:10:27.660054"
"SimNLMNAR_rep7_n115000_d5_corr95_NA25","SAEM.NoReg",10000,"[[2.22457155547477, -0.144752235841035, -1.24000402420003, -1.22782983918949, 0.874318237348586], [0.330993410547083]]","SimNLMNAR_rep7_n115000_d5_corr95_NA25_SAEM.NoReg_10000",24.7613921165466,4.62543058395386,"2025-11-28 01:10:58.374801"
"SimNLMNAR_rep8_n115000_d5_corr95_NA25","SAEM.NoReg",10000,"[[1.3967579399601, 0.413127745434069, -1.09494264345139, -1.09491712474099, 0.812718573860248], [0.282438343456601]]","SimNLMNAR_rep8_n115000_d5_corr95_NA25_SAEM.NoReg_10000",24.9009041786194,4.72114968299866,"2025-11-28 01:11:27.797279"
"SimNLMNAR_rep9_n115000_d5_corr95_NA25","SAEM.NoReg",10000,"[[1.56356398808184, 0.421314846240891, -1.29306158865386, -1.16099571485502, 0.864185099426007], [0.205961604596078]]","SimNLMNAR_rep9_n115000_d5_corr95_NA25_SAEM.NoReg_10000",23.1028785705566,4.69590711593628,"2025-11-28 01:11:57.451193"
"SimNLMNAR_rep0_n115000_d5_corr95_NA25","SAEM.NoReg",50000,"[[1.58722894876153, 0.448413098708874, -1.27984789449792, -1.13545019071256, 0.84068848643756], [0.248421170084918]]","SimNLMNAR_rep0_n115000_d5_corr95_NA25_SAEM.NoReg_50000",130.654782772064,4.83705973625183,"2025-11-28 01:12:25.281743"
"SimNLMNAR_rep1_n115000_d5_corr95_NA25","SAEM.NoReg",50000,"[[1.78636351932101, 0.360605104916908, -1.3284790891984, -1.18779849277206, 0.850178953637699], [0.257468697800465]]","SimNLMNAR_rep1_n115000_d5_corr95_NA25_SAEM.NoReg_50000",128.321849107742,4.92896556854248,"2025-11-28 01:14:40.818073"
"SimNLMNAR_rep2_n115000_d5_corr95_NA25","SAEM.NoReg",50000,"[[1.50058565707507, 0.545594356981423, -1.33402343181317, -1.11110946205195, 0.838139155185227], [0.236102190749694]]","SimNLMNAR_rep2_n115000_d5_corr95_NA25_SAEM.NoReg_50000",129.04597401619,4.93488192558289,"2025-11-28 01:16:54.114465"
"SimNLMNAR_rep3_n115000_d5_corr95_NA25","SAEM.NoReg",50000,"[[1.55010413542708, 0.476657548710087, -1.31870779287484, -1.12607951446968, 0.844776407186408], [0.222639810957531]]","SimNLMNAR_rep3_n115000_d5_corr95_NA25_SAEM.NoReg_50000",125.49807882309,4.82518029212952,"2025-11-28 01:19:08.134002"
"SimNLMNAR_rep4_n115000_d5_corr95_NA25","SAEM.NoReg",50000,"[[1.73723585534965, 0.324925839568534, -1.33455022173196, -1.11072086802256, 0.846249958804406], [0.231285428305941]]","SimNLMNAR_rep4_n115000_d5_corr95_NA25_SAEM.NoReg_50000",122.927326440811,4.65709257125854,"2025-11-28 01:21:18.496333"
"SimNLMNAR_rep5_n115000_d5_corr95_NA25","SAEM.NoReg",50000,"[[1.74282425048173, 0.365695992726936, -1.33100587842808, -1.14206598262525, 0.849066139125553], [0.281566504621419]]","SimNLMNAR_rep5_n115000_d5_corr95_NA25_SAEM.NoReg_50000",115.883724927902,4.5960910320282,"2025-11-28 01:23:26.119598"
"SimNLMNAR_rep6_n115000_d5_corr95_NA25","SAEM.NoReg",50000,"[[1.66844078175082, 0.344119373829931, -1.26030431569036, -1.12932751607791, 0.823786103756233], [0.24775579883221]]","SimNLMNAR_rep6_n115000_d5_corr95_NA25_SAEM.NoReg_50000",119.62452173233,4.59271836280823,"2025-11-28 01:25:26.638068"
"SimNLMNAR_rep7_n115000_d5_corr95_NA25","SAEM.NoReg",50000,"[[1.73426620382434, 0.279813586851921, -1.29915507865082, -1.11377911931388, 0.830279061499461], [0.214443281208741]]","SimNLMNAR_rep7_n115000_d5_corr95_NA25_SAEM.NoReg_50000",118.9562895298,5.02028012275696,"2025-11-28 01:27:30.892765"
"SimNLMNAR_rep8_n115000_d5_corr95_NA25","SAEM.NoReg",50000,"[[1.61432225537827, 0.514366347537248, -1.40570901088113, -1.12214124756379, 0.85041363129411], [0.242905473250094]]","SimNLMNAR_rep8_n115000_d5_corr95_NA25_SAEM.NoReg_50000",112.307995319366,4.59832954406738,"2025-11-28 01:29:34.907137"
"SimNLMNAR_rep9_n115000_d5_corr95_NA25","SAEM.NoReg",50000,"[[1.59665973176361, 0.439470886894874, -1.26637305775557, -1.14204780796587, 0.836880255147359], [0.212144569058509]]","SimNLMNAR_rep9_n115000_d5_corr95_NA25_SAEM.NoReg_50000",115.733830928802,4.59417963027954,"2025-11-28 01:31:31.849589"
"SimNLMNAR_rep0_n115000_d5_corr95_NA25","Mean.IMP",100,"[[-0.941018143647057, 0.550303978192702, 0.382813000004312, -0.192099000415472, 0.309895036028842], [0.461369357592095]]","SimNLMNAR_rep0_n115000_d5_corr95_NA25_Mean.IMP_100",0.001861572265625,0.00266027450561523,"2025-11-28 01:33:32.21267"
"SimNLMNAR_rep1_n115000_d5_corr95_NA25","Mean.IMP",100,"[[0.756679822248774, -1.75857057163356, -0.13678846834935, 0.0726901416003839, 0.56322277027608], [0.30615566917506]]","SimNLMNAR_rep1_n115000_d5_corr95_NA25_Mean.IMP_100",0.00964951515197754,0.0091853141784668,"2025-11-28 01:33:32.252039"
"SimNLMNAR_rep2_n115000_d5_corr95_NA25","Mean.IMP",100,"[[-0.0903196928469948, -0.733048724999219, 0.0587102367198342, -0.299513611503085, 0.465636583661365], [0.28088996691899]]","SimNLMNAR_rep2_n115000_d5_corr95_NA25_Mean.IMP_100",0.00179529190063477,0.00173497200012207,"2025-11-28 01:33:32.304409"
"SimNLMNAR_rep3_n115000_d5_corr95_NA25","Mean.IMP",100,"[[0.432750658614063, 0.356839031018245, 0.334911408413044, -0.375223496183943, 0.518198781909924], [1.03443931280782]]","SimNLMNAR_rep3_n115000_d5_corr95_NA25_Mean.IMP_100",0.00187301635742188,0.00187849998474121,"2025-11-28 01:33:32.341283"
"SimNLMNAR_rep4_n115000_d5_corr95_NA25","Mean.IMP",100,"[[-0.833213864971016, 1.00468352391912, 0.791097180749759, -0.504356454434995, 0.38555540181314], [0.781123736694466]]","SimNLMNAR_rep4_n115000_d5_corr95_NA25_Mean.IMP_100",0.00492763519287109,0.00396394729614258,"2025-11-28 01:07:12.665198"
"SimNLMNAR_rep5_n115000_d5_corr95_NA25","Mean.IMP",100,"[[0.0805963840783428, 0.894097840733898, 0.741006528673083, -0.659500927103788, 0.443689825986949], [1.25434905104877]]","SimNLMNAR_rep5_n115000_d5_corr95_NA25_Mean.IMP_100",0.0112800598144531,0.0111682415008545,"2025-11-28 01:07:12.722472"
"SimNLMNAR_rep6_n115000_d5_corr95_NA25","Mean.IMP",100,"[[1.68010032264961, 0.0698852737584829, -0.572659421359297, -0.94252480077751, 0.755465000728275], [0.508824384624845]]","SimNLMNAR_rep6_n115000_d5_corr95_NA25_Mean.IMP_100",0.00330114364624023,0.0017855167388916,"2025-11-28 01:07:12.779566"
"SimNLMNAR_rep7_n115000_d5_corr95_NA25","Mean.IMP",100,"[[0.141586795863435, -0.212518249867927, 0.650352405421839, -0.562746312845485, 0.444211161852961], [1.098772060158]]","SimNLMNAR_rep7_n115000_d5_corr95_NA25_Mean.IMP_100",0.00304627418518066,0.00179123878479004,"2025-11-28 01:07:12.831656"
"SimNLMNAR_rep8_n115000_d5_corr95_NA25","Mean.IMP",100,"[[0.26884984510824, 0.292703876746792, 0.16647258743964, -0.452350023139549, 0.479231396978701], [0.834639446511287]]","SimNLMNAR_rep8_n115000_d5_corr95_NA25_Mean.IMP_100",0.00390267372131348,0.00204658508300781,"2025-11-28 01:07:12.889411"
"SimNLMNAR_rep9_n115000_d5_corr95_NA25","Mean.IMP",100,"[[0.35061797008227, -0.911892340859484, 1.20532282777772, -0.435368323864971, 0.441369930016353], [0.915923085081761]]","SimNLMNAR_rep9_n115000_d5_corr95_NA25_Mean.IMP_100",0.00259280204772949,0.00184106826782227,"2025-11-28 01:07:13.642369"
"SimNLMNAR_rep0_n115000_d5_corr95_NA25","Mean.IMP",500,"[[-0.291848965592344, 0.32970235245739, 0.0695639651324215, -0.231501019060565, 0.411478991094604], [0.488571003521302]]","SimNLMNAR_rep0_n115000_d5_corr95_NA25_Mean.IMP_500",0.00375938415527344,0.0025029182434082,"2025-11-28 01:07:13.680422"
"SimNLMNAR_rep1_n115000_d5_corr95_NA25","Mean.IMP",500,"[[-0.160617981009314, 0.275249726227083, 0.0197673393934414, -0.328590551492555, 0.401728990070553], [0.555623378646018]]","SimNLMNAR_rep1_n115000_d5_corr95_NA25_Mean.IMP_500",0.00282597541809082,0.0015103816986084,"2025-11-28 01:07:13.722478"
"SimNLMNAR_rep2_n115000_d5_corr95_NA25","Mean.IMP",500,"[[0.000601017399212629, -0.116080369848779, -0.0168122992652542, -0.308125749208642, 0.491072142400912], [0.713337845733149]]","SimNLMNAR_rep2_n115000_d5_corr95_NA25_Mean.IMP_500",0.00315022468566895,0.00166511535644531,"2025-11-28 01:07:13.767162"
"SimNLMNAR_rep3_n115000_d5_corr95_NA25","Mean.IMP",500,"[[0.322047765327557, 0.00193547881426768, 0.0409290525991232, -0.444231996009298, 0.449014570788908], [0.650431491165142]]","SimNLMNAR_rep3_n115000_d5_corr95_NA25_Mean.IMP_500",0.00296640396118164,0.00172662734985352,"2025-11-28 01:07:13.803773"
"SimNLMNAR_rep4_n115000_d5_corr95_NA25","Mean.IMP",500,"[[0.0953255204123243, -0.0622068795726798, 0.00800261745554176, -0.29786247820934, 0.446420247912111], [0.437957590641596]]","SimNLMNAR_rep4_n115000_d5_corr95_NA25_Mean.IMP_500",0.00288677215576172,0.00183820724487305,"2025-11-28 01:07:14.600872"
"SimNLMNAR_rep5_n115000_d5_corr95_NA25","Mean.IMP",500,"[[0.181944274667723, 0.00960630095373278, 0.374509962127209, -0.431133733784475, 0.469184312762745], [0.873961254822694]]","SimNLMNAR_rep5_n115000_d5_corr95_NA25_Mean.IMP_500",0.00306129455566406,0.00147652626037598,"2025-11-28 01:07:14.635837"
"SimNLMNAR_rep6_n115000_d5_corr95_NA25","Mean.IMP",500,"[[0.495129103966169, -0.368775950908891, 0.157241929327411, -0.346224799778211, 0.421976796380431], [0.492951048518075]]","SimNLMNAR_rep6_n115000_d5_corr95_NA25_Mean.IMP_500",0.00342917442321777,0.00191211700439453,"2025-11-28 01:07:14.672748"
"SimNLMNAR_rep7_n115000_d5_corr95_NA25","Mean.IMP",500,"[[0.146094506725738, -0.135764413848372, 0.417705484673502, -0.300900983384962, 0.374111578927487], [0.532252941989652]]","SimNLMNAR_rep7_n115000_d5_corr95_NA25_Mean.IMP_500",0.00359964370727539,0.00252628326416016,"2025-11-28 01:07:14.709054"
"SimNLMNAR_rep8_n115000_d5_corr95_NA25","Mean.IMP",500,"[[0.179727556409906, -0.157671620855213, 0.0983700923692666, -0.314374614310059, 0.537553913089971], [0.759929909903843]]","SimNLMNAR_rep8_n115000_d5_corr95_NA25_Mean.IMP_500",0.00299406051635742,0.0015716552734375,"2025-11-28 01:07:14.753194"
"SimNLMNAR_rep9_n115000_d5_corr95_NA25","Mean.IMP",500,"[[-0.148142180948907, -0.0647772029600284, 0.37553823060607, -0.213182737360707, 0.487633123710146], [0.820418680260037]]","SimNLMNAR_rep9_n115000_d5_corr95_NA25_Mean.IMP_500",0.00276565551757812,0.00159955024719238,"2025-11-28 01:07:14.796567"
"SimNLMNAR_rep0_n115000_d5_corr95_NA25","Mean.IMP",1000,"[[0.0846987103147362, 0.122187944939627, 0.204532238004119, -0.373461403395725, 0.399358108350412], [0.583237754750245]]","SimNLMNAR_rep0_n115000_d5_corr95_NA25_Mean.IMP_1000",0.00364923477172852,0.00152134895324707,"2025-11-28 01:07:14.830988"
"SimNLMNAR_rep1_n115000_d5_corr95_NA25","Mean.IMP",1000,"[[0.0623084667525603, 0.171989495979873, 0.0786401096172765, -0.372041252780189, 0.456389897245258], [0.691870489583451]]","SimNLMNAR_rep1_n115000_d5_corr95_NA25_Mean.IMP_1000",0.00444889068603516,0.00166440010070801,"2025-11-28 01:07:14.866785"
"SimNLMNAR_rep2_n115000_d5_corr95_NA25","Mean.IMP",1000,"[[0.198079693528362, -0.112017186076789, -0.0133398876824753, -0.289300005880818, 0.485276008684212], [0.768355074366783]]","SimNLMNAR_rep2_n115000_d5_corr95_NA25_Mean.IMP_1000",0.00348520278930664,0.00152802467346191,"2025-11-28 01:07:14.903105"
"SimNLMNAR_rep3_n115000_d5_corr95_NA25","Mean.IMP",1000,"[[0.329025921953963, -0.112786981732472, 0.18805535262607, -0.437736455533908, 0.444262435236932], [0.69975377811491]]","SimNLMNAR_rep3_n115000_d5_corr95_NA25_Mean.IMP_1000",0.00365424156188965,0.0015866756439209,"2025-11-28 01:07:14.944648"
"SimNLMNAR_rep4_n115000_d5_corr95_NA25","Mean.IMP",1000,"[[0.212361574942322, 0.0419934830314557, -0.0246139742707606, -0.337648507446377, 0.401514099300016], [0.431531084271079]]","SimNLMNAR_rep4_n115000_d5_corr95_NA25_Mean.IMP_1000",0.00421953201293945,0.00143837928771973,"2025-11-28 01:07:14.979886"
"SimNLMNAR_rep5_n115000_d5_corr95_NA25","Mean.IMP",1000,"[[-0.0299689925152738, -0.0470916748393966, 0.312448194119195, -0.262669380136618, 0.47768496466811], [0.77405450537438]]","SimNLMNAR_rep5_n115000_d5_corr95_NA25_Mean.IMP_1000",0.00355410575866699,0.00151300430297852,"2025-11-28 01:07:15.022636"
"SimNLMNAR_rep6_n115000_d5_corr95_NA25","Mean.IMP",1000,"[[0.188100211878923, 0.0663793885515761, 0.174931665944864, -0.337626559880277, 0.413804291633004], [0.574456554040484]]","SimNLMNAR_rep6_n115000_d5_corr95_NA25_Mean.IMP_1000",0.00440645217895508,0.00152015686035156,"2025-11-28 01:07:15.05789"
"SimNLMNAR_rep7_n115000_d5_corr95_NA25","Mean.IMP",1000,"[[-0.0229745130326965, 0.0127575732462475, 0.109654339766639, -0.26943995830283, 0.448942999392792], [0.55762429967276]]","SimNLMNAR_rep7_n115000_d5_corr95_NA25_Mean.IMP_1000",0.00438141822814941,0.00151729583740234,"2025-11-28 01:07:15.09466"
"SimNLMNAR_rep8_n115000_d5_corr95_NA25","Mean.IMP",1000,"[[0.249678760970342, 0.00907952197841161, 0.0392043569118268, -0.323293740324687, 0.480559174978095], [0.648300645351009]]","SimNLMNAR_rep8_n115000_d5_corr95_NA25_Mean.IMP_1000",0.00554180145263672,0.0043175220489502,"2025-11-28 01:07:20.174369"
"SimNLMNAR_rep9_n115000_d5_corr95_NA25","Mean.IMP",1000,"[[-0.153065523207767, 0.0552119158441843, 0.286037030126543, -0.204341001763152, 0.446869984601382], [0.715366761472486]]","SimNLMNAR_rep9_n115000_d5_corr95_NA25_Mean.IMP_1000",0.0227885246276855,0.0104103088378906,"2025-11-28 01:07:20.235786"
"SimNLMNAR_rep0_n115000_d5_corr95_NA25","Mean.IMP",5000,"[[0.127463421777486, 0.0918159708436005, 0.0487440235257513, -0.329101750157983, 0.421984479289963], [0.578830011642409]]","SimNLMNAR_rep0_n115000_d5_corr95_NA25_Mean.IMP_5000",0.456593036651611,0.00220513343811035,"2025-11-28 01:07:20.312721"
"SimNLMNAR_rep1_n115000_d5_corr95_NA25","Mean.IMP",5000,"[[0.0697484427393549, 0.13681298548844, 0.0627147059405883, -0.371278084078774, 0.44560909653203], [0.535518216567072]]","SimNLMNAR_rep1_n115000_d5_corr95_NA25_Mean.IMP_5000",0.00896906852722168,0.00262832641601562,"2025-11-28 01:07:20.805249"
"SimNLMNAR_rep2_n115000_d5_corr95_NA25","Mean.IMP",5000,"[[0.122792262745376, 0.115187244284255, 0.0300699667374288, -0.341418678383635, 0.461080494897486], [0.654222583735831]]","SimNLMNAR_rep2_n115000_d5_corr95_NA25_Mean.IMP_5000",0.00785493850708008,0.00141668319702148,"2025-11-28 01:07:20.850063"
"SimNLMNAR_rep3_n115000_d5_corr95_NA25","Mean.IMP",5000,"[[0.173211804531681, 0.029908008326948, 0.124263066734986, -0.34878698443466, 0.425448791365392], [0.56737048840565]]","SimNLMNAR_rep3_n115000_d5_corr95_NA25_Mean.IMP_5000",0.0089414119720459,0.00150918960571289,"2025-11-28 01:07:20.896321"
"SimNLMNAR_rep4_n115000_d5_corr95_NA25","Mean.IMP",5000,"[[0.0648134466673964, 0.129740997945299, 0.0448400425546846, -0.317105593536245, 0.402506530248524], [0.470900939363897]]","SimNLMNAR_rep4_n115000_d5_corr95_NA25_Mean.IMP_5000",0.00796341896057129,0.00133895874023438,"2025-11-28 01:07:21.336234"
"SimNLMNAR_rep5_n115000_d5_corr95_NA25","Mean.IMP",5000,"[[0.206687119988701, -0.00049179993515845, 0.11911648138216, -0.315077996792256, 0.472184789884666], [0.73892113676786]]","SimNLMNAR_rep5_n115000_d5_corr95_NA25_Mean.IMP_5000",0.0136303901672363,0.00279712677001953,"2025-11-28 01:07:21.376443"
"SimNLMNAR_rep6_n115000_d5_corr95_NA25","Mean.IMP",5000,"[[0.177057186060998, -0.0252046131605216, 0.122193223336147, -0.29159730214973, 0.412043483964464], [0.564266696518676]]","SimNLMNAR_rep6_n115000_d5_corr95_NA25_Mean.IMP_5000",0.00829458236694336,0.00141334533691406,"2025-11-28 01:07:21.429607"
"SimNLMNAR_rep7_n115000_d5_corr95_NA25","Mean.IMP",5000,"[[0.226490750418693, -0.0108948993915038, 0.0706054211147626, -0.353287307376037, 0.440571253485804], [0.591316739570253]]","SimNLMNAR_rep7_n115000_d5_corr95_NA25_Mean.IMP_5000",0.00777411460876465,0.00133371353149414,"2025-11-28 01:07:21.474826"
"SimNLMNAR_rep8_n115000_d5_corr95_NA25","Mean.IMP",5000,"[[0.128238600772087, 0.0904903714330407, 0.0674424276228682, -0.340434614885253, 0.453365036762064], [0.591265363526775]]","SimNLMNAR_rep8_n115000_d5_corr95_NA25_Mean.IMP_5000",0.00789880752563477,0.00135064125061035,"2025-11-28 01:07:21.513427"
"SimNLMNAR_rep9_n115000_d5_corr95_NA25","Mean.IMP",5000,"[[0.163700316165839, 0.10221104382222, -0.0196718400777822, -0.330421865433649, 0.418583843599306], [0.475348193525449]]","SimNLMNAR_rep9_n115000_d5_corr95_NA25_Mean.IMP_5000",0.0124881267547607,0.00135302543640137,"2025-11-28 01:07:21.557498"
"SimNLMNAR_rep0_n115000_d5_corr95_NA25","Mean.IMP",10000,"[[0.157878212392672, 0.0891675565012573, 0.050100259811313, -0.362062451327461, 0.432094969678369], [0.567748339621235]]","SimNLMNAR_rep0_n115000_d5_corr95_NA25_Mean.IMP_10000",0.0138037204742432,0.00132846832275391,"2025-11-28 01:07:21.601476"
"SimNLMNAR_rep1_n115000_d5_corr95_NA25","Mean.IMP",10000,"[[0.0583897746122291, 0.108507246297948, 0.0542269387911269, -0.353746904691825, 0.437920920823849], [0.556726838625858]]","SimNLMNAR_rep1_n115000_d5_corr95_NA25_Mean.IMP_10000",0.0139243602752686,0.00139188766479492,"2025-11-28 01:07:21.646052"
"SimNLMNAR_rep2_n115000_d5_corr95_NA25","Mean.IMP",10000,"[[0.0995999332032096, 0.113954358309989, 0.10155082477159, -0.341438405114355, 0.431127792580547], [0.614835923378867]]","SimNLMNAR_rep2_n115000_d5_corr95_NA25_Mean.IMP_10000",0.0176022052764893,0.00154852867126465,"2025-11-28 01:07:21.696584"
"SimNLMNAR_rep3_n115000_d5_corr95_NA25","Mean.IMP",10000,"[[0.186392527547888, 0.0749053366493055, 0.060058863841958, -0.353062027841886, 0.434484539613795], [0.587165660887909]]","SimNLMNAR_rep3_n115000_d5_corr95_NA25_Mean.IMP_10000",0.0184752941131592,0.00157618522644043,"2025-11-28 01:07:21.745579"
"SimNLMNAR_rep4_n115000_d5_corr95_NA25","Mean.IMP",10000,"[[0.157580442009451, 0.10151846947625, 0.00608348803641031, -0.323334244267947, 0.393853345332929], [0.46843636822566]]","SimNLMNAR_rep4_n115000_d5_corr95_NA25_Mean.IMP_10000",0.408499717712402,0.00156641006469727,"2025-11-28 01:07:21.795869"
"SimNLMNAR_rep5_n115000_d5_corr95_NA25","Mean.IMP",10000,"[[0.216449262504958, -0.0522454214902756, 0.118723753597435, -0.314881120471867, 0.445395545719048], [0.66223631086298]]","SimNLMNAR_rep5_n115000_d5_corr95_NA25_Mean.IMP_10000",0.0136168003082275,0.00134778022766113,"2025-11-28 01:07:22.235646"
"SimNLMNAR_rep6_n115000_d5_corr95_NA25","Mean.IMP",10000,"[[0.200308400980357, 0.039394468951556, 0.0718724534807827, -0.330589165885023, 0.417570358116616], [0.603818464136102]]","SimNLMNAR_rep6_n115000_d5_corr95_NA25_Mean.IMP_10000",0.0138285160064697,0.0014197826385498,"2025-11-28 01:07:22.280119"
"SimNLMNAR_rep7_n115000_d5_corr95_NA25","Mean.IMP",10000,"[[0.23177725875638, -0.0257153681685947, 0.0540141119067721, -0.353557106006238, 0.434228817588912], [0.567347517117264]]","SimNLMNAR_rep7_n115000_d5_corr95_NA25_Mean.IMP_10000",0.0236196517944336,0.00144839286804199,"2025-11-28 01:07:22.329444"
"SimNLMNAR_rep8_n115000_d5_corr95_NA25","Mean.IMP",10000,"[[0.081285422406154, 0.122352507085349, 0.0461239871722777, -0.327804408913544, 0.434550515184127], [0.55754312780776]]","SimNLMNAR_rep8_n115000_d5_corr95_NA25_Mean.IMP_10000",0.0141189098358154,0.00142431259155273,"2025-11-28 01:07:22.388984"
"SimNLMNAR_rep9_n115000_d5_corr95_NA25","Mean.IMP",10000,"[[0.120040739206936, 0.0881412290743965, 0.0529196604286069, -0.334811212908429, 0.424490765893535], [0.524023179459384]]","SimNLMNAR_rep9_n115000_d5_corr95_NA25_Mean.IMP_10000",0.0173914432525635,0.00160837173461914,"2025-11-28 01:07:22.439544"
"SimNLMNAR_rep0_n115000_d5_corr95_NA25","Mean.IMP",50000,"[[0.191139450327943, 0.0330524988146649, 0.0697346706998678, -0.340149479363635, 0.435561573142611], [0.597020647494565]]","SimNLMNAR_rep0_n115000_d5_corr95_NA25_Mean.IMP_50000",0.494548082351685,0.00151920318603516,"2025-11-28 01:07:22.488518"
"SimNLMNAR_rep1_n115000_d5_corr95_NA25","Mean.IMP",50000,"[[0.161689101471119, 0.0416553053730226, 0.10184223093211, -0.35797493794755, 0.433737267866986], [0.599421105530157]]","SimNLMNAR_rep1_n115000_d5_corr95_NA25_Mean.IMP_50000",0.0801377296447754,0.00180745124816895,"2025-11-28 01:07:23.014883"
"SimNLMNAR_rep2_n115000_d5_corr95_NA25","Mean.IMP",50000,"[[0.146820998223091, 0.0862270179846041, 0.0791130167837751, -0.346308600353192, 0.437847362487571], [0.604478095528255]]","SimNLMNAR_rep2_n115000_d5_corr95_NA25_Mean.IMP_50000",0.537605762481689,0.00253939628601074,"2025-11-28 01:07:27.35247"
"SimNLMNAR_rep3_n115000_d5_corr95_NA25","Mean.IMP",50000,"[[0.154150198627134, 0.048291783221022, 0.0762225293933611, -0.338970037107506, 0.431884536324908], [0.577915876935128]]","SimNLMNAR_rep3_n115000_d5_corr95_NA25_Mean.IMP_50000",0.0832254886627197,0.010174036026001,"2025-11-28 01:07:27.937361"
"SimNLMNAR_rep4_n115000_d5_corr95_NA25","Mean.IMP",50000,"[[0.168447712698401, 0.0225672274498474, 0.0419819289877161, -0.317378625218577, 0.418786024777474], [0.527148920286218]]","SimNLMNAR_rep4_n115000_d5_corr95_NA25_Mean.IMP_50000",0.524255037307739,0.00189805030822754,"2025-11-28 01:07:28.472383"
"SimNLMNAR_rep5_n115000_d5_corr95_NA25","Mean.IMP",50000,"[[0.181269824322873, 0.0231033380673855, 0.0865025322936169, -0.321855449605544, 0.428538880058335], [0.602569940007445]]","SimNLMNAR_rep5_n115000_d5_corr95_NA25_Mean.IMP_50000",0.0712218284606934,0.00148773193359375,"2025-11-28 01:07:29.030972"
"SimNLMNAR_rep6_n115000_d5_corr95_NA25","Mean.IMP",50000,"[[0.167175609775103, 0.0562812465968997, 0.0618453980570753, -0.33069911269161, 0.42684460941341], [0.573573201533812]]","SimNLMNAR_rep6_n115000_d5_corr95_NA25_Mean.IMP_50000",0.483710527420044,0.00197505950927734,"2025-11-28 01:07:29.14256"
"SimNLMNAR_rep7_n115000_d5_corr95_NA25","Mean.IMP",50000,"[[0.176620200401497, 0.00618909134076662, 0.095079246493517, -0.332991461246926, 0.423465931151634], [0.555268399707779]]","SimNLMNAR_rep7_n115000_d5_corr95_NA25_Mean.IMP_50000",0.0705013275146484,0.00157403945922852,"2025-11-28 01:07:29.662959"
"SimNLMNAR_rep8_n115000_d5_corr95_NA25","Mean.IMP",50000,"[[0.140940838796431, 0.0943588013845282, 0.0546053092476839, -0.345949196350923, 0.43010463104692], [0.575858219643225]]","SimNLMNAR_rep8_n115000_d5_corr95_NA25_Mean.IMP_50000",0.494414329528809,0.00148510932922363,"2025-11-28 01:07:29.774274"
"SimNLMNAR_rep9_n115000_d5_corr95_NA25","Mean.IMP",50000,"[[0.16892835286318, 0.0468967555669022, 0.0879988190966388, -0.336162175064283, 0.418352360581501], [0.549854727654663]]","SimNLMNAR_rep9_n115000_d5_corr95_NA25_Mean.IMP_50000",0.0715842247009277,0.00148582458496094,"2025-11-28 01:07:30.303919"
"SimNLMNAR_rep0_n115000_d5_corr95_NA25","Mean.IMP.M",100,"[[-1.05504160289665, 0.994910287501776, -0.0364922327129781, -0.367512758878468, 0.427174850282623, -0.113093651950074, 0.891118086620787, 0.352091809580671, -1.38314043721134, 3.1100871704224], [-0.987171973113331]]","SimNLMNAR_rep0_n115000_d5_corr95_NA25_Mean.IMP.M_100",0.0022735595703125,0.00187349319458008,"2025-11-28 01:07:30.409599"
"SimNLMNAR_rep1_n115000_d5_corr95_NA25","Mean.IMP.M",100,"[[1.08597418565327, -1.83162957056206, -0.234938279933115, -0.0642075900116412, 0.577678683099914, 0.863412499068411, 0.0119790019108098, -0.773696546541315, -0.702455619487871, 0.286994575162421], [0.325152580330401]]","SimNLMNAR_rep1_n115000_d5_corr95_NA25_Mean.IMP.M_100",0.00257992744445801,0.00190544128417969,"2025-11-28 01:07:30.446143"
"SimNLMNAR_rep2_n115000_d5_corr95_NA25","Mean.IMP.M",100,"[[-0.418832907081844, -0.316088414800177, -0.299713989706078, -0.676425352811866, 0.704729267050977, 0.122652373029052, 1.72309592240274, -0.64915926921821, -1.2208548156676, 1.51920123087612], [-0.464682686448704]]","SimNLMNAR_rep2_n115000_d5_corr95_NA25_Mean.IMP.M_100",0.00235438346862793,0.00191164016723633,"2025-11-28 01:07:30.894355"
"SimNLMNAR_rep3_n115000_d5_corr95_NA25","Mean.IMP.M",100,"[[0.408820633692389, 0.122448642042069, 0.323636296010448, -0.293622275790622, 0.740740620851419, -0.541126851864946, -1.15386264405536, -0.399200820651052, -0.661847640398013, 2.37856752423152], [1.24552752588496]]","SimNLMNAR_rep3_n115000_d5_corr95_NA25_Mean.IMP.M_100",0.00230002403259277,0.00187230110168457,"2025-11-28 01:07:30.928654"
"SimNLMNAR_rep4_n115000_d5_corr95_NA25","Mean.IMP.M",100,"[[-1.34289299098218, 1.29616236917974, 0.638017008629205, -0.844121722262232, 0.646487248242609, -0.181113975410693, 0.331761191886481, -0.140489768278787, -1.80761616494076, 2.04831211575179], [0.608401077372049]]","SimNLMNAR_rep4_n115000_d5_corr95_NA25_Mean.IMP.M_100",0.00234389305114746,0.00184345245361328,"2025-11-28 01:07:30.963436"
"SimNLMNAR_rep5_n115000_d5_corr95_NA25","Mean.IMP.M",100,"[[0.196849702039664, 2.79928714317603, 0.129785022034665, -1.68923944623455, 0.571548429146635, 1.08799995995999, 0.277609851554796, -1.52177204196163, -3.35150266417251, 3.15267392592182], [1.63283901265955]]","SimNLMNAR_rep5_n115000_d5_corr95_NA25_Mean.IMP.M_100",0.00235986709594727,0.00187349319458008,"2025-11-28 01:07:30.997539"
"SimNLMNAR_rep6_n115000_d5_corr95_NA25","Mean.IMP.M",100,"[[3.04361019941837, -1.25832542366072, -0.880350596444517, -1.26522624477623, 1.16653962760324, 1.92911154543221, -1.39758633032344, -0.131140132242823, -1.52449751310657, 3.07962344444446], [-0.64853301164474]]","SimNLMNAR_rep6_n115000_d5_corr95_NA25_Mean.IMP.M_100",0.0023801326751709,0.00179600715637207,"2025-11-28 01:07:31.031278"
"SimNLMNAR_rep7_n115000_d5_corr95_NA25","Mean.IMP.M",100,"[[-0.421486724807751, -0.698938952082043, 0.399777210409193, -0.728711916892335, 0.631948618933691, 0.171466500506449, -0.113049992829394, 0.588518282721029, -0.419326548672019, 2.41146706764597], [-0.368068900751852]]","SimNLMNAR_rep7_n115000_d5_corr95_NA25_Mean.IMP.M_100",0.00225186347961426,0.0018608570098877,"2025-11-28 01:07:31.067188"
"SimNLMNAR_rep8_n115000_d5_corr95_NA25","Mean.IMP.M",100,"[[0.467592538941411, -0.235162911513509, 0.0635213630496114, -0.577016853514303, 0.542940727214529, 1.10045475081736, -0.454849082904271, 0.175537644976972, -0.236883967188202, 1.69778980443679], [-0.0865528074012683]]","SimNLMNAR_rep8_n115000_d5_corr95_NA25_Mean.IMP.M_100",0.00243067741394043,0.00193953514099121,"2025-11-28 01:07:31.109746"
"SimNLMNAR_rep9_n115000_d5_corr95_NA25","Mean.IMP.M",100,"[[0.701703634142447, -1.16169642936562, 1.15573065212743, -0.631353208821176, 0.445942572051726, 0.876718689632276, -0.377112601803798, 0.124170015832984, -0.449569411109671, 0.898767349577341], [0.273760310812107]]","SimNLMNAR_rep9_n115000_d5_corr95_NA25_Mean.IMP.M_100",0.00229763984680176,0.00189065933227539,"2025-11-28 01:07:31.144957"
"SimNLMNAR_rep0_n115000_d5_corr95_NA25","Mean.IMP.M",500,"[[-0.23118514218, 0.43493604097634, -0.216299883522065, -0.372994957520104, 0.516751713178864, 0.201111652750353, 0.391624921418247, -0.563585396609272, -0.965912937982779, 1.72424521723318], [-0.0504745632189525]]","SimNLMNAR_rep0_n115000_d5_corr95_NA25_Mean.IMP.M_500",0.00317955017089844,0.00188541412353516,"2025-11-28 01:07:31.179511"
"SimNLMNAR_rep1_n115000_d5_corr95_NA25","Mean.IMP.M",500,"[[0.115269519957331, 0.128022410539665, -0.340548433524062, -0.443745084338665, 0.479107263235755, 0.577884015558519, 0.143595703286266, -0.614536119142372, -0.347210057193573, 1.68429073739902], [-0.247440587150305]]","SimNLMNAR_rep1_n115000_d5_corr95_NA25_Mean.IMP.M_500",0.00325393676757812,0.00703644752502441,"2025-11-28 01:07:31.216006"
"SimNLMNAR_rep2_n115000_d5_corr95_NA25","Mean.IMP.M",500,"[[-0.028462355028123, -0.31805000303569, -0.22343318280527, -0.464777509465341, 0.566221698184962, 0.159106406917126, 0.234656850970309, -0.00443883108559999, -0.380759119148594, 1.72795588011884], [-0.241708975945017]]","SimNLMNAR_rep2_n115000_d5_corr95_NA25_Mean.IMP.M_500",0.00323605537414551,0.00192356109619141,"2025-11-28 01:07:31.257099"
"SimNLMNAR_rep3_n115000_d5_corr95_NA25","Mean.IMP.M",500,"[[0.332057252951981, -0.100841715964241, -0.0847070327529753, -0.51616780542101, 0.52623726325739, 0.134231416531183, -0.224003146364542, -0.278092047531682, -0.773601207361356, 1.58013552964603], [0.307240147237124]]","SimNLMNAR_rep3_n115000_d5_corr95_NA25_Mean.IMP.M_500",0.00347447395324707,0.00191092491149902,"2025-11-28 01:07:31.292852"
"SimNLMNAR_rep4_n115000_d5_corr95_NA25","Mean.IMP.M",500,"[[0.00477835091419991, -0.210238683804625, -0.0604812443681685, -0.470727862388387, 0.580505400554224, 0.194444854953135, -0.292072716706846, -0.237499484966568, -1.19811338318569, 1.93642290889875], [0.0391902504580653]]","SimNLMNAR_rep4_n115000_d5_corr95_NA25_Mean.IMP.M_500",0.00332975387573242,0.00188469886779785,"2025-11-28 01:07:31.32924"
"SimNLMNAR_rep5_n115000_d5_corr95_NA25","Mean.IMP.M",500,"[[0.322630080013366, -0.12060381350577, 0.171473677838458, -0.511368748282989, 0.535623220735334, 0.599620270906674, -0.122028710233589, -0.419249050756631, -0.773316016434874, 1.54125864446595], [0.349164341732703]]","SimNLMNAR_rep5_n115000_d5_corr95_NA25_Mean.IMP.M_500",0.00289773941040039,0.00190877914428711,"2025-11-28 01:07:31.364915"
"SimNLMNAR_rep6_n115000_d5_corr95_NA25","Mean.IMP.M",500,"[[0.897899605975764, -0.861405506540653, -0.0262562122420803, -0.565909484816529, 0.595179499410523, 0.814539940191435, -0.674030016043212, -0.361735188486628, -1.31562456991238, 2.24045676039389], [0.0911835551861671]]","SimNLMNAR_rep6_n115000_d5_corr95_NA25_Mean.IMP.M_500",0.00307846069335938,0.00194764137268066,"2025-11-28 01:07:31.405842"
"SimNLMNAR_rep7_n115000_d5_corr95_NA25","Mean.IMP.M",500,"[[0.142502992727207, -0.061114116757757, 0.346562835651843, -0.377670511727052, 0.444373702835303, -0.221351583056324, -0.185529485010588, -0.398482594614805, -0.895208051564775, 1.05144830047593], [0.70124668772042]]","SimNLMNAR_rep7_n115000_d5_corr95_NA25_Mean.IMP.M_500",0.00673723220825195,0.0052187442779541,"2025-11-28 01:07:35.191164"
"SimNLMNAR_rep8_n115000_d5_corr95_NA25","Mean.IMP.M",500,"[[0.19770761940076, -0.16371319305187, -0.0340702789267913, -0.394982594728017, 0.573563758817294, 0.231015926925944, 0.0501329221520925, -0.524334010009551, -0.424811617311239, 0.976600151489717], [0.445142031514134]]","SimNLMNAR_rep8_n115000_d5_corr95_NA25_Mean.IMP.M_500",0.0186712741851807,0.0107016563415527,"2025-11-28 01:07:35.250112"
"SimNLMNAR_rep9_n115000_d5_corr95_NA25","Mean.IMP.M",500,"[[-0.0496676312231749, -0.166483115287889, 0.195998640305296, -0.317488651415522, 0.568545076193638, 0.395845584953706, -0.338659544105109, -0.474695540662727, -1.05748174730289, 1.36097458948918], [0.638322732196531]]","SimNLMNAR_rep9_n115000_d5_corr95_NA25_Mean.IMP.M_500",0.0031287670135498,0.422525405883789,"2025-11-28 01:07:35.317668"
"SimNLMNAR_rep0_n115000_d5_corr95_NA25","Mean.IMP.M",1000,"[[0.218864701819364, 0.0581718922996834, 0.0204395495070552, -0.497902695472824, 0.493536136797527, 0.126515764554243, -0.0128858254460252, -0.462676224428154, -0.891993634115739, 1.61078038965535], [0.292498735395792]]","SimNLMNAR_rep0_n115000_d5_corr95_NA25_Mean.IMP.M_1000",0.00445246696472168,0.0020134449005127,"2025-11-28 01:07:35.790342"
"SimNLMNAR_rep1_n115000_d5_corr95_NA25","Mean.IMP.M",1000,"[[0.0679417774131491, 0.114545380471323, -0.232841760522129, -0.4401414214647, 0.557413265919218, 0.347165466487252, 0.18247859012652, -0.587818473662611, -0.334073769493483, 1.68294528748062], [-0.0849528542135967]]","SimNLMNAR_rep1_n115000_d5_corr95_NA25_Mean.IMP.M_1000",0.00407052040100098,0.00332140922546387,"2025-11-28 01:07:35.829313"
"SimNLMNAR_rep2_n115000_d5_corr95_NA25","Mean.IMP.M",1000,"[[0.175699325764888, -0.260299774158139, -0.111780818074979, -0.378474708283582, 0.531044474446797, 0.101779303579408, -0.0355404393320157, -0.0941762802554242, -0.590429957157156, 1.42192053883869], [0.244055078826272]]","SimNLMNAR_rep2_n115000_d5_corr95_NA25_Mean.IMP.M_1000",0.00789904594421387,0.00189352035522461,"2025-11-28 01:07:35.868704"
"SimNLMNAR_rep3_n115000_d5_corr95_NA25","Mean.IMP.M",1000,"[[0.348268936382372, -0.219517332650458, -0.0104823151942288, -0.51297004930334, 0.539338576535844, 0.153886883375405, -0.182180626373935, -0.493260676644259, -0.738443889395118, 1.61588191841914], [0.329141190756372]]","SimNLMNAR_rep3_n115000_d5_corr95_NA25_Mean.IMP.M_1000",0.00421714782714844,0.00186967849731445,"2025-11-28 01:07:35.911582"
"SimNLMNAR_rep4_n115000_d5_corr95_NA25","Mean.IMP.M",1000,"[[0.103683350355033, 0.0416845746252648, -0.081199987319112, -0.414693674082294, 0.489267543654435, -0.126367959436891, -0.209431270575817, -0.210645351979486, -0.944514086200308, 1.53729543243787], [0.279567845880167]]","SimNLMNAR_rep4_n115000_d5_corr95_NA25_Mean.IMP.M_1000",0.00481033325195312,0.0021510124206543,"2025-11-28 01:07:35.946909"
"SimNLMNAR_rep5_n115000_d5_corr95_NA25","Mean.IMP.M",1000,"[[0.10251245046929, -0.138134442025898, 0.165662393517673, -0.450316503978779, 0.536416374397244, 0.471438073427749, 0.00573846701814156, -0.171004708502114, -1.09728523386216, 1.42619197106852], [0.297956673770147]]","SimNLMNAR_rep5_n115000_d5_corr95_NA25_Mean.IMP.M_1000",0.00426578521728516,0.00199604034423828,"2025-11-28 01:07:36.382539"
"SimNLMNAR_rep6_n115000_d5_corr95_NA25","Mean.IMP.M",1000,"[[0.348812764760643, -0.0722269171739163, 0.0179880586005849, -0.468305267531504, 0.503917109979239, 0.295879951363644, -0.261036359391513, -0.357496390345407, -0.943277544858401, 1.66747608454336], [0.24958886255918]]","SimNLMNAR_rep6_n115000_d5_corr95_NA25_Mean.IMP.M_1000",0.00475788116455078,0.00330400466918945,"2025-11-28 01:07:36.418833"
"SimNLMNAR_rep7_n115000_d5_corr95_NA25","Mean.IMP.M",1000,"[[0.0737657373040324, -0.0748004675970789, -0.0364493093619205, -0.342706933276312, 0.552459488658048, 0.080022934909732, -0.21577370536452, -0.58838285736224, -0.84758123989501, 1.51812299144376], [0.404380724365539]]","SimNLMNAR_rep7_n115000_d5_corr95_NA25_Mean.IMP.M_1000",0.00490379333496094,0.00341391563415527,"2025-11-28 01:07:36.458673"
"SimNLMNAR_rep8_n115000_d5_corr95_NA25","Mean.IMP.M",1000,"[[0.379062032481266, -0.0575582614830765, -0.0781703962041354, -0.405059058174837, 0.531538539259081, 0.284587654574109, -0.197201362113866, -0.516105256437108, -0.649985605982788, 1.05898448456604], [0.491570366884424]]","SimNLMNAR_rep8_n115000_d5_corr95_NA25_Mean.IMP.M_1000",0.0040276050567627,0.00194644927978516,"2025-11-28 01:07:36.501316"
"SimNLMNAR_rep9_n115000_d5_corr95_NA25","Mean.IMP.M",1000,"[[-0.0455282436550032, -0.0303196488099533, 0.123213308626064, -0.311946580327302, 0.528113076659361, 0.317886035079577, -0.164273962034502, -0.400159620397952, -1.10658273936877, 1.40666581339519], [0.470379164765543]]","SimNLMNAR_rep9_n115000_d5_corr95_NA25_Mean.IMP.M_1000",0.00438237190246582,0.00193023681640625,"2025-11-28 01:07:36.545709"
"SimNLMNAR_rep0_n115000_d5_corr95_NA25","Mean.IMP.M",5000,"[[0.167361117116016, 0.0301737477512914, -0.0870121138152259, -0.442111304811385, 0.497597394385168, 0.171419875859583, 0.0063300742966353, -0.313870788931439, -0.849068868749713, 1.44077144770792], [0.216489267953545]]","SimNLMNAR_rep0_n115000_d5_corr95_NA25_Mean.IMP.M_5000",0.0160653591156006,0.00196003913879395,"2025-11-28 01:07:36.582663"
"SimNLMNAR_rep1_n115000_d5_corr95_NA25","Mean.IMP.M",5000,"[[0.0952479148774664, 0.0836492099468265, -0.0996336934776277, -0.460960363766268, 0.521201855463513, 0.23328479849902, 0.092167739777157, -0.356303402667676, -0.665507572742156, 1.36660360698847], [0.0814000628409495]]","SimNLMNAR_rep1_n115000_d5_corr95_NA25_Mean.IMP.M_5000",0.0179183483123779,0.00213813781738281,"2025-11-28 01:07:36.633009"
"SimNLMNAR_rep2_n115000_d5_corr95_NA25","Mean.IMP.M",5000,"[[0.177121442757642, -0.0138506670100239, -0.0767538924570095, -0.44047552508087, 0.532796493125296, 0.209363717629572, -0.110294995314713, -0.267423559259226, -0.793440529452471, 1.43011222358238], [0.272484180976198]]","SimNLMNAR_rep2_n115000_d5_corr95_NA25_Mean.IMP.M_5000",0.0121712684631348,0.00190377235412598,"2025-11-28 01:07:36.683422"
"SimNLMNAR_rep3_n115000_d5_corr95_NA25","Mean.IMP.M",5000,"[[0.231043221118221, -0.109731479930338, -0.0573689654034042, -0.455234195165208, 0.520526847606434, 0.282438248103892, -0.068051239530434, -0.365144888643294, -0.742942615855763, 1.64306655583772], [0.0654646290549619]]","SimNLMNAR_rep3_n115000_d5_corr95_NA25_Mean.IMP.M_5000",0.0166497230529785,0.00212788581848145,"2025-11-28 01:07:36.727884"
"SimNLMNAR_rep4_n115000_d5_corr95_NA25","Mean.IMP.M",5000,"[[0.11371700361643, 0.114328537731969, -0.064655051746649, -0.433270938364639, 0.487241812290318, 0.119755902623334, -0.0873177659703547, -0.490945888335989, -0.965956935122944, 1.45487124921122], [0.275704042179978]]","SimNLMNAR_rep4_n115000_d5_corr95_NA25_Mean.IMP.M_5000",0.0161290168762207,0.0021660327911377,"2025-11-28 01:07:36.776792"
"SimNLMNAR_rep5_n115000_d5_corr95_NA25","Mean.IMP.M",5000,"[[0.302695040622705, -0.0955258105815067, -0.0460574698056502, -0.424086400739703, 0.536961194518511, 0.320598867751809, -0.0728219265996785, -0.3853988359934, -0.775726339832958, 1.33384783901978], [0.335328608424408]]","SimNLMNAR_rep5_n115000_d5_corr95_NA25_Mean.IMP.M_5000",0.01222825050354,0.00190162658691406,"2025-11-28 01:07:36.825483"
"SimNLMNAR_rep6_n115000_d5_corr95_NA25","Mean.IMP.M",5000,"[[0.185484862116576, -0.0867592786080098, -0.000491531347685999, -0.398036037030667, 0.484638419173084, 0.176443443854408, -0.0242029093196126, -0.225613684268801, -0.792583049318017, 1.49963830837166], [0.136289150809456]]","SimNLMNAR_rep6_n115000_d5_corr95_NA25_Mean.IMP.M_5000",0.0128705501556396,0.00198817253112793,"2025-11-28 01:07:36.869629"
"SimNLMNAR_rep7_n115000_d5_corr95_NA25","Mean.IMP.M",5000,"[[0.291128559252935, -0.0783736446959176, -0.0525945795369205, -0.478908546638869, 0.522149098723469, 0.223585122862585, -0.0987377316748622, -0.423937678418963, -0.923596847878808, 1.41823512593118], [0.332927463945415]]","SimNLMNAR_rep7_n115000_d5_corr95_NA25_Mean.IMP.M_5000",0.0132226943969727,0.00226473808288574,"2025-11-28 01:07:36.919847"
"SimNLMNAR_rep8_n115000_d5_corr95_NA25","Mean.IMP.M",5000,"[[0.168828593882197, 0.0398223404686951, -0.054004409663172, -0.444144768134918, 0.526659243395769, 0.128420602638161, -0.0366054240485782, -0.345467813018489, -0.819829146421754, 1.3438906861954], [0.300789039726681]]","SimNLMNAR_rep8_n115000_d5_corr95_NA25_Mean.IMP.M_5000",0.0161564350128174,0.00225090980529785,"2025-11-28 01:07:36.971437"
"SimNLMNAR_rep9_n115000_d5_corr95_NA25","Mean.IMP.M",5000,"[[0.222462318719111, 0.0263174592421195, -0.10706137292979, -0.450494015549027, 0.497858576256629, 0.18778678671199, -0.0978129322234052, -0.361659560567086, -0.977039465393788, 1.40499190832098], [0.264524866343921]]","SimNLMNAR_rep9_n115000_d5_corr95_NA25_Mean.IMP.M_5000",0.0130267143249512,0.00224709510803223,"2025-11-28 01:07:37.020616"
"SimNLMNAR_rep0_n115000_d5_corr95_NA25","Mean.IMP.M",10000,"[[0.21484399963544, -0.00301851839942297, -0.0896335156105833, -0.455899030844677, 0.510218736517337, 0.190513131099717, -0.0951408835428334, -0.367098328615925, -0.766608474342987, 1.42960171787013], [0.235426726940281]]","SimNLMNAR_rep0_n115000_d5_corr95_NA25_Mean.IMP.M_10000",0.0231633186340332,0.00193095207214355,"2025-11-28 01:07:37.071287"
"SimNLMNAR_rep1_n115000_d5_corr95_NA25","Mean.IMP.M",10000,"[[0.0865115726148762, 0.0343073534648448, -0.0922090498602138, -0.453581610752503, 0.512089747841803, 0.217993253990485, 0.0343803673402688, -0.343469525911074, -0.734540146968755, 1.38065746501125], [0.145947084860744]]","SimNLMNAR_rep1_n115000_d5_corr95_NA25_Mean.IMP.M_10000",0.0379047393798828,0.0140419006347656,"2025-11-28 01:07:43.215552"
"SimNLMNAR_rep2_n115000_d5_corr95_NA25","Mean.IMP.M",10000,"[[0.132677046699465, 0.0489280595967798, -0.00826671060461557, -0.439516374949734, 0.496118479135874, 0.129671589632487, -0.0623318704295097, -0.3178868734221, -0.801391608836508, 1.33653932555387], [0.325641731935289]]","SimNLMNAR_rep2_n115000_d5_corr95_NA25_Mean.IMP.M_10000",0.445153951644897,0.0124051570892334,"2025-11-28 01:07:43.309527"
"SimNLMNAR_rep3_n115000_d5_corr95_NA25","Mean.IMP.M",10000,"[[0.247501515417457, -0.0404497708460215, -0.0869824700482942, -0.463289711295093, 0.512340595861523, 0.245260547596044, -0.0607295098145813, -0.293620812200164, -0.808465226575244, 1.48147745570095], [0.171104014941181]]","SimNLMNAR_rep3_n115000_d5_corr95_NA25_Mean.IMP.M_10000",0.419508695602417,0.00251388549804688,"2025-11-28 01:07:43.799852"
"SimNLMNAR_rep4_n115000_d5_corr95_NA25","Mean.IMP.M",10000,"[[0.186953186894711, 0.0750690860465109, -0.10496052177429, -0.425458510334173, 0.466560874023116, 0.123588546944494, -0.0444434708275724, -0.380802735864195, -0.840868236895574, 1.38909799571298], [0.203187445888098]]","SimNLMNAR_rep4_n115000_d5_corr95_NA25_Mean.IMP.M_10000",0.0288887023925781,0.00336241722106934,"2025-11-28 01:07:44.260071"
"SimNLMNAR_rep5_n115000_d5_corr95_NA25","Mean.IMP.M",10000,"[[0.292939504575996, -0.129407140352846, -0.0207531840480009, -0.417735029622431, 0.509089451591201, 0.207961042849484, -0.091870074102586, -0.330792519202825, -0.803544477051217, 1.31591500800535], [0.343718779044971]]","SimNLMNAR_rep5_n115000_d5_corr95_NA25_Mean.IMP.M_10000",0.0223143100738525,0.00194358825683594,"2025-11-28 01:07:44.324606"
"SimNLMNAR_rep6_n115000_d5_corr95_NA25","Mean.IMP.M",10000,"[[0.217873526900096, -0.0279161114973598, -0.064000937857978, -0.431776764652037, 0.491408234095642, 0.161570997334286, -0.0172463784189382, -0.345521057829136, -0.776992223122436, 1.50908138065638], [0.205839976718432]]","SimNLMNAR_rep6_n115000_d5_corr95_NA25_Mean.IMP.M_10000",0.0272345542907715,0.00204658508300781,"2025-11-28 01:07:44.384234"
"SimNLMNAR_rep7_n115000_d5_corr95_NA25","Mean.IMP.M",10000,"[[0.316972612063079, -0.117901128445342, -0.0563640669101366, -0.47320608049741, 0.514009925987144, 0.2229005118926, -0.142859285627491, -0.375420536863059, -0.898448406721794, 1.4055544911541], [0.299679804143611]]","SimNLMNAR_rep7_n115000_d5_corr95_NA25_Mean.IMP.M_10000",0.0264697074890137,0.00209617614746094,"2025-11-28 01:07:44.447973"
"SimNLMNAR_rep8_n115000_d5_corr95_NA25","Mean.IMP.M",10000,"[[0.125887816994074, 0.0319907908073373, -0.0799212059741414, -0.435625913047692, 0.515419311664218, 0.158915413619106, -0.0626154573143683, -0.332855463036511, -0.838823424689616, 1.46753349838596], [0.222154550840352]]","SimNLMNAR_rep8_n115000_d5_corr95_NA25_Mean.IMP.M_10000",0.02329421043396,0.00196123123168945,"2025-11-28 01:07:44.506899"
"SimNLMNAR_rep9_n115000_d5_corr95_NA25","Mean.IMP.M",10000,"[[0.193206740044943, 0.0152098333465557, -0.0607286664231175, -0.43856105136577, 0.494675565094677, 0.21822712926656, -0.0644916817000663, -0.366250893064235, -0.871329310886562, 1.34336947998016], [0.262922638239994]]","SimNLMNAR_rep9_n115000_d5_corr95_NA25_Mean.IMP.M_10000",0.0261802673339844,0.00198173522949219,"2025-11-28 01:07:44.958736"
"SimNLMNAR_rep0_n115000_d5_corr95_NA25","Mean.IMP.M",50000,"[[0.247017709693402, -0.0392161523066038, -0.0613312943821389, -0.438925179457689, 0.505343328276267, 0.202911276074062, -0.0602422208274401, -0.341186727422618, -0.781600487765633, 1.37000239372745], [0.253573131010073]]","SimNLMNAR_rep0_n115000_d5_corr95_NA25_Mean.IMP.M_50000",0.527300596237183,0.00580191612243652,"2025-11-28 01:07:45.017721"
"SimNLMNAR_rep1_n115000_d5_corr95_NA25","Mean.IMP.M",50000,"[[0.218979467906181, -0.0409939238144876, -0.0293521018881838, -0.459468366793423, 0.507157401690653, 0.193213949017593, -0.0607307306063912, -0.358977406421704, -0.791858159961463, 1.37201164555864], [0.276273671432673]]","SimNLMNAR_rep1_n115000_d5_corr95_NA25_Mean.IMP.M_50000",0.506477832794189,0.00203180313110352,"2025-11-28 01:07:45.581683"
"SimNLMNAR_rep2_n115000_d5_corr95_NA25","Mean.IMP.M",50000,"[[0.202012957384707, 0.0131207383803977, -0.0465676285013353, -0.447701342820189, 0.511184498783604, 0.163415123973909, -0.0870968782214259, -0.337512312768078, -0.802359686736006, 1.3762410859404], [0.295711127828061]]","SimNLMNAR_rep2_n115000_d5_corr95_NA25_Mean.IMP.M_50000",0.122082233428955,0.00200438499450684,"2025-11-28 01:07:46.119881"
"SimNLMNAR_rep3_n115000_d5_corr95_NA25","Mean.IMP.M",50000,"[[0.201621075061276, -0.0251934656473108, -0.0572486307217632, -0.431168281975865, 0.505553856052671, 0.177799245559527, -0.0641321109149089, -0.348629422374883, -0.773891150645695, 1.38793941473605], [0.244762909415783]]","SimNLMNAR_rep3_n115000_d5_corr95_NA25_Mean.IMP.M_50000",0.544810771942139,0.00209903717041016,"2025-11-28 01:07:46.273951"
"SimNLMNAR_rep4_n115000_d5_corr95_NA25","Mean.IMP.M",50000,"[[0.211717180241263, -0.0323896109762562, -0.0764254904532849, -0.422391661665985, 0.494242053781661, 0.158975809330811, -0.0605427406797769, -0.354649394082381, -0.833436825899086, 1.39276442244], [0.2320482475829]]","SimNLMNAR_rep4_n115000_d5_corr95_NA25_Mean.IMP.M_50000",0.116249084472656,0.00197291374206543,"2025-11-28 01:07:46.857249"
"SimNLMNAR_rep5_n115000_d5_corr95_NA25","Mean.IMP.M",50000,"[[0.243629023378379, -0.0326205169276104, -0.0453781293464448, -0.429963539501862, 0.49964260377034, 0.17977399965557, -0.0704072624205492, -0.359080499010079, -0.854130678240805, 1.36831779711552], [0.311673390990241]]","SimNLMNAR_rep5_n115000_d5_corr95_NA25_Mean.IMP.M_50000",0.548547506332397,0.00216579437255859,"2025-11-28 01:07:47.005857"
"SimNLMNAR_rep6_n115000_d5_corr95_NA25","Mean.IMP.M",50000,"[[0.218306179788221, 0.000856918912935048, -0.0592035855300351, -0.438192448900773, 0.497697473094149, 0.170422557619518, -0.0409583807098501, -0.355228531899268, -0.830766459339972, 1.37715115438889], [0.269682843976187]]","SimNLMNAR_rep6_n115000_d5_corr95_NA25_Mean.IMP.M_50000",0.110371589660645,0.00206351280212402,"2025-11-28 01:07:47.586714"
"SimNLMNAR_rep7_n115000_d5_corr95_NA25","Mean.IMP.M",50000,"[[0.24933678094396, -0.0509589364115137, -0.0358904309533771, -0.443172916496381, 0.500425364285398, 0.18908965668984, -0.0698918939900934, -0.370858959866557, -0.868977731050312, 1.39455245887661], [0.268697820576811]]","SimNLMNAR_rep7_n115000_d5_corr95_NA25_Mean.IMP.M_50000",0.535414934158325,0.00218462944030762,"2025-11-28 01:07:47.729908"
"SimNLMNAR_rep8_n115000_d5_corr95_NA25","Mean.IMP.M",50000,"[[0.18662437544675, 0.021285575811313, -0.0652024530646541, -0.442626385293504, 0.506656596290103, 0.151062305344754, -0.0669483648260947, -0.355512499552525, -0.828222922915921, 1.40457706217936], [0.279402511221229]]","SimNLMNAR_rep8_n115000_d5_corr95_NA25_Mean.IMP.M_50000",0.112008094787598,0.00202155113220215,"2025-11-28 01:07:48.298027"
"SimNLMNAR_rep9_n115000_d5_corr95_NA25","Mean.IMP.M",50000,"[[0.21478123048599, 0.000806190625184005, -0.0376634430906194, -0.440962102845188, 0.491467533452865, 0.163394655303353, -0.0296975264158936, -0.345243817475764, -0.85847897401352, 1.38076671329251], [0.252199835013413]]","SimNLMNAR_rep9_n115000_d5_corr95_NA25_Mean.IMP.M_50000",0.520215511322021,0.00238037109375,"2025-11-28 01:07:48.443746"
"SimNLMNAR_rep0_n115000_d5_corr95_NA25","05.IMP",100,"[[-1.05642095156611, 0.811265551714227, 0.21878619866475, -0.29970948020126, 0.432318954627646], [0.130163433976201]]","SimNLMNAR_rep0_n115000_d5_corr95_NA25_05.IMP_100",0.00188827514648438,0.00148439407348633,"2025-11-28 01:07:49.003429"
"SimNLMNAR_rep1_n115000_d5_corr95_NA25","05.IMP",100,"[[0.961939903695614, -1.22536484686262, -0.627604314797211, -0.073716319897121, 0.583245015662708], [0.244317706081047]]","SimNLMNAR_rep1_n115000_d5_corr95_NA25_05.IMP_100",0.00914382934570312,0.00729036331176758,"2025-11-28 01:07:49.037756"
"SimNLMNAR_rep2_n115000_d5_corr95_NA25","05.IMP",100,"[[-0.140048364893561, -0.00793842831824641, -0.376579297130891, -0.619739976152083, 0.57686564912326], [0.0506858038567309]]","SimNLMNAR_rep2_n115000_d5_corr95_NA25_05.IMP_100",0.0017707347869873,0.00159883499145508,"2025-11-28 01:07:49.084725"
"SimNLMNAR_rep3_n115000_d5_corr95_NA25","05.IMP",100,"[[0.197123088644527, -0.0409094778794566, 0.00272800641721762, -0.287346632130408, 0.725063516229616], [0.135767173419953]]","SimNLMNAR_rep3_n115000_d5_corr95_NA25_05.IMP_100",0.0019831657409668,0.00132393836975098,"2025-11-28 01:07:49.120112"
"SimNLMNAR_rep4_n115000_d5_corr95_NA25","05.IMP",100,"[[-0.870857146628698, 1.03096369680717, 0.469973581223921, -0.779398504395721, 0.525042150433546], [0.357827967095288]]","SimNLMNAR_rep4_n115000_d5_corr95_NA25_05.IMP_100",0.00185203552246094,0.00132274627685547,"2025-11-28 01:07:49.158565"
"SimNLMNAR_rep5_n115000_d5_corr95_NA25","05.IMP",100,"[[0.187008690134553, 1.54309738174262, -0.259067553836455, -1.14323150902123, 0.568840344570586], [0.626850295414212]]","SimNLMNAR_rep5_n115000_d5_corr95_NA25_05.IMP_100",0.00187087059020996,0.00130128860473633,"2025-11-28 01:07:49.190521"
"SimNLMNAR_rep6_n115000_d5_corr95_NA25","05.IMP",100,"[[2.45724404928509, -0.722542633399115, -0.684005394092495, -1.17544991098363, 1.04219964966779], [0.246262383897992]]","SimNLMNAR_rep6_n115000_d5_corr95_NA25_05.IMP_100",0.00398135185241699,0.00260162353515625,"2025-11-28 01:07:50.530003"
"SimNLMNAR_rep7_n115000_d5_corr95_NA25","05.IMP",100,"[[0.0286485415682965, -0.431589529869596, 0.571313374712176, -0.716778613600297, 0.578296111673182], [0.879224141193922]]","SimNLMNAR_rep7_n115000_d5_corr95_NA25_05.IMP_100",0.00816512107849121,0.00702428817749023,"2025-11-28 01:07:50.577212"
"SimNLMNAR_rep8_n115000_d5_corr95_NA25","05.IMP",100,"[[0.582596705741604, -0.272731119591958, 0.14457491789741, -0.511029218218501, 0.537740079750077], [0.413002247305199]]","SimNLMNAR_rep8_n115000_d5_corr95_NA25_05.IMP_100",0.00297045707702637,0.00150752067565918,"2025-11-28 01:07:50.625512"
"SimNLMNAR_rep9_n115000_d5_corr95_NA25","05.IMP",100,"[[0.941531141944265, -0.953353086290862, 0.661082979217678, -0.503989294056105, 0.460491089701267], [0.290103229355932]]","SimNLMNAR_rep9_n115000_d5_corr95_NA25_05.IMP_100",0.00200390815734863,0.00133180618286133,"2025-11-28 01:07:50.672904"
"SimNLMNAR_rep0_n115000_d5_corr95_NA25","05.IMP",500,"[[-0.133126277775175, 0.433561501763059, -0.215303797928715, -0.345183037774771, 0.502665238475833], [0.190002680373696]]","SimNLMNAR_rep0_n115000_d5_corr95_NA25_05.IMP_500",0.00248575210571289,0.00131034851074219,"2025-11-28 01:07:50.718539"
"SimNLMNAR_rep1_n115000_d5_corr95_NA25","05.IMP",500,"[[0.210697104956579, 0.206769572964767, -0.327450967736814, -0.398979413065563, 0.496123619262843], [0.270902044901104]]","SimNLMNAR_rep1_n115000_d5_corr95_NA25_05.IMP_500",0.00232100486755371,0.00132298469543457,"2025-11-28 01:07:51.160912"
"SimNLMNAR_rep2_n115000_d5_corr95_NA25","05.IMP",500,"[[-0.0162537660998929, -0.127962419727764, -0.130451357147446, -0.416706489783375, 0.582998300221218], [0.38886631475429]]","SimNLMNAR_rep2_n115000_d5_corr95_NA25_05.IMP_500",0.00237369537353516,0.00146293640136719,"2025-11-28 01:07:51.193469"
"SimNLMNAR_rep3_n115000_d5_corr95_NA25","05.IMP",500,"[[0.311408712522418, -0.0662862679166404, -0.0928638654342893, -0.550229632956614, 0.540702719155554], [0.359629102813116]]","SimNLMNAR_rep3_n115000_d5_corr95_NA25_05.IMP_500",0.00251984596252441,0.00128698348999023,"2025-11-28 01:07:51.228066"
"SimNLMNAR_rep4_n115000_d5_corr95_NA25","05.IMP",500,"[[0.170141021128935, -0.171953147020064, -0.0441302464835569, -0.450764223120436, 0.552461530565673], [0.262901605065039]]","SimNLMNAR_rep4_n115000_d5_corr95_NA25_05.IMP_500",0.00244808197021484,0.00132489204406738,"2025-11-28 01:07:51.267884"
"SimNLMNAR_rep5_n115000_d5_corr95_NA25","05.IMP",500,"[[0.332375375116935, -0.0626216291167592, 0.132688738165378, -0.507125036348697, 0.538073671749695], [0.449858334756008]]","SimNLMNAR_rep5_n115000_d5_corr95_NA25_05.IMP_500",0.00270652770996094,0.00133204460144043,"2025-11-28 01:07:51.300664"
"SimNLMNAR_rep6_n115000_d5_corr95_NA25","05.IMP",500,"[[0.845513761606624, -0.660661354605531, -0.0113630223089825, -0.596163843892217, 0.57128607886573], [0.27841434214478]]","SimNLMNAR_rep6_n115000_d5_corr95_NA25_05.IMP_500",0.00243973731994629,0.00133323669433594,"2025-11-28 01:07:51.722462"
"SimNLMNAR_rep7_n115000_d5_corr95_NA25","05.IMP",500,"[[0.0824030126445212, -0.0493573294330644, 0.139302341122733, -0.38572754595149, 0.439784019664802], [0.258715242201375]]","SimNLMNAR_rep7_n115000_d5_corr95_NA25_05.IMP_500",0.00237727165222168,0.00129127502441406,"2025-11-28 01:07:51.75482"
"SimNLMNAR_rep8_n115000_d5_corr95_NA25","05.IMP",500,"[[0.220608766481747, -0.142188621740327, -0.113481097322062, -0.389648655678524, 0.576989299072935], [0.352856013723981]]","SimNLMNAR_rep8_n115000_d5_corr95_NA25_05.IMP_500",0.00233769416809082,0.00214004516601562,"2025-11-28 01:07:51.787309"
"SimNLMNAR_rep9_n115000_d5_corr95_NA25","05.IMP",500,"[[0.101741052481651, -0.185612611194473, 0.0713645179647403, -0.369672339361704, 0.554484776136358], [0.339098825351641]]","SimNLMNAR_rep9_n115000_d5_corr95_NA25_05.IMP_500",0.00232458114624023,0.00215673446655273,"2025-11-28 01:07:51.823544"
"SimNLMNAR_rep0_n115000_d5_corr95_NA25","05.IMP",1000,"[[0.196784126496502, 0.11648254468909, -0.0504177499647059, -0.474594187055287, 0.489523386750705], [0.30465965420717]]","SimNLMNAR_rep0_n115000_d5_corr95_NA25_05.IMP_1000",0.00317192077636719,0.00128817558288574,"2025-11-28 01:07:51.861084"
"SimNLMNAR_rep1_n115000_d5_corr95_NA25","05.IMP",1000,"[[0.14818433696337, 0.207436051737256, -0.23793849829021, -0.429756048571816, 0.564283881877072], [0.291494779819003]]","SimNLMNAR_rep1_n115000_d5_corr95_NA25_05.IMP_1000",0.0030815601348877,0.00132989883422852,"2025-11-28 01:07:51.901243"
"SimNLMNAR_rep2_n115000_d5_corr95_NA25","05.IMP",1000,"[[0.170733093412512, -0.181832629031454, -0.097473501030274, -0.380459958716499, 0.546894842017244], [0.410478257860216]]","SimNLMNAR_rep2_n115000_d5_corr95_NA25_05.IMP_1000",0.00315642356872559,0.00132608413696289,"2025-11-28 01:07:51.934427"
"SimNLMNAR_rep3_n115000_d5_corr95_NA25","05.IMP",1000,"[[0.354727228605267, -0.179525032512495, -0.0650311612809779, -0.53215284704893, 0.551191964902769], [0.354233409186432]]","SimNLMNAR_rep3_n115000_d5_corr95_NA25_05.IMP_1000",0.00349831581115723,0.00542759895324707,"2025-11-28 01:07:51.967955"
"SimNLMNAR_rep4_n115000_d5_corr95_NA25","05.IMP",1000,"[[0.107605129288068, 0.00997653596748207, -0.0645003775657931, -0.432414491868558, 0.48281943585853], [0.204992269037153]]","SimNLMNAR_rep4_n115000_d5_corr95_NA25_05.IMP_1000",0.00297021865844727,0.00131821632385254,"2025-11-28 01:07:52.005925"
"SimNLMNAR_rep5_n115000_d5_corr95_NA25","05.IMP",1000,"[[0.167347180153484, -0.0715555578849633, 0.13767492815583, -0.460834924990212, 0.541729362266203], [0.427996682015239]]","SimNLMNAR_rep5_n115000_d5_corr95_NA25_05.IMP_1000",0.00315260887145996,0.00130152702331543,"2025-11-28 01:07:52.039287"
"SimNLMNAR_rep6_n115000_d5_corr95_NA25","05.IMP",1000,"[[0.340922746234694, -0.0508843171978133, -0.00270745813980621, -0.483900403293355, 0.503020029204751], [0.288187224338442]]","SimNLMNAR_rep6_n115000_d5_corr95_NA25_05.IMP_1000",0.00373148918151855,0.00132942199707031,"2025-11-28 01:07:52.072452"
"SimNLMNAR_rep7_n115000_d5_corr95_NA25","05.IMP",1000,"[[0.106298588102912, -0.0712846001013189, -0.127491867700672, -0.359142895317334, 0.552158102851282], [0.261028754849392]]","SimNLMNAR_rep7_n115000_d5_corr95_NA25_05.IMP_1000",0.00310063362121582,0.00132322311401367,"2025-11-28 01:07:52.111213"
"SimNLMNAR_rep8_n115000_d5_corr95_NA25","05.IMP",1000,"[[0.383065204008377, -0.0976422276982251, -0.165136175067149, -0.409384607337818, 0.533948681690637], [0.25783656951445]]","SimNLMNAR_rep8_n115000_d5_corr95_NA25_05.IMP_1000",0.00291776657104492,0.00131130218505859,"2025-11-28 01:07:52.144161"
"SimNLMNAR_rep9_n115000_d5_corr95_NA25","05.IMP",1000,"[[0.054864111884219, -0.0369715970039324, 0.0237681555913282, -0.343567664327076, 0.518854470330184], [0.279812882493208]]","SimNLMNAR_rep9_n115000_d5_corr95_NA25_05.IMP_1000",0.00379538536071777,0.00141119956970215,"2025-11-28 01:07:52.179447"
"SimNLMNAR_rep0_n115000_d5_corr95_NA25","05.IMP",5000,"[[0.198819380336327, 0.0660665617871287, -0.0989066549027912, -0.452492342408852, 0.501648768370705], [0.292198583290221]]","SimNLMNAR_rep0_n115000_d5_corr95_NA25_05.IMP_5000",0.0130641460418701,0.00329184532165527,"2025-11-28 01:07:58.673332"
"SimNLMNAR_rep1_n115000_d5_corr95_NA25","05.IMP",5000,"[[0.146583743487738, 0.125342005273535, -0.123579932986234, -0.462790958497589, 0.526292735117709], [0.240925548037198]]","SimNLMNAR_rep1_n115000_d5_corr95_NA25_05.IMP_5000",0.016287088394165,0.0209083557128906,"2025-11-28 01:07:58.732895"
"SimNLMNAR_rep2_n115000_d5_corr95_NA25","05.IMP",5000,"[[0.220146582088076, -0.00285242133651483, -0.10996799148125, -0.454234456841795, 0.541477142075624], [0.301761898807123]]","SimNLMNAR_rep2_n115000_d5_corr95_NA25_05.IMP_5000",0.440227508544922,0.0017540454864502,"2025-11-28 01:07:58.813127"
"SimNLMNAR_rep3_n115000_d5_corr95_NA25","05.IMP",5000,"[[0.278386379626811, -0.0516961278891931, -0.082710876977003, -0.448418797608912, 0.527572682514134], [0.259285730584521]]","SimNLMNAR_rep3_n115000_d5_corr95_NA25_05.IMP_5000",0.0143203735351562,0.00139737129211426,"2025-11-28 01:07:59.29055"
"SimNLMNAR_rep4_n115000_d5_corr95_NA25","05.IMP",5000,"[[0.152185401279834, 0.0877869077368321, -0.109505887445626, -0.446995524695976, 0.486229581369263], [0.201743933416707]]","SimNLMNAR_rep4_n115000_d5_corr95_NA25_05.IMP_5000",0.41414475440979,0.00145578384399414,"2025-11-28 01:07:59.337722"
"SimNLMNAR_rep5_n115000_d5_corr95_NA25","05.IMP",5000,"[[0.346249360236829, -0.0640904979901351, -0.0965823756040834, -0.434341823034037, 0.544376144076034], [0.363137310166155]]","SimNLMNAR_rep5_n115000_d5_corr95_NA25_05.IMP_5000",0.00844883918762207,0.00143241882324219,"2025-11-28 01:07:59.784331"
"SimNLMNAR_rep6_n115000_d5_corr95_NA25","05.IMP",5000,"[[0.218365016152519, -0.0361490566073764, -0.019847376108038, -0.399585281856347, 0.492481214842362], [0.276031904541389]]","SimNLMNAR_rep6_n115000_d5_corr95_NA25_05.IMP_5000",0.0118989944458008,0.00241589546203613,"2025-11-28 01:07:59.824802"
"SimNLMNAR_rep7_n115000_d5_corr95_NA25","05.IMP",5000,"[[0.301496340945439, -0.0488078659296615, -0.104344003301376, -0.491520188177661, 0.525292456803967], [0.278496312717899]]","SimNLMNAR_rep7_n115000_d5_corr95_NA25_05.IMP_5000",0.00847649574279785,0.00141215324401855,"2025-11-28 01:07:59.87119"
"SimNLMNAR_rep8_n115000_d5_corr95_NA25","05.IMP",5000,"[[0.177415025392009, 0.0563813350161377, -0.0925914189615765, -0.45522955361614, 0.529771110594611], [0.27086122235981]]","SimNLMNAR_rep8_n115000_d5_corr95_NA25_05.IMP_5000",0.0081784725189209,0.00137734413146973,"2025-11-28 01:07:59.918458"
"SimNLMNAR_rep9_n115000_d5_corr95_NA25","05.IMP",5000,"[[0.24371264971679, 0.0470014192568874, -0.137974073731285, -0.470996307558283, 0.496419703309259], [0.231884318740864]]","SimNLMNAR_rep9_n115000_d5_corr95_NA25_05.IMP_5000",0.00891733169555664,0.00138425827026367,"2025-11-28 01:07:59.957599"
"SimNLMNAR_rep0_n115000_d5_corr95_NA25","05.IMP",10000,"[[0.239458844942171, 0.0211807135065181, -0.113142131600316, -0.462498047578902, 0.513898949701566], [0.291445230396648]]","SimNLMNAR_rep0_n115000_d5_corr95_NA25_05.IMP_10000",0.0135843753814697,0.00139498710632324,"2025-11-28 01:08:00.002826"
"SimNLMNAR_rep1_n115000_d5_corr95_NA25","05.IMP",10000,"[[0.14376495434482, 0.072740929406763, -0.116542371367113, -0.459600796902998, 0.518282902992443], [0.279571676759066]]","SimNLMNAR_rep1_n115000_d5_corr95_NA25_05.IMP_10000",0.0147781372070312,0.0013725757598877,"2025-11-28 01:08:00.047574"
"SimNLMNAR_rep2_n115000_d5_corr95_NA25","05.IMP",10000,"[[0.165510225952737, 0.0586977478272183, -0.064471579906337, -0.454078780185996, 0.503503728266793], [0.299926020178967]]","SimNLMNAR_rep2_n115000_d5_corr95_NA25_05.IMP_10000",0.020665168762207,0.0015709400177002,"2025-11-28 01:08:00.098541"
"SimNLMNAR_rep3_n115000_d5_corr95_NA25","05.IMP",10000,"[[0.275636947943731, 0.00156164945176463, -0.0986267765912787, -0.470711510667277, 0.519743204887391], [0.284148627337755]]","SimNLMNAR_rep3_n115000_d5_corr95_NA25_05.IMP_10000",0.0149316787719727,0.00142788887023926,"2025-11-28 01:08:00.157968"
"SimNLMNAR_rep4_n115000_d5_corr95_NA25","05.IMP",10000,"[[0.212837094071164, 0.0728457980057286, -0.128956677229845, -0.438645192298098, 0.470519888986026], [0.209015883761827]]","SimNLMNAR_rep4_n115000_d5_corr95_NA25_05.IMP_10000",0.0137500762939453,0.00150609016418457,"2025-11-28 01:08:00.204838"
"SimNLMNAR_rep5_n115000_d5_corr95_NA25","05.IMP",10000,"[[0.307703526050946, -0.0955492764552814, -0.0604494727043822, -0.428709633955007, 0.515878562539765], [0.344550674816043]]","SimNLMNAR_rep5_n115000_d5_corr95_NA25_05.IMP_10000",0.015162467956543,0.0016167163848877,"2025-11-28 01:08:00.255017"
"SimNLMNAR_rep6_n115000_d5_corr95_NA25","05.IMP",10000,"[[0.240989797731981, 0.021446537234811, -0.0912151497999606, -0.438337903547388, 0.500219648738185], [0.297080548505069]]","SimNLMNAR_rep6_n115000_d5_corr95_NA25_05.IMP_10000",0.0180463790893555,0.00165629386901855,"2025-11-28 01:08:00.307495"
"SimNLMNAR_rep7_n115000_d5_corr95_NA25","05.IMP",10000,"[[0.314243790012485, -0.0836185568836084, -0.0977314839063346, -0.486648929786869, 0.517633425897081], [0.271808050110374]]","SimNLMNAR_rep7_n115000_d5_corr95_NA25_05.IMP_10000",0.415986776351929,0.00146985054016113,"2025-11-28 01:08:00.363068"
"SimNLMNAR_rep8_n115000_d5_corr95_NA25","05.IMP",10000,"[[0.158625345931504, 0.0554607258835468, -0.1066574253584, -0.44582570123447, 0.519474191607487], [0.267188720280073]]","SimNLMNAR_rep8_n115000_d5_corr95_NA25_05.IMP_10000",0.0146768093109131,0.00516295433044434,"2025-11-28 01:08:00.811556"
"SimNLMNAR_rep9_n115000_d5_corr95_NA25","05.IMP",10000,"[[0.221749366090331, 0.0337509966879464, -0.102144832550481, -0.452520928304977, 0.498043600418201], [0.244596530409228]]","SimNLMNAR_rep9_n115000_d5_corr95_NA25_05.IMP_10000",0.0149753093719482,0.00142788887023926,"2025-11-28 01:08:00.861545"
"SimNLMNAR_rep0_n115000_d5_corr95_NA25","05.IMP",50000,"[[0.266252578081359, -0.0119738489119388, -0.0909830977955846, -0.447042859098484, 0.511560971442902], [0.291928682364208]]","SimNLMNAR_rep0_n115000_d5_corr95_NA25_05.IMP_50000",0.521502494812012,0.00157976150512695,"2025-11-28 01:08:00.907837"
"SimNLMNAR_rep1_n115000_d5_corr95_NA25","05.IMP",50000,"[[0.239246765399777, -0.00785009550162595, -0.0755502247659789, -0.467906643039504, 0.512617343182141], [0.2898806231922]]","SimNLMNAR_rep1_n115000_d5_corr95_NA25_05.IMP_50000",0.0853030681610107,0.0015101432800293,"2025-11-28 01:08:01.465814"
"SimNLMNAR_rep2_n115000_d5_corr95_NA25","05.IMP",50000,"[[0.221312024606703, 0.0237067453753394, -0.086923472391124, -0.45766642819288, 0.516499004243206], [0.283589887390793]]","SimNLMNAR_rep2_n115000_d5_corr95_NA25_05.IMP_50000",0.52590012550354,0.00159144401550293,"2025-11-28 01:08:01.583255"
"SimNLMNAR_rep3_n115000_d5_corr95_NA25","05.IMP",50000,"[[0.224259136469435, 0.00366505839211053, -0.0916600286256477, -0.442194111427796, 0.511109971327268], [0.27610025198661]]","SimNLMNAR_rep3_n115000_d5_corr95_NA25_05.IMP_50000",0.0804204940795898,0.00152444839477539,"2025-11-28 01:08:02.150298"
"SimNLMNAR_rep4_n115000_d5_corr95_NA25","05.IMP",50000,"[[0.230274540462513, -0.00573753833921375, -0.103705582646087, -0.432987156586783, 0.49781217051434], [0.251394668878682]]","SimNLMNAR_rep4_n115000_d5_corr95_NA25_05.IMP_50000",0.905845403671265,0.00258779525756836,"2025-11-28 01:08:06.459037"
"SimNLMNAR_rep5_n115000_d5_corr95_NA25","05.IMP",50000,"[[0.259774270149189, -0.00979937931050658, -0.0826059308786011, -0.441798844707753, 0.504148195893014], [0.299468331274108]]","SimNLMNAR_rep5_n115000_d5_corr95_NA25_05.IMP_50000",0.489710569381714,0.00713968276977539,"2025-11-28 01:08:07.410873"
"SimNLMNAR_rep6_n115000_d5_corr95_NA25","05.IMP",50000,"[[0.234802011043401, 0.0267126028967162, -0.0909473565114253, -0.448724421842651, 0.502356557828101], [0.279582669287441]]","SimNLMNAR_rep6_n115000_d5_corr95_NA25_05.IMP_50000",0.471898078918457,0.0016322135925293,"2025-11-28 01:08:07.940761"
"SimNLMNAR_rep7_n115000_d5_corr95_NA25","05.IMP",50000,"[[0.258780377923749, -0.0191484544720551, -0.0803698723798626, -0.455461310748209, 0.503833574310347], [0.255547540347174]]","SimNLMNAR_rep7_n115000_d5_corr95_NA25_05.IMP_50000",0.0760204792022705,0.00145292282104492,"2025-11-28 01:08:08.44632"
"SimNLMNAR_rep8_n115000_d5_corr95_NA25","05.IMP",50000,"[[0.20688978779758, 0.0386005378653637, -0.100003311088169, -0.456770058869213, 0.511061461763062], [0.275014381109231]]","SimNLMNAR_rep8_n115000_d5_corr95_NA25_05.IMP_50000",0.513575077056885,0.00154685974121094,"2025-11-28 01:08:08.555269"
"SimNLMNAR_rep9_n115000_d5_corr95_NA25","05.IMP",50000,"[[0.229153323518889, 0.0317388500586161, -0.0759753455356574, -0.454854563639616, 0.495931435645227], [0.254535751182791]]","SimNLMNAR_rep9_n115000_d5_corr95_NA25_05.IMP_50000",0.0789053440093994,0.00142502784729004,"2025-11-28 01:08:09.106889"
"SimNLMNAR_rep0_n115000_d5_corr95_NA25","05.IMP.M",100,"[[-1.05504160289665, 0.994910287501776, -0.0364922327129779, -0.367512758878468, 0.427174850282623, 0.694755132932257, 0.0638456219118373, 0.39271760111945, -0.836413788250498, 2.19611991645775], [-0.987171973113328]]","SimNLMNAR_rep0_n115000_d5_corr95_NA25_05.IMP.M_100",0.00221395492553711,0.00179934501647949,"2025-11-28 01:08:09.217356"
"SimNLMNAR_rep1_n115000_d5_corr95_NA25","05.IMP.M",100,"[[1.08597418565327, -1.83162957056207, -0.234938279933115, -0.0642075900116408, 0.577678683099915, 0.215657284315956, 1.15072760719896, -0.552923297051528, -0.652106598511773, -0.233423167377599], [0.325152580330401]]","SimNLMNAR_rep1_n115000_d5_corr95_NA25_05.IMP.M_100",0.00222873687744141,0.0064399242401123,"2025-11-28 01:08:09.250574"
"SimNLMNAR_rep2_n115000_d5_corr95_NA25","05.IMP.M",100,"[[-0.418832907081845, -0.316088414800177, -0.299713989706077, -0.676425352811865, 0.704729267050976, 0.4107693594467, 1.91895532067434, -0.315494209345352, -0.55837516016873, 0.307568702098349], [-0.464682686448703]]","SimNLMNAR_rep2_n115000_d5_corr95_NA25_05.IMP.M_100",0.00228500366210938,0.00183939933776855,"2025-11-28 01:08:09.289779"
"SimNLMNAR_rep3_n115000_d5_corr95_NA25","05.IMP.M",100,"[[0.40882063369239, 0.122448642042069, 0.323636296010447, -0.293622275790621, 0.740740620851419, -0.897420784311201, -1.26460200647395, -0.715769583851495, -0.371152587537571, 0.48749970502881], [1.24552752588496]]","SimNLMNAR_rep3_n115000_d5_corr95_NA25_05.IMP.M_100",0.00226283073425293,0.00682330131530762,"2025-11-28 01:08:09.322701"
"SimNLMNAR_rep4_n115000_d5_corr95_NA25","05.IMP.M",100,"[[-1.34289299098218, 1.29616236917974, 0.638017008629206, -0.844121722262233, 0.646487248242609, 0.618540018118934, -0.70023969096776, -0.745975939481092, -1.06967550239119, 1.11747300106708], [0.608401077372049]]","SimNLMNAR_rep4_n115000_d5_corr95_NA25_05.IMP.M_100",0.00225734710693359,0.00183796882629395,"2025-11-28 01:08:09.361645"
"SimNLMNAR_rep5_n115000_d5_corr95_NA25","05.IMP.M",100,"[[0.196849702039664, 2.79928714317603, 0.129785022034665, -1.68923944623455, 0.571548429146635, 0.934224340556252, -1.78937105183172, -1.63859317105878, -1.52836958715566, 2.11120815561024], [1.63283901265955]]","SimNLMNAR_rep5_n115000_d5_corr95_NA25_05.IMP.M_100",0.00230789184570312,0.00181460380554199,"2025-11-28 01:08:09.394306"
"SimNLMNAR_rep6_n115000_d5_corr95_NA25","05.IMP.M",100,"[[3.04361019941837, -1.25832542366072, -0.880350596444517, -1.26522624477623, 1.16653962760324, -0.468277522656064, -0.4160070155087, 0.732999708742476, 0.451642341315145, 1.34052623862638], [-0.648533011644737]]","SimNLMNAR_rep6_n115000_d5_corr95_NA25_05.IMP.M_100",0.00259804725646973,0.00192904472351074,"2025-11-28 01:08:09.427548"
"SimNLMNAR_rep7_n115000_d5_corr95_NA25","05.IMP.M",100,"[[-0.42148672480775, -0.698938952082043, 0.399777210409193, -0.728711916892334, 0.631948618933691, 0.508992715058666, 0.388254485766158, 0.188425069727031, 0.332838259220126, 1.56291939050596], [-0.368068900751852]]","SimNLMNAR_rep7_n115000_d5_corr95_NA25_05.IMP.M_100",0.00220394134521484,0.00180602073669434,"2025-11-28 01:08:09.895176"
"SimNLMNAR_rep8_n115000_d5_corr95_NA25","05.IMP.M",100,"[[0.467592538941411, -0.235162911513509, 0.0635213630496104, -0.577016853514302, 0.54294072721453, 0.733922877803364, -0.279837261386038, 0.117255177577087, 0.502820432050294, 0.466007544035318], [-0.0865528074012677]]","SimNLMNAR_rep8_n115000_d5_corr95_NA25_05.IMP.M_100",0.00221109390258789,0.00182914733886719,"2025-11-28 01:08:09.927633"
"SimNLMNAR_rep9_n115000_d5_corr95_NA25","05.IMP.M",100,"[[0.701703634142447, -1.16169642936561, 1.15573065212743, -0.631353208821176, 0.445942572051725, 0.249557607723338, 0.755995234779243, -1.10753497225546, 0.432762044997756, 0.0823545926883617], [0.273760310812107]]","SimNLMNAR_rep9_n115000_d5_corr95_NA25_05.IMP.M_100",0.0022590160369873,0.00183296203613281,"2025-11-28 01:08:09.960756"
"SimNLMNAR_rep0_n115000_d5_corr95_NA25","05.IMP.M",500,"[[-0.23118514218, 0.43493604097634, -0.216299883522065, -0.372994957520103, 0.516751713178864, 0.363622222343002, 0.0668202411345126, -0.350375378072547, -0.598583741944144, 0.947641072045505], [-0.0504745632189507]]","SimNLMNAR_rep0_n115000_d5_corr95_NA25_05.IMP.M_500",0.00297689437866211,0.00180172920227051,"2025-11-28 01:08:09.993521"
"SimNLMNAR_rep1_n115000_d5_corr95_NA25","05.IMP.M",500,"[[0.115269519957331, 0.128022410539665, -0.340548433524062, -0.443745084338665, 0.479107263235755, 0.491448099202882, 0.0460114488757565, -0.26138003790861, 0.0766150916952655, 0.870720365943787], [-0.247440587150305]]","SimNLMNAR_rep1_n115000_d5_corr95_NA25_05.IMP.M_500",0.00312471389770508,0.00304269790649414,"2025-11-28 01:08:10.026685"
"SimNLMNAR_rep2_n115000_d5_corr95_NA25","05.IMP.M",500,"[[-0.0284623550281234, -0.31805000303569, -0.223433182805271, -0.464777509465341, 0.566221698184962, 0.182414585250467, 0.467408995132391, 0.226998282664312, 0.15711811748639, 0.479329522513621], [-0.241708975945019]]","SimNLMNAR_rep2_n115000_d5_corr95_NA25_05.IMP.M_500",0.00297260284423828,0.00183534622192383,"2025-11-28 01:08:10.062952"
"SimNLMNAR_rep3_n115000_d5_corr95_NA25","05.IMP.M",500,"[[0.332057252951984, -0.100841715964242, -0.0847070327529755, -0.51616780542101, 0.52623726325739, -0.123771250518593, -0.14507710722851, -0.192486838625792, -0.216606186160002, 0.65386771866704], [0.307240147237125]]","SimNLMNAR_rep3_n115000_d5_corr95_NA25_05.IMP.M_500",0.00313878059387207,0.00178289413452148,"2025-11-28 01:08:10.104028"
"SimNLMNAR_rep4_n115000_d5_corr95_NA25","05.IMP.M",500,"[[0.00477835091419888, -0.210238683804625, -0.0604812443681683, -0.470727862388387, 0.580505400554225, 0.190811430763327, -0.123821092752917, -0.18415800804816, -0.559037262593709, 1.05539468446545], [0.0391902504580642]]","SimNLMNAR_rep4_n115000_d5_corr95_NA25_05.IMP.M_500",0.00304150581359863,0.00182366371154785,"2025-11-28 01:08:10.137242"
"SimNLMNAR_rep5_n115000_d5_corr95_NA25","05.IMP.M",500,"[[0.322630080013366, -0.12060381350577, 0.171473677838458, -0.511368748282989, 0.535623220735334, 0.350243057017138, -0.02560542164362, -0.587323285700239, -0.252830378393154, 0.634346170121031], [0.349164341732701]]","SimNLMNAR_rep5_n115000_d5_corr95_NA25_05.IMP.M_500",0.00317287445068359,0.00182700157165527,"2025-11-28 01:08:10.170787"
"SimNLMNAR_rep6_n115000_d5_corr95_NA25","05.IMP.M",500,"[[0.897899605975762, -0.861405506540654, -0.026256212242081, -0.565909484816529, 0.595179499410523, 0.127450713892408, -0.0138610072392101, -0.334493183842794, -0.529409050797508, 1.09426063471643], [0.0911835551861671]]","SimNLMNAR_rep6_n115000_d5_corr95_NA25_05.IMP.M_500",0.00338649749755859,0.00680875778198242,"2025-11-28 01:08:10.205766"
"SimNLMNAR_rep7_n115000_d5_corr95_NA25","05.IMP.M",500,"[[0.142502992727206, -0.0611141167577569, 0.346562835651842, -0.377670511727052, 0.444373702835303, -0.337833925517626, -0.136523599998424, -0.754613211088074, -0.334672603960102, 0.430397714670744], [0.70124668772042]]","SimNLMNAR_rep7_n115000_d5_corr95_NA25_05.IMP.M_500",0.00392627716064453,0.00268125534057617,"2025-11-28 01:08:10.244905"
"SimNLMNAR_rep8_n115000_d5_corr95_NA25","05.IMP.M",500,"[[0.19770761940076, -0.163713193051869, -0.0340702789267909, -0.394982594728017, 0.573563758817294, 0.0825029134807546, 0.174421855112166, -0.493725740021976, 0.0397178069720121, -0.0573051435007081], [0.445142031514133]]","SimNLMNAR_rep8_n115000_d5_corr95_NA25_05.IMP.M_500",0.00359463691711426,0.00258469581604004,"2025-11-28 01:08:10.285517"
"SimNLMNAR_rep9_n115000_d5_corr95_NA25","05.IMP.M",500,"[[-0.0496676312231771, -0.166483115287889, 0.195998640305296, -0.317488651415522, 0.568545076193639, 0.435090703620521, -0.197345508103458, -0.678845514397084, -0.652573478970277, 0.273395788548693], [0.63832273219653]]","SimNLMNAR_rep9_n115000_d5_corr95_NA25_05.IMP.M_500",0.00558376312255859,0.00372147560119629,"2025-11-28 01:08:14.218885"
"SimNLMNAR_rep0_n115000_d5_corr95_NA25","05.IMP.M",1000,"[[0.218864701819366, 0.0581718922996816, 0.0204395495070553, -0.497902695472824, 0.493536136797527, -0.0402447388996454, -0.0562868116896177, -0.481933361586656, -0.364551181740712, 0.842065010334177], [0.292498735395793]]","SimNLMNAR_rep0_n115000_d5_corr95_NA25_05.IMP.M_1000",0.0225720405578613,0.0089409351348877,"2025-11-28 01:08:14.273728"
"SimNLMNAR_rep1_n115000_d5_corr95_NA25","05.IMP.M",1000,"[[0.0679417774131493, 0.114545380471323, -0.232841760522129, -0.440141421464701, 0.557413265919219, 0.296398949352919, 0.0923453918978275, -0.348099814511254, 0.080077642750964, 0.684897406842471], [-0.0849528542135955]]","SimNLMNAR_rep1_n115000_d5_corr95_NA25_05.IMP.M_1000",0.00378608703613281,0.430270671844482,"2025-11-28 01:08:14.339621"
"SimNLMNAR_rep2_n115000_d5_corr95_NA25","05.IMP.M",1000,"[[0.175699325764887, -0.260299774158138, -0.111780818074979, -0.378474708283581, 0.531044474446797, -0.0406265495900155, 0.162384013562614, 0.025051451846057, -0.159269201670677, 0.362809911281673], [0.244055078826271]]","SimNLMNAR_rep2_n115000_d5_corr95_NA25_05.IMP.M_1000",0.00469779968261719,0.00231647491455078,"2025-11-28 01:08:14.81937"
"SimNLMNAR_rep3_n115000_d5_corr95_NA25","05.IMP.M",1000,"[[0.348268936382372, -0.219517332650459, -0.0104823151942276, -0.512970049303341, 0.539338576535845, -0.103432259328725, -0.021692196102369, -0.482924272134578, -0.196473568971906, 0.645288499186178], [0.329141190756373]]","SimNLMNAR_rep3_n115000_d5_corr95_NA25_05.IMP.M_1000",0.00459504127502441,0.00349640846252441,"2025-11-28 01:08:14.859133"
"SimNLMNAR_rep4_n115000_d5_corr95_NA25","05.IMP.M",1000,"[[0.103683350355034, 0.0416845746252635, -0.0811999873191121, -0.414693674082294, 0.489267543654435, -0.209935911748365, -0.242499753926808, -0.134609260098996, -0.483142657752224, 0.710689019117503], [0.279567845880166]]","SimNLMNAR_rep4_n115000_d5_corr95_NA25_05.IMP.M_1000",0.00812792778015137,0.00183892250061035,"2025-11-28 01:08:14.898966"
"SimNLMNAR_rep5_n115000_d5_corr95_NA25","05.IMP.M",1000,"[[0.102512450469291, -0.138134442025898, 0.165662393517673, -0.450316503978779, 0.536416374397243, 0.385330276023213, 0.120204469210095, -0.342838931084818, -0.431060016052547, 0.524277444088067], [0.297956673770147]]","SimNLMNAR_rep5_n115000_d5_corr95_NA25_05.IMP.M_1000",0.00407695770263672,0.00184535980224609,"2025-11-28 01:08:14.941043"
"SimNLMNAR_rep6_n115000_d5_corr95_NA25","05.IMP.M",1000,"[[0.348812764760644, -0.0722269171739163, 0.0179880586005849, -0.468305267531504, 0.503917109979238, 0.0181047790128809, -0.20309701331345, -0.375691574166403, -0.317954075721704, 0.816156221850089], [0.249588862559181]]","SimNLMNAR_rep6_n115000_d5_corr95_NA25_05.IMP.M_1000",0.00435113906860352,0.00216031074523926,"2025-11-28 01:08:14.975431"
"SimNLMNAR_rep7_n115000_d5_corr95_NA25","05.IMP.M",1000,"[[0.0737657373040334, -0.0748004675970793, -0.0364493093619205, -0.342706933276311, 0.552459488658047, 0.0193252565337936, -0.15459657292057, -0.551901390381349, -0.406749427553262, 0.582872495391215], [0.40438072436554]]","SimNLMNAR_rep7_n115000_d5_corr95_NA25_05.IMP.M_1000",0.00411629676818848,0.00183415412902832,"2025-11-28 01:08:15.405937"
"SimNLMNAR_rep8_n115000_d5_corr95_NA25","05.IMP.M",1000,"[[0.379062032481265, -0.0575582614830756, -0.0781703962041355, -0.405059058174838, 0.531538539259082, 0.0104766046325493, -0.154536740525835, -0.443769791272378, -0.212044162647645, 0.125514393952989], [0.491570366884424]]","SimNLMNAR_rep8_n115000_d5_corr95_NA25_05.IMP.M_1000",0.00411653518676758,0.00250053405761719,"2025-11-28 01:08:15.44084"
"SimNLMNAR_rep9_n115000_d5_corr95_NA25","05.IMP.M",1000,"[[-0.045528243655004, -0.0303196488099522, 0.123213308626063, -0.311946580327301, 0.528113076659361, 0.355255604203331, -0.138100535942929, -0.530124820864524, -0.677852822589413, 0.381254869637662], [0.470379164765543]]","SimNLMNAR_rep9_n115000_d5_corr95_NA25_05.IMP.M_1000",0.00481200218200684,0.00340771675109863,"2025-11-28 01:08:15.476506"
"SimNLMNAR_rep0_n115000_d5_corr95_NA25","05.IMP.M",5000,"[[0.167361117116016, 0.0301737477512899, -0.0870121138152272, -0.442111304811384, 0.497597394385167, 0.0359461701258701, -0.0176942245194788, -0.228386167548072, -0.348105298721875, 0.602800950204316], [0.216489267953542]]","SimNLMNAR_rep0_n115000_d5_corr95_NA25_05.IMP.M_5000",0.0117862224578857,0.00191688537597656,"2025-11-28 01:08:15.520415"
"SimNLMNAR_rep1_n115000_d5_corr95_NA25","05.IMP.M",5000,"[[0.0952479148774602, 0.0836492099468264, -0.0996336934776296, -0.460960363766269, 0.521201855463514, 0.158782999526989, 0.0245389179511046, -0.256437525736893, -0.131797351267289, 0.500433712573618], [0.0814000628409466]]","SimNLMNAR_rep1_n115000_d5_corr95_NA25_05.IMP.M_5000",0.0116615295410156,0.00630354881286621,"2025-11-28 01:08:15.572961"
"SimNLMNAR_rep2_n115000_d5_corr95_NA25","05.IMP.M",5000,"[[0.177121442757647, -0.0138506670100294, -0.0767538924570119, -0.440475525080871, 0.532796493125302, 0.0683825529227632, -0.0995080882415529, -0.189736256368171, -0.273982320932831, 0.441288518946667], [0.272484180976195]]","SimNLMNAR_rep2_n115000_d5_corr95_NA25_05.IMP.M_5000",0.0122847557067871,0.00184917449951172,"2025-11-28 01:08:15.621071"
"SimNLMNAR_rep3_n115000_d5_corr95_NA25","05.IMP.M",5000,"[[0.231043221118222, -0.109731479930338, -0.0573689654034019, -0.455234195165209, 0.520526847606431, 0.0994912503791964, 0.016515412332567, -0.307432326080041, -0.209849142826674, 0.737432526094719], [0.0654646290549627]]","SimNLMNAR_rep3_n115000_d5_corr95_NA25_05.IMP.M_5000",0.0117068290710449,0.00181913375854492,"2025-11-28 01:08:15.664486"
"SimNLMNAR_rep4_n115000_d5_corr95_NA25","05.IMP.M",5000,"[[0.113717003616429, 0.114328537731967, -0.0646550517466497, -0.433270938364638, 0.487241812290318, 0.0290446501827796, -0.178729012776685, -0.427846696055543, -0.436660021844179, 0.622104977491318], [0.275704042179974]]","SimNLMNAR_rep4_n115000_d5_corr95_NA25_05.IMP.M_5000",0.0123584270477295,0.00188779830932617,"2025-11-28 01:08:15.706912"
"SimNLMNAR_rep5_n115000_d5_corr95_NA25","05.IMP.M",5000,"[[0.302695040622706, -0.095525810581508, -0.0460574698056509, -0.424086400739702, 0.53696119451851, 0.0713935340296115, 0.00672535254275763, -0.338928371904875, -0.214844555048561, 0.420628283078746], [0.335328608424406]]","SimNLMNAR_rep5_n115000_d5_corr95_NA25_05.IMP.M_5000",0.0156731605529785,0.00196099281311035,"2025-11-28 01:08:15.754436"
"SimNLMNAR_rep6_n115000_d5_corr95_NA25","05.IMP.M",5000,"[[0.185484862116576, -0.0867592786080086, -0.000491531347686162, -0.398036037030668, 0.484638419173083, 0.0310524655161981, 0.0431678853738045, -0.225140786687579, -0.319665948818, 0.678624511022747], [0.136289150809454]]","SimNLMNAR_rep6_n115000_d5_corr95_NA25_05.IMP.M_5000",0.0166835784912109,0.00205850601196289,"2025-11-28 01:08:15.801013"
"SimNLMNAR_rep7_n115000_d5_corr95_NA25","05.IMP.M",5000,"[[0.291128559252935, -0.0783736446959206, -0.0525945795369215, -0.478908546638869, 0.52214909872347, -0.0169905865369974, -0.035679277633783, -0.370597829341431, -0.354649583514507, 0.506607954712137], [0.332927463945411]]","SimNLMNAR_rep7_n115000_d5_corr95_NA25_05.IMP.M_5000",0.0117957592010498,0.00185656547546387,"2025-11-28 01:08:15.849491"
"SimNLMNAR_rep8_n115000_d5_corr95_NA25","05.IMP.M",5000,"[[0.168828593882199, 0.0398223404686923, -0.0540044096631731, -0.444144768134919, 0.526659243395771, -0.00387075690565501, -0.0680542481174095, -0.292164336502564, -0.28371848583542, 0.44108262006794], [0.30078903972668]]","SimNLMNAR_rep8_n115000_d5_corr95_NA25_05.IMP.M_5000",0.0220577716827393,0.00230026245117188,"2025-11-28 01:08:15.891893"
"SimNLMNAR_rep9_n115000_d5_corr95_NA25","05.IMP.M",5000,"[[0.22246231871911, 0.0263174592421193, -0.10706137292979, -0.450494015549027, 0.497858576256627, 0.00748713506136311, -0.119229753454715, -0.256075095951118, -0.427144910261932, 0.579573288912663], [0.26452486634392]]","SimNLMNAR_rep9_n115000_d5_corr95_NA25_05.IMP.M_5000",0.0169179439544678,0.0022580623626709,"2025-11-28 01:08:15.948837"
"SimNLMNAR_rep0_n115000_d5_corr95_NA25","05.IMP.M",10000,"[[0.214843999635442, -0.00301851839942442, -0.0896335156105802, -0.455899030844676, 0.510218736517335, 0.0170361993994899, -0.0927454216536892, -0.278387455552355, -0.23985450138727, 0.593025055664563], [0.235426726940275]]","SimNLMNAR_rep0_n115000_d5_corr95_NA25_05.IMP.M_10000",0.026017427444458,0.00228452682495117,"2025-11-28 01:08:15.997338"
"SimNLMNAR_rep1_n115000_d5_corr95_NA25","05.IMP.M",10000,"[[0.0865115726148801, 0.0343073534648443, -0.0922090498602125, -0.453581610752507, 0.512089747841803, 0.150570064578717, 0.00673642923826527, -0.251466631407053, -0.202771831772155, 0.520352806199932], [0.145947084860742]]","SimNLMNAR_rep1_n115000_d5_corr95_NA25_05.IMP.M_10000",0.022425651550293,0.464409828186035,"2025-11-28 01:08:16.055221"
"SimNLMNAR_rep2_n115000_d5_corr95_NA25","05.IMP.M",10000,"[[0.132677046699462, 0.04892805959678, -0.00826671060461356, -0.439516374949732, 0.496118479135873, 0.0250900142486836, -0.100648065274055, -0.3095655727708, -0.270304809119863, 0.470343138822481], [0.325641731935288]]","SimNLMNAR_rep2_n115000_d5_corr95_NA25_05.IMP.M_10000",0.0222263336181641,0.0018773078918457,"2025-11-28 01:08:16.576902"
"SimNLMNAR_rep3_n115000_d5_corr95_NA25","05.IMP.M",10000,"[[0.247501515417459, -0.0404497708460269, -0.0869824700482985, -0.463289711295091, 0.512340595861528, 0.0508676429218573, -0.029322291498423, -0.206938514914438, -0.263683739484321, 0.595098713961882], [0.171104014941182]]","SimNLMNAR_rep3_n115000_d5_corr95_NA25_05.IMP.M_10000",0.0532083511352539,0.0230622291564941,"2025-11-28 01:08:22.042675"
"SimNLMNAR_rep4_n115000_d5_corr95_NA25","05.IMP.M",10000,"[[0.186953186894717, 0.0750690860465102, -0.104960521774287, -0.425458510334175, 0.466560874023114, -0.0235557925297478, -0.104716116035667, -0.279634186102161, -0.353008067603347, 0.605730991904209], [0.203187445888099]]","SimNLMNAR_rep4_n115000_d5_corr95_NA25_05.IMP.M_10000",0.769819736480713,0.00982475280761719,"2025-11-28 01:08:22.173243"
"SimNLMNAR_rep5_n115000_d5_corr95_NA25","05.IMP.M",10000,"[[0.292939504575995, -0.129407140352846, -0.0207531840480023, -0.417735029622428, 0.509089451591202, -0.0288340207059885, 0.0134185841171135, -0.310127054634222, -0.276109959987178, 0.469108875660871], [0.343718779044972]]","SimNLMNAR_rep5_n115000_d5_corr95_NA25_05.IMP.M_10000",0.561875820159912,0.00398969650268555,"2025-11-28 01:08:22.984455"
"SimNLMNAR_rep6_n115000_d5_corr95_NA25","05.IMP.M",10000,"[[0.2178735269001, -0.0279161114973616, -0.0640009378579773, -0.431776764652035, 0.491408234095644, -0.00735984859395684, 0.00439780243814946, -0.28399172677159, -0.294209884017998, 0.655388356946015], [0.205839976718436]]","SimNLMNAR_rep6_n115000_d5_corr95_NA25_05.IMP.M_10000",0.0316786766052246,0.00372910499572754,"2025-11-28 01:08:23.588956"
"SimNLMNAR_rep7_n115000_d5_corr95_NA25","05.IMP.M",10000,"[[0.316972612063077, -0.117901128445342, -0.0563640669101351, -0.473206080497414, 0.514009925987146, -0.0329175370451195, -0.0472923792368772, -0.318803479395318, -0.311053743398623, 0.496568434582117], [0.299679804143608]]","SimNLMNAR_rep7_n115000_d5_corr95_NA25_05.IMP.M_10000",0.0233652591705322,0.00206923484802246,"2025-11-28 01:08:23.662175"
"SimNLMNAR_rep8_n115000_d5_corr95_NA25","05.IMP.M",10000,"[[0.125887816994075, 0.0319907908073388, -0.079921205974141, -0.435625913047693, 0.515419311664217, 0.0592174901633061, -0.0879088147491242, -0.253967468318365, -0.305651586483956, 0.567009311609535], [0.222154550840357]]","SimNLMNAR_rep8_n115000_d5_corr95_NA25_05.IMP.M_10000",0.0234894752502441,0.00203871726989746,"2025-11-28 01:08:23.728108"
"SimNLMNAR_rep9_n115000_d5_corr95_NA25","05.IMP.M",10000,"[[0.193206740044944, 0.0152098333465524, -0.0607286664231192, -0.438561051365769, 0.494675565094679, 0.0612894920282729, -0.0767946285437855, -0.305544109308721, -0.347753177175857, 0.501587710676343], [0.262922638239994]]","SimNLMNAR_rep9_n115000_d5_corr95_NA25_05.IMP.M_10000",0.0282793045043945,0.00260210037231445,"2025-11-28 01:08:23.789569"
"SimNLMNAR_rep0_n115000_d5_corr95_NA25","05.IMP.M",50000,"[[0.247017709693402, -0.0392161523066094, -0.0613312943821402, -0.438925179457687, 0.505343328276271, 0.00415833574176817, -0.0290577428175067, -0.28082083419147, -0.256684616876185, 0.517893932663236], [0.253573131010073]]","SimNLMNAR_rep0_n115000_d5_corr95_NA25_05.IMP.M_50000",0.765243053436279,0.00419974327087402,"2025-11-28 01:08:23.855915"
"SimNLMNAR_rep1_n115000_d5_corr95_NA25","05.IMP.M",50000,"[[0.218979467906175, -0.0409939238144979, -0.0293521018881909, -0.459468366793418, 0.507157401690666, 0.0199025859013471, -0.0279181430450711, -0.329747032700711, -0.252884269973994, 0.495984496087377], [0.276273671432681]]","SimNLMNAR_rep1_n115000_d5_corr95_NA25_05.IMP.M_50000",0.55899977684021,0.0024867057800293,"2025-11-28 01:08:24.657848"
"SimNLMNAR_rep2_n115000_d5_corr95_NA25","05.IMP.M",50000,"[[0.202012957384708, 0.0131207383803911, -0.0465676285013344, -0.447701342820193, 0.511184498783606, 0.00134401213082806, -0.0976731656191515, -0.29113105793565, -0.2550191805822, 0.478464764316671], [0.295711127828061]]","SimNLMNAR_rep2_n115000_d5_corr95_NA25_05.IMP.M_50000",0.131647109985352,0.00239706039428711,"2025-11-28 01:08:25.264922"
"SimNLMNAR_rep3_n115000_d5_corr95_NA25","05.IMP.M",50000,"[[0.201621075061266, -0.0251934656473067, -0.0572486307217649, -0.431168281975867, 0.505553856052675, 0.0169212375988786, -0.0441212351014381, -0.292055276269572, -0.260206582912384, 0.521996660784265], [0.244762909415787]]","SimNLMNAR_rep3_n115000_d5_corr95_NA25_05.IMP.M_50000",0.587748765945435,0.00257182121276855,"2025-11-28 01:08:25.432333"
"SimNLMNAR_rep4_n115000_d5_corr95_NA25","05.IMP.M",50000,"[[0.211717180241265, -0.0323896109762554, -0.0764254904532852, -0.422391661665984, 0.494242053781656, -0.00902170497632312, -0.0346359640879174, -0.280666404934008, -0.32668339714022, 0.550974671558624], [0.232048247582899]]","SimNLMNAR_rep4_n115000_d5_corr95_NA25_05.IMP.M_50000",0.110245227813721,0.00221157073974609,"2025-11-28 01:08:26.053265"
"SimNLMNAR_rep5_n115000_d5_corr95_NA25","05.IMP.M",50000,"[[0.24362902337837, -0.0326205169276059, -0.0453781293464446, -0.429963539501859, 0.499642603770336, -0.0137368871776901, -0.0443425988464594, -0.314495430377594, -0.324913643039263, 0.520475577194732], [0.311673390990239]]","SimNLMNAR_rep5_n115000_d5_corr95_NA25_05.IMP.M_50000",0.538092374801636,0.00284099578857422,"2025-11-28 01:08:26.198458"
"SimNLMNAR_rep6_n115000_d5_corr95_NA25","05.IMP.M",50000,"[[0.218306179788221, 0.000856918912936363, -0.0592035855300361, -0.438192448900775, 0.49769747309415, -0.00286972446749316, -0.0416400098354619, -0.297775757201081, -0.31163720225974, 0.535623814662441], [0.269682843976199]]","SimNLMNAR_rep6_n115000_d5_corr95_NA25_05.IMP.M_50000",0.114518404006958,0.00213837623596191,"2025-11-28 01:08:26.777178"
"SimNLMNAR_rep7_n115000_d5_corr95_NA25","05.IMP.M",50000,"[[0.249336780943951, -0.0509589364115203, -0.035890430953379, -0.443172916496385, 0.500425364285413, -0.0110437313092687, -0.0290298881527087, -0.334939766229097, -0.319612254875193, 0.521924763176401], [0.268697820576811]]","SimNLMNAR_rep7_n115000_d5_corr95_NA25_05.IMP.M_50000",0.527137756347656,0.00229120254516602,"2025-11-28 01:08:26.927723"
"SimNLMNAR_rep8_n115000_d5_corr95_NA25","05.IMP.M",50000,"[[0.186624375446752, 0.0212855758113194, -0.065202453064655, -0.442626385293501, 0.506656596290099, 0.00323414891960669, -0.0836636097373528, -0.29186779779697, -0.316278951956997, 0.530294399061303], [0.279402511221244]]","SimNLMNAR_rep8_n115000_d5_corr95_NA25_05.IMP.M_50000",0.113420963287354,0.00208115577697754,"2025-11-28 01:08:27.496199"
"SimNLMNAR_rep9_n115000_d5_corr95_NA25","05.IMP.M",50000,"[[0.214781230485991, 0.000806190625178983, -0.0376634430906189, -0.44096210284519, 0.491467533452875, -0.00844167510954622, -0.0303424225024939, -0.307894620266966, -0.327943362071346, 0.539943815370267], [0.252199835013413]]","SimNLMNAR_rep9_n115000_d5_corr95_NA25_05.IMP.M_50000",0.116440534591675,0.00218844413757324,"2025-11-28 01:08:27.642976"
"SimNLMNAR_rep0_n115000_d5_corr95_NA25","CC",100,"[[-60.6531119633469, -1.28211419055468, 115.249223177168, -11.1695754781935, -0.229319791880394], [32.621427082601]]",NA,0.00224447250366211,NA,"2025-11-28 01:08:27.792253"
"SimNLMNAR_rep1_n115000_d5_corr95_NA25","CC",100,"[[-57.175724078366, 67.4822252068821, 11.0359523299988, -51.1562203246342, 10.7540653538565], [6.30437563689072]]",NA,0.0149869918823242,NA,"2025-11-28 01:08:27.822626"
"SimNLMNAR_rep2_n115000_d5_corr95_NA25","CC",100,"[[480.399640065494, -392.281824407681, -168.965023752401, -8.6180083450731, 20.6102564805362], [-51.7323561400291]]",NA,0.00244927406311035,NA,"2025-11-28 01:08:27.867639"
"SimNLMNAR_rep3_n115000_d5_corr95_NA25","CC",100,"[[-18.6715405220418, -15.1437085646027, 47.6926735406322, 1.27208987753483, 9.12463461673779], [39.040659782713]]",NA,0.00205063819885254,NA,"2025-11-28 01:08:27.904604"
"SimNLMNAR_rep4_n115000_d5_corr95_NA25","CC",100,"[[233.253572165576, -394.239461217429, -335.062865873966, -29.1332915248838, -8.93558623980159], [-658.830342062028]]",NA,0.00215268135070801,NA,"2025-11-28 01:08:27.933508"
"SimNLMNAR_rep5_n115000_d5_corr95_NA25","CC",100,"[[48.1584532414505, 1.23577235421257, -24.4644069662027, -15.7031915274867, 7.60749794200702], [11.5658398454273]]",NA,0.00210070610046387,NA,"2025-11-28 01:08:27.965203"
"SimNLMNAR_rep6_n115000_d5_corr95_NA25","CC",100,"[[33.5361466412994, -33.3974095510475, -32.1186533500831, -11.2484498222547, 15.5107783513749], [-35.3559201160931]]",NA,0.00287008285522461,NA,"2025-11-28 01:08:27.997525"
"SimNLMNAR_rep7_n115000_d5_corr95_NA25","CC",100,"[[44.7208720234984, -39.696411568734, -14.4196151754516, -8.16729803048752, 7.50266488265607], [-9.92358705020257]]",NA,0.00209927558898926,NA,"2025-11-28 01:08:28.035066"
"SimNLMNAR_rep8_n115000_d5_corr95_NA25","CC",100,"[[113.40320396757, -149.180777613884, 148.342251656094, -153.447946241095, 14.5509689636151], [20.9894474490424]]",NA,0.00470924377441406,NA,"2025-11-28 01:08:30.24339"
"SimNLMNAR_rep9_n115000_d5_corr95_NA25","CC",100,"[[16.5228726595646, -21.5379364763851, 51.87652320872, -5.60353452710686, 3.91410387585989], [29.1836436411159]]",NA,0.0136985778808594,NA,"2025-11-28 01:08:30.292761"
"SimNLMNAR_rep0_n115000_d5_corr95_NA25","CC",500,"[[-1.28061506338488, 3.24283086603083, -1.98339831554031, -1.09813120361982, 1.10653743012626], [-1.98103702107213]]",NA,0.00232982635498047,NA,"2025-11-28 01:08:30.33817"
"SimNLMNAR_rep1_n115000_d5_corr95_NA25","CC",500,"[[-1.01873287298871, 2.65874020364002, -1.99348625225426, -0.975693172605108, 0.943699586658367], [-0.958352470072071]]",NA,0.00227069854736328,NA,"2025-11-28 01:08:30.387011"
"SimNLMNAR_rep2_n115000_d5_corr95_NA25","CC",500,"[[5.29481902758265, -1.47642783552016, -13.5892473042443, -0.163166421410846, 2.41025219309239], [-10.1753993347795]]",NA,0.00250458717346191,NA,"2025-11-28 01:08:30.428285"
"SimNLMNAR_rep3_n115000_d5_corr95_NA25","CC",500,"[[0.866953397895691, -1.70937185359366, 0.826710241607604, -0.986767789263454, 0.796531740160109], [0.0700377576806984]]",NA,0.00226831436157227,NA,"2025-11-28 01:08:30.893036"
"SimNLMNAR_rep4_n115000_d5_corr95_NA25","CC",500,"[[2.31270964240127, -3.37414040069338, 1.5252922506588, -1.22430328655679, 0.796607119032129], [0.303434464153877]]",NA,0.00226855278015137,NA,"2025-11-28 01:08:30.924337"
"SimNLMNAR_rep5_n115000_d5_corr95_NA25","CC",500,"[[3.57773642163572, -0.0395392278278934, 0.0774263125655478, -3.31192775021804, 1.07827848214094], [1.05831282933272]]",NA,0.00218296051025391,NA,"2025-11-28 01:08:30.955207"
"SimNLMNAR_rep6_n115000_d5_corr95_NA25","CC",500,"[[10.9135350350252, -18.5472015609369, 13.7267990322326, -2.43086567349069, 0.801072584777769], [5.17272287864943]]",NA,0.00229573249816895,NA,"2025-11-28 01:08:30.986999"
"SimNLMNAR_rep7_n115000_d5_corr95_NA25","CC",500,"[[4.51323904413651, -2.24622918615748, -1.43401242673642, -1.0453092892942, 1.03641402032101], [0.725470872430207]]",NA,0.00236058235168457,NA,"2025-11-28 01:08:31.01912"
"SimNLMNAR_rep8_n115000_d5_corr95_NA25","CC",500,"[[0.262586583186076, -5.23927649166563, 8.01462066697393, -1.98044878640752, 1.7341255336941], [5.34362644290827]]",NA,0.00242757797241211,NA,"2025-11-28 01:08:31.05346"
"SimNLMNAR_rep9_n115000_d5_corr95_NA25","CC",500,"[[13.0677982852879, -7.78751969957243, 3.67166633732527, -4.36878859780304, 2.7935651767629], [6.13387060762775]]",NA,0.00228762626647949,NA,"2025-11-28 01:08:31.082338"
"SimNLMNAR_rep0_n115000_d5_corr95_NA25","CC",1000,"[[-1.86090764813768, 5.12144577777488, -3.01031266806585, -1.40179737597076, 1.23404246443492], [-1.83339213865184]]",NA,0.00284719467163086,NA,"2025-11-28 01:08:31.110567"
"SimNLMNAR_rep1_n115000_d5_corr95_NA25","CC",1000,"[[-0.972545413882632, 2.83991337141312, -3.25658292213348, -0.933614891004961, 1.2970647815786], [-1.90515037274831]]",NA,0.00276565551757812,NA,"2025-11-28 01:08:31.526939"
"SimNLMNAR_rep2_n115000_d5_corr95_NA25","CC",1000,"[[1.99540151170662, -2.16131977971906, -1.00164752474023, -0.572673404115042, 0.833603763489135], [-0.82499338927753]]",NA,0.00255441665649414,NA,"2025-11-28 01:08:31.555622"
"SimNLMNAR_rep3_n115000_d5_corr95_NA25","CC",1000,"[[1.30327698077945, -2.27293811078473, 1.04564070175905, -1.03911595480412, 0.907416511495599], [0.215401834117884]]",NA,0.00252747535705566,NA,"2025-11-28 01:08:31.584038"
"SimNLMNAR_rep4_n115000_d5_corr95_NA25","CC",1000,"[[1.05859125438829, -1.80499337047128, 1.11622374802997, -0.991543129113252, 0.689511460034017], [-0.00566075037545633]]",NA,0.00246262550354004,NA,"2025-11-28 01:08:31.613351"
"SimNLMNAR_rep5_n115000_d5_corr95_NA25","CC",1000,"[[1.92076250002657, -1.64976108629753, -0.0348426942604464, -0.728402747160396, 1.01485139711986], [0.601065101644797]]",NA,0.00250339508056641,NA,"2025-11-28 01:08:31.643343"
"SimNLMNAR_rep6_n115000_d5_corr95_NA25","CC",1000,"[[5.29958617177543, -4.23476464030797, 0.627153905961289, -1.75955181699941, 1.019167944141], [-0.00198934176885985]]",NA,0.00253176689147949,NA,"2025-11-28 01:08:31.674861"
"SimNLMNAR_rep7_n115000_d5_corr95_NA25","CC",1000,"[[2.48964242883934, -1.78749754275407, -0.173730133004738, -0.819963742218698, 0.925981780391998], [0.506197706511904]]",NA,0.00284981727600098,NA,"2025-11-28 01:08:31.706768"
"SimNLMNAR_rep8_n115000_d5_corr95_NA25","CC",1000,"[[1.64766207521959, -1.71796300774881, -0.163621434430138, -1.25549846718889, 1.15474576675934], [-0.509092178372843]]",NA,0.00284457206726074,NA,"2025-11-28 01:08:31.743224"
"SimNLMNAR_rep9_n115000_d5_corr95_NA25","CC",1000,"[[0.796265334668158, 0.24752373586819, -0.00143237519369083, -1.41245712225346, 1.41579573011431], [1.03880897647897]]",NA,0.00272703170776367,NA,"2025-11-28 01:08:31.772272"
"SimNLMNAR_rep0_n115000_d5_corr95_NA25","CC",5000,"[[1.15362775987315, 0.404565827155588, -1.88958109476686, -1.0299149095311, 0.953378236180142], [-1.15064573109221]]",NA,0.00624775886535645,NA,"2025-11-28 01:08:31.800637"
"SimNLMNAR_rep1_n115000_d5_corr95_NA25","CC",5000,"[[0.979398407675279, 1.05752108376347, -1.75947905050211, -1.27901887676621, 0.960691302986733], [-0.891379838876223]]",NA,0.00621318817138672,NA,"2025-11-28 01:08:31.832722"
"SimNLMNAR_rep2_n115000_d5_corr95_NA25","CC",5000,"[[1.92717816211434, -0.884340010768449, -1.02181124343405, -1.07079671972685, 0.842872344306534], [-0.49923612920424]]",NA,0.00813412666320801,NA,"2025-11-28 01:08:38.4251"
"SimNLMNAR_rep3_n115000_d5_corr95_NA25","CC",5000,"[[1.31941336094825, -0.180148707461699, -1.09966885721671, -1.05316374153518, 0.991172044771644], [-0.43058373523917]]",NA,0.0173881053924561,NA,"2025-11-28 01:08:38.471512"
"SimNLMNAR_rep4_n115000_d5_corr95_NA25","CC",5000,"[[1.34512946669993, -0.501151543056047, -0.190565987324278, -1.09121059993292, 0.778496727588139], [0.0738648609453959]]",NA,0.00697135925292969,NA,"2025-11-28 01:08:38.518956"
"SimNLMNAR_rep5_n115000_d5_corr95_NA25","CC",5000,"[[1.60789156628333, -0.174322505179938, -0.796783301269787, -0.988681780629101, 0.954179254563169], [0.450510217701135]]",NA,0.0113396644592285,NA,"2025-11-28 01:08:38.564144"
"SimNLMNAR_rep6_n115000_d5_corr95_NA25","CC",5000,"[[1.86279121252511, -1.15255206728371, 0.721235113120482, -1.33547222539943, 0.729639390445157], [0.548650342686041]]",NA,0.00773477554321289,NA,"2025-11-28 01:08:38.615288"
"SimNLMNAR_rep7_n115000_d5_corr95_NA25","CC",5000,"[[1.8296544843401, -0.636189514768599, -0.578209030266513, -1.22325209365618, 0.868465841785073], [-0.0421495406539084]]",NA,0.00675511360168457,NA,"2025-11-28 01:08:39.109106"
"SimNLMNAR_rep8_n115000_d5_corr95_NA25","CC",5000,"[[1.28775381234617, -0.290243509143063, -0.760068548523753, -1.02390287852988, 0.884369161437431], [-0.120675676604149]]",NA,0.00664949417114258,NA,"2025-11-28 01:08:39.143604"
"SimNLMNAR_rep9_n115000_d5_corr95_NA25","CC",5000,"[[1.45527785135342, -0.183721696108527, -0.766828468606153, -1.16418813098977, 1.0246097147208], [-0.0408938137247934]]",NA,0.0103180408477783,NA,"2025-11-28 01:08:39.179959"
"SimNLMNAR_rep0_n115000_d5_corr95_NA25","CC",10000,"[[1.38637602719016, -0.139961599283877, -1.49253621085541, -0.9479365653599, 0.973443463177818], [-0.818990884457022]]",NA,0.0111603736877441,NA,"2025-11-28 01:08:39.219796"
"SimNLMNAR_rep1_n115000_d5_corr95_NA25","CC",10000,"[[1.5516982197292, -0.233442647975992, -1.12883447904646, -1.26726357633058, 0.941959351877838], [-0.623039987944907]]",NA,0.0224559307098389,NA,"2025-11-28 01:08:39.25738"
"SimNLMNAR_rep2_n115000_d5_corr95_NA25","CC",10000,"[[1.43212858347459, -0.60514866150036, -0.751000468667181, -0.928616789877896, 0.822771561906593], [-0.216470907882558]]",NA,0.416644096374512,NA,"2025-11-28 01:08:39.307009"
"SimNLMNAR_rep3_n115000_d5_corr95_NA25","CC",10000,"[[1.79207615516013, -0.542033249087726, -1.0555422834711, -0.975109714687907, 0.91270235543388], [-0.261543319757151]]",NA,0.0114603042602539,NA,"2025-11-28 01:08:39.753258"
"SimNLMNAR_rep4_n115000_d5_corr95_NA25","CC",10000,"[[1.34989285375855, -0.209033694854816, -0.319754995089101, -1.16454751947864, 0.836971464751406], [0.0957071334439377]]",NA,0.0110549926757812,NA,"2025-11-28 01:08:39.794725"
"SimNLMNAR_rep5_n115000_d5_corr95_NA25","CC",10000,"[[1.59883234247906, -0.211017531814191, -0.933982639310898, -0.950492354169537, 0.917750952612768], [0.242018395139679]]",NA,0.0111632347106934,NA,"2025-11-28 01:08:39.832629"
"SimNLMNAR_rep6_n115000_d5_corr95_NA25","CC",10000,"[[1.96011524363787, -0.563452556479669, -0.0831548603713652, -1.41794818793355, 0.790959026138743], [0.24111192804268]]",NA,0.0108399391174316,NA,"2025-11-28 01:08:39.873058"
"SimNLMNAR_rep7_n115000_d5_corr95_NA25","CC",10000,"[[1.93353823159025, -0.851444117958477, -0.603188702735463, -1.17563636884929, 0.904183543067178], [-0.0339230623434641]]",NA,0.0152719020843506,NA,"2025-11-28 01:08:39.913048"
"SimNLMNAR_rep8_n115000_d5_corr95_NA25","CC",10000,"[[1.25565953943891, -0.313420903356146, -0.338591148004559, -1.17554147871475, 0.819814621176881], [-0.0557729552815102]]",NA,0.0106058120727539,NA,"2025-11-28 01:08:39.959353"
"SimNLMNAR_rep9_n115000_d5_corr95_NA25","CC",10000,"[[1.68346924509631, -0.661042959596442, -0.579709515210135, -1.14875374231508, 0.963068927381105], [-0.0164052383121111]]",NA,0.0103652477264404,NA,"2025-11-28 01:08:39.996535"
"SimNLMNAR_rep0_n115000_d5_corr95_NA25","CC",50000,"[[1.53769486045075, -0.640436119489505, -0.68309433032272, -0.983168370784226, 0.871997326101314], [-0.227437400468698]]",NA,0.0469100475311279,NA,"2025-11-28 01:08:40.033333"
"SimNLMNAR_rep1_n115000_d5_corr95_NA25","CC",50000,"[[2.09624733569061, -0.791624699005601, -0.783421761613294, -1.18775212026187, 0.934726616268215], [-0.0852452118567443]]",NA,0.0452213287353516,NA,"2025-11-28 01:08:40.107474"
"SimNLMNAR_rep2_n115000_d5_corr95_NA25","CC",50000,"[[1.52111380426704, -0.533323960199169, -0.603744315436304, -1.00229945772428, 0.863090336402144], [-0.00586181056331842]]",NA,0.049562931060791,NA,"2025-11-28 01:08:40.179754"
"SimNLMNAR_rep3_n115000_d5_corr95_NA25","CC",50000,"[[1.54132988661755, -0.563406665236879, -0.6387614375312, -1.00381749588066, 0.856581328597145], [-0.109149194250428]]",NA,0.049424409866333,NA,"2025-11-28 01:08:40.256716"
"SimNLMNAR_rep4_n115000_d5_corr95_NA25","CC",50000,"[[1.62601316480696, -0.644852892446787, -0.532608200618502, -1.0592274578482, 0.889142382129365], [-0.0371339440832845]]",NA,0.0463314056396484,NA,"2025-11-28 01:08:40.334319"
"SimNLMNAR_rep5_n115000_d5_corr95_NA25","CC",50000,"[[1.58920424347952, -0.37757791663157, -0.748310032112738, -1.05514219331312, 0.875004831715162], [-0.0160292416160553]]",NA,0.0465154647827148,NA,"2025-11-28 01:08:40.415305"
"SimNLMNAR_rep6_n115000_d5_corr95_NA25","CC",50000,"[[1.45749933646394, -0.439672841535726, -0.27688867647632, -1.18683485414158, 0.806395693394264], [0.101880335450331]]",NA,0.0565605163574219,NA,"2025-11-28 01:08:45.649869"
"SimNLMNAR_rep7_n115000_d5_corr95_NA25","CC",50000,"[[1.65723202476827, -0.848152354497455, -0.42670975647959, -1.01954939241045, 0.843715674367433], [-0.0667395679921953]]",NA,0.440485000610352,NA,"2025-11-28 01:08:45.750688"
"SimNLMNAR_rep8_n115000_d5_corr95_NA25","CC",50000,"[[1.305935787929, -0.234217720048633, -0.618948175709633, -1.01455621942338, 0.85600122794164], [0.0568661864457531]]",NA,0.0498387813568115,NA,"2025-11-28 01:08:46.235318"
"SimNLMNAR_rep9_n115000_d5_corr95_NA25","CC",50000,"[[1.64185048485855, -0.620821514101421, -0.52365399090932, -1.1095295151849, 0.878030957942766], [-0.118812580797561]]",NA,0.0451774597167969,NA,"2025-11-28 01:08:46.314462"
"SimNLMNAR_rep0_n115000_d5_corr95_NA25","MICE.RF.10.IMP",100,"[[-0.829039266047739, 0.54761893621181, 0.224239011095832, -0.161578987129203, 0.21059789699013], [0.213834749793928]]","SimNLMNAR_rep0_n115000_d5_corr95_NA25_MICE.RF.10.IMP_100",19.6528379917145,0.0436022281646729,"2025-11-28 01:08:46.768407"
"SimNLMNAR_rep1_n115000_d5_corr95_NA25","MICE.RF.10.IMP",100,"[[0.798042302671374, -0.409608714615693, -0.223009222562241, -0.334776062358094, 0.30279281496545], [0.270441416439097]]","SimNLMNAR_rep1_n115000_d5_corr95_NA25_MICE.RF.10.IMP_100",19.2794194221497,0.0491907596588135,"2025-11-28 01:09:06.499132"
"SimNLMNAR_rep2_n115000_d5_corr95_NA25","MICE.RF.10.IMP",100,"[[0.736982985255418, -0.622002578016371, -0.307167762522524, -0.777573809773677, 0.441008635694468], [-0.100515724631753]]","SimNLMNAR_rep2_n115000_d5_corr95_NA25_MICE.RF.10.IMP_100",19.1713716983795,0.0302164554595947,"2025-11-28 01:09:25.863838"
"SimNLMNAR_rep3_n115000_d5_corr95_NA25","MICE.RF.10.IMP",100,"[[0.393376745858531, 0.659642039447605, -0.231201296426485, -0.477365044298647, 0.377597287390794], [0.0646586531131811]]","SimNLMNAR_rep3_n115000_d5_corr95_NA25_MICE.RF.10.IMP_100",18.9756360054016,0.0345640182495117,"2025-11-28 01:09:45.098808"
"SimNLMNAR_rep4_n115000_d5_corr95_NA25","MICE.RF.10.IMP",100,"[[-0.118193664947381, 0.435457357718136, 0.0609039623954508, -0.629531980327004, 0.464928198862058], [0.103051016811889]]","SimNLMNAR_rep4_n115000_d5_corr95_NA25_MICE.RF.10.IMP_100",19.185378074646,0.0338153839111328,"2025-11-28 01:10:04.148496"
"SimNLMNAR_rep5_n115000_d5_corr95_NA25","MICE.RF.10.IMP",100,"[[0.616924825723872, 1.37263226834801, -0.32049229826031, -1.22773212980414, 0.42305863031933], [0.511514684812976]]","SimNLMNAR_rep5_n115000_d5_corr95_NA25_MICE.RF.10.IMP_100",19.4216141700745,0.0351674556732178,"2025-11-28 01:10:23.400841"
"SimNLMNAR_rep6_n115000_d5_corr95_NA25","MICE.RF.10.IMP",100,"[[1.13702227905464, -0.557750943461912, -0.400365981530514, -0.357913129148216, 0.524263332985332], [0.469403509954623]]","SimNLMNAR_rep6_n115000_d5_corr95_NA25_MICE.RF.10.IMP_100",19.2781431674957,0.036177396774292,"2025-11-28 01:10:42.891243"
"SimNLMNAR_rep7_n115000_d5_corr95_NA25","MICE.RF.10.IMP",100,"[[0.441552500336673, -0.258760722770581, 0.503595560021879, -0.607218393736825, 0.280008079916805], [0.729261235233677]]","SimNLMNAR_rep7_n115000_d5_corr95_NA25_MICE.RF.10.IMP_100",20.0703406333923,0.0338943004608154,"2025-11-28 01:11:02.239856"
"SimNLMNAR_rep8_n115000_d5_corr95_NA25","MICE.RF.10.IMP",100,"[[0.335863598598754, 0.0958913134418123, 0.177058740365058, -0.612083328112788, 0.324593765335939], [0.375194728999473]]","SimNLMNAR_rep8_n115000_d5_corr95_NA25_MICE.RF.10.IMP_100",20.6413643360138,0.0453512668609619,"2025-11-28 01:11:22.381582"
"SimNLMNAR_rep9_n115000_d5_corr95_NA25","MICE.RF.10.IMP",100,"[[0.494411571141686, -0.841059751977327, 0.781745579825638, -0.587425203542578, 0.326480771920528], [0.582577666478365]]","SimNLMNAR_rep9_n115000_d5_corr95_NA25_MICE.RF.10.IMP_100",20.2311732769012,0.0389819145202637,"2025-11-28 01:11:43.104526"
"SimNLMNAR_rep0_n115000_d5_corr95_NA25","MICE.RF.10.IMP",500,"[[0.00253395770313289, 0.478176016198046, -0.264842456265871, -0.363183794215402, 0.27725267717808], [0.143433341426327]]","SimNLMNAR_rep0_n115000_d5_corr95_NA25_MICE.RF.10.IMP_500",22.8551938533783,0.0393235683441162,"2025-11-28 01:12:03.408358"
"SimNLMNAR_rep1_n115000_d5_corr95_NA25","MICE.RF.10.IMP",500,"[[0.107337226647055, 0.486542734558141, -0.200644842492732, -0.577958776484865, 0.336817900238675], [0.238994850456215]]","SimNLMNAR_rep1_n115000_d5_corr95_NA25_MICE.RF.10.IMP_500",22.6610708236694,0.0420017242431641,"2025-11-28 01:12:26.338674"
"SimNLMNAR_rep2_n115000_d5_corr95_NA25","MICE.RF.10.IMP",500,"[[0.332367466183363, -0.0867755907964469, -0.290992394152913, -0.372554877424108, 0.334305827579821], [0.289174392755543]]","SimNLMNAR_rep2_n115000_d5_corr95_NA25_MICE.RF.10.IMP_500",22.943883895874,0.0537350177764893,"2025-11-28 01:12:49.075792"
"SimNLMNAR_rep3_n115000_d5_corr95_NA25","MICE.RF.10.IMP",500,"[[0.277999575637373, 0.449279793960409, -0.2410559182292, -0.570227468965573, 0.323236556626998], [0.348584117887599]]","SimNLMNAR_rep3_n115000_d5_corr95_NA25_MICE.RF.10.IMP_500",23.5911138057709,0.0405099391937256,"2025-11-28 01:13:12.108022"
"SimNLMNAR_rep4_n115000_d5_corr95_NA25","MICE.RF.10.IMP",500,"[[0.270344536959306, 0.119861090902204, -0.285033220117709, -0.497312814584703, 0.384573444033626], [0.138989561123469]]","SimNLMNAR_rep4_n115000_d5_corr95_NA25_MICE.RF.10.IMP_500",24.1968672275543,0.0399680137634277,"2025-11-28 01:13:35.775991"
"SimNLMNAR_rep5_n115000_d5_corr95_NA25","MICE.RF.10.IMP",500,"[[0.166798378054197, 0.498770958596543, -0.0269030423303218, -0.602241345360175, 0.325202466899197], [0.382348845390893]]","SimNLMNAR_rep5_n115000_d5_corr95_NA25_MICE.RF.10.IMP_500",24.398097038269,0.0414767265319824,"2025-11-28 01:14:00.049241"
"SimNLMNAR_rep6_n115000_d5_corr95_NA25","MICE.RF.10.IMP",500,"[[0.642150821428461, 0.277458389947917, -0.259359099172148, -0.647362674932771, 0.373474407101825], [0.232544896027939]]","SimNLMNAR_rep6_n115000_d5_corr95_NA25_MICE.RF.10.IMP_500",23.6252691745758,0.0414590835571289,"2025-11-28 01:14:24.523698"
"SimNLMNAR_rep7_n115000_d5_corr95_NA25","MICE.RF.10.IMP",500,"[[0.354786717352777, 0.137670714984651, -0.241851109368734, -0.46006495398484, 0.339792798349934], [0.187004860349029]]","SimNLMNAR_rep7_n115000_d5_corr95_NA25_MICE.RF.10.IMP_500",23.5476703643799,0.0444977283477783,"2025-11-28 01:14:48.225489"
"SimNLMNAR_rep8_n115000_d5_corr95_NA25","MICE.RF.10.IMP",500,"[[0.305169068748941, -0.0148826853880905, -0.277911183835266, -0.400807858151115, 0.358038871381503], [0.288183297811881]]","SimNLMNAR_rep8_n115000_d5_corr95_NA25_MICE.RF.10.IMP_500",24.2506594657898,0.0451881885528564,"2025-11-28 01:15:11.854646"
"SimNLMNAR_rep9_n115000_d5_corr95_NA25","MICE.RF.10.IMP",500,"[[0.191835346829609, 0.248568111667715, -0.179236370073606, -0.463664333323229, 0.305572089458133], [0.17575336052415]]","SimNLMNAR_rep9_n115000_d5_corr95_NA25_MICE.RF.10.IMP_500",24.547434091568,0.0452024936676025,"2025-11-28 01:15:36.19536"
"SimNLMNAR_rep0_n115000_d5_corr95_NA25","MICE.RF.10.IMP",1000,"[[0.208287188978941, 0.51661458219887, -0.283916461055897, -0.49904491700352, 0.301168382715261], [0.238611731102961]]","SimNLMNAR_rep0_n115000_d5_corr95_NA25_MICE.RF.10.IMP_1000",25.6973586082458,0.0450038909912109,"2025-11-28 01:16:00.836885"
"SimNLMNAR_rep1_n115000_d5_corr95_NA25","MICE.RF.10.IMP",1000,"[[0.181256104483365, 0.537435429761308, -0.166719774261569, -0.583461807440706, 0.338706942440601], [0.301551011917901]]","SimNLMNAR_rep1_n115000_d5_corr95_NA25_MICE.RF.10.IMP_1000",23.8710906505585,0.040278434753418,"2025-11-28 01:08:53.516122"
"SimNLMNAR_rep2_n115000_d5_corr95_NA25","MICE.RF.10.IMP",1000,"[[0.507603002236105, -0.0374226603395104, -0.307282992691808, -0.453569015944132, 0.365692892910611], [0.343566586221604]]","SimNLMNAR_rep2_n115000_d5_corr95_NA25_MICE.RF.10.IMP_1000",23.7606420516968,0.0450186729431152,"2025-11-28 01:09:17.479551"
"SimNLMNAR_rep3_n115000_d5_corr95_NA25","MICE.RF.10.IMP",1000,"[[0.445264728068299, 0.268813102205365, -0.232149441608877, -0.607751247525606, 0.323067356294825], [0.296183054279618]]","SimNLMNAR_rep3_n115000_d5_corr95_NA25_MICE.RF.10.IMP_1000",24.7061083316803,0.0367739200592041,"2025-11-28 01:09:41.323086"
"SimNLMNAR_rep4_n115000_d5_corr95_NA25","MICE.RF.10.IMP",1000,"[[0.38714374472276, 0.261247387305827, -0.165323080878481, -0.581580811016123, 0.298510408003815], [0.183583401314338]]","SimNLMNAR_rep4_n115000_d5_corr95_NA25_MICE.RF.10.IMP_1000",23.7800626754761,0.0442852973937988,"2025-11-28 01:10:06.106786"
"SimNLMNAR_rep5_n115000_d5_corr95_NA25","MICE.RF.10.IMP",1000,"[[0.403473800716236, 0.154464046594586, -0.0134185498246704, -0.591713344823431, 0.314514839651152], [0.406661373673696]]","SimNLMNAR_rep5_n115000_d5_corr95_NA25_MICE.RF.10.IMP_1000",23.850902557373,0.0390646457672119,"2025-11-28 01:10:29.970686"
"SimNLMNAR_rep6_n115000_d5_corr95_NA25","MICE.RF.10.IMP",1000,"[[0.376058894726272, 0.52737075927618, -0.306732974724265, -0.607448445064308, 0.342243910257299], [0.262213184067468]]","SimNLMNAR_rep6_n115000_d5_corr95_NA25_MICE.RF.10.IMP_1000",23.6651015281677,0.0383086204528809,"2025-11-28 01:10:53.898773"
"SimNLMNAR_rep7_n115000_d5_corr95_NA25","MICE.RF.10.IMP",1000,"[[0.373018228875436, 0.285589196868822, -0.319460069409129, -0.47756658447299, 0.328712800560393], [0.237478061865983]]","SimNLMNAR_rep7_n115000_d5_corr95_NA25_MICE.RF.10.IMP_1000",24.1437029838562,0.0320532321929932,"2025-11-28 01:11:17.635048"
"SimNLMNAR_rep8_n115000_d5_corr95_NA25","MICE.RF.10.IMP",1000,"[[0.537975639162309, -0.00192206017661453, -0.354973937369793, -0.478765091294465, 0.363245812872988], [0.257893735238735]]","SimNLMNAR_rep8_n115000_d5_corr95_NA25_MICE.RF.10.IMP_1000",25.0224468708038,0.0365653038024902,"2025-11-28 01:11:41.844455"
"SimNLMNAR_rep9_n115000_d5_corr95_NA25","MICE.RF.10.IMP",1000,"[[0.140086353309439, 0.42220680699992, -0.317717632582558, -0.423861408942379, 0.322961989464496], [0.185060206686812]]","SimNLMNAR_rep9_n115000_d5_corr95_NA25_MICE.RF.10.IMP_1000",25.1802868843079,0.0405814647674561,"2025-11-28 01:12:06.937712"
"SimNLMNAR_rep0_n115000_d5_corr95_NA25","MICE.RF.10.IMP",5000,"[[0.26943889730649, 0.469333176296686, -0.362057958165008, -0.520757621688325, 0.336875814864809], [0.241682113622513]]","SimNLMNAR_rep0_n115000_d5_corr95_NA25_MICE.RF.10.IMP_5000",43.1652896404266,0.0435011386871338,"2025-11-28 01:12:32.19234"
"SimNLMNAR_rep1_n115000_d5_corr95_NA25","MICE.RF.10.IMP",5000,"[[0.328860821932336, 0.440828053901654, -0.327033396947165, -0.565742430044467, 0.359287081943241], [0.234409694805105]]","SimNLMNAR_rep1_n115000_d5_corr95_NA25_MICE.RF.10.IMP_5000",45.1095652580261,0.0622625350952148,"2025-11-28 01:13:15.436786"
"SimNLMNAR_rep2_n115000_d5_corr95_NA25","MICE.RF.10.IMP",5000,"[[0.522915866308607, 0.154656047941651, -0.212309676014172, -0.562324889909111, 0.332191333257971], [0.314058572234086]]","SimNLMNAR_rep2_n115000_d5_corr95_NA25_MICE.RF.10.IMP_5000",46.369500875473,0.0442032814025879,"2025-11-28 01:14:00.649679"
"SimNLMNAR_rep3_n115000_d5_corr95_NA25","MICE.RF.10.IMP",5000,"[[0.384983773445328, 0.409432997951931, -0.317508733066563, -0.53824308054846, 0.341024726041325], [0.206667509980435]]","SimNLMNAR_rep3_n115000_d5_corr95_NA25_MICE.RF.10.IMP_5000",45.2697653770447,0.0535454750061035,"2025-11-28 01:14:47.102146"
"SimNLMNAR_rep4_n115000_d5_corr95_NA25","MICE.RF.10.IMP",5000,"[[0.371762125760298, 0.448349115691079, -0.310986532597145, -0.596080528832862, 0.319059483342182], [0.18901261630011]]","SimNLMNAR_rep4_n115000_d5_corr95_NA25_MICE.RF.10.IMP_5000",45.4234938621521,0.0503792762756348,"2025-11-28 01:15:32.464226"
"SimNLMNAR_rep5_n115000_d5_corr95_NA25","MICE.RF.10.IMP",5000,"[[0.547933298029656, 0.212265359494208, -0.354688676404224, -0.511422258572065, 0.345985929935461], [0.315185759490893]]","SimNLMNAR_rep5_n115000_d5_corr95_NA25_MICE.RF.10.IMP_5000",44.6742119789124,0.0446639060974121,"2025-11-28 01:16:17.97613"
"SimNLMNAR_rep6_n115000_d5_corr95_NA25","MICE.RF.10.IMP",5000,"[[0.374169285159119, 0.363669225289898, -0.292764062228141, -0.529141389925866, 0.327820287187143], [0.246109560343737]]","SimNLMNAR_rep6_n115000_d5_corr95_NA25_MICE.RF.10.IMP_5000",43.7390909194946,0.0460984706878662,"2025-11-28 01:17:02.73298"
"SimNLMNAR_rep7_n115000_d5_corr95_NA25","MICE.RF.10.IMP",5000,"[[0.487737223711224, 0.281651626463768, -0.301168233665357, -0.613172997169563, 0.341051921200721], [0.253858739734041]]","SimNLMNAR_rep7_n115000_d5_corr95_NA25_MICE.RF.10.IMP_5000",43.3467669487,0.0591499805450439,"2025-11-28 01:17:46.561424"
"SimNLMNAR_rep8_n115000_d5_corr95_NA25","MICE.RF.10.IMP",5000,"[[0.363432761254821, 0.359689006703939, -0.307977496521221, -0.531384803635197, 0.341956031492689], [0.269390689385962]]","SimNLMNAR_rep8_n115000_d5_corr95_NA25_MICE.RF.10.IMP_5000",44.5967202186584,0.0382857322692871,"2025-11-28 01:18:30.013554"
"SimNLMNAR_rep9_n115000_d5_corr95_NA25","MICE.RF.10.IMP",5000,"[[0.437366287769285, 0.370985620707385, -0.349139098288356, -0.553876155589834, 0.341106428173484], [0.213691200622023]]","SimNLMNAR_rep9_n115000_d5_corr95_NA25_MICE.RF.10.IMP_5000",42.4591414928436,0.045236349105835,"2025-11-28 01:19:14.687145"
"SimNLMNAR_rep0_n115000_d5_corr95_NA25","MICE.RF.10.IMP",10000,"[[0.35890749915294, 0.453495899194063, -0.33714692820923, -0.590871194768807, 0.348531970395428], [0.263903845736824]]","SimNLMNAR_rep0_n115000_d5_corr95_NA25_MICE.RF.10.IMP_10000",66.4316620826721,0.0555191040039062,"2025-11-28 01:19:57.232872"
"SimNLMNAR_rep1_n115000_d5_corr95_NA25","MICE.RF.10.IMP",10000,"[[0.320893545640747, 0.435702749327023, -0.291806035864298, -0.576774664974668, 0.340461733078993], [0.274683084099457]]","SimNLMNAR_rep1_n115000_d5_corr95_NA25_MICE.RF.10.IMP_10000",67.6977667808533,0.0559601783752441,"2025-11-28 01:21:03.758019"
"SimNLMNAR_rep2_n115000_d5_corr95_NA25","MICE.RF.10.IMP",10000,"[[0.418603300271676, 0.308385073522248, -0.25067821935413, -0.5660958262938, 0.332100783779857], [0.294389985462652]]","SimNLMNAR_rep2_n115000_d5_corr95_NA25_MICE.RF.10.IMP_10000",64.5842983722687,0.0552985668182373,"2025-11-28 01:22:11.558887"
"SimNLMNAR_rep3_n115000_d5_corr95_NA25","MICE.RF.10.IMP",10000,"[[0.450457067829602, 0.384752388568917, -0.30880361111675, -0.579970292113957, 0.341386830797438], [0.244072080983165]]","SimNLMNAR_rep3_n115000_d5_corr95_NA25_MICE.RF.10.IMP_10000",63.9387376308441,0.0447874069213867,"2025-11-28 01:23:16.23531"
"SimNLMNAR_rep4_n115000_d5_corr95_NA25","MICE.RF.10.IMP",10000,"[[0.440616247270176, 0.415631664934929, -0.333949759347624, -0.597298659091261, 0.317479740998599], [0.18262575473614]]","SimNLMNAR_rep4_n115000_d5_corr95_NA25_MICE.RF.10.IMP_10000",62.8730328083038,0.0455639362335205,"2025-11-28 01:24:20.256041"
"SimNLMNAR_rep5_n115000_d5_corr95_NA25","MICE.RF.10.IMP",10000,"[[0.547948176599614, 0.211195328064886, -0.325618086963765, -0.548209419415639, 0.339132846253687], [0.299427494267204]]","SimNLMNAR_rep5_n115000_d5_corr95_NA25_MICE.RF.10.IMP_10000",63.0769901275635,0.0439317226409912,"2025-11-28 01:09:00.679624"
"SimNLMNAR_rep6_n115000_d5_corr95_NA25","MICE.RF.10.IMP",10000,"[[0.384161336989446, 0.482324903963218, -0.335722780373019, -0.595277515492118, 0.330523525926043], [0.282096589649364]]","SimNLMNAR_rep6_n115000_d5_corr95_NA25_MICE.RF.10.IMP_10000",61.4419851303101,0.0571022033691406,"2025-11-28 01:10:03.846751"
"SimNLMNAR_rep7_n115000_d5_corr95_NA25","MICE.RF.10.IMP",10000,"[[0.475529891685377, 0.300749384804176, -0.279815914951347, -0.619503858927587, 0.331217320570047], [0.279556170308146]]","SimNLMNAR_rep7_n115000_d5_corr95_NA25_MICE.RF.10.IMP_10000",63.2850496768951,0.0446364879608154,"2025-11-28 01:11:05.385155"
"SimNLMNAR_rep8_n115000_d5_corr95_NA25","MICE.RF.10.IMP",10000,"[[0.328638361354486, 0.440988228085051, -0.306112498270714, -0.573757698520845, 0.337106346721477], [0.245872681616786]]","SimNLMNAR_rep8_n115000_d5_corr95_NA25_MICE.RF.10.IMP_10000",65.0727186203003,0.615834951400757,"2025-11-28 01:12:08.748961"
"SimNLMNAR_rep9_n115000_d5_corr95_NA25","MICE.RF.10.IMP",10000,"[[0.370024307224528, 0.426434191568177, -0.288835137468663, -0.599156902627207, 0.3417990371563], [0.241698763725716]]","SimNLMNAR_rep9_n115000_d5_corr95_NA25_MICE.RF.10.IMP_10000",68.0527613162994,0.0516822338104248,"2025-11-28 01:13:14.471674"
"SimNLMNAR_rep0_n115000_d5_corr95_NA25","MICE.RF.10.IMP",50000,"[[0.390385838223966, 0.395221956855721, -0.290854841512984, -0.591764792909753, 0.344491461539845], [0.286895456000849]]","SimNLMNAR_rep0_n115000_d5_corr95_NA25_MICE.RF.10.IMP_50000",316.327318668365,0.104090929031372,"2025-11-28 01:14:22.612238"
"SimNLMNAR_rep1_n115000_d5_corr95_NA25","MICE.RF.10.IMP",50000,"[[0.364355686169596, 0.403662323239612, -0.251975814624809, -0.623807129729837, 0.339930652891802], [0.289808058604108]]","SimNLMNAR_rep1_n115000_d5_corr95_NA25_MICE.RF.10.IMP_50000",300.325538158417,0.0929965972900391,"2025-11-28 01:19:39.084541"
"SimNLMNAR_rep2_n115000_d5_corr95_NA25","MICE.RF.10.IMP",50000,"[[0.382251875830437, 0.380226228568657, -0.271556626706541, -0.590115328698081, 0.339043378555194], [0.281570883720707]]","SimNLMNAR_rep2_n115000_d5_corr95_NA25_MICE.RF.10.IMP_50000",287.84038734436,0.0933136940002441,"2025-11-28 01:24:39.540929"
"SimNLMNAR_rep3_n115000_d5_corr95_NA25","MICE.RF.10.IMP",50000,"[[0.360102302238129, 0.388603083909853, -0.259287380349371, -0.590796108176354, 0.338851523399358], [0.278336901406954]]","SimNLMNAR_rep3_n115000_d5_corr95_NA25_MICE.RF.10.IMP_50000",280.611197710037,0.093543529510498,"2025-11-28 01:29:27.510215"
"SimNLMNAR_rep4_n115000_d5_corr95_NA25","MICE.RF.10.IMP",50000,"[[0.397412223295327, 0.398551580932009, -0.295619785994024, -0.596404189627278, 0.33412066825377], [0.253322760614283]]","SimNLMNAR_rep4_n115000_d5_corr95_NA25_MICE.RF.10.IMP_50000",277.716532945633,0.0909249782562256,"2025-11-28 01:34:08.248306"
"SimNLMNAR_rep5_n115000_d5_corr95_NA25","MICE.RF.10.IMP",50000,"[[0.425558393905695, 0.321752843558862, -0.263619994232642, -0.590574288433509, 0.335017048199621], [0.29292786611427]]","SimNLMNAR_rep5_n115000_d5_corr95_NA25_MICE.RF.10.IMP_50000",272.084321737289,0.0846326351165771,"2025-11-28 01:38:46.090989"
"SimNLMNAR_rep6_n115000_d5_corr95_NA25","MICE.RF.10.IMP",50000,"[[0.377569515971666, 0.405819673472503, -0.278973017545046, -0.592058226617352, 0.333687324312455], [0.286344257133428]]","SimNLMNAR_rep6_n115000_d5_corr95_NA25_MICE.RF.10.IMP_50000",268.263426065445,0.0842058658599854,"2025-11-28 01:43:18.293164"
"SimNLMNAR_rep7_n115000_d5_corr95_NA25","MICE.RF.10.IMP",50000,"[[0.411429790599533, 0.359652411106735, -0.276186206386624, -0.598873584624749, 0.335464714426387], [0.253488613601446]]","SimNLMNAR_rep7_n115000_d5_corr95_NA25_MICE.RF.10.IMP_50000",272.212220191956,0.0847241878509521,"2025-11-28 01:47:46.673506"
"SimNLMNAR_rep8_n115000_d5_corr95_NA25","MICE.RF.10.IMP",50000,"[[0.394413766250327, 0.378323460415406, -0.28984520896599, -0.593596589329646, 0.340410440592002], [0.277036998187036]]","SimNLMNAR_rep8_n115000_d5_corr95_NA25_MICE.RF.10.IMP_50000",271.487725734711,0.0877189636230469,"2025-11-28 01:52:19.010609"
"SimNLMNAR_rep9_n115000_d5_corr95_NA25","MICE.RF.10.IMP",50000,"[[0.392973709153094, 0.387044829483051, -0.271921349710097, -0.599643839255768, 0.341161561409301], [0.258693188116311]]","SimNLMNAR_rep9_n115000_d5_corr95_NA25_MICE.RF.10.IMP_50000",275.306218147278,0.0831699371337891,"2025-11-28 01:56:50.620442"
"SimNLMNAR_rep0_n115000_d5_corr95_NA25","MICE.RF.10.Y.IMP",100,"[[-1.06916502837247, 0.801162192293577, 0.0526953241530334, -0.273501021714597, 0.395942992936461], [0.102534187283109]]","SimNLMNAR_rep0_n115000_d5_corr95_NA25_MICE.RF.10.Y.IMP_100",28.1010568141937,0.0451300144195557,"2025-11-28 02:01:26.044396"
"SimNLMNAR_rep1_n115000_d5_corr95_NA25","MICE.RF.10.Y.IMP",100,"[[0.995981660823677, -0.779947670444072, -1.00254187284892, -0.30756437671446, 0.680913872897967], [-0.237899297897436]]","SimNLMNAR_rep1_n115000_d5_corr95_NA25_MICE.RF.10.Y.IMP_100",28.9905142784119,0.0445973873138428,"2025-11-28 02:01:54.222913"
"SimNLMNAR_rep2_n115000_d5_corr95_NA25","MICE.RF.10.Y.IMP",100,"[[0.593077367838876, -1.03235276816485, -0.434351604412295, -0.784947578696916, 0.745013003580446], [-0.434930917761727]]","SimNLMNAR_rep2_n115000_d5_corr95_NA25_MICE.RF.10.Y.IMP_100",28.4659233093262,0.0381944179534912,"2025-11-28 02:02:23.289789"
"SimNLMNAR_rep3_n115000_d5_corr95_NA25","MICE.RF.10.Y.IMP",100,"[[0.522580053272624, 0.228951034215748, -0.13515612273764, -0.593948736007355, 0.761558909671941], [0.0949881242868765]]","SimNLMNAR_rep3_n115000_d5_corr95_NA25_MICE.RF.10.Y.IMP_100",28.5106253623962,0.0391256809234619,"2025-11-28 02:02:51.8266"
"SimNLMNAR_rep4_n115000_d5_corr95_NA25","MICE.RF.10.Y.IMP",100,"[[-0.482855818290384, 0.878356477015356, 0.00783115483217261, -0.824680638893512, 0.558255448371688], [0.186223670583252]]","SimNLMNAR_rep4_n115000_d5_corr95_NA25_MICE.RF.10.Y.IMP_100",28.9182024002075,0.0506167411804199,"2025-11-28 02:03:20.40996"
"SimNLMNAR_rep5_n115000_d5_corr95_NA25","MICE.RF.10.Y.IMP",100,"[[0.720636985462667, 1.08079186838832, -0.510623426376847, -1.21388430499534, 0.607103905880672], [0.313036483416572]]","SimNLMNAR_rep5_n115000_d5_corr95_NA25_MICE.RF.10.Y.IMP_100",28.8101325035095,0.0333907604217529,"2025-11-28 02:03:49.412758"
"SimNLMNAR_rep6_n115000_d5_corr95_NA25","MICE.RF.10.Y.IMP",100,"[[0.737187112403196, -0.147514335436813, -0.966583720371095, -0.41836238673662, 0.883188166298161], [0.0735214505343693]]","SimNLMNAR_rep6_n115000_d5_corr95_NA25_MICE.RF.10.Y.IMP_100",29.574334859848,0.0377285480499268,"2025-11-28 02:04:18.28917"
"SimNLMNAR_rep7_n115000_d5_corr95_NA25","MICE.RF.10.Y.IMP",100,"[[0.326376229758027, -0.561752875271307, 0.351041407474489, -0.727354186745374, 0.535083989781492], [0.53569875033176]]","SimNLMNAR_rep7_n115000_d5_corr95_NA25_MICE.RF.10.Y.IMP_100",28.2711083889008,0.0361013412475586,"2025-11-28 02:04:47.932436"
"SimNLMNAR_rep8_n115000_d5_corr95_NA25","MICE.RF.10.Y.IMP",100,"[[0.72670578550476, -0.231162470204871, -0.196592208685774, -0.640965243591398, 0.552825022026547], [0.357923046780802]]","SimNLMNAR_rep8_n115000_d5_corr95_NA25_MICE.RF.10.Y.IMP_100",29.4480381011963,0.0352392196655273,"2025-11-28 02:05:16.272743"
"SimNLMNAR_rep9_n115000_d5_corr95_NA25","MICE.RF.10.Y.IMP",100,"[[0.804403966737883, -1.24544289458319, 0.37830888997666, -0.589736903123007, 0.574459837707939], [0.474858744568536]]","SimNLMNAR_rep9_n115000_d5_corr95_NA25_MICE.RF.10.Y.IMP_100",28.240790605545,0.0337164402008057,"2025-11-28 02:05:45.78718"
"SimNLMNAR_rep0_n115000_d5_corr95_NA25","MICE.RF.10.Y.IMP",500,"[[0.174641017653774, 0.289514530286749, -0.820636927457533, -0.420389912953813, 0.635007729615935], [-0.159132082173555]]","SimNLMNAR_rep0_n115000_d5_corr95_NA25_MICE.RF.10.Y.IMP_500",34.1632628440857,0.0437183380126953,"2025-11-28 01:09:07.939477"
"SimNLMNAR_rep1_n115000_d5_corr95_NA25","MICE.RF.10.Y.IMP",500,"[[0.516862630278344, 0.218098778309484, -0.506087021583738, -0.780471861880838, 0.605454806704936], [0.0464711571875398]]","SimNLMNAR_rep1_n115000_d5_corr95_NA25_MICE.RF.10.Y.IMP_500",32.929530620575,0.0604043006896973,"2025-11-28 01:09:42.195634"
"SimNLMNAR_rep2_n115000_d5_corr95_NA25","MICE.RF.10.Y.IMP",500,"[[0.510738447041535, -0.651854136431264, -0.576108638869686, -0.546397689788058, 0.748412259349007], [0.177783875884868]]","SimNLMNAR_rep2_n115000_d5_corr95_NA25_MICE.RF.10.Y.IMP_500",32.9970853328705,0.0465629100799561,"2025-11-28 01:10:15.228469"
"SimNLMNAR_rep3_n115000_d5_corr95_NA25","MICE.RF.10.Y.IMP",500,"[[0.61202818875381, 0.0916775421009334, -0.563063250400951, -0.790719586577385, 0.70106282228134], [0.201187331499326]]","SimNLMNAR_rep3_n115000_d5_corr95_NA25_MICE.RF.10.Y.IMP_500",33.621262550354,0.0426614284515381,"2025-11-28 01:10:48.304553"
"SimNLMNAR_rep4_n115000_d5_corr95_NA25","MICE.RF.10.Y.IMP",500,"[[0.335790338281448, 0.00284796776091366, -0.59255983193799, -0.611653712340818, 0.68598359711887], [-0.0883880267816332]]","SimNLMNAR_rep4_n115000_d5_corr95_NA25_MICE.RF.10.Y.IMP_500",34.2693500518799,0.556373596191406,"2025-11-28 01:11:22.00086"
"SimNLMNAR_rep5_n115000_d5_corr95_NA25","MICE.RF.10.Y.IMP",500,"[[0.525902231575102, 0.340860231565187, -0.312560692995626, -0.879312343748078, 0.595326923813488], [0.280378815528489]]","SimNLMNAR_rep5_n115000_d5_corr95_NA25_MICE.RF.10.Y.IMP_500",34.9144186973572,0.0443441867828369,"2025-11-28 01:11:56.860552"
"SimNLMNAR_rep6_n115000_d5_corr95_NA25","MICE.RF.10.Y.IMP",500,"[[0.996727348585816, -0.0307873186477718, -0.505011497214033, -0.911086780087725, 0.695989620658991], [0.0683891337288443]]","SimNLMNAR_rep6_n115000_d5_corr95_NA25_MICE.RF.10.Y.IMP_500",35.1019375324249,0.0430097579956055,"2025-11-28 01:12:31.854016"
"SimNLMNAR_rep7_n115000_d5_corr95_NA25","MICE.RF.10.Y.IMP",500,"[[0.508002752635189, 0.0948567588875003, -0.389607535621913, -0.732187338068914, 0.578838172819213], [0.109479168149977]]","SimNLMNAR_rep7_n115000_d5_corr95_NA25_MICE.RF.10.Y.IMP_500",34.9698851108551,0.044560432434082,"2025-11-28 01:13:07.041281"
"SimNLMNAR_rep8_n115000_d5_corr95_NA25","MICE.RF.10.Y.IMP",500,"[[0.692314652073325, -0.628736575117415, -0.527039696965726, -0.509075821029187, 0.676843485883969], [0.256421915847018]]","SimNLMNAR_rep8_n115000_d5_corr95_NA25_MICE.RF.10.Y.IMP_500",36.5581896305084,0.0468478202819824,"2025-11-28 01:13:42.091693"
"SimNLMNAR_rep9_n115000_d5_corr95_NA25","MICE.RF.10.Y.IMP",500,"[[0.309207096993035, 0.184878105614225, -0.463667078615461, -0.708417115207815, 0.618041726244203], [0.0870953779631841]]","SimNLMNAR_rep9_n115000_d5_corr95_NA25_MICE.RF.10.Y.IMP_500",37.8872711658478,0.0480387210845947,"2025-11-28 01:14:18.73553"
"SimNLMNAR_rep0_n115000_d5_corr95_NA25","MICE.RF.10.Y.IMP",1000,"[[0.388306864279497, 0.320034265289581, -0.59348742563728, -0.777126994847327, 0.681771732658642], [-0.00869359437475894]]","SimNLMNAR_rep0_n115000_d5_corr95_NA25_MICE.RF.10.Y.IMP_1000",39.9067635536194,0.0516653060913086,"2025-11-28 01:14:56.7093"
"SimNLMNAR_rep1_n115000_d5_corr95_NA25","MICE.RF.10.Y.IMP",1000,"[[0.588380506120187, 0.212066302613878, -0.521948357922278, -0.825806601591856, 0.690055054766135], [0.104466768141368]]","SimNLMNAR_rep1_n115000_d5_corr95_NA25_MICE.RF.10.Y.IMP_1000",40.0197398662567,0.0431778430938721,"2025-11-28 01:15:36.707825"
"SimNLMNAR_rep2_n115000_d5_corr95_NA25","MICE.RF.10.Y.IMP",1000,"[[0.735220575048834, -0.42293644061353, -0.510496899165474, -0.713539357761794, 0.720049514661498], [0.261703387390616]]","SimNLMNAR_rep2_n115000_d5_corr95_NA25_MICE.RF.10.Y.IMP_1000",39.409460067749,0.0574567317962646,"2025-11-28 01:16:16.814048"
"SimNLMNAR_rep3_n115000_d5_corr95_NA25","MICE.RF.10.Y.IMP",1000,"[[0.495676906311504, 0.0961935815604598, -0.55807643562746, -0.838641055638498, 0.701043619969172], [0.0960188035774397]]","SimNLMNAR_rep3_n115000_d5_corr95_NA25_MICE.RF.10.Y.IMP_1000",39.4635903835297,0.0652344226837158,"2025-11-28 01:16:56.319986"
"SimNLMNAR_rep4_n115000_d5_corr95_NA25","MICE.RF.10.Y.IMP",1000,"[[0.408931754433464, 0.154197847909987, -0.466829184163347, -0.716656239337773, 0.614709064591045], [0.0399799870877224]]","SimNLMNAR_rep4_n115000_d5_corr95_NA25_MICE.RF.10.Y.IMP_1000",38.9292812347412,0.0401401519775391,"2025-11-28 01:17:35.88607"
"SimNLMNAR_rep5_n115000_d5_corr95_NA25","MICE.RF.10.Y.IMP",1000,"[[0.467656175586933, 0.0772028556623054, -0.156992104069651, -0.933058256970581, 0.64688433977926], [0.28606952573516]]","SimNLMNAR_rep5_n115000_d5_corr95_NA25_MICE.RF.10.Y.IMP_1000",38.7473428249359,0.0446186065673828,"2025-11-28 01:18:14.8899"
"SimNLMNAR_rep6_n115000_d5_corr95_NA25","MICE.RF.10.Y.IMP",1000,"[[0.681532640396004, 0.270114546302613, -0.684034879714635, -0.784472113155996, 0.696466018049114], [0.0180755838324688]]","SimNLMNAR_rep6_n115000_d5_corr95_NA25_MICE.RF.10.Y.IMP_1000",37.9464113712311,0.0444331169128418,"2025-11-28 01:18:53.722399"
"SimNLMNAR_rep7_n115000_d5_corr95_NA25","MICE.RF.10.Y.IMP",1000,"[[0.447229986681192, 0.101820771081608, -0.570290036809221, -0.7286684944108, 0.711846773504513], [0.0366231427973294]]","SimNLMNAR_rep7_n115000_d5_corr95_NA25_MICE.RF.10.Y.IMP_1000",37.7714178562164,0.0430881977081299,"2025-11-28 01:19:31.751353"
"SimNLMNAR_rep8_n115000_d5_corr95_NA25","MICE.RF.10.Y.IMP",1000,"[[0.928960173231569, -0.488583183579163, -0.73931223926962, -0.568336619706985, 0.691751874929405], [0.114278823408326]]","SimNLMNAR_rep8_n115000_d5_corr95_NA25_MICE.RF.10.Y.IMP_1000",38.0167255401611,0.0433719158172607,"2025-11-28 01:20:09.605676"
"SimNLMNAR_rep9_n115000_d5_corr95_NA25","MICE.RF.10.Y.IMP",1000,"[[0.359175581079029, 0.0569879986677417, -0.588641619296353, -0.587711900268511, 0.669813668892185], [0.042801183342425]]","SimNLMNAR_rep9_n115000_d5_corr95_NA25_MICE.RF.10.Y.IMP_1000",37.8444623947144,0.0443649291992188,"2025-11-28 01:20:47.707754"
"SimNLMNAR_rep0_n115000_d5_corr95_NA25","MICE.RF.10.Y.IMP",5000,"[[0.467614364437086, 0.438571004278967, -0.748309206724632, -0.838267761492832, 0.727632585311259], [0.0139201584079624]]","SimNLMNAR_rep0_n115000_d5_corr95_NA25_MICE.RF.10.Y.IMP_5000",59.9425384998322,0.0471732616424561,"2025-11-28 01:21:25.636946"
"SimNLMNAR_rep1_n115000_d5_corr95_NA25","MICE.RF.10.Y.IMP",5000,"[[0.551312911994815, 0.20895572586068, -0.564770665667457, -0.924725454319926, 0.770131065894565], [0.0173107309917053]]","SimNLMNAR_rep1_n115000_d5_corr95_NA25_MICE.RF.10.Y.IMP_5000",58.580203294754,0.0534172058105469,"2025-11-28 01:22:25.66219"
"SimNLMNAR_rep2_n115000_d5_corr95_NA25","MICE.RF.10.Y.IMP",5000,"[[0.837786082784443, -0.0827101779484048, -0.562455203123134, -0.892348127660758, 0.743389507608017], [0.182997035316742]]","SimNLMNAR_rep2_n115000_d5_corr95_NA25_MICE.RF.10.Y.IMP_5000",58.3873152732849,0.0457179546356201,"2025-11-28 01:23:24.331673"
"SimNLMNAR_rep3_n115000_d5_corr95_NA25","MICE.RF.10.Y.IMP",5000,"[[0.760208842973175, 0.0710858023250177, -0.697857998476902, -0.82006402099462, 0.751732464222538], [-0.0567491605878733]]","SimNLMNAR_rep3_n115000_d5_corr95_NA25_MICE.RF.10.Y.IMP_5000",58.0233061313629,0.0532410144805908,"2025-11-28 01:24:22.803298"
"SimNLMNAR_rep4_n115000_d5_corr95_NA25","MICE.RF.10.Y.IMP",5000,"[[0.806640142850312, 0.0872392060884206, -0.593212998151301, -0.961724937783839, 0.723742198321119], [-0.00185589174406378]]","SimNLMNAR_rep4_n115000_d5_corr95_NA25_MICE.RF.10.Y.IMP_5000",57.65278840065,0.0524821281433105,"2025-11-28 01:09:15.662569"
"SimNLMNAR_rep5_n115000_d5_corr95_NA25","MICE.RF.10.Y.IMP",5000,"[[0.927119904147525, 0.0149495056846035, -0.781188970260045, -0.880398722087543, 0.786596224327746], [0.0617256975799948]]","SimNLMNAR_rep5_n115000_d5_corr95_NA25_MICE.RF.10.Y.IMP_5000",59.1718997955322,0.0701587200164795,"2025-11-28 01:10:13.417701"
"SimNLMNAR_rep6_n115000_d5_corr95_NA25","MICE.RF.10.Y.IMP",5000,"[[0.682618690422107, 0.254731318810262, -0.711650297523386, -0.811424021751362, 0.707885326486727], [0.0382497219960303]]","SimNLMNAR_rep6_n115000_d5_corr95_NA25_MICE.RF.10.Y.IMP_5000",59.3409032821655,0.0475397109985352,"2025-11-28 01:11:12.698307"
"SimNLMNAR_rep7_n115000_d5_corr95_NA25","MICE.RF.10.Y.IMP",5000,"[[0.908118563022229, -0.0272175851092191, -0.585515433092011, -0.989339216311861, 0.724212633006936], [0.0759432389047401]]","SimNLMNAR_rep7_n115000_d5_corr95_NA25_MICE.RF.10.Y.IMP_5000",61.8684422969818,0.0489492416381836,"2025-11-28 01:12:12.124789"
"SimNLMNAR_rep8_n115000_d5_corr95_NA25","MICE.RF.10.Y.IMP",5000,"[[0.673823673037738, 0.12697614482993, -0.654652624651795, -0.836711132069775, 0.738859867358461], [0.0737883697136363]]","SimNLMNAR_rep8_n115000_d5_corr95_NA25_MICE.RF.10.Y.IMP_5000",65.7388429641724,0.0675981044769287,"2025-11-28 01:13:14.077624"
"SimNLMNAR_rep9_n115000_d5_corr95_NA25","MICE.RF.10.Y.IMP",5000,"[[0.701610002137714, 0.199071606446305, -0.671609922383799, -0.910915277087607, 0.737763594705081], [0.0332801887824299]]","SimNLMNAR_rep9_n115000_d5_corr95_NA25_MICE.RF.10.Y.IMP_5000",63.0342857837677,0.050551176071167,"2025-11-28 01:14:19.925059"
"SimNLMNAR_rep0_n115000_d5_corr95_NA25","MICE.RF.10.Y.IMP",10000,"[[0.670807155127796, 0.328657118775279, -0.75088137716082, -0.939501930914708, 0.767819467520864], [0.0287312890222654]]","SimNLMNAR_rep0_n115000_d5_corr95_NA25_MICE.RF.10.Y.IMP_10000",91.9353816509247,0.0625410079956055,"2025-11-28 01:15:23.052361"
"SimNLMNAR_rep1_n115000_d5_corr95_NA25","MICE.RF.10.Y.IMP",10000,"[[0.639520780234739, 0.232100300565517, -0.580040184649448, -0.964325727536108, 0.746239661286822], [0.0827571472995633]]","SimNLMNAR_rep1_n115000_d5_corr95_NA25_MICE.RF.10.Y.IMP_10000",91.4535892009735,0.0555911064147949,"2025-11-28 01:16:55.093341"
"SimNLMNAR_rep2_n115000_d5_corr95_NA25","MICE.RF.10.Y.IMP",10000,"[[0.94189453205125, -0.0315087932461476, -0.539289026766958, -0.972600718348654, 0.721250637534857], [0.190843583631761]]","SimNLMNAR_rep2_n115000_d5_corr95_NA25_MICE.RF.10.Y.IMP_10000",89.5984773635864,0.0556976795196533,"2025-11-28 01:18:26.643764"
"SimNLMNAR_rep3_n115000_d5_corr95_NA25","MICE.RF.10.Y.IMP",10000,"[[0.799532118946792, 0.166337189507335, -0.655607409782238, -0.951434322683441, 0.759135252623269], [0.0410137937891258]]","SimNLMNAR_rep3_n115000_d5_corr95_NA25_MICE.RF.10.Y.IMP_10000",87.7170403003693,0.0541951656341553,"2025-11-28 01:19:56.336187"
"SimNLMNAR_rep4_n115000_d5_corr95_NA25","MICE.RF.10.Y.IMP",10000,"[[0.789287257030535, 0.2384534730316, -0.639249617401272, -1.01434405768071, 0.71571006972529], [-0.0108978289292271]]","SimNLMNAR_rep4_n115000_d5_corr95_NA25_MICE.RF.10.Y.IMP_10000",84.9060215950012,0.0541307926177979,"2025-11-28 01:21:24.146995"
"SimNLMNAR_rep5_n115000_d5_corr95_NA25","MICE.RF.10.Y.IMP",10000,"[[0.994458970334601, 0.0104221988991202, -0.692943650352643, -0.936219242424494, 0.740455689563968], [0.103908551898376]]","SimNLMNAR_rep5_n115000_d5_corr95_NA25_MICE.RF.10.Y.IMP_10000",84.4832675457001,0.0578224658966064,"2025-11-28 01:22:49.141626"
"SimNLMNAR_rep6_n115000_d5_corr95_NA25","MICE.RF.10.Y.IMP",10000,"[[0.725093670414838, 0.326700714897254, -0.665282561774354, -1.00017249825605, 0.747928488337945], [0.0864812610094154]]","SimNLMNAR_rep6_n115000_d5_corr95_NA25_MICE.RF.10.Y.IMP_10000",82.4724826812744,0.0545198917388916,"2025-11-28 01:24:13.719536"
"SimNLMNAR_rep7_n115000_d5_corr95_NA25","MICE.RF.10.Y.IMP",10000,"[[0.935525704860356, 0.0830696896315814, -0.651261503104912, -1.04973040333563, 0.747012799325163], [0.0817175418459951]]","SimNLMNAR_rep7_n115000_d5_corr95_NA25_MICE.RF.10.Y.IMP_10000",83.0667769908905,0.0524046421051025,"2025-11-28 01:25:36.281044"
"SimNLMNAR_rep8_n115000_d5_corr95_NA25","MICE.RF.10.Y.IMP",10000,"[[0.685456447883828, 0.216614248793297, -0.636222251481565, -0.948415064677521, 0.745092842583683], [0.0681409318402398]]","SimNLMNAR_rep8_n115000_d5_corr95_NA25_MICE.RF.10.Y.IMP_10000",82.6685569286346,0.0532591342926025,"2025-11-28 01:26:59.438633"
"SimNLMNAR_rep9_n115000_d5_corr95_NA25","MICE.RF.10.Y.IMP",10000,"[[0.70266925442058, 0.170191183287625, -0.57282789770137, -0.966412065498915, 0.745251505092845], [0.0856039192945909]]","SimNLMNAR_rep9_n115000_d5_corr95_NA25_MICE.RF.10.Y.IMP_10000",81.123074054718,0.0722203254699707,"2025-11-28 01:28:22.200395"
"SimNLMNAR_rep0_n115000_d5_corr95_NA25","MICE.RF.10.Y.IMP",50000,"[[0.823397994829487, 0.260708081843082, -0.66971608840548, -1.03559329545506, 0.780474442815413], [0.10125469686296]]","SimNLMNAR_rep0_n115000_d5_corr95_NA25_MICE.RF.10.Y.IMP_50000",333.386863231659,0.104465007781982,"2025-11-28 01:29:43.435242"
"SimNLMNAR_rep1_n115000_d5_corr95_NA25","MICE.RF.10.Y.IMP",50000,"[[0.938626190158405, 0.0674440028384529, -0.579570151145253, -1.10144470469379, 0.785491091665236], [0.116914437569634]]","SimNLMNAR_rep1_n115000_d5_corr95_NA25_MICE.RF.10.Y.IMP_50000",326.430817842484,0.101472139358521,"2025-11-28 01:35:16.96023"
"SimNLMNAR_rep2_n115000_d5_corr95_NA25","MICE.RF.10.Y.IMP",50000,"[[0.91939547444046, 0.14094406825817, -0.649079272653256, -1.0553170833452, 0.780355545908781], [0.111282648225415]]","SimNLMNAR_rep2_n115000_d5_corr95_NA25_MICE.RF.10.Y.IMP_50000",321.453641414642,0.0974812507629395,"2025-11-28 01:40:43.524529"
"SimNLMNAR_rep3_n115000_d5_corr95_NA25","MICE.RF.10.Y.IMP",50000,"[[0.935302416998647, 0.0300727176827844, -0.664720013982316, -0.980468943268699, 0.78046580396562], [0.0745542831085769]]","SimNLMNAR_rep3_n115000_d5_corr95_NA25_MICE.RF.10.Y.IMP_50000",324.916778326035,0.102673053741455,"2025-11-28 01:46:05.106242"
"SimNLMNAR_rep4_n115000_d5_corr95_NA25","MICE.RF.10.Y.IMP",50000,"[[0.969071648222735, 0.0580085660572217, -0.669567188914933, -0.999559481820073, 0.770578914276464], [0.0533186274006946]]","SimNLMNAR_rep4_n115000_d5_corr95_NA25_MICE.RF.10.Y.IMP_50000",312.172661781311,0.508790493011475,"2025-11-28 01:51:30.15848"
"SimNLMNAR_rep5_n115000_d5_corr95_NA25","MICE.RF.10.Y.IMP",50000,"[[0.973748461421363, 0.0915713592976057, -0.675594373956883, -1.01739374957985, 0.768255462207433], [0.105735091854077]]","SimNLMNAR_rep5_n115000_d5_corr95_NA25_MICE.RF.10.Y.IMP_50000",312.870111465454,0.101252794265747,"2025-11-28 01:56:42.872608"
"SimNLMNAR_rep6_n115000_d5_corr95_NA25","MICE.RF.10.Y.IMP",50000,"[[0.904232331971691, 0.173732844020461, -0.657762014472928, -1.0422967717736, 0.774050985441541], [0.0990858270813948]]","SimNLMNAR_rep6_n115000_d5_corr95_NA25_MICE.RF.10.Y.IMP_50000",309.945158243179,0.105046987533569,"2025-11-28 02:01:55.877098"
"SimNLMNAR_rep7_n115000_d5_corr95_NA25","MICE.RF.10.Y.IMP",50000,"[[0.961599811007119, 0.0843792643787279, -0.674888550345663, -1.02289046419744, 0.769144719641149], [0.0503703852636374]]","SimNLMNAR_rep7_n115000_d5_corr95_NA25_MICE.RF.10.Y.IMP_50000",310.84512591362,0.101169586181641,"2025-11-28 02:07:05.96145"
"SimNLMNAR_rep8_n115000_d5_corr95_NA25","MICE.RF.10.Y.IMP",50000,"[[0.921490927528311, 0.122040481015837, -0.713047054364934, -1.00956826099631, 0.787945046333581], [0.076138520949907]]","SimNLMNAR_rep8_n115000_d5_corr95_NA25_MICE.RF.10.Y.IMP_50000",311.220827579498,0.100523471832275,"2025-11-28 02:12:16.941677"
"SimNLMNAR_rep9_n115000_d5_corr95_NA25","MICE.RF.10.Y.IMP",50000,"[[0.887370010810872, 0.124023656371555, -0.603195541160503, -1.04951223863802, 0.778953133069561], [0.0689889225912247]]","SimNLMNAR_rep9_n115000_d5_corr95_NA25_MICE.RF.10.Y.IMP_50000",362.875415802002,0.118152618408203,"2025-11-28 01:09:22.69189"
"SimNLMNAR_rep0_n115000_d5_corr95_NA25","MICE.RF.10.M.IMP",100,"[[-0.855853697393641, 0.465088153651514, 0.239545473461599, -0.185312433264011, 0.225338603636921], [0.22694864656733]]","SimNLMNAR_rep0_n115000_d5_corr95_NA25_MICE.RF.10.M.IMP_100",21.7697308063507,0.0492880344390869,"2025-11-28 01:15:25.7364"
"SimNLMNAR_rep1_n115000_d5_corr95_NA25","MICE.RF.10.M.IMP",100,"[[0.896721825945286, -0.355063999487573, -0.34989523482999, -0.298234721991369, 0.287576638874734], [0.227130716846245]]","SimNLMNAR_rep1_n115000_d5_corr95_NA25_MICE.RF.10.M.IMP_100",21.845118522644,0.0640504360198975,"2025-11-28 01:15:47.600512"
"SimNLMNAR_rep2_n115000_d5_corr95_NA25","MICE.RF.10.M.IMP",100,"[[0.295077704968398, -0.164794001000229, -0.437305708009487, -0.645490853632238, 0.419390473491787], [-0.19660544404487]]","SimNLMNAR_rep2_n115000_d5_corr95_NA25_MICE.RF.10.M.IMP_100",22.3872463703156,0.0560846328735352,"2025-11-28 01:16:09.552683"
"SimNLMNAR_rep3_n115000_d5_corr95_NA25","MICE.RF.10.M.IMP",100,"[[0.413423101843962, 0.218527966825047, 0.124495202119923, -0.411791844504099, 0.366775607198839], [0.350354266272081]]","SimNLMNAR_rep3_n115000_d5_corr95_NA25_MICE.RF.10.M.IMP_100",22.1428365707397,0.0534212589263916,"2025-11-28 01:16:32.031965"
"SimNLMNAR_rep4_n115000_d5_corr95_NA25","MICE.RF.10.M.IMP",100,"[[-0.439193635763033, 0.987964590314965, 0.0398125785130205, -0.570355359261345, 0.388371948972962], [0.202035033119151]]","SimNLMNAR_rep4_n115000_d5_corr95_NA25_MICE.RF.10.M.IMP_100",21.3091008663177,0.0463917255401611,"2025-11-28 01:16:54.262767"
"SimNLMNAR_rep5_n115000_d5_corr95_NA25","MICE.RF.10.M.IMP",100,"[[0.32461431399903, 0.761605339763756, 0.0626713922492368, -0.769752404996833, 0.347257269320156], [0.642346212763169]]","SimNLMNAR_rep5_n115000_d5_corr95_NA25_MICE.RF.10.M.IMP_100",21.9704570770264,0.0427963733673096,"2025-11-28 01:17:15.65313"
"SimNLMNAR_rep6_n115000_d5_corr95_NA25","MICE.RF.10.M.IMP",100,"[[0.741576062001461, -0.213866175432637, -0.310680993157616, -0.322225755224378, 0.429511351833512], [0.436337101586852]]","SimNLMNAR_rep6_n115000_d5_corr95_NA25_MICE.RF.10.M.IMP_100",21.6694469451904,0.051645040512085,"2025-11-28 01:17:37.711337"
"SimNLMNAR_rep7_n115000_d5_corr95_NA25","MICE.RF.10.M.IMP",100,"[[0.491175448123626, -0.216256126805019, 0.455426546687331, -0.632763636512013, 0.262586728851443], [0.731885498895175]]","SimNLMNAR_rep7_n115000_d5_corr95_NA25_MICE.RF.10.M.IMP_100",20.9716355800629,0.0432515144348145,"2025-11-28 01:17:59.468942"
"SimNLMNAR_rep8_n115000_d5_corr95_NA25","MICE.RF.10.M.IMP",100,"[[0.645753904532227, -0.129045359790661, -0.0703298540107945, -0.468391804779337, 0.360160012648764], [0.42391336664271]]","SimNLMNAR_rep8_n115000_d5_corr95_NA25_MICE.RF.10.M.IMP_100",21.6502177715302,0.0524263381958008,"2025-11-28 01:18:20.521423"
"SimNLMNAR_rep9_n115000_d5_corr95_NA25","MICE.RF.10.M.IMP",100,"[[0.369268933164126, -0.636375165639136, 0.627143690999356, -0.384733381048239, 0.298372999070284], [0.592384967599055]]","SimNLMNAR_rep9_n115000_d5_corr95_NA25_MICE.RF.10.M.IMP_100",21.2342751026154,0.052689790725708,"2025-11-28 01:18:42.26243"
"SimNLMNAR_rep0_n115000_d5_corr95_NA25","MICE.RF.10.M.IMP",500,"[[-0.105279253630815, 0.328388797631986, -0.138864523312386, -0.279908212752889, 0.263399656014213], [0.205578421640062]]","SimNLMNAR_rep0_n115000_d5_corr95_NA25_MICE.RF.10.M.IMP_500",24.0783331394196,0.0426099300384521,"2025-11-28 01:19:03.584668"
"SimNLMNAR_rep1_n115000_d5_corr95_NA25","MICE.RF.10.M.IMP",500,"[[0.117622463728294, 0.340504042140068, -0.0893916188474792, -0.511406042561387, 0.302695891585847], [0.294942055736293]]","SimNLMNAR_rep1_n115000_d5_corr95_NA25_MICE.RF.10.M.IMP_500",23.609739780426,0.0520718097686768,"2025-11-28 01:19:27.740104"
"SimNLMNAR_rep2_n115000_d5_corr95_NA25","MICE.RF.10.M.IMP",500,"[[0.32236772465704, -0.162882789689198, -0.213931705286318, -0.33645121547401, 0.302081267507691], [0.30261301602786]]","SimNLMNAR_rep2_n115000_d5_corr95_NA25_MICE.RF.10.M.IMP_500",22.9741327762604,0.590823173522949,"2025-11-28 01:19:51.440667"
"SimNLMNAR_rep3_n115000_d5_corr95_NA25","MICE.RF.10.M.IMP",500,"[[0.260135670006995, 0.197969650011032, -0.150268920680353, -0.44637419446991, 0.29528270028753], [0.324184189073166]]","SimNLMNAR_rep3_n115000_d5_corr95_NA25_MICE.RF.10.M.IMP_500",22.8575465679169,0.0420641899108887,"2025-11-28 01:20:15.044807"
"SimNLMNAR_rep4_n115000_d5_corr95_NA25","MICE.RF.10.M.IMP",500,"[[0.210666680333962, 0.134833406684577, -0.286829726090037, -0.427782923092683, 0.338540785484831], [0.155308288751749]]","SimNLMNAR_rep4_n115000_d5_corr95_NA25_MICE.RF.10.M.IMP_500",23.4382932186127,0.0509688854217529,"2025-11-28 01:20:37.979349"
"SimNLMNAR_rep5_n115000_d5_corr95_NA25","MICE.RF.10.M.IMP",500,"[[0.264497659725533, 0.328712926156525, 0.0309422450915908, -0.542230256576036, 0.299100779619425], [0.40475690728809]]","SimNLMNAR_rep5_n115000_d5_corr95_NA25_MICE.RF.10.M.IMP_500",24.0604531764984,0.0392343997955322,"2025-11-28 01:21:01.504482"
"SimNLMNAR_rep6_n115000_d5_corr95_NA25","MICE.RF.10.M.IMP",500,"[[0.445027981810336, 0.103365681656558, -0.183774162646457, -0.427837917295651, 0.336337589043007], [0.224830623073435]]","SimNLMNAR_rep6_n115000_d5_corr95_NA25_MICE.RF.10.M.IMP_500",23.0142450332642,0.0523607730865479,"2025-11-28 01:21:25.636586"
"SimNLMNAR_rep7_n115000_d5_corr95_NA25","MICE.RF.10.M.IMP",500,"[[0.403378764282522, -0.146337534477933, -0.0159807681248996, -0.356747021290996, 0.275184157402321], [0.248618635928196]]","SimNLMNAR_rep7_n115000_d5_corr95_NA25_MICE.RF.10.M.IMP_500",23.257749080658,0.045905590057373,"2025-11-28 01:21:48.738111"
"SimNLMNAR_rep8_n115000_d5_corr95_NA25","MICE.RF.10.M.IMP",500,"[[0.201112078581561, -0.0957835332822872, -0.124611580795034, -0.318457815068236, 0.316996284325629], [0.361075587258169]]","SimNLMNAR_rep8_n115000_d5_corr95_NA25_MICE.RF.10.M.IMP_500",23.3921806812286,0.047572135925293,"2025-11-28 01:22:12.08079"
"SimNLMNAR_rep9_n115000_d5_corr95_NA25","MICE.RF.10.M.IMP",500,"[[0.130585873353224, 0.0926005570238695, -0.124512544502578, -0.357122328039283, 0.312795310833161], [0.237157455317014]]","SimNLMNAR_rep9_n115000_d5_corr95_NA25_MICE.RF.10.M.IMP_500",22.5977568626404,0.0497047901153564,"2025-11-28 01:22:35.551755"
"SimNLMNAR_rep0_n115000_d5_corr95_NA25","MICE.RF.10.M.IMP",1000,"[[0.13424078269191, 0.325045331560581, -0.164273982179122, -0.404999350101975, 0.273022580085277], [0.272084268941729]]","SimNLMNAR_rep0_n115000_d5_corr95_NA25_MICE.RF.10.M.IMP_1000",25.3610155582428,0.0489621162414551,"2025-11-28 01:22:58.232258"
"SimNLMNAR_rep1_n115000_d5_corr95_NA25","MICE.RF.10.M.IMP",1000,"[[0.312690931862799, 0.260557884456548, -0.142849301364245, -0.492946357393634, 0.317024474054125], [0.302524359651749]]","SimNLMNAR_rep1_n115000_d5_corr95_NA25_MICE.RF.10.M.IMP_1000",25.272714138031,0.0652036666870117,"2025-11-28 01:23:23.678837"
"SimNLMNAR_rep2_n115000_d5_corr95_NA25","MICE.RF.10.M.IMP",1000,"[[0.40805447555909, -0.150080996541409, -0.208228122781829, -0.374799030323087, 0.331733580194664], [0.33689353249679]]","SimNLMNAR_rep2_n115000_d5_corr95_NA25_MICE.RF.10.M.IMP_1000",26.0001587867737,0.0547997951507568,"2025-11-28 01:23:49.051706"
"SimNLMNAR_rep3_n115000_d5_corr95_NA25","MICE.RF.10.M.IMP",1000,"[[0.336199246594995, 0.18593536892871, -0.153510135443131, -0.519751139987892, 0.290134754840547], [0.315188941873352]]","SimNLMNAR_rep3_n115000_d5_corr95_NA25_MICE.RF.10.M.IMP_1000",24.9359979629517,0.0506699085235596,"2025-11-28 01:09:30.521789"
"SimNLMNAR_rep4_n115000_d5_corr95_NA25","MICE.RF.10.M.IMP",1000,"[[0.286835545990574, 0.128842045912791, -0.203832743155693, -0.470371986049918, 0.322525575475369], [0.173418793196848]]","SimNLMNAR_rep4_n115000_d5_corr95_NA25_MICE.RF.10.M.IMP_1000",25.2408409118652,0.0543100833892822,"2025-11-28 01:09:55.559143"
"SimNLMNAR_rep5_n115000_d5_corr95_NA25","MICE.RF.10.M.IMP",1000,"[[0.228714951467581, 0.130766588586842, 0.0321604713301071, -0.487866374796256, 0.311760485825119], [0.401523713288405]]","SimNLMNAR_rep5_n115000_d5_corr95_NA25_MICE.RF.10.M.IMP_1000",24.1794831752777,0.0522401332855225,"2025-11-28 01:10:20.896274"
"SimNLMNAR_rep6_n115000_d5_corr95_NA25","MICE.RF.10.M.IMP",1000,"[[0.356046715555795, 0.192265648848474, -0.148957077461288, -0.454775685434528, 0.286079443176856], [0.268490729158162]]","SimNLMNAR_rep6_n115000_d5_corr95_NA25_MICE.RF.10.M.IMP_1000",24.5428810119629,0.0696699619293213,"2025-11-28 01:10:45.161278"
"SimNLMNAR_rep7_n115000_d5_corr95_NA25","MICE.RF.10.M.IMP",1000,"[[0.287888993904372, 0.0847907587900749, -0.216751504174625, -0.379567829430864, 0.306557388866609], [0.236856578904673]]","SimNLMNAR_rep7_n115000_d5_corr95_NA25_MICE.RF.10.M.IMP_1000",25.2862167358398,0.0466041564941406,"2025-11-28 01:11:09.80974"
"SimNLMNAR_rep8_n115000_d5_corr95_NA25","MICE.RF.10.M.IMP",1000,"[[0.320949569490259, 0.0387247115964727, -0.30217802634955, -0.382537644129192, 0.346671646072392], [0.250595628517871]]","SimNLMNAR_rep8_n115000_d5_corr95_NA25_MICE.RF.10.M.IMP_1000",24.9665803909302,0.0463008880615234,"2025-11-28 01:11:35.175839"
"SimNLMNAR_rep9_n115000_d5_corr95_NA25","MICE.RF.10.M.IMP",1000,"[[0.247903802750036, 0.165545390797273, -0.181833084284574, -0.409528446834009, 0.312412272372775], [0.250144820177571]]","SimNLMNAR_rep9_n115000_d5_corr95_NA25_MICE.RF.10.M.IMP_1000",25.4173121452332,0.0443456172943115,"2025-11-28 01:12:00.22381"
"SimNLMNAR_rep0_n115000_d5_corr95_NA25","MICE.RF.10.M.IMP",5000,"[[0.259511414828614, 0.228031358060018, -0.267846362432487, -0.424818603523082, 0.309256849373034], [0.256364550338303]]","SimNLMNAR_rep0_n115000_d5_corr95_NA25_MICE.RF.10.M.IMP_5000",43.2470095157623,0.610840320587158,"2025-11-28 01:12:25.719921"
"SimNLMNAR_rep1_n115000_d5_corr95_NA25","MICE.RF.10.M.IMP",5000,"[[0.282687519779102, 0.243274455740639, -0.275205393278401, -0.435541653427992, 0.328106844576552], [0.231571882863392]]","SimNLMNAR_rep1_n115000_d5_corr95_NA25_MICE.RF.10.M.IMP_5000",44.2740542888641,0.0593757629394531,"2025-11-28 01:13:09.61161"
"SimNLMNAR_rep2_n115000_d5_corr95_NA25","MICE.RF.10.M.IMP",5000,"[[0.32530002296361, 0.177409387564713, -0.206783521310012, -0.44866138900597, 0.305147465936503], [0.286944837922178]]","SimNLMNAR_rep2_n115000_d5_corr95_NA25_MICE.RF.10.M.IMP_5000",45.6036508083344,0.0653853416442871,"2025-11-28 01:13:53.982384"
"SimNLMNAR_rep3_n115000_d5_corr95_NA25","MICE.RF.10.M.IMP",5000,"[[0.312205279018915, 0.176397985033274, -0.243515998412068, -0.421655095609174, 0.32172236823557], [0.209279123339919]]","SimNLMNAR_rep3_n115000_d5_corr95_NA25_MICE.RF.10.M.IMP_5000",44.5804235935211,0.0634210109710693,"2025-11-28 01:14:39.688114"
"SimNLMNAR_rep4_n115000_d5_corr95_NA25","MICE.RF.10.M.IMP",5000,"[[0.280186453396463, 0.255796897030561, -0.25351860588404, -0.455573960755689, 0.291332000170976], [0.193559211268985]]","SimNLMNAR_rep4_n115000_d5_corr95_NA25_MICE.RF.10.M.IMP_5000",46.7208354473114,0.0598359107971191,"2025-11-28 01:15:24.373405"
"SimNLMNAR_rep5_n115000_d5_corr95_NA25","MICE.RF.10.M.IMP",5000,"[[0.437532612167202, 0.0953169486784597, -0.262173623145614, -0.421427096643751, 0.324480681093642], [0.326517954448933]]","SimNLMNAR_rep5_n115000_d5_corr95_NA25_MICE.RF.10.M.IMP_5000",45.2971706390381,0.0783224105834961,"2025-11-28 01:16:11.198303"
"SimNLMNAR_rep6_n115000_d5_corr95_NA25","MICE.RF.10.M.IMP",5000,"[[0.333703442317236, 0.141872145341766, -0.240451880255274, -0.389199422190014, 0.297327554102211], [0.242206454401012]]","SimNLMNAR_rep6_n115000_d5_corr95_NA25_MICE.RF.10.M.IMP_5000",44.539368391037,0.0745341777801514,"2025-11-28 01:16:56.612234"
"SimNLMNAR_rep7_n115000_d5_corr95_NA25","MICE.RF.10.M.IMP",5000,"[[0.399574499155885, 0.149039328591851, -0.278201277444213, -0.476221194923115, 0.316290588219833], [0.248649028939416]]","SimNLMNAR_rep7_n115000_d5_corr95_NA25_MICE.RF.10.M.IMP_5000",44.9160931110382,0.0622339248657227,"2025-11-28 01:17:41.263533"
"SimNLMNAR_rep8_n115000_d5_corr95_NA25","MICE.RF.10.M.IMP",5000,"[[0.27594436630056, 0.215929398886615, -0.268435454888531, -0.426429946588431, 0.322957343091609], [0.259232586425378]]","SimNLMNAR_rep8_n115000_d5_corr95_NA25_MICE.RF.10.M.IMP_5000",44.5168132781982,0.0540575981140137,"2025-11-28 01:18:26.285204"
"SimNLMNAR_rep9_n115000_d5_corr95_NA25","MICE.RF.10.M.IMP",5000,"[[0.331878425993304, 0.217471946482355, -0.261816517000019, -0.453609557988696, 0.308952554115175], [0.225225898315796]]","SimNLMNAR_rep9_n115000_d5_corr95_NA25_MICE.RF.10.M.IMP_5000",43.5075154304504,0.0538604259490967,"2025-11-28 01:19:10.894119"
"SimNLMNAR_rep0_n115000_d5_corr95_NA25","MICE.RF.10.M.IMP",10000,"[[0.320396617313992, 0.270078546866335, -0.287688330570088, -0.480439814171231, 0.323664525983748], [0.269689541860371]]","SimNLMNAR_rep0_n115000_d5_corr95_NA25_MICE.RF.10.M.IMP_10000",68.1121256351471,0.0719354152679443,"2025-11-28 01:19:54.494478"
"SimNLMNAR_rep1_n115000_d5_corr95_NA25","MICE.RF.10.M.IMP",10000,"[[0.309118287609045, 0.198732335769929, -0.252246140856959, -0.438120316352153, 0.308033863654241], [0.269430295430245]]","SimNLMNAR_rep1_n115000_d5_corr95_NA25_MICE.RF.10.M.IMP_10000",65.0796463489532,0.0696573257446289,"2025-11-28 01:21:02.724593"
"SimNLMNAR_rep2_n115000_d5_corr95_NA25","MICE.RF.10.M.IMP",10000,"[[0.261759175985424, 0.243540431846109, -0.192127355430885, -0.452658061908178, 0.301749773411279], [0.302584071355887]]","SimNLMNAR_rep2_n115000_d5_corr95_NA25_MICE.RF.10.M.IMP_10000",64.9587843418121,0.0663814544677734,"2025-11-28 01:22:07.911101"
"SimNLMNAR_rep3_n115000_d5_corr95_NA25","MICE.RF.10.M.IMP",10000,"[[0.33683803779909, 0.243474389497195, -0.217073831048982, -0.468880451650592, 0.311261578319516], [0.267388011188699]]","SimNLMNAR_rep3_n115000_d5_corr95_NA25_MICE.RF.10.M.IMP_10000",63.8764514923096,0.0644614696502686,"2025-11-28 01:23:12.976509"
"SimNLMNAR_rep4_n115000_d5_corr95_NA25","MICE.RF.10.M.IMP",10000,"[[0.334177308907544, 0.22800848458207, -0.279863451265529, -0.44265016308252, 0.288316720637972], [0.175427960778665]]","SimNLMNAR_rep4_n115000_d5_corr95_NA25_MICE.RF.10.M.IMP_10000",63.9287660121918,0.559138536453247,"2025-11-28 01:24:16.954742"
"SimNLMNAR_rep5_n115000_d5_corr95_NA25","MICE.RF.10.M.IMP",10000,"[[0.328194056842172, 0.187315481301937, -0.23613126502877, -0.41435172105506, 0.292918349441078], [0.314855306358996]]","SimNLMNAR_rep5_n115000_d5_corr95_NA25_MICE.RF.10.M.IMP_10000",63.0080921649933,0.0674278736114502,"2025-11-28 01:25:21.479859"
"SimNLMNAR_rep6_n115000_d5_corr95_NA25","MICE.RF.10.M.IMP",10000,"[[0.375499302290556, 0.217684693480041, -0.262197263471416, -0.461415488332684, 0.300433157383996], [0.277253855666269]]","SimNLMNAR_rep6_n115000_d5_corr95_NA25_MICE.RF.10.M.IMP_10000",62.5824205875397,0.0622522830963135,"2025-11-28 01:26:24.590093"
"SimNLMNAR_rep7_n115000_d5_corr95_NA25","MICE.RF.10.M.IMP",10000,"[[0.366426554038848, 0.210184620774707, -0.257787988262355, -0.5038645448444, 0.306955951550502], [0.251463438733615]]","SimNLMNAR_rep7_n115000_d5_corr95_NA25_MICE.RF.10.M.IMP_10000",64.0798847675323,0.0664017200469971,"2025-11-28 01:09:37.946545"
"SimNLMNAR_rep8_n115000_d5_corr95_NA25","MICE.RF.10.M.IMP",10000,"[[0.222845209774913, 0.256037366426608, -0.180815420034116, -0.438576141566808, 0.294495834932707], [0.261690409391307]]","SimNLMNAR_rep8_n115000_d5_corr95_NA25_MICE.RF.10.M.IMP_10000",63.7095828056335,0.0681211948394775,"2025-11-28 01:10:42.13805"
"SimNLMNAR_rep9_n115000_d5_corr95_NA25","MICE.RF.10.M.IMP",10000,"[[0.285984585118624, 0.229600585080338, -0.241946867928467, -0.445261200488148, 0.308221037360948], [0.233964170179298]]","SimNLMNAR_rep9_n115000_d5_corr95_NA25_MICE.RF.10.M.IMP_10000",65.9128065109253,0.064763069152832,"2025-11-28 01:11:45.954015"
"SimNLMNAR_rep0_n115000_d5_corr95_NA25","MICE.RF.10.M.IMP",50000,"[[0.342869358952515, 0.263452167096927, -0.276824715190832, -0.463666521184866, 0.314133140110421], [0.276996718569805]]","SimNLMNAR_rep0_n115000_d5_corr95_NA25_MICE.RF.10.M.IMP_50000",291.57467341423,0.12854528427124,"2025-11-28 01:12:51.966323"
"SimNLMNAR_rep1_n115000_d5_corr95_NA25","MICE.RF.10.M.IMP",50000,"[[0.27600776258273, 0.246213208942052, -0.27038938354073, -0.436718222765879, 0.314188428868625], [0.261240801953468]]","SimNLMNAR_rep1_n115000_d5_corr95_NA25_MICE.RF.10.M.IMP_50000",273.171357631683,0.132708072662354,"2025-11-28 01:17:43.707608"
"SimNLMNAR_rep2_n115000_d5_corr95_NA25","MICE.RF.10.M.IMP",50000,"[[0.306233641926554, 0.279387229631935, -0.262003946960687, -0.466223426229074, 0.31325432067315], [0.273643422513286]]","SimNLMNAR_rep2_n115000_d5_corr95_NA25_MICE.RF.10.M.IMP_50000",259.408021450043,0.131202697753906,"2025-11-28 01:22:17.046328"
"SimNLMNAR_rep3_n115000_d5_corr95_NA25","MICE.RF.10.M.IMP",50000,"[[0.337507113617739, 0.180865674558378, -0.261260309672593, -0.437120403319925, 0.314987335301012], [0.258648971058798]]","SimNLMNAR_rep3_n115000_d5_corr95_NA25_MICE.RF.10.M.IMP_50000",247.159334659576,0.12165355682373,"2025-11-28 01:26:36.621612"
"SimNLMNAR_rep4_n115000_d5_corr95_NA25","MICE.RF.10.M.IMP",50000,"[[0.24504580735926, 0.18579248881507, -0.258631186967623, -0.381863696697465, 0.295588624986832], [0.228854354293051]]","SimNLMNAR_rep4_n115000_d5_corr95_NA25_MICE.RF.10.M.IMP_50000",244.795730113983,0.119776487350464,"2025-11-28 01:30:43.936119"
"SimNLMNAR_rep5_n115000_d5_corr95_NA25","MICE.RF.10.M.IMP",50000,"[[0.301006364464773, 0.207057932582576, -0.234753847041331, -0.427124930048797, 0.300074782030265], [0.289142687891309]]","SimNLMNAR_rep5_n115000_d5_corr95_NA25_MICE.RF.10.M.IMP_50000",243.439521074295,0.115046739578247,"2025-11-28 01:34:48.889329"
"SimNLMNAR_rep6_n115000_d5_corr95_NA25","MICE.RF.10.M.IMP",50000,"[[0.371627508457912, 0.228093638014535, -0.237759393428773, -0.475414400813867, 0.299012524719092], [0.284003926875066]]","SimNLMNAR_rep6_n115000_d5_corr95_NA25_MICE.RF.10.M.IMP_50000",236.53010392189,0.113451242446899,"2025-11-28 01:38:52.479285"
"SimNLMNAR_rep7_n115000_d5_corr95_NA25","MICE.RF.10.M.IMP",50000,"[[0.28667793233847, 0.236402240130629, -0.239725540148663, -0.455752485569537, 0.304283650404203], [0.236605419729799]]","SimNLMNAR_rep7_n115000_d5_corr95_NA25_MICE.RF.10.M.IMP_50000",231.721385240555,0.115000009536743,"2025-11-28 01:42:49.155858"
"SimNLMNAR_rep8_n115000_d5_corr95_NA25","MICE.RF.10.M.IMP",50000,"[[0.306409941272037, 0.225916305974844, -0.243479061148574, -0.450144311485028, 0.308320213604752], [0.262886511482628]]","SimNLMNAR_rep8_n115000_d5_corr95_NA25_MICE.RF.10.M.IMP_50000",232.521081447601,0.110575437545776,"2025-11-28 01:46:41.03234"
"SimNLMNAR_rep9_n115000_d5_corr95_NA25","MICE.RF.10.M.IMP",50000,"[[0.306739495889546, 0.202972672607973, -0.251163400522565, -0.432314970234759, 0.308150768396234], [0.240591221910546]]","SimNLMNAR_rep9_n115000_d5_corr95_NA25_MICE.RF.10.M.IMP_50000",233.591735124588,0.125781059265137,"2025-11-28 01:50:33.694873"
"SimNLMNAR_rep0_n115000_d5_corr95_NA25","MICE.RF.10.Y.M.IMP",100,"[[-1.39302722583975, 0.652728247680408, 0.0704070057976133, -0.123256033557068, 0.456081844003975], [0.0659680133114541]]","SimNLMNAR_rep0_n115000_d5_corr95_NA25_MICE.RF.10.Y.M.IMP_100",29.8366360664368,0.0490069389343262,"2025-11-28 01:54:27.444625"
"SimNLMNAR_rep1_n115000_d5_corr95_NA25","MICE.RF.10.Y.M.IMP",100,"[[0.599047289581429, -0.406802755723779, -0.627767895022566, -0.372034006577362, 0.605509779634098], [0.00620162060707177]]","SimNLMNAR_rep1_n115000_d5_corr95_NA25_MICE.RF.10.Y.M.IMP_100",30.806791305542,0.0523612499237061,"2025-11-28 01:54:57.365483"
"SimNLMNAR_rep2_n115000_d5_corr95_NA25","MICE.RF.10.Y.M.IMP",100,"[[0.759315602398885, -1.01174050670516, -0.605801226542433, -0.743974779064616, 0.707435619694762], [-0.26205797878925]]","SimNLMNAR_rep2_n115000_d5_corr95_NA25_MICE.RF.10.Y.M.IMP_100",29.718076467514,0.050278902053833,"2025-11-28 01:55:28.259565"
"SimNLMNAR_rep3_n115000_d5_corr95_NA25","MICE.RF.10.Y.M.IMP",100,"[[0.545507850635962, 0.381250073711983, -0.455827579366298, -0.473575360111723, 0.622894351206076], [0.0228584096688112]]","SimNLMNAR_rep3_n115000_d5_corr95_NA25_MICE.RF.10.Y.M.IMP_100",31.166433095932,0.0620577335357666,"2025-11-28 01:55:58.062438"
"SimNLMNAR_rep4_n115000_d5_corr95_NA25","MICE.RF.10.Y.M.IMP",100,"[[-0.570583472793885, 0.969590619650099, 0.0223828891228627, -0.690478174743391, 0.571828668934388], [0.152252974584666]]","SimNLMNAR_rep4_n115000_d5_corr95_NA25_MICE.RF.10.Y.M.IMP_100",30.3459265232086,0.0507326126098633,"2025-11-28 01:56:29.327312"
"SimNLMNAR_rep5_n115000_d5_corr95_NA25","MICE.RF.10.Y.M.IMP",100,"[[-0.282261611960968, 1.35384491815904, 0.145091249498498, -0.991441750920211, 0.522711025570332], [0.604061774290298]]","SimNLMNAR_rep5_n115000_d5_corr95_NA25_MICE.RF.10.Y.M.IMP_100",30.2269542217255,0.0456247329711914,"2025-11-28 01:56:59.758526"
"SimNLMNAR_rep6_n115000_d5_corr95_NA25","MICE.RF.10.Y.M.IMP",100,"[[2.22300538782378, -1.93720837253599, -1.57179371573987, -1.05989422295306, 1.81166346368652], [-1.26256018944954]]","SimNLMNAR_rep6_n115000_d5_corr95_NA25_MICE.RF.10.Y.M.IMP_100",31.1871936321259,0.0655901432037354,"2025-11-28 01:57:30.06635"
"SimNLMNAR_rep7_n115000_d5_corr95_NA25","MICE.RF.10.Y.M.IMP",100,"[[-0.0157048928328879, -0.0397682156501741, 0.28723741365345, -0.732756029965076, 0.51206528224674], [0.551436511619999]]","SimNLMNAR_rep7_n115000_d5_corr95_NA25_MICE.RF.10.Y.M.IMP_100",30.0338528156281,0.048079252243042,"2025-11-28 01:58:01.354575"
"SimNLMNAR_rep8_n115000_d5_corr95_NA25","MICE.RF.10.Y.M.IMP",100,"[[0.632705386165698, -0.0596703010008531, -0.06342792025521, -0.648327693547459, 0.468204519436404], [0.470765284423939]]","SimNLMNAR_rep8_n115000_d5_corr95_NA25_MICE.RF.10.Y.M.IMP_100",31.144868850708,0.0516829490661621,"2025-11-28 01:58:31.470319"
"SimNLMNAR_rep9_n115000_d5_corr95_NA25","MICE.RF.10.Y.M.IMP",100,"[[0.396344704800402, -0.946788847711367, 0.735816092540926, -0.549272213389085, 0.481529047975377], [0.638717064051205]]","SimNLMNAR_rep9_n115000_d5_corr95_NA25_MICE.RF.10.Y.M.IMP_100",30.1257138252258,0.0633103847503662,"2025-11-28 01:59:02.703128"
"SimNLMNAR_rep0_n115000_d5_corr95_NA25","MICE.RF.10.Y.M.IMP",500,"[[-0.0239802107415561, 0.387870463657115, -0.689036714880668, -0.393922210837516, 0.573750814090915], [-0.115902214637195]]","SimNLMNAR_rep0_n115000_d5_corr95_NA25_MICE.RF.10.Y.M.IMP_500",33.8848552703857,0.058579683303833,"2025-11-28 01:59:32.927088"
"SimNLMNAR_rep1_n115000_d5_corr95_NA25","MICE.RF.10.Y.M.IMP",500,"[[0.0820097363824386, 0.339555362951096, -0.364824825309695, -0.587033466953797, 0.510350240857308], [0.171761389480445]]","SimNLMNAR_rep1_n115000_d5_corr95_NA25_MICE.RF.10.Y.M.IMP_500",32.8304848670959,0.0676670074462891,"2025-11-28 02:00:06.904622"
"SimNLMNAR_rep2_n115000_d5_corr95_NA25","MICE.RF.10.Y.M.IMP",500,"[[0.557472570891687, -0.605898964107856, -0.606680634746714, -0.49039744781718, 0.693978210228382], [0.196185400995905]]","SimNLMNAR_rep2_n115000_d5_corr95_NA25_MICE.RF.10.Y.M.IMP_500",36.4307959079742,0.0510549545288086,"2025-11-28 01:09:45.151682"
"SimNLMNAR_rep3_n115000_d5_corr95_NA25","MICE.RF.10.Y.M.IMP",500,"[[0.473972199771139, 0.105960463504, -0.561078795034626, -0.746222440440007, 0.661041195061897], [0.17028337526213]]","SimNLMNAR_rep3_n115000_d5_corr95_NA25_MICE.RF.10.Y.M.IMP_500",37.4032895565033,0.0620622634887695,"2025-11-28 01:10:21.678045"
"SimNLMNAR_rep4_n115000_d5_corr95_NA25","MICE.RF.10.Y.M.IMP",500,"[[0.537801425303939, -0.216737874796798, -0.522699664069586, -0.666390676993246, 0.675640455069172], [-0.0399610229093004]]","SimNLMNAR_rep4_n115000_d5_corr95_NA25_MICE.RF.10.Y.M.IMP_500",35.5941195487976,0.0553383827209473,"2025-11-28 01:10:59.183753"
"SimNLMNAR_rep5_n115000_d5_corr95_NA25","MICE.RF.10.Y.M.IMP",500,"[[0.27537750316966, 0.395709641094612, -0.182917761264376, -0.812569679881189, 0.576499546530627], [0.319198142598275]]","SimNLMNAR_rep5_n115000_d5_corr95_NA25_MICE.RF.10.Y.M.IMP_500",36.4301216602325,0.0516352653503418,"2025-11-28 01:11:34.878298"
"SimNLMNAR_rep6_n115000_d5_corr95_NA25","MICE.RF.10.Y.M.IMP",500,"[[0.841673323351363, -0.243971076599904, -0.475062547078381, -0.694044855802028, 0.657199567558179], [0.0695082917204149]]","SimNLMNAR_rep6_n115000_d5_corr95_NA25_MICE.RF.10.Y.M.IMP_500",35.771139383316,0.0556600093841553,"2025-11-28 01:12:11.403298"
"SimNLMNAR_rep7_n115000_d5_corr95_NA25","MICE.RF.10.Y.M.IMP",500,"[[0.452344829604808, -0.0979686350013592, -0.22910495346268, -0.694003722993821, 0.535220672289336], [0.107436448230513]]","SimNLMNAR_rep7_n115000_d5_corr95_NA25_MICE.RF.10.Y.M.IMP_500",37.0241067409515,0.0505757331848145,"2025-11-28 01:12:47.266927"
"SimNLMNAR_rep8_n115000_d5_corr95_NA25","MICE.RF.10.Y.M.IMP",500,"[[0.363013550781377, -0.255440175252018, -0.464037451243706, -0.42028083815652, 0.598674574733485], [0.294123966899832]]","SimNLMNAR_rep8_n115000_d5_corr95_NA25_MICE.RF.10.Y.M.IMP_500",37.1361815929413,0.0603551864624023,"2025-11-28 01:13:24.384691"
"SimNLMNAR_rep9_n115000_d5_corr95_NA25","MICE.RF.10.Y.M.IMP",500,"[[0.45396511378977, 0.00885413274389691, -0.402216196738551, -0.682453887396355, 0.568144118141342], [0.09049984599519]]","SimNLMNAR_rep9_n115000_d5_corr95_NA25_MICE.RF.10.Y.M.IMP_500",37.5527105331421,0.0754725933074951,"2025-11-28 01:14:01.617719"
"SimNLMNAR_rep0_n115000_d5_corr95_NA25","MICE.RF.10.Y.M.IMP",1000,"[[0.259382357494673, 0.552870072278083, -0.812685739025448, -0.655268054225528, 0.668427019328473], [-0.0221492441116069]]","SimNLMNAR_rep0_n115000_d5_corr95_NA25_MICE.RF.10.Y.M.IMP_1000",41.5025296211243,0.0670983791351318,"2025-11-28 01:14:39.287236"
"SimNLMNAR_rep1_n115000_d5_corr95_NA25","MICE.RF.10.Y.M.IMP",1000,"[[0.411624336801132, 0.292743978422719, -0.507301705945586, -0.772587913936758, 0.66209365552902], [0.11753591566111]]","SimNLMNAR_rep1_n115000_d5_corr95_NA25_MICE.RF.10.Y.M.IMP_1000",39.9297366142273,0.0595314502716064,"2025-11-28 01:15:20.90028"
"SimNLMNAR_rep2_n115000_d5_corr95_NA25","MICE.RF.10.Y.M.IMP",1000,"[[0.540821120542468, -0.333049084392267, -0.49527584282822, -0.641073632547184, 0.688897518444429], [0.289279558079514]]","SimNLMNAR_rep2_n115000_d5_corr95_NA25_MICE.RF.10.Y.M.IMP_1000",40.444108247757,0.0583517551422119,"2025-11-28 01:16:00.927385"
"SimNLMNAR_rep3_n115000_d5_corr95_NA25","MICE.RF.10.Y.M.IMP",1000,"[[0.550533069724546, 0.169861639972423, -0.533555395265526, -0.945579050776181, 0.719593707044333], [0.146774173364286]]","SimNLMNAR_rep3_n115000_d5_corr95_NA25_MICE.RF.10.Y.M.IMP_1000",40.1599290370941,0.0503597259521484,"2025-11-28 01:16:41.46528"
"SimNLMNAR_rep4_n115000_d5_corr95_NA25","MICE.RF.10.Y.M.IMP",1000,"[[0.419503050943509, 0.068268146736838, -0.422396171846025, -0.725903818204522, 0.619177609602915], [0.0547935141040934]]","SimNLMNAR_rep4_n115000_d5_corr95_NA25_MICE.RF.10.Y.M.IMP_1000",38.9943039417267,0.0634377002716064,"2025-11-28 01:17:21.711156"
"SimNLMNAR_rep5_n115000_d5_corr95_NA25","MICE.RF.10.Y.M.IMP",1000,"[[0.402326352165999, 0.151399540796851, -0.218755729068858, -0.852943697264757, 0.609824235933693], [0.290996016089055]]","SimNLMNAR_rep5_n115000_d5_corr95_NA25_MICE.RF.10.Y.M.IMP_1000",39.8661823272705,0.0536746978759766,"2025-11-28 01:18:00.807345"
"SimNLMNAR_rep6_n115000_d5_corr95_NA25","MICE.RF.10.Y.M.IMP",1000,"[[0.680198628926863, 0.173481488912835, -0.542224635221493, -0.803789215260678, 0.652782156737414], [0.0878199669586145]]","SimNLMNAR_rep6_n115000_d5_corr95_NA25_MICE.RF.10.Y.M.IMP_1000",40.8169281482697,0.060051441192627,"2025-11-28 01:18:40.778788"
"SimNLMNAR_rep7_n115000_d5_corr95_NA25","MICE.RF.10.Y.M.IMP",1000,"[[0.501519892636126, 0.200455448425634, -0.614223908668814, -0.746984403737531, 0.676488569181306], [0.0623728851765921]]","SimNLMNAR_rep7_n115000_d5_corr95_NA25_MICE.RF.10.Y.M.IMP_1000",40.0250096321106,0.0557687282562256,"2025-11-28 01:19:21.700696"
"SimNLMNAR_rep8_n115000_d5_corr95_NA25","MICE.RF.10.Y.M.IMP",1000,"[[0.82239459416596, -0.407987195418832, -0.692841431588501, -0.549439674688159, 0.667862776958813], [0.12148074795236]]","SimNLMNAR_rep8_n115000_d5_corr95_NA25_MICE.RF.10.Y.M.IMP_1000",39.199746131897,0.0528666973114014,"2025-11-28 01:20:01.819199"
"SimNLMNAR_rep9_n115000_d5_corr95_NA25","MICE.RF.10.Y.M.IMP",1000,"[[0.373954769306513, 0.246261316144757, -0.534601050602844, -0.743122030774408, 0.655940489375101], [0.130107862659015]]","SimNLMNAR_rep9_n115000_d5_corr95_NA25_MICE.RF.10.Y.M.IMP_1000",38.9169614315033,0.0641961097717285,"2025-11-28 01:20:41.11169"
"SimNLMNAR_rep0_n115000_d5_corr95_NA25","MICE.RF.10.Y.M.IMP",5000,"[[0.54236309404445, 0.368049708848767, -0.704151565544197, -0.842275244591154, 0.70091532851532], [0.0709333178320803]]","SimNLMNAR_rep0_n115000_d5_corr95_NA25_MICE.RF.10.Y.M.IMP_5000",60.3703684806824,0.0669450759887695,"2025-11-28 01:21:20.1292"
"SimNLMNAR_rep1_n115000_d5_corr95_NA25","MICE.RF.10.Y.M.IMP",5000,"[[0.638463225934217, 0.190848542147084, -0.63768208306053, -0.852129830526154, 0.747542948949267], [0.0577950478969378]]","SimNLMNAR_rep1_n115000_d5_corr95_NA25_MICE.RF.10.Y.M.IMP_5000",59.8793768882751,0.0728530883789062,"2025-11-28 01:22:20.602515"
"SimNLMNAR_rep2_n115000_d5_corr95_NA25","MICE.RF.10.Y.M.IMP",5000,"[[0.908845637038292, -0.0390454882063515, -0.632472128939884, -0.904958376757505, 0.74821647133509], [0.189184959558426]]","SimNLMNAR_rep2_n115000_d5_corr95_NA25_MICE.RF.10.Y.M.IMP_5000",60.0687651634216,0.0605485439300537,"2025-11-28 01:23:20.592511"
"SimNLMNAR_rep3_n115000_d5_corr95_NA25","MICE.RF.10.Y.M.IMP",5000,"[[0.70903593822871, 0.155712354944601, -0.734361570494391, -0.831621300330898, 0.76961666671757], [-0.03746664904845]]","SimNLMNAR_rep3_n115000_d5_corr95_NA25_MICE.RF.10.Y.M.IMP_5000",58.5384292602539,0.0559916496276855,"2025-11-28 01:24:20.75867"
"SimNLMNAR_rep4_n115000_d5_corr95_NA25","MICE.RF.10.Y.M.IMP",5000,"[[0.784306425761907, 0.10362105159297, -0.57265645443235, -0.956697219823644, 0.711359217952629], [0.0388049114080353]]","SimNLMNAR_rep4_n115000_d5_corr95_NA25_MICE.RF.10.Y.M.IMP_5000",58.47576379776,0.0594775676727295,"2025-11-28 01:25:19.394574"
"SimNLMNAR_rep5_n115000_d5_corr95_NA25","MICE.RF.10.Y.M.IMP",5000,"[[0.914024652711967, 0.0869499405802349, -0.822811717774153, -0.868760767973458, 0.791393487415161], [0.0889279914443239]]","SimNLMNAR_rep5_n115000_d5_corr95_NA25_MICE.RF.10.Y.M.IMP_5000",58.2752118110657,0.0635240077972412,"2025-11-28 01:26:17.966099"
"SimNLMNAR_rep6_n115000_d5_corr95_NA25","MICE.RF.10.Y.M.IMP",5000,"[[0.678811066880578, 0.248115527138423, -0.682312509797468, -0.839325722871426, 0.712083855314393], [0.0803959529974105]]","SimNLMNAR_rep6_n115000_d5_corr95_NA25_MICE.RF.10.Y.M.IMP_5000",60.0034153461456,0.0615019798278809,"2025-11-28 01:09:52.583762"
"SimNLMNAR_rep7_n115000_d5_corr95_NA25","MICE.RF.10.Y.M.IMP",5000,"[[0.882335856544905, 0.104906300400202, -0.680757693534359, -0.967057307839903, 0.731839539709736], [0.0780970140196655]]","SimNLMNAR_rep7_n115000_d5_corr95_NA25_MICE.RF.10.Y.M.IMP_5000",60.359231710434,0.0787279605865479,"2025-11-28 01:10:52.698791"
"SimNLMNAR_rep8_n115000_d5_corr95_NA25","MICE.RF.10.Y.M.IMP",5000,"[[0.807591297444752, 0.0395281678101767, -0.723685182208738, -0.817193582154179, 0.756108320845419], [0.111326080939296]]","SimNLMNAR_rep8_n115000_d5_corr95_NA25_MICE.RF.10.Y.M.IMP_5000",62.8247301578522,0.0615482330322266,"2025-11-28 01:11:53.176075"
"SimNLMNAR_rep9_n115000_d5_corr95_NA25","MICE.RF.10.Y.M.IMP",5000,"[[0.696217006801625, 0.236482427160445, -0.729015416991832, -0.911823559637173, 0.758791129009772], [0.0713565634996142]]","SimNLMNAR_rep9_n115000_d5_corr95_NA25_MICE.RF.10.Y.M.IMP_5000",64.529194355011,0.0651483535766602,"2025-11-28 01:12:56.097523"
"SimNLMNAR_rep0_n115000_d5_corr95_NA25","MICE.RF.10.Y.M.IMP",10000,"[[0.682713989777747, 0.381145959264141, -0.789100554856616, -0.945805013184961, 0.776304967744784], [0.0510838899568483]]","SimNLMNAR_rep0_n115000_d5_corr95_NA25_MICE.RF.10.Y.M.IMP_10000",95.3791704177856,0.630554914474487,"2025-11-28 01:14:00.726331"
"SimNLMNAR_rep1_n115000_d5_corr95_NA25","MICE.RF.10.Y.M.IMP",10000,"[[0.735997496490061, 0.183653806691444, -0.619511740749748, -0.96125848721694, 0.762073180610804], [0.102424336097638]]","SimNLMNAR_rep1_n115000_d5_corr95_NA25_MICE.RF.10.Y.M.IMP_10000",91.6957705020905,0.0790584087371826,"2025-11-28 01:15:36.772282"
"SimNLMNAR_rep2_n115000_d5_corr95_NA25","MICE.RF.10.Y.M.IMP",10000,"[[0.879419341499029, 0.0937627023048155, -0.565232265413067, -0.986247712436312, 0.732023236069505], [0.21426719149551]]","SimNLMNAR_rep2_n115000_d5_corr95_NA25_MICE.RF.10.Y.M.IMP_10000",93.3201789855957,0.0777535438537598,"2025-11-28 01:17:08.588746"
"SimNLMNAR_rep3_n115000_d5_corr95_NA25","MICE.RF.10.Y.M.IMP",10000,"[[0.87293020061609, 0.145125247731396, -0.735651250765065, -0.925972838397647, 0.772411246288877], [0.0532592878419995]]","SimNLMNAR_rep3_n115000_d5_corr95_NA25_MICE.RF.10.Y.M.IMP_10000",91.9394826889038,0.0677647590637207,"2025-11-28 01:18:42.024183"
"SimNLMNAR_rep4_n115000_d5_corr95_NA25","MICE.RF.10.Y.M.IMP",10000,"[[0.822978955643873, 0.21967339668048, -0.677925155062306, -0.983777445988867, 0.724429070447924], [0.00411579353559438]]","SimNLMNAR_rep4_n115000_d5_corr95_NA25_MICE.RF.10.Y.M.IMP_10000",88.4208085536957,0.0664784908294678,"2025-11-28 01:20:14.070227"
"SimNLMNAR_rep5_n115000_d5_corr95_NA25","MICE.RF.10.Y.M.IMP",10000,"[[0.949203536973145, 0.107196247952596, -0.810171128871069, -0.890698507628187, 0.764490301083672], [0.0895338024444759]]","SimNLMNAR_rep5_n115000_d5_corr95_NA25_MICE.RF.10.Y.M.IMP_10000",86.37668800354,0.0691132545471191,"2025-11-28 01:21:42.595228"
"SimNLMNAR_rep6_n115000_d5_corr95_NA25","MICE.RF.10.Y.M.IMP",10000,"[[0.84406104334513, 0.276786342082728, -0.723303501375269, -0.974081159353519, 0.75477944366352], [0.0978740249758936]]","SimNLMNAR_rep6_n115000_d5_corr95_NA25_MICE.RF.10.Y.M.IMP_10000",85.7087161540985,0.0652728080749512,"2025-11-28 01:23:09.077684"
"SimNLMNAR_rep7_n115000_d5_corr95_NA25","MICE.RF.10.Y.M.IMP",10000,"[[0.917314590262185, 0.12156090612404, -0.676840617816757, -1.01439609454743, 0.743926378577296], [0.116332761784335]]","SimNLMNAR_rep7_n115000_d5_corr95_NA25_MICE.RF.10.Y.M.IMP_10000",85.6323325634003,0.0689153671264648,"2025-11-28 01:24:34.888416"
"SimNLMNAR_rep8_n115000_d5_corr95_NA25","MICE.RF.10.Y.M.IMP",10000,"[[0.786016794293071, 0.158605207310651, -0.705317956572648, -0.911705424009158, 0.756192185875198], [0.0871070730035958]]","SimNLMNAR_rep8_n115000_d5_corr95_NA25_MICE.RF.10.Y.M.IMP_10000",86.0654494762421,0.0643315315246582,"2025-11-28 01:26:00.625197"
"SimNLMNAR_rep9_n115000_d5_corr95_NA25","MICE.RF.10.Y.M.IMP",10000,"[[0.747323983549564, 0.192252754746261, -0.647069592748111, -0.9554286820843, 0.768164662875249], [0.104239851523578]]","SimNLMNAR_rep9_n115000_d5_corr95_NA25_MICE.RF.10.Y.M.IMP_10000",83.2048668861389,0.0695078372955322,"2025-11-28 01:27:26.790281"
"SimNLMNAR_rep0_n115000_d5_corr95_NA25","MICE.RF.10.Y.M.IMP",50000,"[[0.961029584458974, 0.208059968249954, -0.762690002793542, -1.01099092680679, 0.809847802271838], [0.10596584083658]]","SimNLMNAR_rep0_n115000_d5_corr95_NA25_MICE.RF.10.Y.M.IMP_50000",335.759971618652,0.127529382705688,"2025-11-28 01:28:50.100166"
"SimNLMNAR_rep1_n115000_d5_corr95_NA25","MICE.RF.10.Y.M.IMP",50000,"[[1.04041818869187, 0.0663713736612028, -0.670726863236172, -1.07154205160497, 0.799402526244277], [0.123289764191517]]","SimNLMNAR_rep1_n115000_d5_corr95_NA25_MICE.RF.10.Y.M.IMP_50000",318.982496023178,0.128546237945557,"2025-11-28 01:34:26.022999"
"SimNLMNAR_rep2_n115000_d5_corr95_NA25","MICE.RF.10.Y.M.IMP",50000,"[[0.998124397145994, 0.1388296622359, -0.752348240021476, -1.00272317594188, 0.794772049859623], [0.110535293936278]]","SimNLMNAR_rep2_n115000_d5_corr95_NA25_MICE.RF.10.Y.M.IMP_50000",315.38974571228,0.132694244384766,"2025-11-28 01:39:45.167991"
"SimNLMNAR_rep3_n115000_d5_corr95_NA25","MICE.RF.10.Y.M.IMP",50000,"[[0.94530952845121, 0.143515467129487, -0.761497539669085, -0.974752907174967, 0.808445395010813], [0.0802322683990127]]","SimNLMNAR_rep3_n115000_d5_corr95_NA25_MICE.RF.10.Y.M.IMP_50000",323.172029972076,0.122766494750977,"2025-11-28 01:45:00.724226"
"SimNLMNAR_rep4_n115000_d5_corr95_NA25","MICE.RF.10.Y.M.IMP",50000,"[[1.07216173663925, 0.0398399073660524, -0.754859778811075, -0.982495618287367, 0.798699542847103], [0.0649011260593903]]","SimNLMNAR_rep4_n115000_d5_corr95_NA25_MICE.RF.10.Y.M.IMP_50000",305.433637857437,0.119592189788818,"2025-11-28 01:50:24.051949"
"SimNLMNAR_rep5_n115000_d5_corr95_NA25","MICE.RF.10.Y.M.IMP",50000,"[[1.06331509153471, 0.0997287165621188, -0.770066444708386, -0.990038159417829, 0.796473135131868], [0.113875607643304]]","SimNLMNAR_rep5_n115000_d5_corr95_NA25_MICE.RF.10.Y.M.IMP_50000",302.548841953278,0.124102354049683,"2025-11-28 01:55:29.635876"
"SimNLMNAR_rep6_n115000_d5_corr95_NA25","MICE.RF.10.Y.M.IMP",50000,"[[0.982465775629431, 0.177286002691984, -0.741548616057961, -1.00567466402553, 0.797890226371711], [0.103202779365418]]","SimNLMNAR_rep6_n115000_d5_corr95_NA25_MICE.RF.10.Y.M.IMP_50000",301.303806304932,0.126146793365479,"2025-11-28 02:00:32.339665"
"SimNLMNAR_rep7_n115000_d5_corr95_NA25","MICE.RF.10.Y.M.IMP",50000,"[[1.04846275898438, 0.0944618136718641, -0.771118715447104, -1.00814416841995, 0.798551940285984], [0.0512299692640198]]","SimNLMNAR_rep7_n115000_d5_corr95_NA25_MICE.RF.10.Y.M.IMP_50000",304.34463262558,0.126704692840576,"2025-11-28 02:05:33.805427"
"SimNLMNAR_rep8_n115000_d5_corr95_NA25","MICE.RF.10.Y.M.IMP",50000,"[[1.00153647812956, 0.113443604980512, -0.81307557668577, -0.973236753294355, 0.815508811637124], [0.0753744873353391]]","SimNLMNAR_rep8_n115000_d5_corr95_NA25_MICE.RF.10.Y.M.IMP_50000",304.49879193306,0.125345468521118,"2025-11-28 02:10:38.308818"
"SimNLMNAR_rep9_n115000_d5_corr95_NA25","MICE.RF.10.Y.M.IMP",50000,"[[0.976058491181454, 0.121001196726551, -0.677743242836025, -1.02436495321503, 0.791132843544107], [0.0882606257964628]]","SimNLMNAR_rep9_n115000_d5_corr95_NA25_MICE.RF.10.Y.M.IMP_50000",305.441975831985,0.11827540397644,"2025-11-28 02:15:42.96516"
"SimNLMNAR_rep0_n115000_d5_corr95_NA25","MICE.RF.10.IMP.M",100,"[[-0.809506276382383, 1.01972634039206, -0.472729870791616, -0.330831811237074, 0.333718361885288, 0.0231725765853141, 0.706789436287293, 0.627273742325307, -0.558710721137786, 2.83543015442912], [-1.31497977607816]]","SimNLMNAR_rep0_n115000_d5_corr95_NA25_MICE.RF.10.IMP.M_100",18.0122764110565,0.0633945465087891,"2025-11-28 02:20:48.556608"
"SimNLMNAR_rep1_n115000_d5_corr95_NA25","MICE.RF.10.IMP.M",100,"[[0.76101950187941, -0.263299687671592, -0.174230376509899, -0.46134847743794, 0.325008476570185, 0.642803942452665, 0.750199493901189, -0.335051442760813, -0.452118708381072, -0.299054535573632], [0.100999479404345]]","SimNLMNAR_rep1_n115000_d5_corr95_NA25_MICE.RF.10.IMP.M_100",20.7035665512085,0.074448823928833,"2025-11-28 01:10:00.817495"
"SimNLMNAR_rep2_n115000_d5_corr95_NA25","MICE.RF.10.IMP.M",100,"[[0.810272401304263, -0.903860607211735, -0.408183975970228, -0.769214662692612, 0.504786619041276, 0.376766620855965, 1.35246605381679, 0.120705660232615, -1.00742868807155, 0.540059915811999], [-0.548983979529375]]","SimNLMNAR_rep2_n115000_d5_corr95_NA25_MICE.RF.10.IMP.M_100",20.6130616664886,0.0774238109588623,"2025-11-28 01:10:21.645736"
"SimNLMNAR_rep3_n115000_d5_corr95_NA25","MICE.RF.10.IMP.M",100,"[[0.544145355676172, 0.565593535234166, 0.0409726702040812, -0.544227966679167, 0.437532836899882, -0.412502284306782, -0.915162430316336, -0.933561997698573, -0.266893080815517, 1.20132273065186], [0.799251588102131]]","SimNLMNAR_rep3_n115000_d5_corr95_NA25_MICE.RF.10.IMP.M_100",20.4373915195465,0.0682446956634521,"2025-11-28 01:10:42.378692"
"SimNLMNAR_rep4_n115000_d5_corr95_NA25","MICE.RF.10.IMP.M",100,"[[-0.20264007328372, 0.777103941149444, -0.253397306656892, -0.670977698977605, 0.574031960210559, 0.342099027749105, -0.613492131173341, -0.226237582693267, -0.816732009426066, 1.20057317743106], [0.0359926899908876]]","SimNLMNAR_rep4_n115000_d5_corr95_NA25_MICE.RF.10.IMP.M_100",20.4264948368073,0.082829475402832,"2025-11-28 01:11:02.918149"
"SimNLMNAR_rep5_n115000_d5_corr95_NA25","MICE.RF.10.IMP.M",100,"[[0.161465515788025, 3.05993437027523, -0.623026725403165, -1.52287460929991, 0.575077823891115, 1.38328309264583, -1.72997078546637, -1.28845213197085, -2.45295226952699, 2.87240936303243], [1.40243528790785]]","SimNLMNAR_rep5_n115000_d5_corr95_NA25_MICE.RF.10.IMP.M_100",21.0317747592926,0.0709590911865234,"2025-11-28 01:11:23.461648"
"SimNLMNAR_rep6_n115000_d5_corr95_NA25","MICE.RF.10.IMP.M",100,"[[1.24394313768919, -0.945905925603348, -0.341844077895509, -0.440422042277248, 0.511395378443759, 0.654581236354123, -0.281937745047362, 0.818279118306901, 0.123778504704577, 1.05224093897485], [-0.371876232009199]]","SimNLMNAR_rep6_n115000_d5_corr95_NA25_MICE.RF.10.IMP.M_100",20.2600336074829,0.0696899890899658,"2025-11-28 01:11:44.600077"
"SimNLMNAR_rep7_n115000_d5_corr95_NA25","MICE.RF.10.IMP.M",100,"[[0.0403050193544988, -0.572221419008051, 0.427358477219738, -0.781668063452193, 0.36970793502792, 0.585086738821116, 0.141974189281491, 0.489276231360721, 0.0104876416650759, 1.66421404793378], [-0.341229831435685]]","SimNLMNAR_rep7_n115000_d5_corr95_NA25_MICE.RF.10.IMP.M_100",21.589378118515,0.0679824352264404,"2025-11-28 01:12:04.969148"
"SimNLMNAR_rep8_n115000_d5_corr95_NA25","MICE.RF.10.IMP.M",100,"[[0.800239118160487, -0.627980557725953, -0.0325417773161731, -0.519043774397687, 0.32208074186673, 0.795161594486826, -0.104345075008966, 0.0571526647370018, 0.477921867063163, 1.2277228003309], [-0.488926110863698]]","SimNLMNAR_rep8_n115000_d5_corr95_NA25_MICE.RF.10.IMP.M_100",21.3516662120819,0.0733115673065186,"2025-11-28 01:12:26.664476"
"SimNLMNAR_rep9_n115000_d5_corr95_NA25","MICE.RF.10.IMP.M",100,"[[0.627902420333777, -0.713698282521111, 0.620902853924601, -0.664210865237039, 0.304924239341172, 0.246730035084524, 0.343246303377132, 0.0978839523342948, -0.223661134725384, 0.603459466921214], [0.15156693374765]]","SimNLMNAR_rep9_n115000_d5_corr95_NA25_MICE.RF.10.IMP.M_100",20.5310349464417,0.0676939487457275,"2025-11-28 01:12:48.125361"
"SimNLMNAR_rep0_n115000_d5_corr95_NA25","MICE.RF.10.IMP.M",500,"[[0.187024496783274, 0.467864068309494, -0.463739706825281, -0.432301482546145, 0.297262569757463, 0.307973523054211, 0.378405191867297, -0.273047642965699, -0.550382028767606, 1.2786843279711], [-0.334393328759867]]","SimNLMNAR_rep0_n115000_d5_corr95_NA25_MICE.RF.10.IMP.M_500",24.6241791248322,0.0734372138977051,"2025-11-28 01:13:08.770101"
"SimNLMNAR_rep1_n115000_d5_corr95_NA25","MICE.RF.10.IMP.M",500,"[[0.236315848761195, 0.301328657838835, -0.222617329820683, -0.586728761741347, 0.319895468292758, 0.400698383070953, 0.193828744705225, -0.391879307059073, -0.0280691780081363, 1.25916883587581], [-0.262793731929255]]","SimNLMNAR_rep1_n115000_d5_corr95_NA25_MICE.RF.10.IMP.M_500",24.4194085597992,0.0746641159057617,"2025-11-28 01:13:33.510805"
"SimNLMNAR_rep2_n115000_d5_corr95_NA25","MICE.RF.10.IMP.M",500,"[[0.394814329940503, -0.376741834221329, -0.360374071897026, -0.394119721368656, 0.348667880645566, 0.193258063868236, 0.46949974550173, 0.0566670469345047, 0.0961154169535128, 1.21745808703734], [-0.488172994016635]]","SimNLMNAR_rep2_n115000_d5_corr95_NA25_MICE.RF.10.IMP.M_500",25.0528507232666,0.0765390396118164,"2025-11-28 01:13:58.044956"
"SimNLMNAR_rep3_n115000_d5_corr95_NA25","MICE.RF.10.IMP.M",500,"[[0.338709315440663, 0.414447448123042, -0.385660946623349, -0.557924808946859, 0.336255760603992, 0.0197288166432119, -0.115157335106524, -0.150002316492896, -0.375668429041176, 1.31424243463022], [0.0778420544648994]]","SimNLMNAR_rep3_n115000_d5_corr95_NA25_MICE.RF.10.IMP.M_500",23.8107635974884,0.0984842777252197,"2025-11-28 01:14:23.216397"
"SimNLMNAR_rep4_n115000_d5_corr95_NA25","MICE.RF.10.IMP.M",500,"[[0.386585610207946, 0.0662748253550987, -0.351282476327733, -0.587382393986719, 0.382524800067421, 0.400688958330582, -0.159849962660838, -0.0872954898919696, -0.465828193789725, 1.24337554344888], [-0.201287544152519]]","SimNLMNAR_rep4_n115000_d5_corr95_NA25_MICE.RF.10.IMP.M_500",24.3049168586731,0.0748956203460693,"2025-11-28 01:14:47.168633"
"SimNLMNAR_rep5_n115000_d5_corr95_NA25","MICE.RF.10.IMP.M",500,"[[0.336431248550532, 0.432508342224507, -0.219135851752363, -0.596981934308704, 0.335721039254864, 0.540275397358226, -0.1455035170159, -0.341008434520542, -0.498774499918303, 1.03749193598691], [0.138107791764501]]","SimNLMNAR_rep5_n115000_d5_corr95_NA25_MICE.RF.10.IMP.M_500",24.7345385551453,0.0803234577178955,"2025-11-28 01:15:11.586103"
"SimNLMNAR_rep6_n115000_d5_corr95_NA25","MICE.RF.10.IMP.M",500,"[[0.672127659130862, 0.270473011118244, -0.402864722345189, -0.617684405763212, 0.379475809005177, 0.480852105344388, -0.024425527567524, -0.204982102490913, -0.397027939654941, 1.3618641471553], [-0.19833120814723]]","SimNLMNAR_rep6_n115000_d5_corr95_NA25_MICE.RF.10.IMP.M_500",24.3258192539215,0.0933012962341309,"2025-11-28 01:15:36.438592"
"SimNLMNAR_rep7_n115000_d5_corr95_NA25","MICE.RF.10.IMP.M",500,"[[0.370102382288042, 0.242147192044908, -0.21783247708133, -0.52220975936668, 0.33779197700312, -0.137787235920063, -0.047251049861381, -0.34631470260321, -0.438736372304272, 0.815595907360876], [0.30478960025638]]","SimNLMNAR_rep7_n115000_d5_corr95_NA25_MICE.RF.10.IMP.M_500",25.2384831905365,0.0845906734466553,"2025-11-28 01:16:00.89333"
"SimNLMNAR_rep8_n115000_d5_corr95_NA25","MICE.RF.10.IMP.M",500,"[[0.227679807195452, -0.0517702120323856, -0.28024157518413, -0.400009528166351, 0.354996869250706, 0.241168794043942, 0.251080907229234, -0.530902131358647, 0.010204978419306, 0.542925109408826], [0.0746798124428732]]","SimNLMNAR_rep8_n115000_d5_corr95_NA25_MICE.RF.10.IMP.M_500",24.0313820838928,0.08443284034729,"2025-11-28 01:16:26.254315"
"SimNLMNAR_rep9_n115000_d5_corr95_NA25","MICE.RF.10.IMP.M",500,"[[0.382459100635689, -0.0281871589223638, -0.288142605484825, -0.363569450606112, 0.326823452600508, 0.501735739587295, -0.119974800042786, -0.354266453325423, -0.632404211839603, 0.844418989182634], [0.0962175575450984]]","SimNLMNAR_rep9_n115000_d5_corr95_NA25_MICE.RF.10.IMP.M_500",24.2259130477905,0.0745937824249268,"2025-11-28 01:16:50.413698"
"SimNLMNAR_rep0_n115000_d5_corr95_NA25","MICE.RF.10.IMP.M",1000,"[[0.346010513258784, 0.425172413609308, -0.362262469272372, -0.535982166068524, 0.315981095418887, 0.064002483006205, 0.218627752678533, -0.268377626148579, -0.275597510275383, 1.26978035921846], [-0.100956276812131]]","SimNLMNAR_rep0_n115000_d5_corr95_NA25_MICE.RF.10.IMP.M_1000",26.3218193054199,0.0903968811035156,"2025-11-28 01:17:14.752079"
"SimNLMNAR_rep1_n115000_d5_corr95_NA25","MICE.RF.10.IMP.M",1000,"[[0.381599562688785, 0.396521209114941, -0.34161351090805, -0.584911759007656, 0.36364773416922, 0.221802867910794, 0.0693230797221416, -0.363281242767595, 0.0299635707812232, 1.1150445153425], [-0.127668010832969]]","SimNLMNAR_rep1_n115000_d5_corr95_NA25_MICE.RF.10.IMP.M_1000",25.8681061267853,0.0836355686187744,"2025-11-28 01:17:41.201452"
"SimNLMNAR_rep2_n115000_d5_corr95_NA25","MICE.RF.10.IMP.M",1000,"[[0.508527251063038, -0.131951603722183, -0.385433528717221, -0.456579370892512, 0.374591555965316, 0.0297830376162956, 0.195998149764143, -0.0976835253733597, -0.214805585598722, 1.00625469985436], [-0.0113167983572352]]","SimNLMNAR_rep2_n115000_d5_corr95_NA25_MICE.RF.10.IMP.M_1000",26.0756409168243,0.0902559757232666,"2025-11-28 01:18:07.19044"
"SimNLMNAR_rep3_n115000_d5_corr95_NA25","MICE.RF.10.IMP.M",1000,"[[0.481277465704, 0.0520597761868753, -0.195035544289011, -0.577856504010227, 0.325055063074201, 0.0777961580275756, 0.067028696333922, -0.426925572630808, -0.221089108708299, 1.12191185591077], [0.058817297500562]]","SimNLMNAR_rep3_n115000_d5_corr95_NA25_MICE.RF.10.IMP.M_1000",25.2546765804291,0.0849316120147705,"2025-11-28 01:18:33.394822"
"SimNLMNAR_rep4_n115000_d5_corr95_NA25","MICE.RF.10.IMP.M",1000,"[[0.453535925510825, 0.211284004683503, -0.261976137464583, -0.563947778599644, 0.32153996955496, -0.0417571305626588, -0.116843551794774, -0.0227401149416166, -0.39370625336484, 1.15518294568639], [0.0142227793773583]]","SimNLMNAR_rep4_n115000_d5_corr95_NA25_MICE.RF.10.IMP.M_1000",25.1502816677094,0.084261417388916,"2025-11-28 01:18:58.77571"
"SimNLMNAR_rep5_n115000_d5_corr95_NA25","MICE.RF.10.IMP.M",1000,"[[0.288094479685922, 0.119936792665303, -0.181574520547137, -0.501686901879945, 0.358905648195068, 0.506319334423532, 0.110921416057194, -0.169810430545487, -0.593358679298901, 0.947095673443081], [0.0806073141821408]]","SimNLMNAR_rep5_n115000_d5_corr95_NA25_MICE.RF.10.IMP.M_1000",26.4625422954559,0.0662133693695068,"2025-11-28 01:10:09.123907"
"SimNLMNAR_rep6_n115000_d5_corr95_NA25","MICE.RF.10.IMP.M",1000,"[[0.397873198632658, 0.524444860282273, -0.44064140857201, -0.564959081300741, 0.337493886722049, 0.330449427023898, -0.040292849429626, -0.188596759063086, -0.277178674303411, 1.28446950361633], [-0.131266850244195]]","SimNLMNAR_rep6_n115000_d5_corr95_NA25_MICE.RF.10.IMP.M_1000",24.6304006576538,0.0862181186676025,"2025-11-28 01:10:35.699891"
"SimNLMNAR_rep7_n115000_d5_corr95_NA25","MICE.RF.10.IMP.M",1000,"[[0.361005484961442, 0.419497043885596, -0.373273248143838, -0.541397682702364, 0.339638979127385, 0.0572494776028835, -0.000284797683710701, -0.347610296791913, -0.370895199896827, 1.04302641263803], [0.117170130979937]]","SimNLMNAR_rep7_n115000_d5_corr95_NA25_MICE.RF.10.IMP.M_1000",25.0228500366211,0.0759217739105225,"2025-11-28 01:11:00.456227"
"SimNLMNAR_rep8_n115000_d5_corr95_NA25","MICE.RF.10.IMP.M",1000,"[[0.499914518871835, 0.0415409614483764, -0.40383230028852, -0.486911676495093, 0.373308913839435, 0.213648581363701, 0.0373608051972103, -0.391310187763421, -0.122166617846072, 0.593960947591622], [0.107957160444547]]","SimNLMNAR_rep8_n115000_d5_corr95_NA25_MICE.RF.10.IMP.M_1000",25.6472487449646,0.0728261470794678,"2025-11-28 01:11:25.588739"
"SimNLMNAR_rep9_n115000_d5_corr95_NA25","MICE.RF.10.IMP.M",1000,"[[0.377369125224957, 0.100286201204274, -0.321357838011382, -0.452201574140403, 0.335099054155364, 0.456123343802452, 0.0582555850453963, -0.231466979462969, -0.569640879347277, 0.925528110451286], [-0.0289561008218539]]","SimNLMNAR_rep9_n115000_d5_corr95_NA25_MICE.RF.10.IMP.M_1000",25.7010679244995,0.0686936378479004,"2025-11-28 01:11:51.340695"
"SimNLMNAR_rep0_n115000_d5_corr95_NA25","MICE.RF.10.IMP.M",5000,"[[0.302129030531796, 0.436402850739888, -0.40836682411454, -0.557726076890029, 0.340456362869141, 0.194063700634167, 0.107971288214347, -0.140264732572467, -0.296027080780233, 1.00872485627165], [-0.1010991868103]]","SimNLMNAR_rep0_n115000_d5_corr95_NA25_MICE.RF.10.IMP.M_5000",46.5069591999054,0.113701820373535,"2025-11-28 01:12:17.143637"
"SimNLMNAR_rep1_n115000_d5_corr95_NA25","MICE.RF.10.IMP.M",5000,"[[0.306332397566366, 0.429113524363736, -0.337885531914265, -0.593937303734095, 0.358079314978605, 0.215844245471456, 0.0633337564432722, -0.176000230840787, -0.12450990975274, 0.912398537055599], [-0.0988094872747928]]","SimNLMNAR_rep1_n115000_d5_corr95_NA25_MICE.RF.10.IMP.M_5000",46.0830416679382,0.0978212356567383,"2025-11-28 01:13:03.80014"
"SimNLMNAR_rep2_n115000_d5_corr95_NA25","MICE.RF.10.IMP.M",5000,"[[0.515171168553895, 0.113099905650354, -0.278205793385535, -0.567272821434251, 0.342913297697428, 0.175691218000044, 0.0141145886611378, -0.15773234346943, -0.207119012000588, 0.947077536263738], [0.0074506687560483]]","SimNLMNAR_rep2_n115000_d5_corr95_NA25_MICE.RF.10.IMP.M_5000",46.7014718055725,0.100885391235352,"2025-11-28 01:13:50.020807"
"SimNLMNAR_rep3_n115000_d5_corr95_NA25","MICE.RF.10.IMP.M",5000,"[[0.367510048091128, 0.338931051096902, -0.320952778837455, -0.572052070327108, 0.339320107998598, 0.189895027560127, 0.106895107013129, -0.246633428076035, -0.151836340943259, 1.09062182723135], [-0.157572946641291]]","SimNLMNAR_rep3_n115000_d5_corr95_NA25_MICE.RF.10.IMP.M_5000",46.0651576519012,0.0972504615783691,"2025-11-28 01:14:36.874405"
"SimNLMNAR_rep4_n115000_d5_corr95_NA25","MICE.RF.10.IMP.M",5000,"[[0.448147413025168, 0.332625257504048, -0.320420105315163, -0.606872112791786, 0.317391889405468, 0.228190421239206, -0.0204120495621439, -0.339267641662079, -0.411439960755289, 1.01021693165622], [-0.0142164392975952]]","SimNLMNAR_rep4_n115000_d5_corr95_NA25_MICE.RF.10.IMP.M_5000",45.6712996959686,0.0889043807983398,"2025-11-28 01:15:23.082984"
"SimNLMNAR_rep5_n115000_d5_corr95_NA25","MICE.RF.10.IMP.M",5000,"[[0.61601613295708, 0.0993671079092401, -0.423883703710889, -0.517574518858844, 0.3511292480655, 0.255666206119277, 0.108881748546905, -0.253794708729418, -0.239370839629543, 0.884675006467834], [0.00670202351152356]]","SimNLMNAR_rep5_n115000_d5_corr95_NA25_MICE.RF.10.IMP.M_5000",44.7530510425568,0.636584043502808,"2025-11-28 01:16:08.890256"
"SimNLMNAR_rep6_n115000_d5_corr95_NA25","MICE.RF.10.IMP.M",5000,"[[0.412309328492486, 0.270085424151445, -0.387794094328994, -0.499835710732198, 0.331456697443411, 0.221145063668954, 0.105057411930891, -0.120831197258721, -0.233302945914235, 1.10636387294385], [-0.16660080071849]]","SimNLMNAR_rep6_n115000_d5_corr95_NA25_MICE.RF.10.IMP.M_5000",43.9512939453125,0.0903861522674561,"2025-11-28 01:16:54.319961"
"SimNLMNAR_rep7_n115000_d5_corr95_NA25","MICE.RF.10.IMP.M",5000,"[[0.492743593015006, 0.229386512503514, -0.338393070625205, -0.606033084800671, 0.339841419813829, 0.172412788142114, 0.109151245437632, -0.273770610372081, -0.312564927076958, 0.935445817170446], [0.0143630914704376]]","SimNLMNAR_rep7_n115000_d5_corr95_NA25_MICE.RF.10.IMP.M_5000",44.2426898479462,0.0983705520629883,"2025-11-28 01:17:38.403987"
"SimNLMNAR_rep8_n115000_d5_corr95_NA25","MICE.RF.10.IMP.M",5000,"[[0.331558728650767, 0.3473607357289, -0.36759558675296, -0.512169165254429, 0.340992778853967, 0.14059700687639, 0.105968748577087, -0.177273159776447, -0.238252696353791, 0.875029634583658], [-0.0111988622265059]]","SimNLMNAR_rep8_n115000_d5_corr95_NA25_MICE.RF.10.IMP.M_5000",45.0383625030518,0.0974886417388916,"2025-11-28 01:18:22.787556"
"SimNLMNAR_rep9_n115000_d5_corr95_NA25","MICE.RF.10.IMP.M",5000,"[[0.384620155913173, 0.340432802240412, -0.404633690165825, -0.521990098190549, 0.337816579742348, 0.172247957452569, 0.0739884990712076, -0.167373869990036, -0.367042490267753, 0.947072234038177], [-0.0300604194906666]]","SimNLMNAR_rep9_n115000_d5_corr95_NA25_MICE.RF.10.IMP.M_5000",43.897664308548,0.084557056427002,"2025-11-28 01:19:07.962431"
"SimNLMNAR_rep0_n115000_d5_corr95_NA25","MICE.RF.10.IMP.M",10000,"[[0.346174677337006, 0.429755672783406, -0.401975301425499, -0.580369781929232, 0.346148873984133, 0.198365714989069, 0.0191402964945303, -0.178497114053635, -0.196681777478511, 0.993930550753153], [-0.0667847643430339]]","SimNLMNAR_rep0_n115000_d5_corr95_NA25_MICE.RF.10.IMP.M_10000",68.2961585521698,0.0966598987579346,"2025-11-28 01:19:51.981136"
"SimNLMNAR_rep1_n115000_d5_corr95_NA25","MICE.RF.10.IMP.M",10000,"[[0.333666511921584, 0.391423618054217, -0.343835166380426, -0.59795721945976, 0.340425396775751, 0.24395787768933, 0.0649025194290034, -0.163745728642036, -0.19376510045076, 0.980802050298706], [-0.0863071975562652]]","SimNLMNAR_rep1_n115000_d5_corr95_NA25_MICE.RF.10.IMP.M_10000",66.0473420619965,0.086921215057373,"2025-11-28 01:21:00.415725"
"SimNLMNAR_rep2_n115000_d5_corr95_NA25","MICE.RF.10.IMP.M",10000,"[[0.425150559436495, 0.273474195571038, -0.281490446960093, -0.587574164583165, 0.336516467915555, 0.160288097229128, 0.0567053425260846, -0.195709418644263, -0.210464359248782, 0.939134686789853], [0.0128803608690534]]","SimNLMNAR_rep2_n115000_d5_corr95_NA25_MICE.RF.10.IMP.M_10000",65.0189936161041,0.094761848449707,"2025-11-28 01:22:06.587106"
"SimNLMNAR_rep3_n115000_d5_corr95_NA25","MICE.RF.10.IMP.M",10000,"[[0.452364247915366, 0.347815311455367, -0.358232690325047, -0.590649350873704, 0.340027140010251, 0.170430464702622, 0.0809629742515058, -0.130551550332211, -0.231623608406487, 0.993944254078103], [-0.0860266128063001]]","SimNLMNAR_rep3_n115000_d5_corr95_NA25_MICE.RF.10.IMP.M_10000",64.1381721496582,0.0931446552276611,"2025-11-28 01:23:11.737773"
"SimNLMNAR_rep4_n115000_d5_corr95_NA25","MICE.RF.10.IMP.M",10000,"[[0.448935225239671, 0.360616334183139, -0.372054793351143, -0.603231837300105, 0.321981875932146, 0.169488020111872, 0.0235626003851968, -0.213323857409564, -0.330737925842988, 0.977953412238039], [-0.076415242203807]]","SimNLMNAR_rep4_n115000_d5_corr95_NA25_MICE.RF.10.IMP.M_10000",63.402058839798,0.0889968872070312,"2025-11-28 01:24:16.004199"
"SimNLMNAR_rep5_n115000_d5_corr95_NA25","MICE.RF.10.IMP.M",10000,"[[0.568434319401085, 0.120733948884886, -0.360209539928764, -0.540475239114112, 0.336521723005287, 0.162796747928673, 0.116804464425309, -0.200236931637977, -0.267110959665746, 0.901715961135339], [0.0130572849465949]]","SimNLMNAR_rep5_n115000_d5_corr95_NA25_MICE.RF.10.IMP.M_10000",63.4031853675842,0.0795848369598389,"2025-11-28 01:25:19.532062"
"SimNLMNAR_rep6_n115000_d5_corr95_NA25","MICE.RF.10.IMP.M",10000,"[[0.423164492233599, 0.356716758979146, -0.375072112735095, -0.584963177751662, 0.333285035252463, 0.16906353471005, 0.0945227766100358, -0.19008889691154, -0.249637878750095, 1.119715402556], [-0.0811958351247856]]","SimNLMNAR_rep6_n115000_d5_corr95_NA25_MICE.RF.10.IMP.M_10000",62.6344866752625,0.0831775665283203,"2025-11-28 01:26:23.050721"
"SimNLMNAR_rep7_n115000_d5_corr95_NA25","MICE.RF.10.IMP.M",10000,"[[0.438137474596086, 0.271738760632895, -0.303608719928566, -0.621154347243553, 0.326183117708018, 0.156447189356451, 0.089242090050637, -0.196128273273394, -0.25550187920978, 0.953095456480138], [-0.020938285280258]]","SimNLMNAR_rep7_n115000_d5_corr95_NA25_MICE.RF.10.IMP.M_10000",61.8417737483978,0.0918049812316895,"2025-11-28 01:27:25.803333"
"SimNLMNAR_rep8_n115000_d5_corr95_NA25","MICE.RF.10.IMP.M",10000,"[[0.30666915883277, 0.379035856360186, -0.343388338896751, -0.558293880034246, 0.338093333628426, 0.206068857819302, 0.0611055167238832, -0.169069698007981, -0.247989886296325, 0.99601733043239], [-0.0673403659370355]]","SimNLMNAR_rep8_n115000_d5_corr95_NA25_MICE.RF.10.IMP.M_10000",62.229133605957,0.0828814506530762,"2025-11-28 01:28:27.773171"
"SimNLMNAR_rep9_n115000_d5_corr95_NA25","MICE.RF.10.IMP.M",10000,"[[0.357412071414314, 0.361096579430401, -0.324453808890269, -0.589507102552136, 0.344085184583183, 0.208352062098536, 0.100074912613114, -0.228324412187274, -0.275418952646476, 0.887818563203197], [-0.0166577170530313]]","SimNLMNAR_rep9_n115000_d5_corr95_NA25_MICE.RF.10.IMP.M_10000",66.0854089260101,0.0991601943969727,"2025-11-28 01:10:16.883141"
"SimNLMNAR_rep0_n115000_d5_corr95_NA25","MICE.RF.10.IMP.M",50000,"[[0.403377651758598, 0.313467980480638, -0.317366732948255, -0.603309449528002, 0.344488033229144, 0.187567394114021, 0.0804419367846951, -0.180130242351883, -0.186870481649223, 0.942008361511112], [-0.0411764670120121]]","SimNLMNAR_rep0_n115000_d5_corr95_NA25_MICE.RF.10.IMP.M_50000",326.637316942215,0.15422248840332,"2025-11-28 01:11:23.113533"
"SimNLMNAR_rep1_n115000_d5_corr95_NA25","MICE.RF.10.IMP.M",50000,"[[0.391049206712034, 0.328657549747378, -0.290638749391089, -0.628676943969288, 0.34207396225418, 0.168259065450687, 0.0794922808960802, -0.214640787112684, -0.20697763582765, 0.947625130877828], [-0.00688470118613121]]","SimNLMNAR_rep1_n115000_d5_corr95_NA25_MICE.RF.10.IMP.M_50000",321.735462188721,0.150152921676636,"2025-11-28 01:16:49.943785"
"SimNLMNAR_rep2_n115000_d5_corr95_NA25","MICE.RF.10.IMP.M",50000,"[[0.395981825885832, 0.323888241036108, -0.310061433497762, -0.603819418832172, 0.34300619075466, 0.16674553885431, 0.0422853444068383, -0.179386435028228, -0.199941865777247, 0.94047331526672], [-0.0142605288336954]]","SimNLMNAR_rep2_n115000_d5_corr95_NA25_MICE.RF.10.IMP.M_50000",304.235506534576,0.674939870834351,"2025-11-28 01:22:11.862443"
"SimNLMNAR_rep3_n115000_d5_corr95_NA25","MICE.RF.10.IMP.M",50000,"[[0.40019191642701, 0.289924972757582, -0.307040592317884, -0.587047629521742, 0.342539397943771, 0.177825476142339, 0.0823182899468744, -0.18900448156077, -0.199409187544337, 0.945022031128934], [-0.04140098570053]]","SimNLMNAR_rep3_n115000_d5_corr95_NA25_MICE.RF.10.IMP.M_50000",288.129727363586,0.130053043365479,"2025-11-28 01:27:16.807812"
"SimNLMNAR_rep4_n115000_d5_corr95_NA25","MICE.RF.10.IMP.M",50000,"[[0.420425017829558, 0.318848402567924, -0.347098356240908, -0.590449312801572, 0.337258690375496, 0.165330692414332, 0.0778205610006859, -0.170019943515934, -0.251919323459739, 0.947116753505288], [-0.0543343128958288]]","SimNLMNAR_rep4_n115000_d5_corr95_NA25_MICE.RF.10.IMP.M_50000",279.705303430557,0.135206699371338,"2025-11-28 01:32:05.103475"
"SimNLMNAR_rep5_n115000_d5_corr95_NA25","MICE.RF.10.IMP.M",50000,"[[0.432453681450361, 0.271311889322739, -0.312787192489017, -0.585989110557745, 0.334593824417348, 0.179287115350648, 0.101344069259202, -0.183979583915007, -0.269074597342358, 0.938792387187072], [-0.00821530116151938]]","SimNLMNAR_rep5_n115000_d5_corr95_NA25_MICE.RF.10.IMP.M_50000",276.529341220856,0.122341156005859,"2025-11-28 01:36:44.975554"
"SimNLMNAR_rep6_n115000_d5_corr95_NA25","MICE.RF.10.IMP.M",50000,"[[0.403732026928078, 0.333040609767496, -0.338288635472603, -0.59188952870071, 0.335664746353124, 0.182921334292477, 0.0900402158806082, -0.179751451742317, -0.234108293567644, 0.979820328211563], [-0.0424019406098109]]","SimNLMNAR_rep6_n115000_d5_corr95_NA25_MICE.RF.10.IMP.M_50000",277.190307855606,0.1277756690979,"2025-11-28 01:41:21.661819"
"SimNLMNAR_rep7_n115000_d5_corr95_NA25","MICE.RF.10.IMP.M",50000,"[[0.420574988604741, 0.307679342289314, -0.319089324898644, -0.605085720761919, 0.339909326046632, 0.169386664400857, 0.0844601980963587, -0.203833975552968, -0.256527540867148, 0.960069288184421], [-0.0369319611897914]]","SimNLMNAR_rep7_n115000_d5_corr95_NA25_MICE.RF.10.IMP.M_50000",279.004719257355,0.120965242385864,"2025-11-28 01:45:59.010952"
"SimNLMNAR_rep8_n115000_d5_corr95_NA25","MICE.RF.10.IMP.M",50000,"[[0.41114087306029, 0.311834337283407, -0.323873672558682, -0.599126643644665, 0.340242668462856, 0.172284853832341, 0.065103278146112, -0.190446152929085, -0.261919970808209, 0.966193893710239], [-0.0145710338082744]]","SimNLMNAR_rep8_n115000_d5_corr95_NA25_MICE.RF.10.IMP.M_50000",269.728247642517,0.122134447097778,"2025-11-28 01:50:38.167544"
"SimNLMNAR_rep9_n115000_d5_corr95_NA25","MICE.RF.10.IMP.M",50000,"[[0.389871592547668, 0.334354564983115, -0.322002285279456, -0.586886456790615, 0.340082018960208, 0.168824035708393, 0.0956420109970347, -0.191529732987356, -0.264000648415676, 0.945409153017504], [-0.0395726644228447]]","SimNLMNAR_rep9_n115000_d5_corr95_NA25_MICE.RF.10.IMP.M_50000",266.867310762405,0.124710321426392,"2025-11-28 01:55:08.048922"
"SimNLMNAR_rep0_n115000_d5_corr95_NA25","MICE.RF.10.Y.IMP.M",100,"[[-1.16139129510753, 0.602183917011055, -0.047051393327711, -0.233874040538278, 0.480587163170608, -0.0361651229374369, 0.842873874148668, 0.393568522033192, -0.859611821595609, 2.6199904952497], [-1.08612568741105]]","SimNLMNAR_rep0_n115000_d5_corr95_NA25_MICE.RF.10.Y.IMP.M_100",27.7973182201385,0.0739736557006836,"2025-11-28 01:59:35.071772"
"SimNLMNAR_rep1_n115000_d5_corr95_NA25","MICE.RF.10.Y.IMP.M",100,"[[1.03036806897824, -0.815559983520749, -0.727045097191763, -0.521303358015557, 0.65156231807465, 0.893573220207332, 0.751977926994638, -0.547534190601953, -0.585835682753678, -0.181960210162649], [-0.242981724837799]]","SimNLMNAR_rep1_n115000_d5_corr95_NA25_MICE.RF.10.Y.IMP.M_100",28.7418642044067,0.0746715068817139,"2025-11-28 02:00:02.973037"
"SimNLMNAR_rep2_n115000_d5_corr95_NA25","MICE.RF.10.Y.IMP.M",100,"[[0.173196771856738, -0.767463277307662, -0.454040643825514, -0.871269292279908, 0.792889242555102, 0.185280670953051, 1.73335932948292, -0.326620057491296, -1.22442306233847, 0.48967415011895], [-0.486671810194979]]","SimNLMNAR_rep2_n115000_d5_corr95_NA25_MICE.RF.10.Y.IMP.M_100",28.7091152667999,0.0769646167755127,"2025-11-28 02:00:31.821515"
"SimNLMNAR_rep3_n115000_d5_corr95_NA25","MICE.RF.10.Y.IMP.M",100,"[[0.954587687796924, 0.75664826902225, -0.172238847048742, -0.862221660326363, 0.973557054827859, -1.14778515333914, -1.84434941176442, -1.41444533593151, -0.0200399260291587, 1.0262482294889], [1.42158709713841]]","SimNLMNAR_rep3_n115000_d5_corr95_NA25_MICE.RF.10.Y.IMP.M_100",28.643735408783,0.0670075416564941,"2025-11-28 02:01:00.637817"
"SimNLMNAR_rep4_n115000_d5_corr95_NA25","MICE.RF.10.Y.IMP.M",100,"[[-0.46361628100139, 0.931300600629631, -0.407173312722343, -0.630164643387761, 0.742329285370623, 0.174315811147142, -0.673471497907481, -0.391425115317919, -1.0114780334432, 1.15611922336395], [0.225271722234899]]","SimNLMNAR_rep4_n115000_d5_corr95_NA25_MICE.RF.10.Y.IMP.M_100",29.5430135726929,0.0778350830078125,"2025-11-28 02:01:29.378539"
"SimNLMNAR_rep5_n115000_d5_corr95_NA25","MICE.RF.10.Y.IMP.M",100,"[[1.12369258288447, 4.30096475270624, -1.02192681631232, -3.0259832370466, 1.07234667199063, 2.48462394257908, -2.39063233553107, -2.60300073686832, -4.35193951040702, 3.76110016489222], [2.49702386213025]]","SimNLMNAR_rep5_n115000_d5_corr95_NA25_MICE.RF.10.Y.IMP.M_100",28.6903576850891,0.0775294303894043,"2025-11-28 02:01:59.048322"
"SimNLMNAR_rep6_n115000_d5_corr95_NA25","MICE.RF.10.Y.IMP.M",100,"[[1.33927922250334, -1.18127729732303, -0.831397470299605, -0.464716839902443, 1.0247102316209, 0.848455191683183, -0.527399977876551, 0.2599803656657, 0.392659167914963, 0.900090135224921], [-0.590333187326998]]","SimNLMNAR_rep6_n115000_d5_corr95_NA25_MICE.RF.10.Y.IMP.M_100",29.6375920772552,0.558270692825317,"2025-11-28 02:02:27.848807"
"SimNLMNAR_rep7_n115000_d5_corr95_NA25","MICE.RF.10.Y.IMP.M",100,"[[0.0789239592770054, -0.426824424728579, 0.250204687932117, -0.778415839532621, 0.546191789210039, 0.471992236875947, 0.0329850640253811, 0.322123840679957, -0.089113567927372, 1.49012663078672], [-0.302945688548236]]","SimNLMNAR_rep7_n115000_d5_corr95_NA25_MICE.RF.10.Y.IMP.M_100",27.6763379573822,0.0621829032897949,"2025-11-28 02:02:58.074062"
"SimNLMNAR_rep8_n115000_d5_corr95_NA25","MICE.RF.10.Y.IMP.M",100,"[[0.941386630492167, -0.694482192203321, -0.0163298047630997, -0.755307138279637, 0.491842035302517, 0.865777692477478, -0.191170016417541, -0.0280952557410438, 0.535791818330547, 1.46147455391671], [-0.286120870169192]]","SimNLMNAR_rep8_n115000_d5_corr95_NA25_MICE.RF.10.Y.IMP.M_100",29.0247511863708,0.0808634757995605,"2025-11-28 02:03:25.842837"
"SimNLMNAR_rep9_n115000_d5_corr95_NA25","MICE.RF.10.Y.IMP.M",100,"[[0.600313295391149, -1.44917483394429, 0.543617439065311, -0.424600768534583, 0.486648479768259, 0.317611063078561, 0.207143062457531, 0.278063987977615, 0.0204788930251464, 0.699259941320009], [-0.0624836682941513]]","SimNLMNAR_rep9_n115000_d5_corr95_NA25_MICE.RF.10.Y.IMP.M_100",28.029590845108,0.0648207664489746,"2025-11-28 02:03:54.979222"
"SimNLMNAR_rep0_n115000_d5_corr95_NA25","MICE.RF.10.Y.IMP.M",500,"[[0.0376933001035094, 0.629623423070932, -0.956704116321609, -0.433541509755552, 0.604264006343722, 0.371198318475344, 0.373822086786907, -0.381541937561584, -0.649693359251187, 0.969711040135854], [-0.435181166414738]]","SimNLMNAR_rep0_n115000_d5_corr95_NA25_MICE.RF.10.Y.IMP.M_500",31.2420463562012,0.0869216918945312,"2025-11-28 02:04:23.10379"
"SimNLMNAR_rep1_n115000_d5_corr95_NA25","MICE.RF.10.Y.IMP.M",500,"[[0.282038425153343, 0.377061074937381, -0.451262474407222, -0.867452867858142, 0.576986280966928, 0.415475693952215, 0.218810646276591, -0.3182756886665, -0.0386885979520191, 0.967021536911189], [-0.367026183481807]]","SimNLMNAR_rep1_n115000_d5_corr95_NA25_MICE.RF.10.Y.IMP.M_500",30.2770266532898,0.0655848979949951,"2025-11-28 02:04:54.476922"
"SimNLMNAR_rep2_n115000_d5_corr95_NA25","MICE.RF.10.Y.IMP.M",500,"[[0.499249985109565, -0.543483985016015, -0.639789529056277, -0.701451247222184, 0.705930026880385, 0.175526894706612, 0.682725376139474, 0.193868406335047, 0.13222686820787, 0.850027592165426], [-0.607280292054364]]","SimNLMNAR_rep2_n115000_d5_corr95_NA25_MICE.RF.10.Y.IMP.M_500",31.7370963096619,0.0664703845977783,"2025-11-28 02:05:24.849961"
"SimNLMNAR_rep3_n115000_d5_corr95_NA25","MICE.RF.10.Y.IMP.M",500,"[[0.453619053830859, 0.210621988147879, -0.51519360448983, -0.872845061844647, 0.709206389786949, -0.099671827762977, -0.0434457732400206, -0.268254897810835, -0.342668751406321, 0.769708705843445], [0.175463748479305]]","SimNLMNAR_rep3_n115000_d5_corr95_NA25_MICE.RF.10.Y.IMP.M_500",30.7243845462799,0.0768001079559326,"2025-11-28 02:05:56.69469"
"SimNLMNAR_rep4_n115000_d5_corr95_NA25","MICE.RF.10.Y.IMP.M",500,"[[0.453700620711661, -0.142359660670997, -0.529009351578995, -0.734955958873263, 0.713019884950272, 0.250244162472666, -0.31857239411496, -0.113396170431646, -0.497003020184418, 0.861448124662523], [-0.168610040189252]]","SimNLMNAR_rep4_n115000_d5_corr95_NA25_MICE.RF.10.Y.IMP.M_500",35.4989521503448,0.0806131362915039,"2025-11-28 01:10:24.877634"
"SimNLMNAR_rep5_n115000_d5_corr95_NA25","MICE.RF.10.Y.IMP.M",500,"[[0.346532072101962, 0.224114007194896, -0.245717034986188, -0.815736205927217, 0.596530350590028, 0.538892062088943, -0.0586227045398521, -0.327597177654653, -0.374081467225788, 0.633236799286305], [0.103670106161749]]","SimNLMNAR_rep5_n115000_d5_corr95_NA25_MICE.RF.10.Y.IMP.M_500",34.97882604599,0.0806820392608643,"2025-11-28 01:11:00.505081"
"SimNLMNAR_rep6_n115000_d5_corr95_NA25","MICE.RF.10.Y.IMP.M",500,"[[0.875345949441809, -0.0889295497751073, -0.546328262074199, -0.858799203205731, 0.742795144167917, 0.431902104982914, 0.111170572941175, -0.463230921540859, -0.279243705241219, 1.02029936241429], [-0.204387381392051]]","SimNLMNAR_rep6_n115000_d5_corr95_NA25_MICE.RF.10.Y.IMP.M_500",34.9646811485291,0.0798711776733398,"2025-11-28 01:11:35.602927"
"SimNLMNAR_rep7_n115000_d5_corr95_NA25","MICE.RF.10.Y.IMP.M",500,"[[0.455598463478951, -0.0638637311861768, -0.314889181338025, -0.636834462751659, 0.562770036299512, -0.139404489955744, -0.0397225569421141, -0.346529725476491, -0.590966058194061, 0.613034187097108], [0.298750332961628]]","SimNLMNAR_rep7_n115000_d5_corr95_NA25_MICE.RF.10.Y.IMP.M_500",36.0378096103668,0.0988903045654297,"2025-11-28 01:12:10.682563"
"SimNLMNAR_rep8_n115000_d5_corr95_NA25","MICE.RF.10.Y.IMP.M",500,"[[0.595802536123553, -0.469144408828911, -0.547548740170806, -0.506739023977868, 0.649666774079929, 0.235438183737055, 0.27771344043303, -0.558842982860215, -0.00146968697559536, 0.323878974198596], [0.131378152820521]]","SimNLMNAR_rep8_n115000_d5_corr95_NA25_MICE.RF.10.Y.IMP.M_500",38.1511654853821,0.0865180492401123,"2025-11-28 01:12:46.853354"
"SimNLMNAR_rep9_n115000_d5_corr95_NA25","MICE.RF.10.Y.IMP.M",500,"[[0.463895212295231, -0.0818433075625828, -0.402201074908243, -0.740704112710674, 0.619060154008802, 0.562569792215567, 0.0219841687364116, -0.462749096765596, -0.633356740362651, 0.570071888898251], [0.0851324593380146]]","SimNLMNAR_rep9_n115000_d5_corr95_NA25_MICE.RF.10.Y.IMP.M_500",38.2445831298828,0.0866625308990479,"2025-11-28 01:13:25.129971"
"SimNLMNAR_rep0_n115000_d5_corr95_NA25","MICE.RF.10.Y.IMP.M",1000,"[[0.307522114807858, 0.639110252059179, -0.793195401582014, -0.773722082428121, 0.669979280612234, 0.226806316856751, 0.192284796477141, -0.417965325917476, -0.340848266075496, 0.816638060487594], [-0.172646949975126]]","SimNLMNAR_rep0_n115000_d5_corr95_NA25_MICE.RF.10.Y.IMP.M_1000",41.1957702636719,0.127576112747192,"2025-11-28 01:14:03.497833"
"SimNLMNAR_rep1_n115000_d5_corr95_NA25","MICE.RF.10.Y.IMP.M",1000,"[[0.388394624542079, 0.433295199972719, -0.603430675942882, -0.836477076660241, 0.679013354853836, 0.291329385969577, 0.0896865912672855, -0.336995355542891, 0.112673218661539, 0.74856229581619], [-0.289861011901265]]","SimNLMNAR_rep1_n115000_d5_corr95_NA25_MICE.RF.10.Y.IMP.M_1000",38.9199419021606,0.0769617557525635,"2025-11-28 01:14:44.862359"
"SimNLMNAR_rep2_n115000_d5_corr95_NA25","MICE.RF.10.Y.IMP.M",1000,"[[0.683297103617664, -0.506284601258471, -0.496339665422541, -0.643416988231681, 0.672872753723255, -0.00245058686070803, 0.217979742319091, -0.186281230067327, -0.221155565561395, 0.669760052506796], [0.0831690754392613]]","SimNLMNAR_rep2_n115000_d5_corr95_NA25_MICE.RF.10.Y.IMP.M_1000",39.1686799526215,0.0902373790740967,"2025-11-28 01:15:23.898613"
"SimNLMNAR_rep3_n115000_d5_corr95_NA25","MICE.RF.10.Y.IMP.M",1000,"[[0.59460323589121, -0.0122723701959495, -0.517113431824354, -0.852818446089777, 0.678714175439869, 0.046137246523938, -0.0219685659572413, -0.392607243871054, -0.203080503651563, 0.723307087269835], [0.0469815470655761]]","SimNLMNAR_rep3_n115000_d5_corr95_NA25_MICE.RF.10.Y.IMP.M_1000",38.142772436142,0.0823116302490234,"2025-11-28 01:16:03.200783"
"SimNLMNAR_rep4_n115000_d5_corr95_NA25","MICE.RF.10.Y.IMP.M",1000,"[[0.599811720604326, -0.109924363761207, -0.439511751014646, -0.67554410975972, 0.607005628451789, 0.0187294891909916, -0.22578543263309, -0.140845245037118, -0.46794772692936, 0.819216708717767], [0.0499300489307321]]","SimNLMNAR_rep4_n115000_d5_corr95_NA25_MICE.RF.10.Y.IMP.M_1000",38.9686717987061,0.0762879848480225,"2025-11-28 01:16:41.999647"
"SimNLMNAR_rep5_n115000_d5_corr95_NA25","MICE.RF.10.Y.IMP.M",1000,"[[0.344852086607471, 0.0691297503785099, -0.222913192074751, -0.892122124073612, 0.667588835520013, 0.595684685877316, 0.169810797419995, -0.134644360371586, -0.515451683302033, 0.528830433870447], [0.0390422068704377]]","SimNLMNAR_rep5_n115000_d5_corr95_NA25_MICE.RF.10.Y.IMP.M_1000",40.4658722877502,0.0868220329284668,"2025-11-28 01:17:21.080155"
"SimNLMNAR_rep6_n115000_d5_corr95_NA25","MICE.RF.10.Y.IMP.M",1000,"[[0.653885336414249, 0.439546924823436, -0.650065584690862, -0.898714037391606, 0.690397588711219, 0.200011524981731, -0.120027871467441, -0.20988678729869, -0.232052401971518, 0.849134750244273], [-0.137006667044197]]","SimNLMNAR_rep6_n115000_d5_corr95_NA25_MICE.RF.10.Y.IMP.M_1000",39.3682932853699,0.08544921875,"2025-11-28 01:18:01.667327"
"SimNLMNAR_rep7_n115000_d5_corr95_NA25","MICE.RF.10.Y.IMP.M",1000,"[[0.533922241573804, 0.201381076226591, -0.62348397044205, -0.739182174018831, 0.687575154667446, 0.13733060776245, -0.0384967650350444, -0.405345672566401, -0.372205537561048, 0.510689407811902], [0.108290117858538]]","SimNLMNAR_rep7_n115000_d5_corr95_NA25_MICE.RF.10.Y.IMP.M_1000",38.3817133903503,0.0765872001647949,"2025-11-28 01:18:41.161058"
"SimNLMNAR_rep8_n115000_d5_corr95_NA25","MICE.RF.10.Y.IMP.M",1000,"[[0.96135160782481, -0.579787960307187, -0.68460129239323, -0.568657006711946, 0.669293400351054, 0.223098899004103, 0.0693081258780738, -0.383208726142615, -0.0512226298720682, 0.347847078768273], [0.0684758116688246]]","SimNLMNAR_rep8_n115000_d5_corr95_NA25_MICE.RF.10.Y.IMP.M_1000",39.4819383621216,0.0853140354156494,"2025-11-28 01:19:19.65662"
"SimNLMNAR_rep9_n115000_d5_corr95_NA25","MICE.RF.10.Y.IMP.M",1000,"[[0.421554162449857, -0.153275014268013, -0.571371309514203, -0.578495586896686, 0.68258398143204, 0.578738113417704, -0.0212332795406845, -0.372255476777442, -0.717752230809292, 0.520872816364586], [0.0482432726507243]]","SimNLMNAR_rep9_n115000_d5_corr95_NA25_MICE.RF.10.Y.IMP.M_1000",38.7288572788239,0.0924148559570312,"2025-11-28 01:19:59.258829"
"SimNLMNAR_rep0_n115000_d5_corr95_NA25","MICE.RF.10.Y.IMP.M",5000,"[[0.519180629915597, 0.300961716595449, -0.694617053957311, -0.865414687976892, 0.715527843204652, 0.284867064164574, 0.0828150789220532, -0.209299608183709, -0.321456993500119, 0.613099350272242], [-0.139556458969557]]","SimNLMNAR_rep0_n115000_d5_corr95_NA25_MICE.RF.10.Y.IMP.M_5000",59.4085652828217,0.112632036209106,"2025-11-28 01:20:38.118246"
"SimNLMNAR_rep1_n115000_d5_corr95_NA25","MICE.RF.10.Y.IMP.M",5000,"[[0.520215627343085, 0.193676511645541, -0.529971382071022, -0.91847869051581, 0.730669573921169, 0.214891494353185, 0.0769085902286308, -0.235519024874526, -0.166167263033784, 0.524235955113992], [-0.122551157444869]]","SimNLMNAR_rep1_n115000_d5_corr95_NA25_MICE.RF.10.Y.IMP.M_5000",58.5062263011932,0.0915918350219727,"2025-11-28 01:21:37.681498"
"SimNLMNAR_rep2_n115000_d5_corr95_NA25","MICE.RF.10.Y.IMP.M",5000,"[[0.827186023258518, -0.0510322845889365, -0.546187774222188, -0.926541764940976, 0.729588482996758, 0.199119787977959, 0.0409038307484091, -0.179054772980225, -0.215588349986043, 0.571666157082866], [0.0392322006973703]]","SimNLMNAR_rep2_n115000_d5_corr95_NA25_MICE.RF.10.Y.IMP.M_5000",58.063937664032,0.535940408706665,"2025-11-28 01:22:36.316064"
"SimNLMNAR_rep3_n115000_d5_corr95_NA25","MICE.RF.10.Y.IMP.M",5000,"[[0.738504953479875, 0.0175392686544368, -0.687523937119799, -0.801908020341806, 0.740619267537379, 0.227098665403124, -0.00573257593572852, -0.319944161455196, -0.141727826658906, 0.640872459744257], [-0.211795823348889]]","SimNLMNAR_rep3_n115000_d5_corr95_NA25_MICE.RF.10.Y.IMP.M_5000",59.0098011493683,0.0910630226135254,"2025-11-28 01:23:34.953936"
"SimNLMNAR_rep4_n115000_d5_corr95_NA25","MICE.RF.10.Y.IMP.M",5000,"[[0.807628694468275, 0.0392568669806966, -0.561442525562867, -0.942286287389911, 0.714941528898623, 0.209765314623812, -0.14863248739281, -0.417572128829584, -0.414517762198777, 0.640358216115744], [0.0254624870826014]]","SimNLMNAR_rep4_n115000_d5_corr95_NA25_MICE.RF.10.Y.IMP.M_5000",57.5528087615967,0.0924503803253174,"2025-11-28 01:24:34.092182"
"SimNLMNAR_rep5_n115000_d5_corr95_NA25","MICE.RF.10.Y.IMP.M",5000,"[[0.94055977749776, -0.00506702050383918, -0.835393051523395, -0.850870856134748, 0.774877763653632, 0.285144266088989, 0.0501526917946508, -0.275949652023021, -0.271176671637069, 0.442481809281424], [-0.042095891871042]]","SimNLMNAR_rep5_n115000_d5_corr95_NA25_MICE.RF.10.Y.IMP.M_5000",58.9865434169769,0.0765211582183838,"2025-11-28 01:25:31.773978"
"SimNLMNAR_rep6_n115000_d5_corr95_NA25","MICE.RF.10.Y.IMP.M",5000,"[[0.654323510134156, 0.176991248306001, -0.64297007467166, -0.844093787813307, 0.695263386327816, 0.236115000641497, 0.103731374926591, -0.133035335404513, -0.264564107792538, 0.721716158800821], [-0.201503397109181]]","SimNLMNAR_rep6_n115000_d5_corr95_NA25_MICE.RF.10.Y.IMP.M_5000",57.5073742866516,0.0898580551147461,"2025-11-28 01:26:30.874256"
"SimNLMNAR_rep7_n115000_d5_corr95_NA25","MICE.RF.10.Y.IMP.M",5000,"[[0.859821265269492, 0.0629535571529717, -0.595579132536017, -1.01057672936748, 0.71412336730441, 0.187676960726619, 0.0954545103372733, -0.254879696477793, -0.334191011877976, 0.489194694703706], [0.00651951307504866]]","SimNLMNAR_rep7_n115000_d5_corr95_NA25_MICE.RF.10.Y.IMP.M_5000",56.9223983287811,0.0837366580963135,"2025-11-28 01:27:28.511208"
"SimNLMNAR_rep8_n115000_d5_corr95_NA25","MICE.RF.10.Y.IMP.M",5000,"[[0.813072320759438, -1.47759644543319e-05, -0.713596600366214, -0.824717105957047, 0.761823306104342, 0.113601046253928, -0.0658058362053505, -0.188763401826911, -0.215880836420828, 0.4956489430089], [0.0162333284132075]]","SimNLMNAR_rep8_n115000_d5_corr95_NA25_MICE.RF.10.Y.IMP.M_5000",58.7905225753784,0.0962419509887695,"2025-11-28 01:10:32.821321"
"SimNLMNAR_rep9_n115000_d5_corr95_NA25","MICE.RF.10.Y.IMP.M",5000,"[[0.693598005121322, 0.176471870317903, -0.735812353084407, -0.875721717835502, 0.745185983813066, 0.18036006679451, -0.0176454177803339, -0.173891392240588, -0.384878171630089, 0.550978054776677], [-0.041156095194898]]","SimNLMNAR_rep9_n115000_d5_corr95_NA25_MICE.RF.10.Y.IMP.M_5000",58.1161427497864,0.0943105220794678,"2025-11-28 01:11:31.760978"
"SimNLMNAR_rep0_n115000_d5_corr95_NA25","MICE.RF.10.Y.IMP.M",10000,"[[0.582892434189589, 0.356099965271427, -0.717443480256553, -0.953566051670623, 0.751663693101003, 0.237960998202915, -0.0218734740042994, -0.216940518935074, -0.209726182667832, 0.582688105011629], [-0.105093098255681]]","SimNLMNAR_rep0_n115000_d5_corr95_NA25_MICE.RF.10.Y.IMP.M_10000",87.3925273418427,0.127242565155029,"2025-11-28 01:12:30.01638"
"SimNLMNAR_rep1_n115000_d5_corr95_NA25","MICE.RF.10.Y.IMP.M",10000,"[[0.637616290680439, 0.141534892325381, -0.556227342538301, -0.978853345938762, 0.739854834689185, 0.243421991613152, 0.0505522800558908, -0.184431182650866, -0.183388922671081, 0.55236134744373], [-0.100462721529645]]","SimNLMNAR_rep1_n115000_d5_corr95_NA25_MICE.RF.10.Y.IMP.M_10000",90.537068605423,0.101744651794434,"2025-11-28 01:13:57.577801"
"SimNLMNAR_rep2_n115000_d5_corr95_NA25","MICE.RF.10.Y.IMP.M",10000,"[[0.903475137181524, 0.0153748454637002, -0.546724360891665, -0.977317476181212, 0.705859375362965, 0.172899150007432, 0.00695996175690215, -0.191137462198736, -0.212507756392903, 0.583811750022853], [0.05588610729957]]","SimNLMNAR_rep2_n115000_d5_corr95_NA25_MICE.RF.10.Y.IMP.M_10000",89.2783505916595,0.0989015102386475,"2025-11-28 01:15:28.255632"
"SimNLMNAR_rep3_n115000_d5_corr95_NA25","MICE.RF.10.Y.IMP.M",10000,"[[0.867026792266466, 0.0740587796949717, -0.690365601651702, -0.921004076471133, 0.736938926524304, 0.206970266903374, 0.00553174136930419, -0.150363369575567, -0.213798134600946, 0.557628187800786], [-0.10982842682476]]","SimNLMNAR_rep3_n115000_d5_corr95_NA25_MICE.RF.10.Y.IMP.M_10000",87.1051771640778,0.100111246109009,"2025-11-28 01:16:57.670307"
"SimNLMNAR_rep4_n115000_d5_corr95_NA25","MICE.RF.10.Y.IMP.M",10000,"[[0.803371274449007, 0.208635998518594, -0.626707426937866, -1.02871195140218, 0.708026174958819, 0.151597588279638, -0.020144003487395, -0.233380845722556, -0.287737206289591, 0.612974308264137], [-0.106640795239104]]","SimNLMNAR_rep4_n115000_d5_corr95_NA25_MICE.RF.10.Y.IMP.M_10000",85.6637828350067,0.100714683532715,"2025-11-28 01:18:24.912622"
"SimNLMNAR_rep5_n115000_d5_corr95_NA25","MICE.RF.10.Y.IMP.M",10000,"[[0.982279290909838, 0.00764915115455221, -0.738556561205042, -0.919273494865625, 0.734673584706233, 0.168283469626891, 0.0907897961975721, -0.218814815546762, -0.302601884931586, 0.496490415926299], [-0.00583351220894957]]","SimNLMNAR_rep5_n115000_d5_corr95_NA25_MICE.RF.10.Y.IMP.M_10000",86.1510374546051,0.0978169441223145,"2025-11-28 01:19:50.715049"
"SimNLMNAR_rep6_n115000_d5_corr95_NA25","MICE.RF.10.Y.IMP.M",10000,"[[0.792676318995748, 0.228259804905851, -0.680873626156769, -0.99171492322589, 0.733536384911425, 0.150253803593802, 0.091414901315469, -0.196380469077184, -0.219288793772685, 0.707763700389837], [-0.128332011301789]]","SimNLMNAR_rep6_n115000_d5_corr95_NA25_MICE.RF.10.Y.IMP.M_10000",83.6123340129852,0.0990793704986572,"2025-11-28 01:21:17.004034"
"SimNLMNAR_rep7_n115000_d5_corr95_NA25","MICE.RF.10.Y.IMP.M",10000,"[[0.962855298299705, -0.00544197819539024, -0.626751066891011, -1.03545992321524, 0.7253982058518, 0.145172651130171, 0.0725770044426055, -0.20268029394511, -0.248582335243149, 0.514799803779122], [-0.0155363897849202]]","SimNLMNAR_rep7_n115000_d5_corr95_NA25_MICE.RF.10.Y.IMP.M_10000",83.7412140369415,0.0909788608551025,"2025-11-28 01:22:40.752551"
"SimNLMNAR_rep8_n115000_d5_corr95_NA25","MICE.RF.10.Y.IMP.M",10000,"[[0.72010121613102, 0.135558212245414, -0.624385871943749, -0.922999275077202, 0.725415650131981, 0.176231651739757, -0.0104494578291307, -0.169385236545667, -0.243083623059754, 0.585888966573223], [-0.0586501105424191]]","SimNLMNAR_rep8_n115000_d5_corr95_NA25_MICE.RF.10.Y.IMP.M_10000",82.7205510139465,0.0861718654632568,"2025-11-28 01:24:04.623427"
"SimNLMNAR_rep9_n115000_d5_corr95_NA25","MICE.RF.10.Y.IMP.M",10000,"[[0.764497896710193, 0.111866439730018, -0.61393190212847, -0.960821459590621, 0.750430807354616, 0.184226662685376, 0.00189196120151407, -0.254439560001453, -0.290943892183399, 0.483773364816679], [0.0243832356458067]]","SimNLMNAR_rep9_n115000_d5_corr95_NA25_MICE.RF.10.Y.IMP.M_10000",81.4263682365417,0.082040548324585,"2025-11-28 01:25:27.464354"
"SimNLMNAR_rep0_n115000_d5_corr95_NA25","MICE.RF.10.Y.IMP.M",50000,"[[0.848508081598223, 0.201021628823118, -0.687243984037985, -1.03159409586045, 0.77029914378795, 0.203108225916561, 0.0483460259485166, -0.19538429685179, -0.166691179971847, 0.547433272402518], [-0.0767589895784258]]","SimNLMNAR_rep0_n115000_d5_corr95_NA25_MICE.RF.10.Y.IMP.M_50000",335.504054546356,0.144812345504761,"2025-11-28 01:26:49.011011"
"SimNLMNAR_rep1_n115000_d5_corr95_NA25","MICE.RF.10.Y.IMP.M",50000,"[[0.93270565948538, 0.0218174275417429, -0.562951272724513, -1.10091978208151, 0.769958925455522, 0.165792201006133, 0.0546897036520288, -0.237397226994785, -0.205849441270678, 0.544155133285553], [-0.00409116899223663]]","SimNLMNAR_rep1_n115000_d5_corr95_NA25_MICE.RF.10.Y.IMP.M_50000",324.867256879807,0.13203501701355,"2025-11-28 01:32:24.699306"
"SimNLMNAR_rep2_n115000_d5_corr95_NA25","MICE.RF.10.Y.IMP.M",50000,"[[0.922273374263003, 0.0863106923269032, -0.638295870882628, -1.04192160425757, 0.766315910912711, 0.173369477494438, -0.0015287535857365, -0.185308464605586, -0.169267139632202, 0.534330166383677], [-0.0244001616895429]]","SimNLMNAR_rep2_n115000_d5_corr95_NA25_MICE.RF.10.Y.IMP.M_50000",317.248784780502,0.128783702850342,"2025-11-28 01:37:49.732194"
"SimNLMNAR_rep3_n115000_d5_corr95_NA25","MICE.RF.10.Y.IMP.M",50000,"[[0.911741607934112, 0.0465926902949125, -0.663735185882115, -0.997610836904475, 0.77001776589328, 0.194600662278483, 0.0215483015132267, -0.204586573246521, -0.180612508785049, 0.529381395641564], [-0.0661004606774459]]","SimNLMNAR_rep3_n115000_d5_corr95_NA25_MICE.RF.10.Y.IMP.M_50000",310.443135499954,0.129442453384399,"2025-11-28 01:43:07.142669"
"SimNLMNAR_rep4_n115000_d5_corr95_NA25","MICE.RF.10.Y.IMP.M",50000,"[[0.976270365930657, 0.0251720870616589, -0.666276971607891, -1.01546186304308, 0.7645701557842, 0.168658070772345, 0.0450578088506443, -0.189066475040032, -0.229263119638516, 0.539702185219213], [-0.0810377411496469]]","SimNLMNAR_rep4_n115000_d5_corr95_NA25_MICE.RF.10.Y.IMP.M_50000",312.765290737152,0.130598545074463,"2025-11-28 01:48:17.746305"
"SimNLMNAR_rep5_n115000_d5_corr95_NA25","MICE.RF.10.Y.IMP.M",50000,"[[1.00296816731485, 0.0303848227338468, -0.680559620248773, -0.997812812984916, 0.754143811520682, 0.175442800434838, 0.0477047703813333, -0.20327970040536, -0.255005570237985, 0.529827981624419], [-0.0110373461162107]]","SimNLMNAR_rep5_n115000_d5_corr95_NA25_MICE.RF.10.Y.IMP.M_50000",318.312601327896,0.153218984603882,"2025-11-28 01:53:30.673545"
"SimNLMNAR_rep6_n115000_d5_corr95_NA25","MICE.RF.10.Y.IMP.M",50000,"[[0.883342921824982, 0.165831539086644, -0.685357448207255, -1.02118793720964, 0.758841450403322, 0.188436396022468, 0.0630363527005101, -0.195817316775924, -0.215237376250722, 0.573212274303474], [-0.0679603240014802]]","SimNLMNAR_rep6_n115000_d5_corr95_NA25_MICE.RF.10.Y.IMP.M_50000",312.977011442184,0.129500389099121,"2025-11-28 01:58:49.171442"
"SimNLMNAR_rep7_n115000_d5_corr95_NA25","MICE.RF.10.Y.IMP.M",50000,"[[0.971320355798075, 0.0570426695846989, -0.679608126557993, -1.02545124918718, 0.760453412526756, 0.186873840210456, 0.0426401018955659, -0.233419407431121, -0.253802522644053, 0.554586371241016], [-0.0641690830298324]]","SimNLMNAR_rep7_n115000_d5_corr95_NA25_MICE.RF.10.Y.IMP.M_50000",309.059502363205,0.130750894546509,"2025-11-28 02:04:02.309659"
"SimNLMNAR_rep8_n115000_d5_corr95_NA25","MICE.RF.10.Y.IMP.M",50000,"[[0.932542447365372, 0.0828966027392356, -0.731708882537133, -0.983766274179306, 0.777975271423889, 0.162396207358822, -0.00270831315871227, -0.215691341455309, -0.252532379573354, 0.540290052280642], [-0.0218825391058226]]","SimNLMNAR_rep8_n115000_d5_corr95_NA25_MICE.RF.10.Y.IMP.M_50000",311.255702733994,0.125259399414062,"2025-11-28 02:09:11.53242"
"SimNLMNAR_rep9_n115000_d5_corr95_NA25","MICE.RF.10.Y.IMP.M",50000,"[[0.911477203246079, 0.0868724070546489, -0.618493323459137, -1.04037237222886, 0.766898992866152, 0.151527031211528, 0.0598427998434527, -0.198997212219662, -0.246603185357199, 0.546539316490447], [-0.0551126607826681]]","SimNLMNAR_rep9_n115000_d5_corr95_NA25_MICE.RF.10.Y.IMP.M_50000",310.288181066513,0.131250619888306,"2025-11-28 02:14:22.945886"
"SimNLMNAR_rep0_n115000_d5_corr95_NA25","MICE.RF.10.M.IMP.M",100,"[[-0.470402619358015, 0.259757637339063, 0.061523371736013, -0.27840815325365, 0.220326372693973, 0.144205662187214, 0.678941918544448, 0.576475535453657, -0.530344030522872, 2.54648578251928], [-1.17599267374756]]","SimNLMNAR_rep0_n115000_d5_corr95_NA25_MICE.RF.10.M.IMP.M_100",19.0398490428925,0.0762081146240234,"2025-11-28 02:19:33.40273"
"SimNLMNAR_rep1_n115000_d5_corr95_NA25","MICE.RF.10.M.IMP.M",100,"[[1.01776094815124, -0.668008995857808, -0.280110793009541, -0.417611724715724, 0.368126748282404, 0.603808074058088, 0.70074311324393, -0.394459366423616, -0.662352671093847, -0.30242680518977], [0.18854501854214]]","SimNLMNAR_rep1_n115000_d5_corr95_NA25_MICE.RF.10.M.IMP.M_100",18.9612112045288,0.0808072090148926,"2025-11-28 02:19:52.548828"
"SimNLMNAR_rep2_n115000_d5_corr95_NA25","MICE.RF.10.M.IMP.M",100,"[[0.248159546853709, -0.574638629749064, -0.458273537048756, -0.679234382942811, 0.531739514659549, 0.281219369906144, 1.54074087672423, -0.349073503274261, -0.947520017430827, 0.561572446856255], [-0.494688674543169]]","SimNLMNAR_rep2_n115000_d5_corr95_NA25_MICE.RF.10.M.IMP.M_100",19.2028563022614,0.0668063163757324,"2025-11-28 02:20:11.623461"
"SimNLMNAR_rep3_n115000_d5_corr95_NA25","MICE.RF.10.M.IMP.M",100,"[[0.519382317435884, 0.331360660895495, 0.186971195017609, -0.371986696460449, 0.354483658211798, -0.543208970351542, -0.955274997908125, -0.928001192569227, -0.343593396677494, 1.53502078724017], [0.870913576396626]]","SimNLMNAR_rep3_n115000_d5_corr95_NA25_MICE.RF.10.M.IMP.M_100",22.5327348709106,0.0788733959197998,"2025-11-28 01:10:41.418191"
"SimNLMNAR_rep4_n115000_d5_corr95_NA25","MICE.RF.10.M.IMP.M",100,"[[-0.263942707063419, 0.832315403722036, -0.0624660036063733, -0.690818379473732, 0.555611002508352, 0.224542983750446, -0.512842430756791, -0.221238802295466, -0.876584748414427, 0.912744168156209], [0.222259474206002]]","SimNLMNAR_rep4_n115000_d5_corr95_NA25_MICE.RF.10.M.IMP.M_100",21.6481213569641,0.0890953540802002,"2025-11-28 01:11:04.083269"
"SimNLMNAR_rep5_n115000_d5_corr95_NA25","MICE.RF.10.M.IMP.M",100,"[[0.370967267261176, 1.55342538778833, -0.213189726834743, -0.889618455738618, 0.478483421373283, 1.07031517747763, -1.18002251542017, -1.15111253177534, -1.86937707358095, 2.48708304397688], [1.21959138085006]]","SimNLMNAR_rep5_n115000_d5_corr95_NA25_MICE.RF.10.M.IMP.M_100",21.5027985572815,0.0772185325622559,"2025-11-28 01:11:25.860834"
"SimNLMNAR_rep6_n115000_d5_corr95_NA25","MICE.RF.10.M.IMP.M",100,"[[0.990739137133162, -0.459374033741285, -0.600203990209186, -0.358622021932522, 0.469709886103937, 0.674557527629716, -0.0919674639071004, 0.599544732748, 0.14177143225183, 1.55018648777596], [-0.499802489024163]]","SimNLMNAR_rep6_n115000_d5_corr95_NA25_MICE.RF.10.M.IMP.M_100",21.6556732654572,0.0743026733398438,"2025-11-28 01:11:47.486265"
"SimNLMNAR_rep7_n115000_d5_corr95_NA25","MICE.RF.10.M.IMP.M",100,"[[0.067179768476228, -0.353791278608476, 0.19830020295105, -0.456551547233249, 0.286234293760259, 0.440386954808922, 0.0941698902919524, 0.338288265397729, -0.00306168215864322, 1.43505310590205], [-0.285290940031376]]","SimNLMNAR_rep7_n115000_d5_corr95_NA25_MICE.RF.10.M.IMP.M_100",21.8572542667389,0.08962082862854,"2025-11-28 01:12:09.250607"
"SimNLMNAR_rep8_n115000_d5_corr95_NA25","MICE.RF.10.M.IMP.M",100,"[[0.616477186393323, -0.307484635782834, 0.0330402792032474, -0.522108897920897, 0.283772915440183, 0.788344281733144, 0.0496544427712466, -0.0829902087234634, 0.480747713707085, 1.15976350633664], [-0.460437930773509]]","SimNLMNAR_rep8_n115000_d5_corr95_NA25_MICE.RF.10.M.IMP.M_100",21.9275650978088,0.0990393161773682,"2025-11-28 01:12:31.229852"
"SimNLMNAR_rep9_n115000_d5_corr95_NA25","MICE.RF.10.M.IMP.M",100,"[[0.644217876991522, -0.882136888158797, 0.426281740721614, -0.470566206492853, 0.284950043768597, 0.47345379774261, 0.126719855479626, 0.324311905095895, -0.209038492667197, 0.683708777771496], [-0.0885426734724026]]","SimNLMNAR_rep9_n115000_d5_corr95_NA25_MICE.RF.10.M.IMP.M_100",22.2705836296082,0.0810489654541016,"2025-11-28 01:12:53.29023"
"SimNLMNAR_rep0_n115000_d5_corr95_NA25","MICE.RF.10.M.IMP.M",500,"[[0.0724473243749162, 0.331216200821146, -0.287038441848605, -0.393896829014422, 0.284445767319852, 0.369029442873921, 0.338273546357325, -0.316648300008422, -0.546342287578098, 1.33648718747339], [-0.272360277051677]]","SimNLMNAR_rep0_n115000_d5_corr95_NA25_MICE.RF.10.M.IMP.M_500",24.7702338695526,0.105403184890747,"2025-11-28 01:13:15.674885"
"SimNLMNAR_rep1_n115000_d5_corr95_NA25","MICE.RF.10.M.IMP.M",500,"[[0.284138153849562, 0.271455046091722, -0.200519960088338, -0.57863264124174, 0.302117729834315, 0.445870283694235, 0.177458360288526, -0.370546705258014, -0.149158548548406, 1.31278564910011], [-0.258312005287929]]","SimNLMNAR_rep1_n115000_d5_corr95_NA25_MICE.RF.10.M.IMP.M_500",24.941511631012,0.0874049663543701,"2025-11-28 01:13:40.585006"
"SimNLMNAR_rep2_n115000_d5_corr95_NA25","MICE.RF.10.M.IMP.M",500,"[[0.271217622319977, -0.327884551862735, -0.33387082261658, -0.323430668253987, 0.343639330236903, 0.107833710402061, 0.41017435558154, 0.0174947903683683, 0.0479684865824157, 1.26965463733159], [-0.401837352197136]]","SimNLMNAR_rep2_n115000_d5_corr95_NA25_MICE.RF.10.M.IMP.M_500",24.9800841808319,0.0862782001495361,"2025-11-28 01:14:05.650889"
"SimNLMNAR_rep3_n115000_d5_corr95_NA25","MICE.RF.10.M.IMP.M",500,"[[0.342569089122048, 0.157021783245673, -0.354229750798629, -0.472270968138141, 0.339840017206639, 0.0882402869057496, -0.0594103826480717, -0.198218929717419, -0.388708574875007, 1.29824506586983], [0.0568187584239707]]","SimNLMNAR_rep3_n115000_d5_corr95_NA25_MICE.RF.10.M.IMP.M_500",24.0883114337921,0.101682424545288,"2025-11-28 01:14:30.75528"
"SimNLMNAR_rep4_n115000_d5_corr95_NA25","MICE.RF.10.M.IMP.M",500,"[[0.186097041679898, 0.270795259831892, -0.27189180971472, -0.551581007287909, 0.337765115610308, 0.352923769300173, -0.157101744907288, -0.139007907463255, -0.521927735227267, 1.25983009692188], [-0.129043025725198]]","SimNLMNAR_rep4_n115000_d5_corr95_NA25_MICE.RF.10.M.IMP.M_500",24.171971321106,0.0863933563232422,"2025-11-28 01:14:54.983033"
"SimNLMNAR_rep5_n115000_d5_corr95_NA25","MICE.RF.10.M.IMP.M",500,"[[0.348412711354967, 0.122743381213802, -0.0767521132709263, -0.487477911039671, 0.322540235004559, 0.528170953583583, -0.0881698623948431, -0.362456562004845, -0.479500446316422, 1.07786178841064], [0.151960908417945]]","SimNLMNAR_rep5_n115000_d5_corr95_NA25_MICE.RF.10.M.IMP.M_500",24.2979674339294,0.0853488445281982,"2025-11-28 01:15:19.277685"
"SimNLMNAR_rep6_n115000_d5_corr95_NA25","MICE.RF.10.M.IMP.M",500,"[[0.49911724637837, -0.0324944527231752, -0.259473817191743, -0.439738870917953, 0.35786356575145, 0.495445410392589, 0.0314538024884928, -0.307511743243489, -0.527393332000905, 1.51569760583433], [-0.140102426606118]]","SimNLMNAR_rep6_n115000_d5_corr95_NA25_MICE.RF.10.M.IMP.M_500",23.9856770038605,0.0980911254882812,"2025-11-28 01:15:43.698461"
"SimNLMNAR_rep7_n115000_d5_corr95_NA25","MICE.RF.10.M.IMP.M",500,"[[0.227605474553096, 0.0737439640259059, -0.0992301828348523, -0.367411737459623, 0.309766398872228, -0.15502584512336, -0.0443623192009464, -0.450671359041073, -0.483905380337336, 0.827689152418226], [0.348167032327688]]","SimNLMNAR_rep7_n115000_d5_corr95_NA25_MICE.RF.10.M.IMP.M_500",24.1426558494568,0.0915718078613281,"2025-11-28 01:16:07.819779"
"SimNLMNAR_rep8_n115000_d5_corr95_NA25","MICE.RF.10.M.IMP.M",500,"[[0.325291940477445, -0.0754148080156933, -0.160024899778532, -0.406676112637221, 0.294726789181628, 0.254301800603806, 0.181855808890357, -0.485319221507723, -0.0843190307137189, 0.575050599174411], [0.122032945602256]]","SimNLMNAR_rep8_n115000_d5_corr95_NA25_MICE.RF.10.M.IMP.M_500",24.0051438808441,0.0931611061096191,"2025-11-28 01:16:32.095473"
"SimNLMNAR_rep9_n115000_d5_corr95_NA25","MICE.RF.10.M.IMP.M",500,"[[0.282882307723832, -0.00852638710562125, -0.16637616272151, -0.395240934738734, 0.305811137451737, 0.548508749507715, -0.113448806504526, -0.373666529507697, -0.586176370179673, 0.947202396692041], [0.0959582173293564]]","SimNLMNAR_rep9_n115000_d5_corr95_NA25_MICE.RF.10.M.IMP.M_500",24.061233997345,0.0891819000244141,"2025-11-28 01:16:56.228965"
"SimNLMNAR_rep0_n115000_d5_corr95_NA25","MICE.RF.10.M.IMP.M",1000,"[[0.131311946053506, 0.301291780067376, -0.320191855534504, -0.393006419377897, 0.303971237561742, 0.166883096318386, 0.188940971162065, -0.323410366881262, -0.359261638886891, 1.28796625265149], [-0.0796398275541666]]","SimNLMNAR_rep0_n115000_d5_corr95_NA25_MICE.RF.10.M.IMP.M_1000",25.622967004776,0.0914535522460938,"2025-11-28 01:17:20.415563"
"SimNLMNAR_rep1_n115000_d5_corr95_NA25","MICE.RF.10.M.IMP.M",1000,"[[0.349454576813163, 0.123094381624835, -0.1864886211009, -0.473057827430163, 0.313729832934511, 0.224786933216184, 0.131887515149928, -0.372825798096833, -0.0654662138588828, 1.16425387943262], [-0.106103477336118]]","SimNLMNAR_rep1_n115000_d5_corr95_NA25_MICE.RF.10.M.IMP.M_1000",25.9759140014648,0.0858619213104248,"2025-11-28 01:17:46.164883"
"SimNLMNAR_rep2_n115000_d5_corr95_NA25","MICE.RF.10.M.IMP.M",1000,"[[0.3010145191912, -0.114309932240169, -0.289054449025581, -0.395729104531564, 0.347308518866147, 0.0371179012230251, 0.182011139873134, -0.0999694180513727, -0.270244054810286, 1.01436719177884], [0.00251906922078676]]","SimNLMNAR_rep2_n115000_d5_corr95_NA25_MICE.RF.10.M.IMP.M_1000",27.0368094444275,0.0872116088867188,"2025-11-28 01:18:12.26376"
"SimNLMNAR_rep3_n115000_d5_corr95_NA25","MICE.RF.10.M.IMP.M",1000,"[[0.306362444723387, 0.184897111707062, -0.290055937827645, -0.518765443178779, 0.316494404041508, 0.121213016988598, 0.0955006519172821, -0.33111589382669, -0.237647130693887, 1.20674515211212], [-0.0534588314336502]]","SimNLMNAR_rep3_n115000_d5_corr95_NA25_MICE.RF.10.M.IMP.M_1000",26.0329596996307,0.0836167335510254,"2025-11-28 01:18:39.427447"
"SimNLMNAR_rep4_n115000_d5_corr95_NA25","MICE.RF.10.M.IMP.M",1000,"[[0.179791585739435, 0.229201344961727, -0.259772566402196, -0.44018894296686, 0.313686178650116, -0.044687225438939, -0.152477302530482, -0.0817386143983358, -0.435942532998171, 1.12933822207816], [0.02009475040274]]","SimNLMNAR_rep4_n115000_d5_corr95_NA25_MICE.RF.10.M.IMP.M_1000",26.1087460517883,0.085484504699707,"2025-11-28 01:19:05.581213"
"SimNLMNAR_rep5_n115000_d5_corr95_NA25","MICE.RF.10.M.IMP.M",1000,"[[0.297057473702783, -0.0115031553368614, -0.0697503699589293, -0.46494780252893, 0.331128534191066, 0.516383498835072, 0.14445473883677, -0.227661707844109, -0.590507187106391, 1.02848727930249], [0.0937311534198298]]","SimNLMNAR_rep5_n115000_d5_corr95_NA25_MICE.RF.10.M.IMP.M_1000",26.126725435257,0.0923871994018555,"2025-11-28 01:19:31.810916"
"SimNLMNAR_rep6_n115000_d5_corr95_NA25","MICE.RF.10.M.IMP.M",1000,"[[0.211532108729862, 0.246107014507042, -0.236525593641234, -0.425108349673185, 0.302799437735301, 0.220210701651389, 0.00266438899299861, -0.254021020319738, -0.402874214840352, 1.34257250311495], [-0.0399285297271321]]","SimNLMNAR_rep6_n115000_d5_corr95_NA25_MICE.RF.10.M.IMP.M_1000",27.0844573974609,0.0893595218658447,"2025-11-28 01:19:58.065481"
"SimNLMNAR_rep7_n115000_d5_corr95_NA25","MICE.RF.10.M.IMP.M",1000,"[[0.299068309725435, 0.183262053980035, -0.319767345394879, -0.417652611685551, 0.323438005023372, 0.133722368998676, 0.0264817681799923, -0.379451289272117, -0.451057051890832, 1.04607889547114], [0.0914411956188436]]","SimNLMNAR_rep7_n115000_d5_corr95_NA25_MICE.RF.10.M.IMP.M_1000",26.0553040504456,0.0968005657196045,"2025-11-28 01:10:48.973946"
"SimNLMNAR_rep8_n115000_d5_corr95_NA25","MICE.RF.10.M.IMP.M",1000,"[[0.456271213552226, -0.0560053385562227, -0.360425372602144, -0.385876902290875, 0.339646464965289, 0.272232179280429, 0.0151402917058583, -0.406691726270168, -0.157541429039063, 0.591655666898963], [0.0994631236959303]]","SimNLMNAR_rep8_n115000_d5_corr95_NA25_MICE.RF.10.M.IMP.M_1000",26.4859704971313,0.107590198516846,"2025-11-28 01:11:15.172765"
"SimNLMNAR_rep9_n115000_d5_corr95_NA25","MICE.RF.10.M.IMP.M",1000,"[[0.152297201304469, 0.00832498384235999, -0.24395283178309, -0.298242999269614, 0.325841152964455, 0.496699176466258, 0.0692228543165068, -0.320904235880134, -0.623665961180444, 0.965055036829918], [-0.0157986229630274]]","SimNLMNAR_rep9_n115000_d5_corr95_NA25_MICE.RF.10.M.IMP.M_1000",25.2979302406311,0.0883374214172363,"2025-11-28 01:11:41.806193"
"SimNLMNAR_rep0_n115000_d5_corr95_NA25","MICE.RF.10.M.IMP.M",5000,"[[0.3148617742493, 0.147854978362244, -0.317582786902421, -0.458806743464741, 0.311916128347057, 0.247954845588246, 0.119795206026349, -0.150921445926435, -0.365607887959477, 1.0836505106409], [-0.107733885192697]]","SimNLMNAR_rep0_n115000_d5_corr95_NA25_MICE.RF.10.M.IMP.M_5000",44.1359901428223,0.1009361743927,"2025-11-28 01:12:07.224744"
"SimNLMNAR_rep1_n115000_d5_corr95_NA25","MICE.RF.10.M.IMP.M",5000,"[[0.273349597416896, 0.179477339149407, -0.309296579983196, -0.442925688978874, 0.328395159035523, 0.22925245016024, 0.107372524583737, -0.215527107660796, -0.180096017755807, 0.99254494920483], [-0.133400819289744]]","SimNLMNAR_rep1_n115000_d5_corr95_NA25_MICE.RF.10.M.IMP.M_5000",47.234356880188,0.119961261749268,"2025-11-28 01:12:51.498012"
"SimNLMNAR_rep2_n115000_d5_corr95_NA25","MICE.RF.10.M.IMP.M",5000,"[[0.296680563837114, 0.122353033923491, -0.277023378300065, -0.430375541680298, 0.319608551019466, 0.216554078417036, 0.0148122097011373, -0.170666869024168, -0.302414685142591, 1.01331605096659], [-0.0108861220409293]]","SimNLMNAR_rep2_n115000_d5_corr95_NA25_MICE.RF.10.M.IMP.M_5000",47.3400614261627,0.118202686309814,"2025-11-28 01:13:38.888443"
"SimNLMNAR_rep3_n115000_d5_corr95_NA25","MICE.RF.10.M.IMP.M",5000,"[[0.294353933505347, 0.133862297492341, -0.361809808377188, -0.382137102654748, 0.335538902653677, 0.213077920812953, 0.106135337558561, -0.265089105528884, -0.215982076930229, 1.13781692723697], [-0.175650040357223]]","SimNLMNAR_rep3_n115000_d5_corr95_NA25_MICE.RF.10.M.IMP.M_5000",46.0223536491394,0.0907657146453857,"2025-11-28 01:14:26.38454"
"SimNLMNAR_rep4_n115000_d5_corr95_NA25","MICE.RF.10.M.IMP.M",5000,"[[0.364178220611786, 0.148401675719076, -0.297966166675708, -0.461867026453917, 0.305405080067843, 0.229731184951181, -0.0497568438955757, -0.380548332344401, -0.4747925882896, 1.08670581515803], [0.00603592499294331]]","SimNLMNAR_rep4_n115000_d5_corr95_NA25_MICE.RF.10.M.IMP.M_5000",45.4250354766846,0.0941441059112549,"2025-11-28 01:15:12.534666"
"SimNLMNAR_rep5_n115000_d5_corr95_NA25","MICE.RF.10.M.IMP.M",5000,"[[0.383496612540286, 0.0894187197070954, -0.341615584146644, -0.427795782471916, 0.331788116181395, 0.282450685481308, 0.127284584510743, -0.279318506952745, -0.279983928684137, 0.96672118181187], [-0.00392189506002294]]","SimNLMNAR_rep5_n115000_d5_corr95_NA25_MICE.RF.10.M.IMP.M_5000",45.2014782428741,0.110676288604736,"2025-11-28 01:15:58.089394"
"SimNLMNAR_rep6_n115000_d5_corr95_NA25","MICE.RF.10.M.IMP.M",5000,"[[0.352531386274649, 0.0713059473484137, -0.268593826754545, -0.449826469007737, 0.313799783832745, 0.234718158249765, 0.111890912327015, -0.129664274544282, -0.280699314024106, 1.17971459778949], [-0.155909811393686]]","SimNLMNAR_rep6_n115000_d5_corr95_NA25_MICE.RF.10.M.IMP.M_5000",45.023149728775,0.692669630050659,"2025-11-28 01:16:43.439158"
"SimNLMNAR_rep7_n115000_d5_corr95_NA25","MICE.RF.10.M.IMP.M",5000,"[[0.353290432490616, 0.111380117945212, -0.269728100047755, -0.487952930817676, 0.318031486040195, 0.197647599902794, 0.0835674581259546, -0.326718671131707, -0.367171906445766, 1.01147322021383], [0.0247677592533561]]","SimNLMNAR_rep7_n115000_d5_corr95_NA25_MICE.RF.10.M.IMP.M_5000",45.6070196628571,0.10205602645874,"2025-11-28 01:17:29.189972"
"SimNLMNAR_rep8_n115000_d5_corr95_NA25","MICE.RF.10.M.IMP.M",5000,"[[0.269020290293788, 0.139626093883723, -0.331532840971716, -0.408638629091931, 0.33037022738586, 0.1739502976971, 0.115677241626221, -0.200650156439725, -0.253779866719061, 0.933646662272319], [-0.0456872787636202]]","SimNLMNAR_rep8_n115000_d5_corr95_NA25_MICE.RF.10.M.IMP.M_5000",46.4417357444763,0.0986380577087402,"2025-11-28 01:18:14.935701"
"SimNLMNAR_rep9_n115000_d5_corr95_NA25","MICE.RF.10.M.IMP.M",5000,"[[0.280240735996707, 0.155176345450288, -0.332287547215066, -0.402813030973305, 0.316113254505231, 0.233149464931303, 0.0981482313841339, -0.211385275561083, -0.406908233960524, 1.0013067627321], [-0.0540797316594275]]","SimNLMNAR_rep9_n115000_d5_corr95_NA25_MICE.RF.10.M.IMP.M_5000",45.3328440189362,0.103131771087646,"2025-11-28 01:19:01.511836"
"SimNLMNAR_rep0_n115000_d5_corr95_NA25","MICE.RF.10.M.IMP.M",10000,"[[0.350499671682065, 0.122435401623551, -0.375543797003257, -0.442282801649648, 0.339225826665735, 0.249102785939963, 0.0579247508817994, -0.216983085056988, -0.253217614346751, 1.02239253753883], [-0.0769170561033876]]","SimNLMNAR_rep0_n115000_d5_corr95_NA25_MICE.RF.10.M.IMP.M_10000",69.181159734726,0.115941524505615,"2025-11-28 01:19:46.984718"
"SimNLMNAR_rep1_n115000_d5_corr95_NA25","MICE.RF.10.M.IMP.M",10000,"[[0.292224729425185, 0.171992808980717, -0.29795193263611, -0.487058480271041, 0.323619673661243, 0.249813161498282, 0.111453144290159, -0.197813920651905, -0.257563095398828, 1.02094734555728], [-0.0944831131849193]]","SimNLMNAR_rep1_n115000_d5_corr95_NA25_MICE.RF.10.M.IMP.M_10000",65.1832363605499,0.11113452911377,"2025-11-28 01:20:56.319486"
"SimNLMNAR_rep2_n115000_d5_corr95_NA25","MICE.RF.10.M.IMP.M",10000,"[[0.322447897105488, 0.153770283137452, -0.258212918352315, -0.464341505821823, 0.317659920704388, 0.176711170111986, 0.0670081886908345, -0.206825172551036, -0.288332067529477, 0.99449435082793], [0.00806601410692056]]","SimNLMNAR_rep2_n115000_d5_corr95_NA25_MICE.RF.10.M.IMP.M_10000",64.032262802124,0.104346513748169,"2025-11-28 01:22:01.650581"
"SimNLMNAR_rep3_n115000_d5_corr95_NA25","MICE.RF.10.M.IMP.M",10000,"[[0.361451226096206, 0.124341459920099, -0.314757257548823, -0.441277840376794, 0.325784148093997, 0.192069965816738, 0.0973312333313749, -0.171716805834511, -0.305513874861152, 1.0365013252639], [-0.0826061076939644]]","SimNLMNAR_rep3_n115000_d5_corr95_NA25_MICE.RF.10.M.IMP.M_10000",64.3974778652191,0.108200311660767,"2025-11-28 01:23:05.823143"
"SimNLMNAR_rep4_n115000_d5_corr95_NA25","MICE.RF.10.M.IMP.M",10000,"[[0.31223273833502, 0.16472659607919, -0.301141280753264, -0.453795845831386, 0.296830269120544, 0.218225654897966, 0.0268564559750536, -0.242772357853141, -0.381391282231983, 1.02239207795637], [-0.0898632957453172]]","SimNLMNAR_rep4_n115000_d5_corr95_NA25_MICE.RF.10.M.IMP.M_10000",62.7407255172729,0.108533620834351,"2025-11-28 01:24:10.363875"
"SimNLMNAR_rep5_n115000_d5_corr95_NA25","MICE.RF.10.M.IMP.M",10000,"[[0.361589556374165, 0.0861223516901885, -0.322575470137804, -0.399511827433745, 0.314878249875847, 0.18378190552753, 0.122268188950251, -0.245824777793995, -0.344738779319838, 0.943638643929849], [0.0203342746159766]]","SimNLMNAR_rep5_n115000_d5_corr95_NA25_MICE.RF.10.M.IMP.M_10000",62.4408977031708,0.1043701171875,"2025-11-28 01:25:13.249452"
"SimNLMNAR_rep6_n115000_d5_corr95_NA25","MICE.RF.10.M.IMP.M",10000,"[[0.412348033981598, 0.183729984079842, -0.307745727074819, -0.520711939624073, 0.309997308879058, 0.183879098870078, 0.107502351247401, -0.193371630037469, -0.297825327676913, 1.18016948827894], [-0.0848869956008027]]","SimNLMNAR_rep6_n115000_d5_corr95_NA25_MICE.RF.10.M.IMP.M_10000",61.782393693924,0.104135751724243,"2025-11-28 01:26:15.829629"
"SimNLMNAR_rep7_n115000_d5_corr95_NA25","MICE.RF.10.M.IMP.M",10000,"[[0.31084686537207, 0.175291508401723, -0.293289615124479, -0.491245478051071, 0.313119925479325, 0.186640070307326, 0.0721481232595846, -0.256015185464586, -0.334463262430756, 1.00294837942339], [-0.00678736375487555]]","SimNLMNAR_rep7_n115000_d5_corr95_NA25_MICE.RF.10.M.IMP.M_10000",61.7987008094788,0.10101580619812,"2025-11-28 01:27:17.750618"
"SimNLMNAR_rep8_n115000_d5_corr95_NA25","MICE.RF.10.M.IMP.M",10000,"[[0.245920713278207, 0.189007952018877, -0.303496232638081, -0.456648222598315, 0.327731579798588, 0.200219419631705, 0.102371856922753, -0.173173401997956, -0.301510876142298, 1.05226447004081], [-0.08456383797353]]","SimNLMNAR_rep8_n115000_d5_corr95_NA25_MICE.RF.10.M.IMP.M_10000",61.0533714294434,0.0975215435028076,"2025-11-28 01:28:19.684713"
"SimNLMNAR_rep9_n115000_d5_corr95_NA25","MICE.RF.10.M.IMP.M",10000,"[[0.312044876508447, 0.164580037260169, -0.307940564316719, -0.455284945743457, 0.332701906333727, 0.259969318081935, 0.0923501569790214, -0.256892335624698, -0.344202158889347, 0.964128383761669], [-0.0250114587983894]]","SimNLMNAR_rep9_n115000_d5_corr95_NA25_MICE.RF.10.M.IMP.M_10000",61.7286002635956,0.104000091552734,"2025-11-28 01:29:20.869848"
"SimNLMNAR_rep0_n115000_d5_corr95_NA25","MICE.RF.10.M.IMP.M",50000,"[[0.302946349278697, 0.14045505245025, -0.347045791372001, -0.406136561926738, 0.32281834011828, 0.239217430155172, 0.0960357736192534, -0.222491629185983, -0.280865765524098, 0.994813186851252], [-0.0722791720163638]]","SimNLMNAR_rep0_n115000_d5_corr95_NA25_MICE.RF.10.M.IMP.M_50000",258.114136457443,0.182458400726318,"2025-11-28 01:30:22.736029"
"SimNLMNAR_rep1_n115000_d5_corr95_NA25","MICE.RF.10.M.IMP.M",50000,"[[0.268943614674059, 0.211019083954882, -0.28220488690366, -0.482222189580041, 0.320895498987988, 0.186200204767434, 0.0831243317973441, -0.244502834262568, -0.277159732344532, 1.0309188358935], [-0.0212947708682098]]","SimNLMNAR_rep1_n115000_d5_corr95_NA25_MICE.RF.10.M.IMP.M_50000",242.105248689651,0.171992301940918,"2025-11-28 01:34:41.066564"
"SimNLMNAR_rep2_n115000_d5_corr95_NA25","MICE.RF.10.M.IMP.M",50000,"[[0.311713211350499, 0.174820715779861, -0.298519982191401, -0.454415587485812, 0.321442008602479, 0.176268651864984, 0.0517268424377553, -0.22149835652353, -0.290058253531653, 0.992993385762317], [-0.0129815308826391]]","SimNLMNAR_rep2_n115000_d5_corr95_NA25_MICE.RF.10.M.IMP.M_50000",282.830584526062,0.165714025497437,"2025-11-28 01:10:57.49666"
"SimNLMNAR_rep3_n115000_d5_corr95_NA25","MICE.RF.10.M.IMP.M",50000,"[[0.317126610585534, 0.103193078313801, -0.282566337584857, -0.402218922423334, 0.307037352241498, 0.193942576467497, 0.056143957318988, -0.249550513205583, -0.289880696821096, 1.04575784963561], [-0.0318703598777511]]","SimNLMNAR_rep3_n115000_d5_corr95_NA25_MICE.RF.10.M.IMP.M_50000",275.466521024704,0.169051885604858,"2025-11-28 01:15:40.544493"
"SimNLMNAR_rep4_n115000_d5_corr95_NA25","MICE.RF.10.M.IMP.M",50000,"[[0.324111476562058, 0.149959688786277, -0.337549678133712, -0.430440317461514, 0.314894656024557, 0.173058480105419, 0.0863461364168001, -0.207722384082638, -0.330465752694455, 1.00108629846022], [-0.0652068920082071]]","SimNLMNAR_rep4_n115000_d5_corr95_NA25_MICE.RF.10.M.IMP.M_50000",258.272659778595,0.185654878616333,"2025-11-28 01:20:16.225124"
"SimNLMNAR_rep5_n115000_d5_corr95_NA25","MICE.RF.10.M.IMP.M",50000,"[[0.322694362616939, 0.123645257701282, -0.357532574303565, -0.395982709873533, 0.320432358689703, 0.216567885482847, 0.0936276690857809, -0.232929208603298, -0.353374000054373, 1.01543552400566], [-0.032811075842669]]","SimNLMNAR_rep5_n115000_d5_corr95_NA25_MICE.RF.10.M.IMP.M_50000",247.153404951096,0.161677837371826,"2025-11-28 01:24:34.721523"
"SimNLMNAR_rep6_n115000_d5_corr95_NA25","MICE.RF.10.M.IMP.M",50000,"[[0.302602402136361, 0.182236492474984, -0.277798257300564, -0.462335223823303, 0.305077062051211, 0.180639799044781, 0.0991424882862868, -0.234502255120463, -0.34348463710043, 1.03728406927538], [-0.0190867188877668]]","SimNLMNAR_rep6_n115000_d5_corr95_NA25_MICE.RF.10.M.IMP.M_50000",246.372295856476,0.155035257339478,"2025-11-28 01:28:42.071044"
"SimNLMNAR_rep7_n115000_d5_corr95_NA25","MICE.RF.10.M.IMP.M",50000,"[[0.278455445946448, 0.231107545614265, -0.322167157721609, -0.47105762021132, 0.318128834914358, 0.190737391048733, 0.105132795964183, -0.245002921457503, -0.323422041117929, 1.05123293447579], [-0.0559785774286982]]","SimNLMNAR_rep7_n115000_d5_corr95_NA25_MICE.RF.10.M.IMP.M_50000",240.317986726761,0.151694536209106,"2025-11-28 01:32:48.631846"
"SimNLMNAR_rep8_n115000_d5_corr95_NA25","MICE.RF.10.M.IMP.M",50000,"[[0.369124519986055, 0.17302466207298, -0.320754436003126, -0.45915025886246, 0.322523824524226, 0.171952676545437, 0.0556801174499242, -0.218688847762539, -0.336618925325858, 1.04001212893186], [0.00119756639179558]]","SimNLMNAR_rep8_n115000_d5_corr95_NA25_MICE.RF.10.M.IMP.M_50000",239.718210458755,0.150128841400146,"2025-11-28 01:36:49.133795"
"SimNLMNAR_rep9_n115000_d5_corr95_NA25","MICE.RF.10.M.IMP.M",50000,"[[0.283209511060995, 0.162819358295316, -0.297464545896107, -0.426583898662124, 0.314013090341844, 0.20277643087601, 0.089745317884347, -0.231322251053509, -0.366537541831325, 1.0099534903489], [-0.0441421606856861]]","SimNLMNAR_rep9_n115000_d5_corr95_NA25_MICE.RF.10.M.IMP.M_50000",238.115248680115,0.701048612594604,"2025-11-28 01:40:49.039999"
"SimNLMNAR_rep0_n115000_d5_corr95_NA25","MICE.RF.10.Y.M.IMP.M",100,"[[-1.33517514176045, 0.580977244959895, 0.14651312411504, -0.250515569454686, 0.480932113687507, 0.0208861144633082, 0.877532206017531, 0.334358168430517, -0.79560966737785, 2.63444579695185], [-1.05074933841734]]","SimNLMNAR_rep0_n115000_d5_corr95_NA25_MICE.RF.10.Y.M.IMP.M_100",30.1877481937408,0.0877528190612793,"2025-11-28 01:44:47.888211"
"SimNLMNAR_rep1_n115000_d5_corr95_NA25","MICE.RF.10.Y.M.IMP.M",100,"[[0.949374982213871, -0.739715025373824, -0.316468541949902, -0.504303953860605, 0.524779414398192, 0.813206832507709, 0.86448204840636, -0.501037302685318, -0.481829685824282, -0.0278362143789897], [-0.0769583600773195]]","SimNLMNAR_rep1_n115000_d5_corr95_NA25_MICE.RF.10.Y.M.IMP.M_100",30.7040042877197,0.0897979736328125,"2025-11-28 01:45:18.197832"
"SimNLMNAR_rep2_n115000_d5_corr95_NA25","MICE.RF.10.Y.M.IMP.M",100,"[[0.0878882912831881, -0.622332059836569, -0.435387292176349, -0.708189858480248, 0.673322127169284, 0.266189511080977, 1.53120977289509, -0.292663348935203, -0.969863420757174, 0.59043039631781], [-0.56669425214249]]","SimNLMNAR_rep2_n115000_d5_corr95_NA25_MICE.RF.10.Y.M.IMP.M_100",31.0154268741608,0.0865721702575684,"2025-11-28 01:45:49.026845"
"SimNLMNAR_rep3_n115000_d5_corr95_NA25","MICE.RF.10.Y.M.IMP.M",100,"[[0.303128056198025, 0.260131504825067, 0.344354930536554, -0.560513088232732, 0.735362286575989, -1.03346225062758, -1.31919864112674, -1.23584569210168, -0.48936097283952, 1.36355732997512], [1.39304408696506]]","SimNLMNAR_rep3_n115000_d5_corr95_NA25_MICE.RF.10.Y.M.IMP.M_100",30.4209153652191,0.0840857028961182,"2025-11-28 01:46:20.162185"
"SimNLMNAR_rep4_n115000_d5_corr95_NA25","MICE.RF.10.Y.M.IMP.M",100,"[[-0.3774906013849, 0.698043720861376, -0.155723183932578, -0.411377596527159, 0.569088797099665, 0.142136553907798, -0.593091098626862, -0.482681368707093, -0.656182297075706, 0.859174503106482], [0.340184952088734]]","SimNLMNAR_rep4_n115000_d5_corr95_NA25_MICE.RF.10.Y.M.IMP.M_100",31.7053399085999,0.0928857326507568,"2025-11-28 01:46:50.702521"
"SimNLMNAR_rep5_n115000_d5_corr95_NA25","MICE.RF.10.Y.M.IMP.M",100,"[[0.656074203542254, 2.28799669220007, -0.044186902564482, -2.03175631944023, 0.745694562769077, 1.83349370613924, -1.406583174307, -1.31054237763857, -3.00983482179641, 2.22614012022589], [1.60731496588818]]","SimNLMNAR_rep5_n115000_d5_corr95_NA25_MICE.RF.10.Y.M.IMP.M_100",32.2362885475159,0.0889065265655518,"2025-11-28 01:47:22.53456"
"SimNLMNAR_rep6_n115000_d5_corr95_NA25","MICE.RF.10.Y.M.IMP.M",100,"[[1.34136625020118, -0.8209154575856, -1.14029473274444, -0.541641313086361, 0.967009241416152, 0.554516053688269, -0.605630619863846, 0.587477522022798, 0.501566582712006, 1.26758873096034], [-0.855734078834925]]","SimNLMNAR_rep6_n115000_d5_corr95_NA25_MICE.RF.10.Y.M.IMP.M_100",31.9498066902161,0.0857770442962646,"2025-11-28 01:47:54.894021"
"SimNLMNAR_rep7_n115000_d5_corr95_NA25","MICE.RF.10.Y.M.IMP.M",100,"[[0.11758580796578, -0.640912706043362, 0.321204130457475, -0.828718661671493, 0.50714613304022, 0.762867721859176, 0.224116014089635, 0.586942563329534, -0.00466553198628636, 1.651367020475], [-0.559005507402887]]","SimNLMNAR_rep7_n115000_d5_corr95_NA25_MICE.RF.10.Y.M.IMP.M_100",29.8244154453278,0.0839099884033203,"2025-11-28 01:48:26.963097"
"SimNLMNAR_rep8_n115000_d5_corr95_NA25","MICE.RF.10.Y.M.IMP.M",100,"[[0.620731164502232, -0.501721798081061, -0.10508445440999, -0.550456586061055, 0.432131674612648, 0.845410632993322, -0.128070274509054, 0.161109630540225, 0.345628102202188, 1.31185617391406], [-0.408657028311306]]","SimNLMNAR_rep8_n115000_d5_corr95_NA25_MICE.RF.10.Y.M.IMP.M_100",30.3766140937805,0.0830147266387939,"2025-11-28 01:48:56.907037"
"SimNLMNAR_rep9_n115000_d5_corr95_NA25","MICE.RF.10.Y.M.IMP.M",100,"[[0.612157616743007, -1.18683936728323, 0.557554727000188, -0.493744362963852, 0.463061390457765, 0.286204528673051, 0.201535487881252, 0.204807481755238, -0.0908877638950049, 0.691952377674344], [0.114997535550685]]","SimNLMNAR_rep9_n115000_d5_corr95_NA25_MICE.RF.10.Y.M.IMP.M_100",29.6376092433929,0.0871207714080811,"2025-11-28 01:49:27.40041"
"SimNLMNAR_rep0_n115000_d5_corr95_NA25","MICE.RF.10.Y.M.IMP.M",500,"[[-0.120863848498544, 0.569918896910985, -0.789235038831738, -0.419539686885517, 0.57748556019765, 0.395404838426804, 0.355815298345557, -0.318718333672527, -0.603632737233931, 0.915613545905968], [-0.392010480252168]]","SimNLMNAR_rep0_n115000_d5_corr95_NA25_MICE.RF.10.Y.M.IMP.M_500",32.4537162780762,0.0870158672332764,"2025-11-28 01:49:57.159327"
"SimNLMNAR_rep1_n115000_d5_corr95_NA25","MICE.RF.10.Y.M.IMP.M",500,"[[0.336379486234393, 0.142763306515776, -0.441358114453899, -0.705742389894483, 0.537571554467773, 0.401065537806258, 0.203029406047363, -0.327401397363773, -0.0504431446016591, 0.988863731267253], [-0.34860146562005]]","SimNLMNAR_rep1_n115000_d5_corr95_NA25_MICE.RF.10.Y.M.IMP.M_500",32.3869330883026,0.0816929340362549,"2025-11-28 01:50:29.733385"
"SimNLMNAR_rep2_n115000_d5_corr95_NA25","MICE.RF.10.Y.M.IMP.M",500,"[[0.436335725964334, -0.677296121239747, -0.654831632149456, -0.507659849211962, 0.692635495001423, 0.169165919490743, 0.648465574647124, 0.194059654291861, 0.11068137221533, 0.914330005413861], [-0.621595742290368]]","SimNLMNAR_rep2_n115000_d5_corr95_NA25_MICE.RF.10.Y.M.IMP.M_500",31.7471554279327,0.0828037261962891,"2025-11-28 01:51:02.237596"
"SimNLMNAR_rep3_n115000_d5_corr95_NA25","MICE.RF.10.Y.M.IMP.M",500,"[[0.413315429291902, -0.0755563229903463, -0.559537696022738, -0.665632025979755, 0.697764723365064, 0.0284854945785496, 0.125622502657572, -0.170722573273479, -0.300463634278861, 0.806706744211586], [-0.00959258745732656]]","SimNLMNAR_rep3_n115000_d5_corr95_NA25_MICE.RF.10.Y.M.IMP.M_500",32.8446102142334,0.0814173221588135,"2025-11-28 01:51:34.102265"
"SimNLMNAR_rep4_n115000_d5_corr95_NA25","MICE.RF.10.Y.M.IMP.M",500,"[[0.186980077977221, -0.0157775578308407, -0.451293741560192, -0.631645699376441, 0.638676846476994, 0.249588460878396, -0.220919930397853, -0.187802161116863, -0.484662900254047, 0.938392883815239], [-0.155183440826263]]","SimNLMNAR_rep4_n115000_d5_corr95_NA25_MICE.RF.10.Y.M.IMP.M_500",31.4301891326904,0.085972785949707,"2025-11-28 01:52:07.060997"
"SimNLMNAR_rep5_n115000_d5_corr95_NA25","MICE.RF.10.Y.M.IMP.M",500,"[[0.364881998796541, 0.278896657218304, -0.225028804045661, -0.79243178669208, 0.546889223012095, 0.601687582334083, -0.0198145900733862, -0.386024422471093, -0.415781816100327, 0.81055682603991], [0.0885936663803445]]","SimNLMNAR_rep5_n115000_d5_corr95_NA25_MICE.RF.10.Y.M.IMP.M_500",33.0467486381531,0.0956990718841553,"2025-11-28 01:52:38.611342"
"SimNLMNAR_rep6_n115000_d5_corr95_NA25","MICE.RF.10.Y.M.IMP.M",500,"[[1.07143822201216, -0.368818039200193, -0.57654109214865, -0.696158087485218, 0.670169238481553, 0.469751532205314, 0.16249622971992, -0.390937165401409, -0.339682019327663, 1.12633682449648], [-0.207471067554364]]","SimNLMNAR_rep6_n115000_d5_corr95_NA25_MICE.RF.10.Y.M.IMP.M_500",36.5028665065765,0.0859935283660889,"2025-11-28 01:11:05.96622"
"SimNLMNAR_rep7_n115000_d5_corr95_NA25","MICE.RF.10.Y.M.IMP.M",500,"[[0.34723882090517, -0.0521324982677327, -0.313190235306874, -0.615672409343394, 0.59928332891225, -0.132380158362225, -0.00546756562843587, -0.34560773504249, -0.637617657660295, 0.562653721869953], [0.284158985894276]]","SimNLMNAR_rep7_n115000_d5_corr95_NA25_MICE.RF.10.Y.M.IMP.M_500",34.5088951587677,0.0951187610626221,"2025-11-28 01:11:42.601292"
"SimNLMNAR_rep8_n115000_d5_corr95_NA25","MICE.RF.10.Y.M.IMP.M",500,"[[0.354906407905385, -0.3261243491989, -0.483796493686744, -0.432497710365525, 0.590744045697234, 0.258778799091229, 0.233173744783892, -0.622088973864708, 0.0184239378955083, 0.377180705238167], [0.12489739966694]]","SimNLMNAR_rep8_n115000_d5_corr95_NA25_MICE.RF.10.Y.M.IMP.M_500",35.6416983604431,0.0856671333312988,"2025-11-28 01:12:17.249196"
"SimNLMNAR_rep9_n115000_d5_corr95_NA25","MICE.RF.10.Y.M.IMP.M",500,"[[0.450487391117082, -0.0876771128654237, -0.342660183192018, -0.746046396326182, 0.588958757066716, 0.541522592395649, -0.000798231971592733, -0.461066368365166, -0.651877509228357, 0.599678720693492], [0.125480075194183]]","SimNLMNAR_rep9_n115000_d5_corr95_NA25_MICE.RF.10.Y.M.IMP.M_500",36.8576531410217,0.0923149585723877,"2025-11-28 01:12:53.01511"
"SimNLMNAR_rep0_n115000_d5_corr95_NA25","MICE.RF.10.Y.M.IMP.M",1000,"[[0.334159966832227, 0.425650973910553, -0.669146542916868, -0.770252878797924, 0.643447222812965, 0.34803839951888, 0.207656550853844, -0.396858357723439, -0.380444013517575, 0.88620460666822], [-0.223914808432949]]","SimNLMNAR_rep0_n115000_d5_corr95_NA25_MICE.RF.10.Y.M.IMP.M_1000",40.3484389781952,0.0898933410644531,"2025-11-28 01:13:30.000333"
"SimNLMNAR_rep1_n115000_d5_corr95_NA25","MICE.RF.10.Y.M.IMP.M",1000,"[[0.456610641400124, 0.236104638156359, -0.538238874950592, -0.758452353548594, 0.626490193498367, 0.263805402785086, 0.163743322789018, -0.289929700740118, 0.093605733308528, 0.760363752339335], [-0.276407039803095]]","SimNLMNAR_rep1_n115000_d5_corr95_NA25_MICE.RF.10.Y.M.IMP.M_1000",40.5733571052551,0.0898058414459229,"2025-11-28 01:14:10.476202"
"SimNLMNAR_rep2_n115000_d5_corr95_NA25","MICE.RF.10.Y.M.IMP.M",1000,"[[0.733260999499503, -0.585055679698345, -0.447818380365114, -0.643897156984736, 0.667729726393409, -0.0129348960839121, 0.263347288545507, -0.215850740945666, -0.131244301786975, 0.708083642954646], [0.0805552818822538]]","SimNLMNAR_rep2_n115000_d5_corr95_NA25_MICE.RF.10.Y.M.IMP.M_1000",40.1573755741119,0.118650913238525,"2025-11-28 01:14:51.182542"
"SimNLMNAR_rep3_n115000_d5_corr95_NA25","MICE.RF.10.Y.M.IMP.M",1000,"[[0.491293423960432, 0.164165068004559, -0.606829432412413, -0.812503412574787, 0.667451740572856, 0.0502183999784014, 0.0324801425893746, -0.379999339735094, -0.218029827563889, 0.767147033283167], [0.00789522609922674]]","SimNLMNAR_rep3_n115000_d5_corr95_NA25_MICE.RF.10.Y.M.IMP.M_1000",41.5242500305176,0.0969564914703369,"2025-11-28 01:15:31.504351"
"SimNLMNAR_rep4_n115000_d5_corr95_NA25","MICE.RF.10.Y.M.IMP.M",1000,"[[0.602807026670763, -0.0740394059119619, -0.427428388447569, -0.76900429324993, 0.619171726456533, 0.0379330006480238, -0.251923564394918, -0.105080356031073, -0.426273932519655, 0.777672564611682], [0.0385762058603417]]","SimNLMNAR_rep4_n115000_d5_corr95_NA25_MICE.RF.10.Y.M.IMP.M_1000",39.5038177967072,0.0894596576690674,"2025-11-28 01:16:13.169027"
"SimNLMNAR_rep5_n115000_d5_corr95_NA25","MICE.RF.10.Y.M.IMP.M",1000,"[[0.389514199111409, 0.0763250121710271, -0.273100032488756, -0.89864750781538, 0.642238642945419, 0.642862690508373, 0.239763877359379, -0.0973216801370138, -0.521571477177216, 0.586885949530721], [-0.0133722392641027]]","SimNLMNAR_rep5_n115000_d5_corr95_NA25_MICE.RF.10.Y.M.IMP.M_1000",39.6340687274933,0.0866620540618896,"2025-11-28 01:16:52.800108"
"SimNLMNAR_rep6_n115000_d5_corr95_NA25","MICE.RF.10.Y.M.IMP.M",1000,"[[0.517594986883749, 0.165936729587102, -0.511526251626923, -0.729364582701843, 0.622407953180227, 0.212380100428584, 0.0216204485883971, -0.220873419934106, -0.21248018604162, 0.859111292606425], [-0.161438698106107]]","SimNLMNAR_rep6_n115000_d5_corr95_NA25_MICE.RF.10.Y.M.IMP.M_1000",38.3829624652863,0.087646484375,"2025-11-28 01:17:32.560332"
"SimNLMNAR_rep7_n115000_d5_corr95_NA25","MICE.RF.10.Y.M.IMP.M",1000,"[[0.594141218410662, 0.185260233735847, -0.639238377108134, -0.750748700554113, 0.676143451919076, 0.161717270112584, 0.0403176498604432, -0.347531068150135, -0.3924070126459, 0.617203671753878], [0.0656899751320527]]","SimNLMNAR_rep7_n115000_d5_corr95_NA25_MICE.RF.10.Y.M.IMP.M_1000",39.1594052314758,0.0819942951202393,"2025-11-28 01:18:11.070058"
"SimNLMNAR_rep8_n115000_d5_corr95_NA25","MICE.RF.10.Y.M.IMP.M",1000,"[[0.758996783853464, -0.321185978666231, -0.722695807226536, -0.591617247295637, 0.677575324056943, 0.269239942925701, 0.107579248146665, -0.397091826763288, -0.0358661475547079, 0.374438343757095], [0.00982769054717909]]","SimNLMNAR_rep8_n115000_d5_corr95_NA25_MICE.RF.10.Y.M.IMP.M_1000",38.706157207489,0.574992895126343,"2025-11-28 01:18:50.348822"
"SimNLMNAR_rep9_n115000_d5_corr95_NA25","MICE.RF.10.Y.M.IMP.M",1000,"[[0.392204252855487, 0.08332038056169, -0.528489636086822, -0.695942213645587, 0.649603348350272, 0.638914514678932, 0.0319867968601872, -0.340161828043974, -0.580093672537829, 0.593127527219172], [0.00440442588399981]]","SimNLMNAR_rep9_n115000_d5_corr95_NA25_MICE.RF.10.Y.M.IMP.M_1000",37.6981885433197,0.0889871120452881,"2025-11-28 01:19:29.672683"
"SimNLMNAR_rep0_n115000_d5_corr95_NA25","MICE.RF.10.Y.M.IMP.M",5000,"[[0.584166991855954, 0.289575387989648, -0.79204707910068, -0.845799771488303, 0.729575422547988, 0.363903153894226, 0.117504794216258, -0.196551289664261, -0.343116453487252, 0.640131965848136], [-0.195052583453753]]","SimNLMNAR_rep0_n115000_d5_corr95_NA25_MICE.RF.10.Y.M.IMP.M_5000",59.9061141014099,0.0992693901062012,"2025-11-28 01:20:07.494878"
"SimNLMNAR_rep1_n115000_d5_corr95_NA25","MICE.RF.10.Y.M.IMP.M",5000,"[[0.586872343092358, 0.158462187731449, -0.635349324021235, -0.85748853660701, 0.738218700063159, 0.265385831583631, 0.127475954819967, -0.176935371113862, -0.130258965270385, 0.544664832780811], [-0.207631357119359]]","SimNLMNAR_rep1_n115000_d5_corr95_NA25_MICE.RF.10.Y.M.IMP.M_5000",59.5747454166412,0.0964279174804688,"2025-11-28 01:21:07.538001"
"SimNLMNAR_rep2_n115000_d5_corr95_NA25","MICE.RF.10.Y.M.IMP.M",5000,"[[0.866718765653463, -0.0730189643991555, -0.658089819302288, -0.896230549027054, 0.751600710407925, 0.275830155715002, 0.0770519455825558, -0.108068750943616, -0.156211060392484, 0.552188202613577], [-0.0689952875823978]]","SimNLMNAR_rep2_n115000_d5_corr95_NA25_MICE.RF.10.Y.M.IMP.M_5000",58.9678835868835,0.100204467773438,"2025-11-28 01:22:07.245588"
"SimNLMNAR_rep3_n115000_d5_corr95_NA25","MICE.RF.10.Y.M.IMP.M",5000,"[[0.664780578264697, 0.123588883826904, -0.750932520990499, -0.816232906763603, 0.753777221832687, 0.334734078003539, 0.0182774857894312, -0.218628831736319, -0.0990158790234854, 0.655575309581305], [-0.29791778693894]]","SimNLMNAR_rep3_n115000_d5_corr95_NA25_MICE.RF.10.Y.M.IMP.M_5000",60.2583220005035,0.102599382400513,"2025-11-28 01:23:06.354716"
"SimNLMNAR_rep4_n115000_d5_corr95_NA25","MICE.RF.10.Y.M.IMP.M",5000,"[[0.836020492874765, 0.0486101806628759, -0.585754266244846, -0.933379828104273, 0.704100983439212, 0.256370701091959, -0.163688735670357, -0.393444461035325, -0.361346539301714, 0.673712224754986], [-0.000495154005310074]]","SimNLMNAR_rep4_n115000_d5_corr95_NA25_MICE.RF.10.Y.M.IMP.M_5000",56.6052134037018,0.0964000225067139,"2025-11-28 01:24:06.763888"
"SimNLMNAR_rep5_n115000_d5_corr95_NA25","MICE.RF.10.Y.M.IMP.M",5000,"[[1.03053504067364, -0.0925201568510017, -0.890891526991687, -0.8044346920603, 0.766908991366884, 0.360725513096524, 0.116478215294648, -0.219057234752586, -0.249012730088067, 0.434784938911549], [-0.10060025239182]]","SimNLMNAR_rep5_n115000_d5_corr95_NA25_MICE.RF.10.Y.M.IMP.M_5000",56.4101796150208,0.565968751907349,"2025-11-28 01:25:03.502348"
"SimNLMNAR_rep6_n115000_d5_corr95_NA25","MICE.RF.10.Y.M.IMP.M",5000,"[[0.630732212790704, 0.231814266442288, -0.681475735172081, -0.853738064888494, 0.70339555111909, 0.243919656523415, 0.169053017941305, -0.0408066696779674, -0.269224040463137, 0.776051324810665], [-0.263183422328937]]","SimNLMNAR_rep6_n115000_d5_corr95_NA25_MICE.RF.10.Y.M.IMP.M_5000",55.0651164054871,0.0892748832702637,"2025-11-28 01:26:00.526028"
"SimNLMNAR_rep7_n115000_d5_corr95_NA25","MICE.RF.10.Y.M.IMP.M",5000,"[[0.902366513202755, 0.0644522240616381, -0.683792247239472, -0.996572124332006, 0.727331487684933, 0.229115333031461, 0.129408860924568, -0.203487513639501, -0.306192357328564, 0.489017814481393], [-0.0626336964674442]]","SimNLMNAR_rep7_n115000_d5_corr95_NA25_MICE.RF.10.Y.M.IMP.M_5000",55.8343508243561,0.0852291584014893,"2025-11-28 01:26:55.712909"
"SimNLMNAR_rep8_n115000_d5_corr95_NA25","MICE.RF.10.Y.M.IMP.M",5000,"[[0.815844988917794, -0.0159156366743748, -0.726745164250018, -0.805422506821377, 0.742401188756956, 0.171442649080752, -0.00861046746458978, -0.0938012633624309, -0.12346753798783, 0.542126836603324], [-0.0620655034953848]]","SimNLMNAR_rep8_n115000_d5_corr95_NA25_MICE.RF.10.Y.M.IMP.M_5000",54.8905203342438,0.0954160690307617,"2025-11-28 01:27:51.665544"
"SimNLMNAR_rep9_n115000_d5_corr95_NA25","MICE.RF.10.Y.M.IMP.M",5000,"[[0.676703626616852, 0.204089099223224, -0.75221308907062, -0.900328325268202, 0.756565792239267, 0.229210389263632, 0.0193330209098944, -0.136741420379102, -0.316293050640506, 0.5965985117932], [-0.0887598822482932]]","SimNLMNAR_rep9_n115000_d5_corr95_NA25_MICE.RF.10.Y.M.IMP.M_5000",55.2235367298126,0.0911824703216553,"2025-11-28 01:28:46.6836"
"SimNLMNAR_rep0_n115000_d5_corr95_NA25","MICE.RF.10.Y.M.IMP.M",10000,"[[0.642229032005972, 0.348446834748021, -0.782609624916052, -0.952554567447467, 0.764001230344816, 0.30279026962378, 0.0431039429830409, -0.182881490750161, -0.182616265951001, 0.612765246676181], [-0.174592273238403]]","SimNLMNAR_rep0_n115000_d5_corr95_NA25_MICE.RF.10.Y.M.IMP.M_10000",87.7128031253815,0.112581491470337,"2025-11-28 01:11:14.13724"
"SimNLMNAR_rep1_n115000_d5_corr95_NA25","MICE.RF.10.Y.M.IMP.M",10000,"[[0.73210814508438, 0.168218938946655, -0.658565671231638, -0.945504522666537, 0.739775689256461, 0.263335056797063, 0.0834107988434453, -0.145256676861867, -0.16426330114683, 0.566993330696133], [-0.138871286029499]]","SimNLMNAR_rep1_n115000_d5_corr95_NA25_MICE.RF.10.Y.M.IMP.M_10000",91.9443790912628,0.121543407440186,"2025-11-28 01:12:42.045522"
"SimNLMNAR_rep2_n115000_d5_corr95_NA25","MICE.RF.10.Y.M.IMP.M",10000,"[[0.980018447377013, -0.020979503315365, -0.621649272926144, -0.963715960267164, 0.727583602572663, 0.21561393282892, 0.037000849755305, -0.122640146640686, -0.165515909724123, 0.579664800817836], [-0.00285587241805927]]","SimNLMNAR_rep2_n115000_d5_corr95_NA25_MICE.RF.10.Y.M.IMP.M_10000",91.7230415344238,0.105300188064575,"2025-11-28 01:14:14.152847"
"SimNLMNAR_rep3_n115000_d5_corr95_NA25","MICE.RF.10.Y.M.IMP.M",10000,"[[0.856016688992288, 0.0490864943715974, -0.720523203222866, -0.884011300137929, 0.75802899726413, 0.284018628753946, 0.0283817939151593, -0.0881323667142297, -0.1970512000067, 0.540261917745088], [-0.159260274158472]]","SimNLMNAR_rep3_n115000_d5_corr95_NA25_MICE.RF.10.Y.M.IMP.M_10000",90.8587338924408,0.104904174804688,"2025-11-28 01:15:46.025876"
"SimNLMNAR_rep4_n115000_d5_corr95_NA25","MICE.RF.10.Y.M.IMP.M",10000,"[[0.846004463543919, 0.194622664068951, -0.692070837596799, -0.98238206679213, 0.715533117355687, 0.19145680288288, -0.027552218572293, -0.201860492162597, -0.260804500557786, 0.63822887152218], [-0.139845833939153]]","SimNLMNAR_rep4_n115000_d5_corr95_NA25_MICE.RF.10.Y.M.IMP.M_10000",94.126119852066,0.0982351303100586,"2025-11-28 01:17:17.026875"
"SimNLMNAR_rep5_n115000_d5_corr95_NA25","MICE.RF.10.Y.M.IMP.M",10000,"[[0.933240637175916, 0.0597488228172386, -0.805144957937546, -0.868821101695915, 0.739615630810926, 0.228370496799509, 0.107603747068402, -0.177243038970755, -0.307854691296624, 0.526822927159168], [-0.0536961913487313]]","SimNLMNAR_rep5_n115000_d5_corr95_NA25_MICE.RF.10.Y.M.IMP.M_10000",89.2931015491486,0.110822677612305,"2025-11-28 01:18:51.289321"
"SimNLMNAR_rep6_n115000_d5_corr95_NA25","MICE.RF.10.Y.M.IMP.M",10000,"[[0.834256488678882, 0.25649466063171, -0.738778464512734, -0.997649124676472, 0.740982758086016, 0.193534894173209, 0.138433321488473, -0.129750003601011, -0.193104554731737, 0.755115479106613], [-0.190368954303503]]","SimNLMNAR_rep6_n115000_d5_corr95_NA25_MICE.RF.10.Y.M.IMP.M_10000",87.3279638290405,0.105187654495239,"2025-11-28 01:20:20.733618"
"SimNLMNAR_rep7_n115000_d5_corr95_NA25","MICE.RF.10.Y.M.IMP.M",10000,"[[0.937523470078971, 0.0622894950247173, -0.723503042946205, -0.969498162028891, 0.732715423142635, 0.181012968362445, 0.0652226999263082, -0.150032320960491, -0.247937565559566, 0.520516324177136], [-0.0518203944945167]]","SimNLMNAR_rep7_n115000_d5_corr95_NA25_MICE.RF.10.Y.M.IMP.M_10000",85.126708984375,0.10723876953125,"2025-11-28 01:21:48.202095"
"SimNLMNAR_rep8_n115000_d5_corr95_NA25","MICE.RF.10.Y.M.IMP.M",10000,"[[0.799364728612449, 0.111031759639734, -0.706652589294163, -0.91401363133383, 0.741939054156273, 0.228593695658674, 0.0455381875074932, -0.077438376999795, -0.185557731412908, 0.59749899443654], [-0.145463906833334]]","SimNLMNAR_rep8_n115000_d5_corr95_NA25_MICE.RF.10.Y.M.IMP.M_10000",84.9696235656738,0.102268934249878,"2025-11-28 01:23:13.477449"
"SimNLMNAR_rep9_n115000_d5_corr95_NA25","MICE.RF.10.Y.M.IMP.M",10000,"[[0.761128557828049, 0.171025134458467, -0.694582769987053, -0.941513603398988, 0.756257568044577, 0.235442893343725, 0.033796583741081, -0.188558045004428, -0.245302648577016, 0.520675367195235], [-0.055344629712635]]","SimNLMNAR_rep9_n115000_d5_corr95_NA25_MICE.RF.10.Y.M.IMP.M_10000",83.861067533493,0.093564510345459,"2025-11-28 01:24:38.584726"
"SimNLMNAR_rep0_n115000_d5_corr95_NA25","MICE.RF.10.Y.M.IMP.M",50000,"[[0.986475946212519, 0.133549436694352, -0.749693577968655, -1.01791256144964, 0.790181768778956, 0.236164223927922, 0.0455682700441772, -0.145643800829964, -0.130868777879415, 0.55186444793326], [-0.108217533602222]]","SimNLMNAR_rep0_n115000_d5_corr95_NA25_MICE.RF.10.Y.M.IMP.M_50000",337.439561605453,0.592507123947144,"2025-11-28 01:26:02.573676"
"SimNLMNAR_rep1_n115000_d5_corr95_NA25","MICE.RF.10.Y.M.IMP.M",50000,"[[1.05698632207628, 0.0210624860600624, -0.677774738130467, -1.0840565803208, 0.796245012687479, 0.155674074267418, 0.0648703345863489, -0.178557727080528, -0.177995664929197, 0.54857502156646], [-0.0445925240292843]]","SimNLMNAR_rep1_n115000_d5_corr95_NA25_MICE.RF.10.Y.M.IMP.M_50000",313.048134803772,0.155524969100952,"2025-11-28 01:31:40.646297"
"SimNLMNAR_rep2_n115000_d5_corr95_NA25","MICE.RF.10.Y.M.IMP.M",50000,"[[0.972894217332487, 0.149304769010189, -0.740493500539168, -1.01607798461719, 0.777853227048173, 0.198681180799297, -0.0223836837920815, -0.144202672259325, -0.154506686050278, 0.566132923914047], [-0.0494529453879553]]","SimNLMNAR_rep2_n115000_d5_corr95_NA25_MICE.RF.10.Y.M.IMP.M_50000",309.645909309387,0.16159462928772,"2025-11-28 01:36:53.88182"
"SimNLMNAR_rep3_n115000_d5_corr95_NA25","MICE.RF.10.Y.M.IMP.M",50000,"[[0.970293599364384, 0.0531858501454153, -0.759986704229583, -0.9593903644759, 0.794280083398524, 0.229068189309908, 0.0215056275725228, -0.153926644355239, -0.161321746162814, 0.531818971965563], [-0.105860705816144]]","SimNLMNAR_rep3_n115000_d5_corr95_NA25_MICE.RF.10.Y.M.IMP.M_50000",308.289846658707,0.162835359573364,"2025-11-28 01:42:03.721103"
"SimNLMNAR_rep4_n115000_d5_corr95_NA25","MICE.RF.10.Y.M.IMP.M",50000,"[[1.05594560329572, 0.0186702278181742, -0.763419850307577, -0.99055639354514, 0.790793645563326, 0.207961810842524, 0.0354347356661654, -0.118956294504389, -0.187888799223536, 0.569546824538913], [-0.133639273857216]]","SimNLMNAR_rep4_n115000_d5_corr95_NA25_MICE.RF.10.Y.M.IMP.M_50000",310.237354755402,0.62484884262085,"2025-11-28 01:47:12.205697"
"SimNLMNAR_rep5_n115000_d5_corr95_NA25","MICE.RF.10.Y.M.IMP.M",50000,"[[1.04404300440152, 0.0359779117358645, -0.794004192041784, -0.968459725778508, 0.790646545281384, 0.237144307429862, 0.0498443227463176, -0.140933402725451, -0.233813574286092, 0.539904446176787], [-0.0722639013783341]]","SimNLMNAR_rep5_n115000_d5_corr95_NA25_MICE.RF.10.Y.M.IMP.M_50000",308.633280992508,0.158504962921143,"2025-11-28 01:52:23.099121"
"SimNLMNAR_rep6_n115000_d5_corr95_NA25","MICE.RF.10.Y.M.IMP.M",50000,"[[0.944325432321492, 0.192274418832549, -0.764485423661001, -1.00101895644053, 0.776254883739948, 0.194880387514782, 0.064908443127684, -0.120852605145062, -0.179248601010841, 0.607362788782628], [-0.111138776498794]]","SimNLMNAR_rep6_n115000_d5_corr95_NA25_MICE.RF.10.Y.M.IMP.M_50000",305.20831656456,0.159226655960083,"2025-11-28 01:57:31.925976"
"SimNLMNAR_rep7_n115000_d5_corr95_NA25","MICE.RF.10.Y.M.IMP.M",50000,"[[1.0718739540471, 0.0333865141826674, -0.809441494958961, -0.983764132861974, 0.786794898532364, 0.239189394066293, 0.055332986186227, -0.165988045179269, -0.231953626414607, 0.576848535878492], [-0.138081660613613]]","SimNLMNAR_rep7_n115000_d5_corr95_NA25_MICE.RF.10.Y.M.IMP.M_50000",299.15941119194,0.156711339950562,"2025-11-28 02:02:37.325084"
"SimNLMNAR_rep8_n115000_d5_corr95_NA25","MICE.RF.10.Y.M.IMP.M",50000,"[[0.998808509097877, 0.094192993499095, -0.807490826976495, -0.982421694840609, 0.805516916915602, 0.190435101950755, 0.0116282554172577, -0.139004532174036, -0.221875535432684, 0.544307125227273], [-0.0706154422711438]]","SimNLMNAR_rep8_n115000_d5_corr95_NA25_MICE.RF.10.Y.M.IMP.M_50000",299.741241931915,0.159732103347778,"2025-11-28 02:07:36.672811"
"SimNLMNAR_rep9_n115000_d5_corr95_NA25","MICE.RF.10.Y.M.IMP.M",50000,"[[1.03491751283856, 0.0283817626563678, -0.680758340153809, -1.0414948323476, 0.793380219836457, 0.196043787093991, 0.0613867661983897, -0.125837630601488, -0.217646941962648, 0.548280573096473], [-0.103716615244843]]","SimNLMNAR_rep9_n115000_d5_corr95_NA25_MICE.RF.10.Y.M.IMP.M_50000",300.509078502655,0.164335966110229,"2025-11-28 02:12:36.60539"
"SimNLMNAR_rep0_n115000_d5_corr95_NA25","MICE.100.IMP.M",100,"[[-1.43421458074847, 1.21245088613781, -0.119730406860553, -0.252346474662142, 0.279621629564477, 0.109995663059606, 0.64976449373225, 0.56411221624916, -0.792690963720255, 2.92635700466717], [-1.17822899145954]]","SimNLMNAR_rep0_n115000_d5_corr95_NA25_MICE.100.IMP.M_100",9.16864418983459,1.00481343269348,"2025-11-28 02:17:37.310872"
"SimNLMNAR_rep1_n115000_d5_corr95_NA25","MICE.100.IMP.M",100,"[[1.22167949388472, -0.590883799611877, -0.508500572805261, -0.438831760343328, 0.35538662469924, 0.689593168965265, 0.707677778763796, -0.421534295912363, -0.534401531670789, 0.0304516153802693], [-0.0231024889717913]]","SimNLMNAR_rep1_n115000_d5_corr95_NA25_MICE.100.IMP.M_100",8.95112109184265,0.59960412979126,"2025-11-28 02:17:47.514482"
"SimNLMNAR_rep2_n115000_d5_corr95_NA25","MICE.100.IMP.M",100,"[[0.362260598112956, -0.409161749060994, -0.543694227056153, -0.495378115185926, 0.454065203874519, 0.186154504403205, 1.35877225620016, -0.0392459772972502, -0.951908138691201, 0.848360105473298], [-0.507371548240945]]","SimNLMNAR_rep2_n115000_d5_corr95_NA25_MICE.100.IMP.M_100",9.52526664733887,0.60712718963623,"2025-11-28 02:17:57.095446"
"SimNLMNAR_rep3_n115000_d5_corr95_NA25","MICE.100.IMP.M",100,"[[0.183321037914875, 0.777425010327936, -0.451369430349933, -0.300490621122059, 0.424366267758166, -0.398416595157172, -0.798147689466765, -0.591035003452679, -0.441945333237562, 1.69975517324189], [0.48328017599143]]","SimNLMNAR_rep3_n115000_d5_corr95_NA25_MICE.100.IMP.M_100",9.0432562828064,0.586487054824829,"2025-11-28 02:18:07.257696"
"SimNLMNAR_rep4_n115000_d5_corr95_NA25","MICE.100.IMP.M",100,"[[-0.843065904674067, 1.05801706372851, -0.0809870853849295, -0.425132724254911, 0.400849895662648, 0.271790108452305, -0.429405050209978, -0.0143989057213263, -0.756102460011725, 1.3665054800154], [-0.0814906442619379]]","SimNLMNAR_rep4_n115000_d5_corr95_NA25_MICE.100.IMP.M_100",9.67791604995728,0.613340377807617,"2025-11-28 02:18:16.920667"
"SimNLMNAR_rep5_n115000_d5_corr95_NA25","MICE.100.IMP.M",100,"[[0.63485848336649, 1.61450579055534, -0.800866073129225, -0.87407400860627, 0.5034597386261, 1.257122508895, -1.547744715575, -1.1793549100429, -1.94608803498724, 2.83129831788708], [1.06029938113027]]","SimNLMNAR_rep5_n115000_d5_corr95_NA25_MICE.100.IMP.M_100",14.5905554294586,1.19287180900574,"2025-11-28 01:11:22.943781"
"SimNLMNAR_rep6_n115000_d5_corr95_NA25","MICE.100.IMP.M",100,"[[2.17102466672798, -1.39206577845702, -0.858312099788935, -0.390749907078293, 0.531451415645452, 0.626184380789283, -0.642018003896624, 0.750591672114044, -0.174117142321853, 1.64168169946092], [-0.467436356222129]]","SimNLMNAR_rep6_n115000_d5_corr95_NA25_MICE.100.IMP.M_100",11.8964467048645,0.670618534088135,"2025-11-28 01:11:38.773594"
"SimNLMNAR_rep7_n115000_d5_corr95_NA25","MICE.100.IMP.M",100,"[[0.298264149706727, -0.87268731256988, 0.205283660154102, -0.49275999521263, 0.374418678883581, 0.677260732858597, 0.0478368749294438, 0.571987868438145, 0.0898984796333466, 1.86760240193205], [-0.510604129085944]]","SimNLMNAR_rep7_n115000_d5_corr95_NA25_MICE.100.IMP.M_100",12.3358573913574,0.656547784805298,"2025-11-28 01:11:51.383042"
"SimNLMNAR_rep8_n115000_d5_corr95_NA25","MICE.100.IMP.M",100,"[[0.833307193001431, -0.222831060360211, -0.485391084846286, -0.437565918511238, 0.354586273018178, 0.78481442025348, 0.019890427408975, 0.110337214803592, 0.399344633534223, 1.59593523820459], [-0.60661745687473]]","SimNLMNAR_rep8_n115000_d5_corr95_NA25_MICE.100.IMP.M_100",12.3179800510406,0.648160934448242,"2025-11-28 01:12:04.409573"
"SimNLMNAR_rep9_n115000_d5_corr95_NA25","MICE.100.IMP.M",100,"[[0.656017733857399, -0.942044711539611, 0.364051731352436, -0.440017204325287, 0.283396290371287, 0.37510920910596, 0.516588550475377, 0.194544271784323, -0.120975952820557, 0.721772981119205], [-0.184922145035312]]","SimNLMNAR_rep9_n115000_d5_corr95_NA25_MICE.100.IMP.M_100",12.8315119743347,1.25982236862183,"2025-11-28 01:12:17.412804"
"SimNLMNAR_rep0_n115000_d5_corr95_NA25","MICE.100.IMP.M",500,"[[-0.107935136703499, 0.620289460273928, -0.629161167967496, -0.259649540989294, 0.323834688893869, 0.276323573632195, 0.307042999635352, -0.232907090745516, -0.583359946374821, 1.44960447799722], [-0.308616259861954]]","SimNLMNAR_rep0_n115000_d5_corr95_NA25_MICE.100.IMP.M_500",13.5177216529846,0.678005456924438,"2025-11-28 01:12:31.548252"
"SimNLMNAR_rep1_n115000_d5_corr95_NA25","MICE.100.IMP.M",500,"[[0.359559748606604, 0.248226274066309, -0.400707354133057, -0.477792338594295, 0.305829653931812, 0.475047776038234, 0.141893685042874, -0.303284436011235, -0.129381483672289, 1.46587424832327], [-0.358862490289637]]","SimNLMNAR_rep1_n115000_d5_corr95_NA25_MICE.100.IMP.M_500",12.5090363025665,0.764133453369141,"2025-11-28 01:12:45.779327"
"SimNLMNAR_rep2_n115000_d5_corr95_NA25","MICE.100.IMP.M",500,"[[0.39220944227847, -0.154611822329592, -0.691725050001227, -0.252788462635073, 0.358469531627212, 0.0859456820265761, 0.377050993864069, 0.168488538668163, 0.00482207294617598, 1.41950419390928], [-0.529313931813013]]","SimNLMNAR_rep2_n115000_d5_corr95_NA25_MICE.100.IMP.M_500",12.7823417186737,0.724420785903931,"2025-11-28 01:12:59.089051"
"SimNLMNAR_rep3_n115000_d5_corr95_NA25","MICE.100.IMP.M",500,"[[0.446675816172682, 0.144893104575204, -0.577907598800914, -0.357049182330531, 0.324091271362256, 0.017854964905831, -0.0601917439803738, -0.10607140718021, -0.425651530481903, 1.39821751116593], [-0.043854489932708]]","SimNLMNAR_rep3_n115000_d5_corr95_NA25_MICE.100.IMP.M_500",12.8872241973877,0.698580980300903,"2025-11-28 01:13:12.630688"
"SimNLMNAR_rep4_n115000_d5_corr95_NA25","MICE.100.IMP.M",500,"[[0.352100519791952, -0.0483900192708861, -0.454403364191422, -0.367108526530377, 0.345751983144815, 0.352403459996319, -0.0829376236706851, 0.0625012836581946, -0.538902348231755, 1.45132648638374], [-0.294585005574231]]","SimNLMNAR_rep4_n115000_d5_corr95_NA25_MICE.100.IMP.M_500",13.1623861789703,0.70223331451416,"2025-11-28 01:13:26.250006"
"SimNLMNAR_rep5_n115000_d5_corr95_NA25","MICE.100.IMP.M",500,"[[0.310893080373982, 0.193316161566458, -0.389358173593347, -0.342627719300873, 0.343501657106123, 0.554212489565393, -0.124992885833605, -0.273938151713154, -0.553587912085491, 1.3206326829463], [0.0188098157303716]]","SimNLMNAR_rep5_n115000_d5_corr95_NA25_MICE.100.IMP.M_500",13.5607092380524,0.766073226928711,"2025-11-28 01:13:40.152382"
"SimNLMNAR_rep6_n115000_d5_corr95_NA25","MICE.100.IMP.M",500,"[[0.779594266235226, -0.190639606103931, -0.624718095061859, -0.340266496222472, 0.360487872938707, 0.453980216821345, 0.0199849056929571, -0.220853110924843, -0.58216639523507, 1.69770984506128], [-0.303855637517917]]","SimNLMNAR_rep6_n115000_d5_corr95_NA25_MICE.100.IMP.M_500",13.5553267002106,0.74901819229126,"2025-11-28 01:13:54.515209"
"SimNLMNAR_rep7_n115000_d5_corr95_NA25","MICE.100.IMP.M",500,"[[0.4790501256225, -0.117288108926992, -0.42458276893152, -0.198623728407793, 0.311495834397614, -0.172922746444836, -0.053738169250904, -0.30163306694136, -0.469271314447913, 0.962256428726686], [0.21796918629545]]","SimNLMNAR_rep7_n115000_d5_corr95_NA25_MICE.100.IMP.M_500",14.2034723758698,0.804420471191406,"2025-11-28 01:14:08.854719"
"SimNLMNAR_rep8_n115000_d5_corr95_NA25","MICE.100.IMP.M",500,"[[0.256567483362412, 0.173185556824679, -0.706086594385097, -0.237821487048512, 0.371924982124368, 0.265422898784677, 0.256636691327023, -0.424314308494985, -0.106899317965645, 0.780327907762062], [-0.0507830732095672]]","SimNLMNAR_rep8_n115000_d5_corr95_NA25_MICE.100.IMP.M_500",13.5092647075653,0.768994808197021,"2025-11-28 01:14:23.897786"
"SimNLMNAR_rep9_n115000_d5_corr95_NA25","MICE.100.IMP.M",500,"[[0.254501876732677, 0.0543583306405236, -0.464820097852463, -0.299199428770297, 0.332676735781975, 0.59349229216361, -0.0239454404994578, -0.225786160864068, -0.676251632394969, 1.12400504174327], [-0.0909638436567781]]","SimNLMNAR_rep9_n115000_d5_corr95_NA25_MICE.100.IMP.M_500",13.2178361415863,0.717316389083862,"2025-11-28 01:14:38.212359"
"SimNLMNAR_rep0_n115000_d5_corr95_NA25","MICE.100.IMP.M",1000,"[[0.18828049446606, 0.357847712763326, -0.50892580981924, -0.317409065558744, 0.318371039813972, 0.0346391939350888, 0.184695941642366, -0.26621097554441, -0.447123971310332, 1.36858126413417], [-0.0843418241439692]]","SimNLMNAR_rep0_n115000_d5_corr95_NA25_MICE.100.IMP.M_1000",13.976856470108,1.72575879096985,"2025-11-28 01:14:52.180763"
"SimNLMNAR_rep1_n115000_d5_corr95_NA25","MICE.100.IMP.M",1000,"[[0.349767032264201, 0.302078350351788, -0.544550885586708, -0.358908492040706, 0.319393345520633, 0.309742410563367, 0.119828409839455, -0.257317929677765, -0.105704995785307, 1.31850877982291], [-0.302107169225579]]","SimNLMNAR_rep1_n115000_d5_corr95_NA25_MICE.100.IMP.M_1000",14.1538128852844,1.18319487571716,"2025-11-28 01:15:07.916611"
"SimNLMNAR_rep2_n115000_d5_corr95_NA25","MICE.100.IMP.M",1000,"[[0.458710224879557, -0.100537457550578, -0.582621835746878, -0.279975496985679, 0.353060511926547, 0.0602911187875263, 0.167544198284807, 0.0699885386772434, -0.328204808644745, 1.2340078449536], [-0.138386776636185]]","SimNLMNAR_rep2_n115000_d5_corr95_NA25_MICE.100.IMP.M_1000",15.2091238498688,0.825324296951294,"2025-11-28 01:15:23.288397"
"SimNLMNAR_rep3_n115000_d5_corr95_NA25","MICE.100.IMP.M",1000,"[[0.433164291773838, 0.106815277840436, -0.539196640523588, -0.318586451384997, 0.301696447638601, 0.0656087820932472, 0.0608925223098075, -0.335696969800076, -0.312713573060984, 1.25771996511334], [-0.109901039828573]]","SimNLMNAR_rep3_n115000_d5_corr95_NA25_MICE.100.IMP.M_1000",14.1888961791992,1.30908560752869,"2025-11-28 01:15:39.361089"
"SimNLMNAR_rep4_n115000_d5_corr95_NA25","MICE.100.IMP.M",1000,"[[0.445681223647633, 0.0879762370939134, -0.389215659126314, -0.372521712056835, 0.300912367350395, -0.0159771351353248, -0.186940309825191, 0.0479586906791713, -0.503236864165545, 1.27170326753732], [-0.0326533149762773]]","SimNLMNAR_rep4_n115000_d5_corr95_NA25_MICE.100.IMP.M_1000",14.5772211551666,0.735492706298828,"2025-11-28 01:15:54.898527"
"SimNLMNAR_rep5_n115000_d5_corr95_NA25","MICE.100.IMP.M",1000,"[[0.315200199146745, 0.0645977488424247, -0.455449964128367, -0.282270919085346, 0.338554038385525, 0.501514476847575, 0.0840614758993776, -0.079595166533482, -0.649079870388017, 1.19959362504759], [-0.0581420367244313]]","SimNLMNAR_rep5_n115000_d5_corr95_NA25_MICE.100.IMP.M_1000",14.7712574005127,1.23724389076233,"2025-11-28 01:16:10.249635"
"SimNLMNAR_rep6_n115000_d5_corr95_NA25","MICE.100.IMP.M",1000,"[[0.340711993022956, 0.34344070386884, -0.662513103032644, -0.320762905121921, 0.334340774620739, 0.279347356076019, -0.0700632943992439, -0.206415512932847, -0.441539367830844, 1.45638055162439], [-0.1543093824244]]","SimNLMNAR_rep6_n115000_d5_corr95_NA25_MICE.100.IMP.M_1000",14.3591780662537,0.735876083374023,"2025-11-28 01:16:26.293583"
"SimNLMNAR_rep7_n115000_d5_corr95_NA25","MICE.100.IMP.M",1000,"[[0.457190578804456, 0.292738782713842, -0.720905532276968, -0.28921699185599, 0.339543687985703, 0.0530162943715228, -0.00982386176676603, -0.316871011522833, -0.408791116497217, 1.25344295221565], [0.00438780629650744]]","SimNLMNAR_rep7_n115000_d5_corr95_NA25_MICE.100.IMP.M_1000",14.7119293212891,1.73602390289307,"2025-11-28 01:16:41.436181"
"SimNLMNAR_rep8_n115000_d5_corr95_NA25","MICE.100.IMP.M",1000,"[[0.413835847292685, 0.275489397992065, -0.760014516272692, -0.278950724835587, 0.348109927163274, 0.210410381496645, 0.0303401142179459, -0.330325988156077, -0.235483969036931, 0.768578284258745], [-0.0199095199461559]]","SimNLMNAR_rep8_n115000_d5_corr95_NA25_MICE.100.IMP.M_1000",14.0455665588379,1.67975521087646,"2025-11-28 01:16:57.919047"
"SimNLMNAR_rep9_n115000_d5_corr95_NA25","MICE.100.IMP.M",1000,"[[0.224201175630581, 0.136159363120367, -0.609757611464951, -0.222012809893216, 0.323885099439282, 0.45330322786398, 0.0353769280142595, -0.216126125304202, -0.701675044992079, 1.13094784788184], [-0.161602044153812]]","SimNLMNAR_rep9_n115000_d5_corr95_NA25_MICE.100.IMP.M_1000",14.6938211917877,1.27571725845337,"2025-11-28 01:11:30.929156"
"SimNLMNAR_rep0_n115000_d5_corr95_NA25","MICE.100.IMP.M",5000,"[[0.312302787450624, 0.296289860425375, -0.57498168174375, -0.334421509137331, 0.322395524259372, 0.17255484561694, 0.0789976221210595, -0.0797445346459731, -0.449845593158901, 1.21645993953581], [-0.136909976702456]]","SimNLMNAR_rep0_n115000_d5_corr95_NA25_MICE.100.IMP.M_5000",21.5588026046753,1.24393272399902,"2025-11-28 01:11:46.946989"
"SimNLMNAR_rep1_n115000_d5_corr95_NA25","MICE.100.IMP.M",5000,"[[0.244137050089194, 0.344952513942604, -0.563667973800707, -0.33912893711133, 0.32598653702427, 0.259159799095807, 0.108450860416936, -0.128904269308755, -0.256559371385417, 1.11164001197805], [-0.228688550554924]]","SimNLMNAR_rep1_n115000_d5_corr95_NA25_MICE.100.IMP.M_5000",20.8414697647095,1.41665363311768,"2025-11-28 01:12:09.78817"
"SimNLMNAR_rep2_n115000_d5_corr95_NA25","MICE.100.IMP.M",5000,"[[0.409618776479063, 0.13144796066178, -0.575235423545107, -0.286213388885633, 0.323989668706491, 0.182170858423547, 0.00390726484327654, -0.0888109355333114, -0.401780038846139, 1.14243324059905], [-0.107756502367664]]","SimNLMNAR_rep2_n115000_d5_corr95_NA25_MICE.100.IMP.M_5000",20.0663559436798,0.770029067993164,"2025-11-28 01:12:32.077675"
"SimNLMNAR_rep3_n115000_d5_corr95_NA25","MICE.100.IMP.M",5000,"[[0.35094164030511, 0.244682036852426, -0.59180042000144, -0.304752452512657, 0.323433295641324, 0.192801959088847, 0.101757936011508, -0.18643572914842, -0.286303586370602, 1.28491276274147], [-0.266788010503516]]","SimNLMNAR_rep3_n115000_d5_corr95_NA25_MICE.100.IMP.M_5000",20.0451333522797,1.31553983688354,"2025-11-28 01:12:52.948111"
"SimNLMNAR_rep4_n115000_d5_corr95_NA25","MICE.100.IMP.M",5000,"[[0.416153209456404, 0.232049580393253, -0.551432530254911, -0.343486546683642, 0.293705888853469, 0.199012359992964, -0.035508982823522, -0.276523645382613, -0.549044164205155, 1.15266235218746], [-0.0912080926351709]]","SimNLMNAR_rep4_n115000_d5_corr95_NA25_MICE.100.IMP.M_5000",20.8287055492401,0.852090358734131,"2025-11-28 01:13:14.344499"
"SimNLMNAR_rep5_n115000_d5_corr95_NA25","MICE.100.IMP.M",5000,"[[0.409920631780844, 0.130436143274763, -0.589259326637084, -0.26760779521452, 0.322289210761115, 0.23992191741599, 0.0980966892568373, -0.195982935346384, -0.362919069662747, 1.08501899145478], [-0.074715363449093]]","SimNLMNAR_rep5_n115000_d5_corr95_NA25_MICE.100.IMP.M_5000",21.1994864940643,0.880250692367554,"2025-11-28 01:13:36.061296"
"SimNLMNAR_rep6_n115000_d5_corr95_NA25","MICE.100.IMP.M",5000,"[[0.315119932496451, 0.286027981779032, -0.634519317087883, -0.290032418227592, 0.31871336912621, 0.204630113555453, 0.102801486773954, -0.0709882312816464, -0.388376306614177, 1.28734788653405], [-0.253107178000697]]","SimNLMNAR_rep6_n115000_d5_corr95_NA25_MICE.100.IMP.M_5000",20.5846352577209,0.870695114135742,"2025-11-28 01:13:58.177985"
"SimNLMNAR_rep7_n115000_d5_corr95_NA25","MICE.100.IMP.M",5000,"[[0.531669670960564, 0.08187646534743, -0.541450836579131, -0.349957963942804, 0.317995948246142, 0.14536893152064, 0.0688404700388846, -0.215643972721419, -0.45252158613321, 1.13346330848874], [-0.0459238012760448]]","SimNLMNAR_rep7_n115000_d5_corr95_NA25_MICE.100.IMP.M_5000",20.6918139457703,0.836698293685913,"2025-11-28 01:14:19.665558"
"SimNLMNAR_rep8_n115000_d5_corr95_NA25","MICE.100.IMP.M",5000,"[[0.334052014789246, 0.287470264570847, -0.562114658193654, -0.310862593197391, 0.323409168754871, 0.127037945578466, 0.0667032293377399, -0.132603041429099, -0.378669385736602, 1.02669847367761], [-0.0692327944986543]]","SimNLMNAR_rep8_n115000_d5_corr95_NA25_MICE.100.IMP.M_5000",22.4044444561005,1.65067648887634,"2025-11-28 01:14:41.231308"
"SimNLMNAR_rep9_n115000_d5_corr95_NA25","MICE.100.IMP.M",5000,"[[0.34568718744066, 0.246506849594524, -0.56308535173237, -0.306889831380117, 0.314197327672089, 0.155231053916264, 0.0508648775293445, -0.137224351296654, -0.535382579707159, 1.13624204082854], [-0.0827306026108652]]","SimNLMNAR_rep9_n115000_d5_corr95_NA25_MICE.100.IMP.M_5000",19.5965564250946,0.878212928771973,"2025-11-28 01:15:05.328324"
"SimNLMNAR_rep0_n115000_d5_corr95_NA25","MICE.100.IMP.M",10000,"[[0.340433340630432, 0.298347555775832, -0.605398832922727, -0.329634561319561, 0.327378814257334, 0.16568211906158, -0.00439789781555764, -0.13558044653211, -0.353986033724891, 1.18352817842834], [-0.117604238535745]]","SimNLMNAR_rep0_n115000_d5_corr95_NA25_MICE.100.IMP.M_10000",29.1055924892426,1.37503004074097,"2025-11-28 01:15:25.841597"
"SimNLMNAR_rep1_n115000_d5_corr95_NA25","MICE.100.IMP.M",10000,"[[0.25172107413081, 0.313814787821632, -0.566350775275495, -0.319255943510479, 0.315556393384188, 0.244135001590905, 0.0788434577800136, -0.128395210479807, -0.342263961060331, 1.11899189908673], [-0.177077319759142]]","SimNLMNAR_rep1_n115000_d5_corr95_NA25_MICE.100.IMP.M_10000",28.912677526474,0.912679672241211,"2025-11-28 01:15:56.356856"
"SimNLMNAR_rep2_n115000_d5_corr95_NA25","MICE.100.IMP.M",10000,"[[0.339491587225341, 0.228599577181155, -0.559085892017578, -0.294901408930306, 0.31400731400485, 0.165600377912908, 0.0269706771944988, -0.144094674572687, -0.391115855512566, 1.10822516966444], [-0.0806617637548412]]","SimNLMNAR_rep2_n115000_d5_corr95_NA25_MICE.100.IMP.M_10000",28.0315308570862,0.940930366516113,"2025-11-28 01:16:26.218268"
"SimNLMNAR_rep3_n115000_d5_corr95_NA25","MICE.100.IMP.M",10000,"[[0.373389826961623, 0.301069837441744, -0.617727222184927, -0.326432931135618, 0.324516744358485, 0.172776551994394, 0.0584439733076044, -0.0868032388495043, -0.373192054786682, 1.19286206013369], [-0.179342472700938]]","SimNLMNAR_rep3_n115000_d5_corr95_NA25_MICE.100.IMP.M_10000",28.1156008243561,0.943159818649292,"2025-11-28 01:16:55.224589"
"SimNLMNAR_rep4_n115000_d5_corr95_NA25","MICE.100.IMP.M",10000,"[[0.374718237647432, 0.292690835704501, -0.567119702925825, -0.340323702023153, 0.287526743281221, 0.153198220483513, 0.00923348786272486, -0.155660116134849, -0.468800789837426, 1.13022562753376], [-0.148061661536598]]","SimNLMNAR_rep4_n115000_d5_corr95_NA25_MICE.100.IMP.M_10000",28.2131869792938,0.923687219619751,"2025-11-28 01:17:24.320288"
"SimNLMNAR_rep5_n115000_d5_corr95_NA25","MICE.100.IMP.M",10000,"[[0.413191608854692, 0.167123106688022, -0.580484747144366, -0.284252335149263, 0.309245230075298, 0.12938143983549, 0.0928380271776397, -0.148904229795764, -0.411506162174455, 1.07879965990782], [-0.0551987599659058]]","SimNLMNAR_rep5_n115000_d5_corr95_NA25_MICE.100.IMP.M_10000",28.5490550994873,0.943208456039429,"2025-11-28 01:17:53.491368"
"SimNLMNAR_rep6_n115000_d5_corr95_NA25","MICE.100.IMP.M",10000,"[[0.372201565394121, 0.337562283129409, -0.655712126489703, -0.331362178710725, 0.316144411052142, 0.160554102350063, 0.0910710396185457, -0.150863029292235, -0.385861309926617, 1.29809285957707], [-0.180295656752849]]","SimNLMNAR_rep6_n115000_d5_corr95_NA25_MICE.100.IMP.M_10000",28.1185638904572,2.08579635620117,"2025-11-28 01:18:23.02011"
"SimNLMNAR_rep7_n115000_d5_corr95_NA25","MICE.100.IMP.M",10000,"[[0.434217447132676, 0.167538266109922, -0.549850738689862, -0.34266756447323, 0.30838878017417, 0.136432366343143, 0.0643553126294422, -0.161017753422629, -0.419129260919834, 1.12571788705203], [-0.0950348429953877]]","SimNLMNAR_rep7_n115000_d5_corr95_NA25_MICE.100.IMP.M_10000",29.1389348506927,0.966909646987915,"2025-11-28 01:18:53.271281"
"SimNLMNAR_rep8_n115000_d5_corr95_NA25","MICE.100.IMP.M",10000,"[[0.308298125556467, 0.259123971484059, -0.572966237271693, -0.303212111491903, 0.320867313045453, 0.16855612512678, 0.0444370844829942, -0.119438864632792, -0.40622628220925, 1.15428241055], [-0.135140004154207]]","SimNLMNAR_rep8_n115000_d5_corr95_NA25_MICE.100.IMP.M_10000",28.2927386760712,1.42894554138184,"2025-11-28 01:19:23.418553"
"SimNLMNAR_rep9_n115000_d5_corr95_NA25","MICE.100.IMP.M",10000,"[[0.290732359987465, 0.291809869119365, -0.554996297922265, -0.306605244288898, 0.316016800487231, 0.205445547079035, 0.0495359223214194, -0.175736580789309, -0.470261635871966, 1.09715493664383], [-0.089363175143012]]","SimNLMNAR_rep9_n115000_d5_corr95_NA25_MICE.100.IMP.M_10000",27.5495195388794,1.46659255027771,"2025-11-28 01:19:53.175008"
"SimNLMNAR_rep0_n115000_d5_corr95_NA25","MICE.100.IMP.M",50000,"[[0.356466371757172, 0.238786771483387, -0.561053587327803, -0.309959477398766, 0.316151702618325, 0.158904181238003, 0.0434124415141731, -0.144927895515844, -0.37232062969855, 1.12340860287189], [-0.102856538871355]]","SimNLMNAR_rep0_n115000_d5_corr95_NA25_MICE.100.IMP.M_50000",96.0050160884857,1.2318274974823,"2025-11-28 01:20:22.227157"
"SimNLMNAR_rep1_n115000_d5_corr95_NA25","MICE.100.IMP.M",50000,"[[0.338651754336196, 0.263349873845657, -0.572907215981502, -0.315580841847208, 0.316220305482443, 0.16274466771589, 0.0586891720526528, -0.176778484580645, -0.377019957944077, 1.11072512698337], [-0.099422591737685]]","SimNLMNAR_rep1_n115000_d5_corr95_NA25_MICE.100.IMP.M_50000",88.6597235202789,1.35704016685486,"2025-11-28 01:21:59.498975"
"SimNLMNAR_rep2_n115000_d5_corr95_NA25","MICE.100.IMP.M",50000,"[[0.328051271196288, 0.292442933703587, -0.584760180716279, -0.308175124159103, 0.318036016815116, 0.145630514894409, 0.00410246692521233, -0.133307945417807, -0.372799390079099, 1.10784900575856], [-0.0893298356695721]]","SimNLMNAR_rep2_n115000_d5_corr95_NA25_MICE.100.IMP.M_50000",87.2246422767639,1.20527219772339,"2025-11-28 01:23:29.549117"
"SimNLMNAR_rep3_n115000_d5_corr95_NA25","MICE.100.IMP.M",50000,"[[0.338450293038131, 0.269693735081251, -0.586864258578773, -0.305803632661409, 0.316072345017701, 0.160393607374938, 0.048895636340528, -0.146666420622955, -0.371649372698982, 1.13033133206683], [-0.127668596189896]]","SimNLMNAR_rep3_n115000_d5_corr95_NA25_MICE.100.IMP.M_50000",86.9115169048309,1.24053978919983,"2025-11-28 01:24:58.014624"
"SimNLMNAR_rep4_n115000_d5_corr95_NA25","MICE.100.IMP.M",50000,"[[0.365548382597647, 0.236485682664729, -0.583727960476404, -0.302539021702886, 0.309232557113529, 0.139614726041271, 0.0450455944453729, -0.142019508539173, -0.426306973635581, 1.11587142826808], [-0.11274357189192]]","SimNLMNAR_rep4_n115000_d5_corr95_NA25_MICE.100.IMP.M_50000",112.95666384697,1.42633271217346,"2025-11-28 01:11:38.551362"
"SimNLMNAR_rep5_n115000_d5_corr95_NA25","MICE.100.IMP.M",50000,"[[0.357923117326284, 0.246099798894224, -0.575257434087644, -0.297059977717689, 0.310224243783274, 0.137264895235918, 0.0585402915507702, -0.154095819717803, -0.433632792820004, 1.11017068222571], [-0.0713673153893852]]","SimNLMNAR_rep5_n115000_d5_corr95_NA25_MICE.100.IMP.M_50000",95.4924776554108,1.52440071105957,"2025-11-28 01:13:32.982348"
"SimNLMNAR_rep6_n115000_d5_corr95_NA25","MICE.100.IMP.M",50000,"[[0.391498941732408, 0.256110721984209, -0.603221775466768, -0.311118974244629, 0.311908055903554, 0.155784136034642, 0.060945215052714, -0.146658035803328, -0.409219757106521, 1.13907184992709], [-0.108723889354712]]","SimNLMNAR_rep6_n115000_d5_corr95_NA25_MICE.100.IMP.M_50000",90.6917564868927,1.29587149620056,"2025-11-28 01:15:10.039197"
"SimNLMNAR_rep7_n115000_d5_corr95_NA25","MICE.100.IMP.M",50000,"[[0.353567012103779, 0.275943338200078, -0.596696535052926, -0.308461748001241, 0.314940620697014, 0.141604085243358, 0.055733235815197, -0.169433761932751, -0.440658243401353, 1.13095591536958], [-0.108308147178251]]","SimNLMNAR_rep7_n115000_d5_corr95_NA25_MICE.100.IMP.M_50000",90.3410413265228,1.34412336349487,"2025-11-28 01:16:42.061877"
"SimNLMNAR_rep8_n115000_d5_corr95_NA25","MICE.100.IMP.M",50000,"[[0.35576199114854, 0.268630291774955, -0.57951137645434, -0.31336886187578, 0.314631263008382, 0.133840735228017, 0.034924843225904, -0.149973230831471, -0.424318619556996, 1.13918261589607], [-0.0850095134699227]]","SimNLMNAR_rep8_n115000_d5_corr95_NA25_MICE.100.IMP.M_50000",90.4406652450562,1.31948471069336,"2025-11-28 01:18:13.783471"
"SimNLMNAR_rep9_n115000_d5_corr95_NA25","MICE.100.IMP.M",50000,"[[0.327636022574319, 0.273867223906852, -0.569536419833246, -0.301144658336091, 0.308957640597974, 0.148120302608728, 0.0714325619746887, -0.152946871039827, -0.44550389214798, 1.12166605598601], [-0.115790092156238]]","SimNLMNAR_rep9_n115000_d5_corr95_NA25_MICE.100.IMP.M_50000",92.8330411911011,1.39510226249695,"2025-11-28 01:19:45.585735"
"SimNLMNAR_rep0_n115000_d5_corr95_NA25","MICE.100.Y.IMP.M",100,"[[-3.1700882683526, 1.38898762976681, 0.378101005070723, -0.0931564438140452, 0.69979386709431, 0.113715079892484, 0.677744109933269, 0.75396436374731, -1.15685832364762, 2.9281344132828], [-1.06981215267787]]","SimNLMNAR_rep0_n115000_d5_corr95_NA25_MICE.100.Y.IMP.M_100",13.7855155467987,0.852726221084595,"2025-11-28 01:21:19.851552"
"SimNLMNAR_rep1_n115000_d5_corr95_NA25","MICE.100.Y.IMP.M",100,"[[2.73196471396621, -1.90839961880675, -1.75669594582693, -0.726573017214269, 0.968560196429472, 0.850793677935192, 0.905862786171532, -0.359918557094885, -0.258254399808845, 0.710133582455944], [-1.06108171180534]]","SimNLMNAR_rep1_n115000_d5_corr95_NA25_MICE.100.Y.IMP.M_100",14.3811912536621,0.808240413665771,"2025-11-28 01:21:34.52872"
"SimNLMNAR_rep2_n115000_d5_corr95_NA25","MICE.100.Y.IMP.M",100,"[[1.10307726081889, -0.357367404328612, -1.95733576013353, -1.63052410878344, 1.27768486592602, 0.631969443464821, 2.04370280298466, -0.385148656958601, -1.52593995464245, 1.0118761063902], [-1.46918087167142]]","SimNLMNAR_rep2_n115000_d5_corr95_NA25_MICE.100.Y.IMP.M_100",13.1776428222656,0.818553686141968,"2025-11-28 01:21:49.754348"
"SimNLMNAR_rep3_n115000_d5_corr95_NA25","MICE.100.Y.IMP.M",100,"[[31.0950807087285, 14.5100932980769, -17.4019195093826, -15.4403573217174, 18.5700844278293, -8.67267406123582, -8.8525046946029, -24.7209517373279, 13.5441491847746, 22.0274419574807], [7.41497224841843]]","SimNLMNAR_rep3_n115000_d5_corr95_NA25_MICE.100.Y.IMP.M_100",12.9088275432587,0.800222158432007,"2025-11-28 01:22:03.786607"
"SimNLMNAR_rep4_n115000_d5_corr95_NA25","MICE.100.Y.IMP.M",100,"[[-1.56876675804187, 1.51911721861808, 0.105324061552639, -0.961833136810263, 0.832905635253291, 0.025121636807677, -0.727562700477372, -0.109185364031676, -1.18510101847718, 1.31744789193182], [0.21953601766747]]","SimNLMNAR_rep4_n115000_d5_corr95_NA25_MICE.100.Y.IMP.M_100",12.9727890491486,0.790877342224121,"2025-11-28 01:22:17.533893"
"SimNLMNAR_rep5_n115000_d5_corr95_NA25","MICE.100.Y.IMP.M",100,"[[57.1291854116874, 30.0917631049704, -29.0573081330822, -56.8567746829986, 17.8729070597414, 32.392773140926, -30.6263491895978, -16.916799748627, -40.6954446998833, 37.0904278705043], [27.35686286194]]","SimNLMNAR_rep5_n115000_d5_corr95_NA25_MICE.100.Y.IMP.M_100",13.1910367012024,0.819953680038452,"2025-11-28 01:22:31.334803"
"SimNLMNAR_rep6_n115000_d5_corr95_NA25","MICE.100.Y.IMP.M",100,"[[1246.57107022726, -1485.28380269684, -113.927681773439, -86.9836781469388, 248.650348098417, 276.818157908629, -362.086499462563, 18.2715288033563, 82.3834043824935, 443.413925859116], [-203.635465108779]]","SimNLMNAR_rep6_n115000_d5_corr95_NA25_MICE.100.Y.IMP.M_100",13.1716899871826,0.803828239440918,"2025-11-28 01:22:45.380284"
"SimNLMNAR_rep7_n115000_d5_corr95_NA25","MICE.100.Y.IMP.M",100,"[[1.18521328257062, -2.03094020854586, 0.351316214385311, -1.51703939946376, 1.03238004373279, 1.07153624108401, 0.571590954337314, 0.674464367065551, 0.209870782954375, 2.03173576703934], [-0.915976997157928]]","SimNLMNAR_rep7_n115000_d5_corr95_NA25_MICE.100.Y.IMP.M_100",12.7843110561371,0.764794826507568,"2025-11-28 01:22:59.39149"
"SimNLMNAR_rep8_n115000_d5_corr95_NA25","MICE.100.Y.IMP.M",100,"[[2.45548898349037, -1.06247433427025, -1.60051619975002, -0.674456112973283, 1.00443047872226, 1.11878739961613, -0.397261772824294, 0.308021184594714, 0.0714664258491104, 1.62711399834324], [-0.357994687522521]]","SimNLMNAR_rep8_n115000_d5_corr95_NA25_MICE.100.Y.IMP.M_100",12.7790234088898,0.79196572303772,"2025-11-28 01:23:12.974149"
"SimNLMNAR_rep9_n115000_d5_corr95_NA25","MICE.100.Y.IMP.M",100,"[[1.66841064535538, -2.47111617090725, 1.85771761978853, -1.68134233307859, 0.973771167634142, 0.243910053093171, 0.087519820605329, -0.223239704682769, 0.0234760256785739, 1.35850452566088], [0.526481978944529]]","SimNLMNAR_rep9_n115000_d5_corr95_NA25_MICE.100.Y.IMP.M_100",12.9783871173859,0.860174655914307,"2025-11-28 01:23:26.578275"
"SimNLMNAR_rep0_n115000_d5_corr95_NA25","MICE.100.Y.IMP.M",500,"[[-0.515322181291383, 2.26550434906695, -1.99992032594805, -0.592348679849639, 0.812055810922622, 0.420432556299331, 0.394310309191396, -0.267239124327607, -0.73655012222112, 1.37538481109205], [-0.741730031229926]]","SimNLMNAR_rep0_n115000_d5_corr95_NA25_MICE.100.Y.IMP.M_500",14.1470954418182,0.847772598266602,"2025-11-28 01:23:40.4512"
"SimNLMNAR_rep1_n115000_d5_corr95_NA25","MICE.100.Y.IMP.M",500,"[[0.89743319002127, 0.525121563692604, -1.13249398335803, -0.914045815780104, 0.713650785881824, 0.304571580352981, 0.105095092102275, -0.203188286694775, -0.0253454693037268, 1.25566633161596], [-0.547181406646213]]","SimNLMNAR_rep1_n115000_d5_corr95_NA25_MICE.100.Y.IMP.M_500",13.8723456859589,1.37502336502075,"2025-11-28 01:23:55.481726"
"SimNLMNAR_rep2_n115000_d5_corr95_NA25","MICE.100.Y.IMP.M",500,"[[1.27660548077618, 0.0711205665157673, -1.86339815135779, -0.799586804276602, 0.940405223009409, -0.031565934391832, 0.522592452646765, 0.37912482711736, 0.100510441736419, 1.25582641515372], [-0.773000272106841]]","SimNLMNAR_rep2_n115000_d5_corr95_NA25_MICE.100.Y.IMP.M_500",13.848738193512,0.815381050109863,"2025-11-28 01:24:10.76312"
"SimNLMNAR_rep3_n115000_d5_corr95_NA25","MICE.100.Y.IMP.M",500,"[[1.60589321172948, -0.276347472368329, -1.2296368187289, -1.04482180735913, 0.896111505319891, 0.0437206455745773, 0.148187138529962, 0.0313043963207921, -0.349066872684958, 1.06313321575784], [-0.180526946972755]]","SimNLMNAR_rep3_n115000_d5_corr95_NA25_MICE.100.Y.IMP.M_500",13.8823852539062,0.804867267608643,"2025-11-28 01:24:25.461959"
"SimNLMNAR_rep4_n115000_d5_corr95_NA25","MICE.100.Y.IMP.M",500,"[[1.84437332090606, -1.06967650519849, -1.25414310834063, -0.568219101535743, 0.904698906314002, 0.246958869535668, -0.260001412092634, 0.0407408452217511, -0.579725135172274, 1.27125120580604], [-0.444648016354537]]","SimNLMNAR_rep4_n115000_d5_corr95_NA25_MICE.100.Y.IMP.M_500",13.9305386543274,0.720853567123413,"2025-11-28 01:24:40.181971"
"SimNLMNAR_rep5_n115000_d5_corr95_NA25","MICE.100.Y.IMP.M",500,"[[1.03483620496777, 0.557697921560815, -1.30455123402322, -0.941945383638842, 0.821943540817218, 0.608116019036164, -0.249613279072499, -0.119859368448797, -0.435946139838954, 1.06748165660991], [-0.245692488432836]]","SimNLMNAR_rep5_n115000_d5_corr95_NA25_MICE.100.Y.IMP.M_500",13.6361463069916,0.79557466506958,"2025-11-28 01:24:54.871893"
"SimNLMNAR_rep6_n115000_d5_corr95_NA25","MICE.100.Y.IMP.M",500,"[[2.77384787653864, -0.992479188594239, -1.68727992614214, -0.862895672392161, 1.00875147415501, 0.239085650676299, -0.0233764841403404, -0.403899934412735, -0.504099574074837, 1.32434388430119], [-0.372556468954562]]","SimNLMNAR_rep6_n115000_d5_corr95_NA25_MICE.100.Y.IMP.M_500",13.7929837703705,0.755530834197998,"2025-11-28 01:25:09.337883"
"SimNLMNAR_rep7_n115000_d5_corr95_NA25","MICE.100.Y.IMP.M",500,"[[1.22110109211407, -0.167464646171844, -1.19031132169281, -0.490565292281577, 0.726511068012563, -0.298229941369478, -0.167720657607615, -0.327693640131698, -0.789660238645287, 0.834147146454628], [0.299198763573613]]","SimNLMNAR_rep7_n115000_d5_corr95_NA25_MICE.100.Y.IMP.M_500",14.0331208705902,0.822249889373779,"2025-11-28 01:25:23.920707"
"SimNLMNAR_rep8_n115000_d5_corr95_NA25","MICE.100.Y.IMP.M",500,"[[1.12813445492119, 0.0890531532551938, -1.6986800502676, -0.481424888503469, 0.897155612554788, 0.239529755090065, 0.328701987777507, -0.402443704385429, 0.0291637418518887, 0.579318613774754], [-0.0753393134243738]]","SimNLMNAR_rep8_n115000_d5_corr95_NA25_MICE.100.Y.IMP.M_500",19.5126070976257,0.779182434082031,"2025-11-28 01:11:46.779441"
"SimNLMNAR_rep9_n115000_d5_corr95_NA25","MICE.100.Y.IMP.M",500,"[[1.0792552950903, -0.175689088189888, -1.41421715259914, -0.649950761835485, 0.952444682608704, 0.471034696335074, 0.0104064574514469, -0.340646789332283, -0.618114385760763, 1.09841762860825], [-0.234538227623416]]","SimNLMNAR_rep9_n115000_d5_corr95_NA25_MICE.100.Y.IMP.M_500",16.3702850341797,0.789805889129639,"2025-11-28 01:12:07.118404"
"SimNLMNAR_rep0_n115000_d5_corr95_NA25","MICE.100.Y.IMP.M",1000,"[[-0.0414256446397465, 2.32281887338551, -2.06202809767503, -0.858710568645099, 0.914300696165565, 0.185088414460334, 0.0446426450915354, -0.267558150027394, -0.514981514131592, 1.28334123287162], [-0.419184622774258]]","SimNLMNAR_rep0_n115000_d5_corr95_NA25_MICE.100.Y.IMP.M_1000",18.2394278049469,0.844605207443237,"2025-11-28 01:12:24.319017"
"SimNLMNAR_rep1_n115000_d5_corr95_NA25","MICE.100.Y.IMP.M",1000,"[[0.64299916816987, 1.05190835592592, -1.47613731078894, -0.841948377772709, 0.854913926891545, 0.261772996415379, 0.10811530581764, -0.167515990394586, 0.130811689680346, 1.06692992790288], [-0.555760632747166]]","SimNLMNAR_rep1_n115000_d5_corr95_NA25_MICE.100.Y.IMP.M_1000",18.1755588054657,1.37430763244629,"2025-11-28 01:12:43.440568"
"SimNLMNAR_rep2_n115000_d5_corr95_NA25","MICE.100.Y.IMP.M",1000,"[[1.6359071870153, -0.60048512554593, -1.37235635007283, -0.68555008039072, 0.872644094904316, -0.07830702012952, 0.183423860875277, 0.0418030430215749, -0.109468147391114, 1.0550071148772], [-0.156298637549481]]","SimNLMNAR_rep2_n115000_d5_corr95_NA25_MICE.100.Y.IMP.M_1000",17.9610002040863,1.89480519294739,"2025-11-28 01:13:03.027212"
"SimNLMNAR_rep3_n115000_d5_corr95_NA25","MICE.100.Y.IMP.M",1000,"[[1.71478462423249, -0.393151661461875, -1.42767320091229, -0.737631174725556, 0.869478012755865, -0.0334128208548993, -0.0639063540683232, -0.268347562715058, -0.335501004274171, 1.03249960011881], [-0.143441829514938]]","SimNLMNAR_rep3_n115000_d5_corr95_NA25_MICE.100.Y.IMP.M_1000",17.8217580318451,1.24598479270935,"2025-11-28 01:13:22.917214"
"SimNLMNAR_rep4_n115000_d5_corr95_NA25","MICE.100.Y.IMP.M",1000,"[[1.51749219099759, -0.239479353250544, -1.02699114287947, -0.72822198207109, 0.728856763374596, -0.107775790181378, -0.308287709056608, 0.00794193746246468, -0.506536559586742, 1.05050027593286], [0.00328273445693853]]","SimNLMNAR_rep4_n115000_d5_corr95_NA25_MICE.100.Y.IMP.M_1000",18.1948699951172,0.857319355010986,"2025-11-28 01:13:42.019405"
"SimNLMNAR_rep5_n115000_d5_corr95_NA25","MICE.100.Y.IMP.M",1000,"[[0.977643189196007, -0.0453273288798124, -1.10653840617625, -0.653070346570604, 0.784694242588146, 0.55373083509034, -0.0512658282310325, 0.0342218965564703, -0.64714365902919, 0.981024651071827], [-0.197753486417956]]","SimNLMNAR_rep5_n115000_d5_corr95_NA25_MICE.100.Y.IMP.M_1000",20.2551558017731,0.943231344223022,"2025-11-28 01:14:01.105833"
"SimNLMNAR_rep6_n115000_d5_corr95_NA25","MICE.100.Y.IMP.M",1000,"[[1.41648253393883, 0.551315878559828, -1.8837556212923, -0.769220338236142, 0.916159130846876, 0.149785875856688, -0.0801579364478848, -0.102236828760796, -0.37394439165844, 1.23352982709964], [-0.390607166402475]]","SimNLMNAR_rep6_n115000_d5_corr95_NA25_MICE.100.Y.IMP.M_1000",19.536812543869,0.844110488891602,"2025-11-28 01:14:22.337332"
"SimNLMNAR_rep7_n115000_d5_corr95_NA25","MICE.100.Y.IMP.M",1000,"[[1.95936034812759, 0.0907098551313695, -1.87406439273887, -0.69462639056192, 0.926874470749665, -0.0441016037076067, -0.0893176052105169, -0.202306562243552, -0.493813725421054, 1.01049111398072], [0.0410908512791792]]","SimNLMNAR_rep7_n115000_d5_corr95_NA25_MICE.100.Y.IMP.M_1000",18.7534651756287,0.780108690261841,"2025-11-28 01:14:42.754915"
"SimNLMNAR_rep8_n115000_d5_corr95_NA25","MICE.100.Y.IMP.M",1000,"[[1.5294173498652, 0.127819040417828, -1.93650123693132, -0.553264155643424, 0.892018225696363, 0.172723540056595, 0.0444383555368057, -0.291092335913327, -0.123901280716894, 0.651570650113068], [-0.184739269474106]]","SimNLMNAR_rep8_n115000_d5_corr95_NA25_MICE.100.Y.IMP.M_1000",18.7785134315491,0.776268005371094,"2025-11-28 01:15:02.326849"
"SimNLMNAR_rep9_n115000_d5_corr95_NA25","MICE.100.Y.IMP.M",1000,"[[0.870136244894592, 0.341178541094475, -1.83740216824806, -0.443890999565474, 0.914671891397244, 0.406967291553872, -0.250965724982612, -0.39127419615983, -0.76803327350977, 1.05282843800126], [-0.161400280414297]]","SimNLMNAR_rep9_n115000_d5_corr95_NA25_MICE.100.Y.IMP.M_1000",18.3762893676758,0.795479536056519,"2025-11-28 01:15:21.914994"
"SimNLMNAR_rep0_n115000_d5_corr95_NA25","MICE.100.Y.IMP.M",5000,"[[0.971526794379168, 0.790887335877044, -1.69866452194226, -0.75962490123644, 0.862399481349114, 0.260686275452553, -0.00790696443992253, -0.0771208339209699, -0.447965926593532, 0.945125956810641], [-0.277836647983077]]","SimNLMNAR_rep0_n115000_d5_corr95_NA25_MICE.100.Y.IMP.M_5000",28.9774312973022,1.33295059204102,"2025-11-28 01:15:41.120702"
"SimNLMNAR_rep1_n115000_d5_corr95_NA25","MICE.100.Y.IMP.M",5000,"[[0.835785233173349, 0.811405083034398, -1.52208092765444, -0.8176282360253, 0.866736197981557, 0.167399907819888, 0.0600068674724509, -0.0920958662087925, -0.244250738207415, 0.898217686262379], [-0.345177332785389]]","SimNLMNAR_rep1_n115000_d5_corr95_NA25_MICE.100.Y.IMP.M_5000",27.5781934261322,0.852261543273926,"2025-11-28 01:16:11.467567"
"SimNLMNAR_rep2_n115000_d5_corr95_NA25","MICE.100.Y.IMP.M",5000,"[[1.50352473281868, -0.094485806623611, -1.55653740096362, -0.622631676658091, 0.859023030573058, 0.131098069330357, -0.0558529096755142, -0.0891889707083414, -0.368718858510647, 0.913920845354916], [-0.154945331791091]]","SimNLMNAR_rep2_n115000_d5_corr95_NA25_MICE.100.Y.IMP.M_5000",28.7765169143677,0.886332750320435,"2025-11-28 01:16:39.936061"
"SimNLMNAR_rep3_n115000_d5_corr95_NA25","MICE.100.Y.IMP.M",5000,"[[1.25912141109239, 0.391334130700323, -1.70994188986966, -0.689728246262674, 0.887361585205618, 0.146561939381039, -0.124407937617488, -0.201982000326137, -0.280685199911867, 1.01948914081117], [-0.379338766513098]]","SimNLMNAR_rep3_n115000_d5_corr95_NA25_MICE.100.Y.IMP.M_5000",28.1951339244843,0.833970546722412,"2025-11-28 01:17:09.638044"
"SimNLMNAR_rep4_n115000_d5_corr95_NA25","MICE.100.Y.IMP.M",5000,"[[1.58417896500781, -0.0997087616330161, -1.50296928250139, -0.674694920091286, 0.829056831326236, 0.113665957311683, -0.222788802960825, -0.304901765287625, -0.562629876924526, 0.968217170309695], [-0.132887176419589]]","SimNLMNAR_rep4_n115000_d5_corr95_NA25_MICE.100.Y.IMP.M_5000",26.2152380943298,0.828814029693604,"2025-11-28 01:17:38.707956"
"SimNLMNAR_rep5_n115000_d5_corr95_NA25","MICE.100.Y.IMP.M",5000,"[[1.41896820004404, 0.393147259311994, -1.87013490025771, -0.678575694946151, 0.914875805038775, 0.174159575157684, -0.0637874624945561, -0.171838324638062, -0.43113593009967, 0.870715300964694], [-0.137631982075384]]","SimNLMNAR_rep5_n115000_d5_corr95_NA25_MICE.100.Y.IMP.M_5000",26.6051666736603,0.92770791053772,"2025-11-28 01:18:05.788156"
"SimNLMNAR_rep6_n115000_d5_corr95_NA25","MICE.100.Y.IMP.M",5000,"[[1.03774261969962, 0.672413876442128, -1.66597807615671, -0.711144606037328, 0.822211456471165, 0.149695261432979, 0.0654346910252954, -0.0312711733551561, -0.426453477442836, 1.08736900881153], [-0.39241859794063]]","SimNLMNAR_rep6_n115000_d5_corr95_NA25_MICE.100.Y.IMP.M_5000",26.3610396385193,0.810148000717163,"2025-11-28 01:18:33.355819"
"SimNLMNAR_rep7_n115000_d5_corr95_NA25","MICE.100.Y.IMP.M",5000,"[[2.12532454044852, -0.406834259071776, -1.50461506369677, -0.831173347462867, 0.861519557798973, 0.0816370764581078, -0.0151969091855014, -0.144021923683692, -0.431140741012013, 0.939382724656721], [-0.0753631785311376]]","SimNLMNAR_rep7_n115000_d5_corr95_NA25_MICE.100.Y.IMP.M_5000",26.1185584068298,0.865689754486084,"2025-11-28 01:19:00.562479"
"SimNLMNAR_rep8_n115000_d5_corr95_NA25","MICE.100.Y.IMP.M",5000,"[[1.27669095803112, 0.241796406637126, -1.4881177942246, -0.678795955158061, 0.838945041753281, 0.0365163784793857, -0.128492891385691, -0.0880497211424153, -0.353902891037017, 0.797744094062542], [-0.0933624167456958]]","SimNLMNAR_rep8_n115000_d5_corr95_NA25_MICE.100.Y.IMP.M_5000",27.2888565063477,0.846733570098877,"2025-11-28 01:19:27.581124"
"SimNLMNAR_rep9_n115000_d5_corr95_NA25","MICE.100.Y.IMP.M",5000,"[[1.32863829217194, 0.388943541780269, -1.697586062064, -0.749696112851473, 0.887545715303837, 0.0625988860588648, -0.0842466963509783, -0.0878394040835642, -0.522240066922688, 0.926930673287282], [-0.163756627385618]]","SimNLMNAR_rep9_n115000_d5_corr95_NA25_MICE.100.Y.IMP.M_5000",27.1172702312469,0.814584016799927,"2025-11-28 01:19:55.753191"
"SimNLMNAR_rep0_n115000_d5_corr95_NA25","MICE.100.Y.IMP.M",10000,"[[1.24065929614918, 0.636959782392378, -1.74023702423358, -0.785445015742284, 0.881182106138033, 0.188904065764491, -0.112732614667556, -0.143473814121305, -0.356580809339745, 0.957811355065118], [-0.233388576524423]]","SimNLMNAR_rep0_n115000_d5_corr95_NA25_MICE.100.Y.IMP.M_10000",38.3509538173676,1.39121317863464,"2025-11-28 01:20:23.721044"
"SimNLMNAR_rep1_n115000_d5_corr95_NA25","MICE.100.Y.IMP.M",10000,"[[0.971259159919078, 0.64969311159183, -1.55427348049211, -0.760591313861951, 0.840028143033602, 0.14918955196815, 0.0132698472267478, -0.109775780405117, -0.348684153613051, 0.892001857087416], [-0.253509300749314]]","SimNLMNAR_rep1_n115000_d5_corr95_NA25_MICE.100.Y.IMP.M_10000",37.6513621807098,0.900962829589844,"2025-11-28 01:21:03.505858"
"SimNLMNAR_rep2_n115000_d5_corr95_NA25","MICE.100.Y.IMP.M",10000,"[[1.41614744382144, 0.153423306267828, -1.51725913285114, -0.684618773122886, 0.821544769612305, 0.0677794036129775, -0.0749666446714285, -0.114420697821969, -0.397713762605736, 0.895452744782063], [-0.0809744710395129]]","SimNLMNAR_rep2_n115000_d5_corr95_NA25_MICE.100.Y.IMP.M_10000",41.3640031814575,1.33170914649963,"2025-11-28 01:11:55.335856"
"SimNLMNAR_rep3_n115000_d5_corr95_NA25","MICE.100.Y.IMP.M",10000,"[[1.49251393998692, 0.350757163206773, -1.73741051701114, -0.769463317792476, 0.88388799971259, 0.121111939272806, -0.0765673561111877, -0.0506368218425281, -0.363735747426779, 0.948124462184054], [-0.267361964573086]]","SimNLMNAR_rep3_n115000_d5_corr95_NA25_MICE.100.Y.IMP.M_10000",37.9543039798737,0.92175030708313,"2025-11-28 01:12:38.076065"
"SimNLMNAR_rep4_n115000_d5_corr95_NA25","MICE.100.Y.IMP.M",10000,"[[1.42630684326756, 0.262868638108154, -1.5663671296503, -0.75636795657245, 0.805492509976035, 0.0673856354649293, -0.104211656118877, -0.168318462691989, -0.446738893080335, 0.954217859173462], [-0.226132091869628]]","SimNLMNAR_rep4_n115000_d5_corr95_NA25_MICE.100.Y.IMP.M_10000",37.2738099098206,0.926553010940552,"2025-11-28 01:13:16.993191"
"SimNLMNAR_rep5_n115000_d5_corr95_NA25","MICE.100.Y.IMP.M",10000,"[[1.39363081898004, 0.431920905589403, -1.76032106685463, -0.693248737512979, 0.854800895871092, 0.0351929317011386, -0.0200061730903431, -0.127483087760619, -0.466026709835942, 0.903565188775283], [-0.111897358836343]]","SimNLMNAR_rep5_n115000_d5_corr95_NA25_MICE.100.Y.IMP.M_10000",38.0147190093994,1.51506471633911,"2025-11-28 01:13:55.226644"
"SimNLMNAR_rep6_n115000_d5_corr95_NA25","MICE.100.Y.IMP.M",10000,"[[1.26139607472345, 0.698110433795793, -1.78020623406119, -0.802748335600076, 0.86066492939498, 0.0844338728549405, 0.0245649152348486, -0.0999791921448764, -0.35436673596216, 1.09661279665362], [-0.290877768634521]]","SimNLMNAR_rep6_n115000_d5_corr95_NA25_MICE.100.Y.IMP.M_10000",36.653968334198,0.858720064163208,"2025-11-28 01:14:34.795385"
"SimNLMNAR_rep7_n115000_d5_corr95_NA25","MICE.100.Y.IMP.M",10000,"[[1.79824859331136, -0.124808705889889, -1.54515742462407, -0.783831169326042, 0.845926845752896, 0.0538124113531182, -0.0484483524851793, -0.121853291666775, -0.437720873379685, 0.872742590766603], [-0.0982327305968414]]","SimNLMNAR_rep7_n115000_d5_corr95_NA25_MICE.100.Y.IMP.M_10000",36.0741095542908,0.903786182403564,"2025-11-28 01:15:12.34637"
"SimNLMNAR_rep8_n115000_d5_corr95_NA25","MICE.100.Y.IMP.M",10000,"[[1.23137302510683, 0.226907564401931, -1.47279031634372, -0.689807845498221, 0.825156558162588, 0.113914663125943, -0.0874247685211029, -0.0565677974154076, -0.39404986776329, 0.89412157343792], [-0.201500367742926]]","SimNLMNAR_rep8_n115000_d5_corr95_NA25_MICE.100.Y.IMP.M_10000",36.0760915279388,0.883548498153687,"2025-11-28 01:15:49.35806"
"SimNLMNAR_rep9_n115000_d5_corr95_NA25","MICE.100.Y.IMP.M",10000,"[[1.24209945881229, 0.406119160583563, -1.53747652682135, -0.766182128925848, 0.850293710038206, 0.122632523433701, -0.0852704936564498, -0.155285972475658, -0.47331267938077, 0.904171505879943], [-0.11428014520257]]","SimNLMNAR_rep9_n115000_d5_corr95_NA25_MICE.100.Y.IMP.M_10000",36.3250923156738,0.852746963500977,"2025-11-28 01:16:26.354853"
"SimNLMNAR_rep0_n115000_d5_corr95_NA25","MICE.100.Y.IMP.M",50000,"[[1.34248505606563, 0.327123594686839, -1.5551433082923, -0.73555224948783, 0.843619416489184, 0.122845356270492, -0.0687469359656856, -0.121181579125017, -0.371127834443426, 0.90825789039636], [-0.166002169103733]]","SimNLMNAR_rep0_n115000_d5_corr95_NA25_MICE.100.Y.IMP.M_50000",126.883928537369,1.37927150726318,"2025-11-28 01:17:03.569669"
"SimNLMNAR_rep1_n115000_d5_corr95_NA25","MICE.100.Y.IMP.M",50000,"[[1.43543076311862, 0.290154607839291, -1.60535044371461, -0.763835900003987, 0.860892296093914, 0.0726050994155748, -0.0274603045229165, -0.163445185111204, -0.384365473664028, 0.903819958341159], [-0.142807520586883]]","SimNLMNAR_rep1_n115000_d5_corr95_NA25_MICE.100.Y.IMP.M_50000",118.857490539551,1.97835206985474,"2025-11-28 01:19:11.873279"
"SimNLMNAR_rep2_n115000_d5_corr95_NA25","MICE.100.Y.IMP.M",50000,"[[1.27852468278791, 0.438923832087949, -1.62530498712939, -0.726809990868108, 0.852354565181405, 0.0778048088880141, -0.110671876664764, -0.12771625423893, -0.370943719949654, 0.906534958947847], [-0.129243354776034]]","SimNLMNAR_rep2_n115000_d5_corr95_NA25_MICE.100.Y.IMP.M_50000",114.902855396271,1.35005307197571,"2025-11-28 01:21:12.743173"
"SimNLMNAR_rep3_n115000_d5_corr95_NA25","MICE.100.Y.IMP.M",50000,"[[1.35215569135217, 0.335618145182258, -1.62054328142737, -0.726025801807219, 0.854118549765363, 0.114198973889936, -0.0699424615015508, -0.146365942339901, -0.37223966314359, 0.907585983509182], [-0.180236442613149]]","SimNLMNAR_rep3_n115000_d5_corr95_NA25_MICE.100.Y.IMP.M_50000",113.194286346436,1.3584291934967,"2025-11-28 01:23:09.033708"
"SimNLMNAR_rep4_n115000_d5_corr95_NA25","MICE.100.Y.IMP.M",50000,"[[1.4930699081127, 0.166566985672053, -1.63188109683295, -0.692359967911676, 0.848229494921038, 0.0873868623218676, -0.0587782204973184, -0.131053640842414, -0.425427401914323, 0.920396158819074], [-0.179835744584567]]","SimNLMNAR_rep4_n115000_d5_corr95_NA25_MICE.100.Y.IMP.M_50000",116.853773117065,1.39204478263855,"2025-11-28 01:25:03.621572"
"SimNLMNAR_rep5_n115000_d5_corr95_NA25","MICE.100.Y.IMP.M",50000,"[[1.3937239010433, 0.366796653427912, -1.65335034599077, -0.713730465378407, 0.844215227795188, 0.0812583697505999, -0.069019903164528, -0.140332435513424, -0.452396579701361, 0.908451130534984], [-0.116895732917614]]","SimNLMNAR_rep5_n115000_d5_corr95_NA25_MICE.100.Y.IMP.M_50000",118.656836509705,1.49156451225281,"2025-11-28 01:27:01.902926"
"SimNLMNAR_rep6_n115000_d5_corr95_NA25","MICE.100.Y.IMP.M",50000,"[[1.3943199078267, 0.385347844984963, -1.63840160363213, -0.74362713055985, 0.845386279383109, 0.0988099031258017, -0.0367164478028401, -0.123063186655793, -0.399498817694775, 0.942033254689092], [-0.168915870030684]]","SimNLMNAR_rep6_n115000_d5_corr95_NA25_MICE.100.Y.IMP.M_50000",115.830444097519,1.35868549346924,"2025-11-28 01:29:02.087024"
"SimNLMNAR_rep7_n115000_d5_corr95_NA25","MICE.100.Y.IMP.M",50000,"[[1.48965684895088, 0.287594044596748, -1.65869107624427, -0.738015685900385, 0.845129301353754, 0.0982565736279191, -0.0509818563107937, -0.163684795468615, -0.473271031375738, 0.923839441983807], [-0.175105297940415]]","SimNLMNAR_rep7_n115000_d5_corr95_NA25_MICE.100.Y.IMP.M_50000",112.030903816223,1.32022714614868,"2025-11-28 01:30:59.309828"
"SimNLMNAR_rep8_n115000_d5_corr95_NA25","MICE.100.Y.IMP.M",50000,"[[1.32648954532599, 0.37258535796756, -1.59178836179489, -0.742146807063182, 0.855124459081868, 0.0594486398344062, -0.0830817052591249, -0.129764364999123, -0.424574140570214, 0.908815683203669], [-0.111202331012127]]","SimNLMNAR_rep8_n115000_d5_corr95_NA25_MICE.100.Y.IMP.M_50000",112.964975118637,1.28439784049988,"2025-11-28 01:32:52.694386"
"SimNLMNAR_rep9_n115000_d5_corr95_NA25","MICE.100.Y.IMP.M",50000,"[[1.30515143975766, 0.371262621101454, -1.57470837998949, -0.716818200969028, 0.834612984315632, 0.0696780467613592, -0.0230001795940074, -0.136843048966108, -0.442165881908032, 0.926572847574014], [-0.178246677694021]]","SimNLMNAR_rep9_n115000_d5_corr95_NA25_MICE.100.Y.IMP.M_50000",112.767903327942,1.41694641113281,"2025-11-28 01:34:46.9778"
"SimNLMNAR_rep0_n115000_d5_corr95_NA25","MICE.100.M.IMP.M",100,"[[-1.37851591714223, 1.00371464660042, -0.110879017116706, -0.213039147752907, 0.286539960367742, 0.28564878998993, 0.579299505106881, 0.57104018373855, -0.747366444898749, 2.72978086497649], [-1.13624472002045]]","SimNLMNAR_rep0_n115000_d5_corr95_NA25_MICE.100.M.IMP.M_100",13.9641983509064,0.747694492340088,"2025-11-28 01:36:41.195732"
"SimNLMNAR_rep1_n115000_d5_corr95_NA25","MICE.100.M.IMP.M",100,"[[1.48374322827887, -0.814820434266693, -0.611523136512823, -0.394405736921542, 0.327492856778353, 0.782156580994948, 0.57330602575749, -0.462011767826168, -0.518953327668702, 0.406814631355732], [-0.140447423252736]]","SimNLMNAR_rep1_n115000_d5_corr95_NA25_MICE.100.M.IMP.M_100",13.9152591228485,0.742247581481934,"2025-11-28 01:36:55.93808"
"SimNLMNAR_rep2_n115000_d5_corr95_NA25","MICE.100.M.IMP.M",100,"[[0.342604720408954, -0.512337612747977, -0.273859379886713, -0.532758568879676, 0.40991375353057, 0.416414800542587, 1.46022110887471, -0.198626671436097, -1.15770706805841, 0.641942846491459], [-0.354496702147024]]","SimNLMNAR_rep2_n115000_d5_corr95_NA25_MICE.100.M.IMP.M_100",14.6519968509674,0.680948257446289,"2025-11-28 01:37:10.62889"
"SimNLMNAR_rep3_n115000_d5_corr95_NA25","MICE.100.M.IMP.M",100,"[[0.278019132284682, 0.956024810925752, -0.74926364974792, -0.346939084664421, 0.499509131301676, -0.183781387407074, -0.667780914584731, -0.66780665213577, -0.691669660402349, 1.66315611036803], [0.424727394043764]]","SimNLMNAR_rep3_n115000_d5_corr95_NA25_MICE.100.M.IMP.M_100",13.0282917022705,0.709337472915649,"2025-11-28 01:37:25.99325"
"SimNLMNAR_rep4_n115000_d5_corr95_NA25","MICE.100.M.IMP.M",100,"[[-0.570583554027614, 1.1157669415054, -0.111187560843721, -0.491149470239406, 0.441062186481431, 0.115410192118447, -0.407984731738827, -0.337219451766116, -1.21634162309807, 0.815536068012611], [0.287318706890841]]","SimNLMNAR_rep4_n115000_d5_corr95_NA25_MICE.100.M.IMP.M_100",13.1372108459473,0.699180364608765,"2025-11-28 01:37:39.761279"
"SimNLMNAR_rep5_n115000_d5_corr95_NA25","MICE.100.M.IMP.M",100,"[[0.415386339184131, 1.72653153480264, -0.531619425489952, -0.960184542509081, 0.498313545481854, 0.903815730049812, -1.49110897348011, -1.3773544924059, -1.75271495648801, 2.99522348390275], [1.19890928881096]]","SimNLMNAR_rep5_n115000_d5_corr95_NA25_MICE.100.M.IMP.M_100",13.0502133369446,0.685967206954956,"2025-11-28 01:37:53.629806"
"SimNLMNAR_rep6_n115000_d5_corr95_NA25","MICE.100.M.IMP.M",100,"[[1.79283342540985, -0.955263001226511, -0.934858429667661, -0.381605474105094, 0.496557356089845, 0.802124530332387, -0.539897829943208, 0.648391127460584, 0.00239342029760472, 1.85660912472128], [-0.636387412986629]]","SimNLMNAR_rep6_n115000_d5_corr95_NA25_MICE.100.M.IMP.M_100",13.3496053218842,0.719486236572266,"2025-11-28 01:38:07.398046"
"SimNLMNAR_rep7_n115000_d5_corr95_NA25","MICE.100.M.IMP.M",100,"[[0.453946427056662, -0.944168026990309, 0.320809236052529, -0.599384160843158, 0.369998171103256, 0.668466746546681, 0.0203705344025972, 0.303264608192703, -0.00187117783681143, 1.6483516976976], [-0.228593464471364]]","SimNLMNAR_rep7_n115000_d5_corr95_NA25_MICE.100.M.IMP.M_100",19.4838988780975,0.74152946472168,"2025-11-28 01:12:04.538512"
"SimNLMNAR_rep8_n115000_d5_corr95_NA25","MICE.100.M.IMP.M",100,"[[1.10348872244698, -0.423567796847624, -0.55743612708753, -0.445234760710454, 0.402952823365219, 0.535643786889067, -0.178557828993206, 0.00273683154461044, 0.366554725545181, 1.67098709984448], [-0.442519606890866]]","SimNLMNAR_rep8_n115000_d5_corr95_NA25_MICE.100.M.IMP.M_100",18.6398005485535,1.4174976348877,"2025-11-28 01:12:24.829457"
"SimNLMNAR_rep9_n115000_d5_corr95_NA25","MICE.100.M.IMP.M",100,"[[0.568916177514892, -0.758447062031841, 0.189014315277687, -0.359027820617109, 0.299822102598759, 0.385669810669422, 0.396740565480451, -0.0653384722834326, -0.355088107215892, 0.792136151540756], [0.0131765244742291]]","SimNLMNAR_rep9_n115000_d5_corr95_NA25_MICE.100.M.IMP.M_100",18.0557062625885,1.36126446723938,"2025-11-28 01:12:44.925097"
"SimNLMNAR_rep0_n115000_d5_corr95_NA25","MICE.100.M.IMP.M",500,"[[-0.139502528381999, 0.664025633527943, -0.620728328233788, -0.287837914342717, 0.314921382179789, 0.396137048510779, 0.310882473663542, -0.31638510403629, -0.562826852841569, 1.42298950936058], [-0.33077864372194]]","SimNLMNAR_rep0_n115000_d5_corr95_NA25_MICE.100.M.IMP.M_500",18.2635614871979,0.778717756271362,"2025-11-28 01:13:04.381418"
"SimNLMNAR_rep1_n115000_d5_corr95_NA25","MICE.100.M.IMP.M",500,"[[0.313559881558034, 0.290952104087103, -0.43252545508276, -0.482517802319934, 0.318955648874814, 0.389671842992005, 0.201620767748826, -0.327478259009275, -0.0995783697283727, 1.44175362518601], [-0.369700815729896]]","SimNLMNAR_rep1_n115000_d5_corr95_NA25_MICE.100.M.IMP.M_500",19.8709187507629,0.885839939117432,"2025-11-28 01:13:23.45927"
"SimNLMNAR_rep2_n115000_d5_corr95_NA25","MICE.100.M.IMP.M",500,"[[0.46429524471762, -0.283454609095615, -0.6606619540292, -0.282325129242622, 0.364828230063864, 0.112273038800261, 0.47550026172999, 0.0613263107948677, 0.0800237004960084, 1.40130103797234], [-0.556351050657809]]","SimNLMNAR_rep2_n115000_d5_corr95_NA25_MICE.100.M.IMP.M_500",20.3068909645081,0.888821363449097,"2025-11-28 01:13:44.255194"
"SimNLMNAR_rep3_n115000_d5_corr95_NA25","MICE.100.M.IMP.M",500,"[[0.458765834612535, 0.231772405122764, -0.676482446991428, -0.385932501649893, 0.327873784205525, 0.0583175495699753, 0.00364706264931173, -0.128916631751009, -0.370607325610174, 1.24992584245844], [-0.116976826361691]]","SimNLMNAR_rep3_n115000_d5_corr95_NA25_MICE.100.M.IMP.M_500",20.0977594852448,0.831494569778442,"2025-11-28 01:14:05.485337"
"SimNLMNAR_rep4_n115000_d5_corr95_NA25","MICE.100.M.IMP.M",500,"[[0.43120546799801, -0.00216453069308698, -0.496029364319457, -0.435059665646181, 0.369878723496596, 0.159230828533996, -0.170170437316239, -0.0548319532884737, -0.328560305644254, 1.36490436745265], [-0.215029501706945]]","SimNLMNAR_rep4_n115000_d5_corr95_NA25_MICE.100.M.IMP.M_500",19.9672477245331,0.81183648109436,"2025-11-28 01:14:26.451236"
"SimNLMNAR_rep5_n115000_d5_corr95_NA25","MICE.100.M.IMP.M",500,"[[0.426537969677556, 0.0993183408652162, -0.328436214256764, -0.406285577474148, 0.359078134972384, 0.482368774669503, -0.135972166047845, -0.427631399822983, -0.503124281580602, 1.21416738502383], [0.082340118780389]]","SimNLMNAR_rep5_n115000_d5_corr95_NA25_MICE.100.M.IMP.M_500",19.5377602577209,0.831999063491821,"2025-11-28 01:14:47.266271"
"SimNLMNAR_rep6_n115000_d5_corr95_NA25","MICE.100.M.IMP.M",500,"[[0.871817547953531, -0.303510848776232, -0.514871260193587, -0.386215343945388, 0.354811304358814, 0.411004741540859, 0.0355698529916952, -0.347533151757533, -0.651890687722617, 1.61383430669258], [-0.219581634894132]]","SimNLMNAR_rep6_n115000_d5_corr95_NA25_MICE.100.M.IMP.M_500",19.0796813964844,0.811502456665039,"2025-11-28 01:15:07.678318"
"SimNLMNAR_rep7_n115000_d5_corr95_NA25","MICE.100.M.IMP.M",500,"[[0.455457730414571, 0.0599711445312306, -0.465605333686684, -0.260928917113378, 0.327582334632828, -0.241903101528972, -0.218146415320608, -0.46455550443587, -0.537790204437702, 0.901053029549021], [0.351417711638436]]","SimNLMNAR_rep7_n115000_d5_corr95_NA25_MICE.100.M.IMP.M_500",19.4712088108063,0.807322978973389,"2025-11-28 01:15:27.605685"
"SimNLMNAR_rep8_n115000_d5_corr95_NA25","MICE.100.M.IMP.M",500,"[[0.319267445502111, 0.163160259234106, -0.733101639724008, -0.25266829948203, 0.383764495767447, 0.202038579396091, 0.33254845325743, -0.426726673309122, -0.0135080740852424, 0.734413186891725], [-0.0752547545864957]]","SimNLMNAR_rep8_n115000_d5_corr95_NA25_MICE.100.M.IMP.M_500",19.0183281898499,0.821372985839844,"2025-11-28 01:15:47.91748"
"SimNLMNAR_rep9_n115000_d5_corr95_NA25","MICE.100.M.IMP.M",500,"[[0.376756473270823, 0.078326313352583, -0.501041263469932, -0.332491391583487, 0.333736607588672, 0.512713999823561, -0.014282961157542, -0.385145747458064, -0.667867059770777, 1.0323087613026], [-0.00713819182107196]]","SimNLMNAR_rep9_n115000_d5_corr95_NA25_MICE.100.M.IMP.M_500",19.1096651554108,0.775123596191406,"2025-11-28 01:16:07.793984"
"SimNLMNAR_rep0_n115000_d5_corr95_NA25","MICE.100.M.IMP.M",1000,"[[0.185336768016381, 0.385282237831565, -0.505561550297243, -0.339069828431994, 0.321530649916011, 0.0590956000984575, 0.109787751106003, -0.379469483731799, -0.460444760400333, 1.31011724195851], [-0.0228906590857579]]","SimNLMNAR_rep0_n115000_d5_corr95_NA25_MICE.100.M.IMP.M_1000",20.3805232048035,1.34531021118164,"2025-11-28 01:16:27.723498"
"SimNLMNAR_rep1_n115000_d5_corr95_NA25","MICE.100.M.IMP.M",1000,"[[0.375194672951121, 0.376607183759768, -0.556926667314597, -0.411848406648579, 0.322290923603348, 0.223742745914429, 0.134493183010908, -0.347379564203562, -0.0546816135899665, 1.28603118843356], [-0.292225580034776]]","SimNLMNAR_rep1_n115000_d5_corr95_NA25_MICE.100.M.IMP.M_1000",20.6619255542755,1.26205205917358,"2025-11-28 01:16:49.483709"
"SimNLMNAR_rep2_n115000_d5_corr95_NA25","MICE.100.M.IMP.M",1000,"[[0.492110727182187, -0.184080467248763, -0.560946767573008, -0.29936034370339, 0.37310429572512, 0.0346275547467295, 0.206095491308797, -0.0700128331895624, -0.266307789877482, 1.16076811996222], [-0.107101962854289]]","SimNLMNAR_rep2_n115000_d5_corr95_NA25_MICE.100.M.IMP.M_1000",20.1176946163177,1.27406358718872,"2025-11-28 01:17:11.44185"
"SimNLMNAR_rep3_n115000_d5_corr95_NA25","MICE.100.M.IMP.M",1000,"[[0.47004215042355, 0.137159598600123, -0.598685820510331, -0.356009249651098, 0.318238004999508, 0.00646044779775519, -0.00435706193754793, -0.286967692875377, -0.295346463121067, 1.22516981274035], [-0.102776705339725]]","SimNLMNAR_rep3_n115000_d5_corr95_NA25_MICE.100.M.IMP.M_1000",20.336229801178,0.857512950897217,"2025-11-28 01:17:32.869897"
"SimNLMNAR_rep4_n115000_d5_corr95_NA25","MICE.100.M.IMP.M",1000,"[[0.388661580289937, 0.170990035162288, -0.371696924961676, -0.427844916554041, 0.313773854276729, -0.128270009602867, -0.247640464688967, -0.0706781988701355, -0.414399234793201, 1.13713167645752], [0.0443148705935225]]","SimNLMNAR_rep4_n115000_d5_corr95_NA25_MICE.100.M.IMP.M_1000",20.4623517990112,1.30009269714355,"2025-11-28 01:17:54.101436"
"SimNLMNAR_rep5_n115000_d5_corr95_NA25","MICE.100.M.IMP.M",1000,"[[0.333908950127678, 0.0818073200892282, -0.404877396738619, -0.349113300158844, 0.346892901568401, 0.462133170334145, 0.0701898727760621, -0.183760854082714, -0.614376466361632, 1.09244447483798], [-0.00731394099212667]]","SimNLMNAR_rep5_n115000_d5_corr95_NA25_MICE.100.M.IMP.M_1000",20.7011580467224,0.864682912826538,"2025-11-28 01:18:15.897704"
"SimNLMNAR_rep6_n115000_d5_corr95_NA25","MICE.100.M.IMP.M",1000,"[[0.328766285910553, 0.354035720062696, -0.606245484380162, -0.368770745082351, 0.340122337855978, 0.164105583298106, -0.0549856869286087, -0.296601030524378, -0.443066135041203, 1.36599526297543], [-0.097374157399339]]","SimNLMNAR_rep6_n115000_d5_corr95_NA25_MICE.100.M.IMP.M_1000",20.7286624908447,1.30068016052246,"2025-11-28 01:18:37.497052"
"SimNLMNAR_rep7_n115000_d5_corr95_NA25","MICE.100.M.IMP.M",1000,"[[0.501183439337005, 0.333012833042543, -0.740989480860632, -0.321659029501374, 0.341427576767978, 0.0125190427203123, -0.137857741507474, -0.441308415395334, -0.406975878223474, 1.21568330725055], [0.0556063249891752]]","SimNLMNAR_rep7_n115000_d5_corr95_NA25_MICE.100.M.IMP.M_1000",20.3454172611237,0.866206645965576,"2025-11-28 01:18:59.562466"
"SimNLMNAR_rep8_n115000_d5_corr95_NA25","MICE.100.M.IMP.M",1000,"[[0.45579565135039, 0.333302213212955, -0.824444862866332, -0.314670680125823, 0.362742142773718, 0.146178425043213, 0.0317482059636374, -0.342297531326914, -0.125324445239579, 0.755645893983145], [-0.055567935689151]]","SimNLMNAR_rep8_n115000_d5_corr95_NA25_MICE.100.M.IMP.M_1000",20.8660628795624,1.33122444152832,"2025-11-28 01:19:20.811007"
"SimNLMNAR_rep9_n115000_d5_corr95_NA25","MICE.100.M.IMP.M",1000,"[[0.225310888263377, 0.230352144741764, -0.647976568210673, -0.260594889944946, 0.330226517693932, 0.40393741850159, 0.052025994690506, -0.310852306735834, -0.62973689716904, 1.07526131311677], [-0.13862505418625]]","SimNLMNAR_rep9_n115000_d5_corr95_NA25_MICE.100.M.IMP.M_1000",21.203839302063,0.85691237449646,"2025-11-28 01:19:43.041176"
"SimNLMNAR_rep0_n115000_d5_corr95_NA25","MICE.100.M.IMP.M",5000,"[[0.309517358433716, 0.360454704219662, -0.599476321436821, -0.370474950377581, 0.330695112904498, 0.137299461385052, 0.0357045908114131, -0.221928085632906, -0.441263997369942, 1.16205079838492], [-0.0860889935876916]]","SimNLMNAR_rep0_n115000_d5_corr95_NA25_MICE.100.M.IMP.M_5000",29.7030193805695,1.37294912338257,"2025-11-28 01:20:05.136053"
"SimNLMNAR_rep1_n115000_d5_corr95_NA25","MICE.100.M.IMP.M",5000,"[[0.280919020048242, 0.357032577889943, -0.565249229752145, -0.369388495044223, 0.331145290214896, 0.144083028360058, 0.0986717547924204, -0.239776484495786, -0.245459256884512, 1.04056592009436], [-0.16215878680616]]","SimNLMNAR_rep1_n115000_d5_corr95_NA25_MICE.100.M.IMP.M_5000",32.2419686317444,0.826147794723511,"2025-11-28 01:12:13.516658"
"SimNLMNAR_rep2_n115000_d5_corr95_NA25","MICE.100.M.IMP.M",5000,"[[0.426752684706997, 0.177412686802396, -0.597956113514017, -0.325195079899192, 0.334594067256455, 0.156822606934562, -0.0537463555703966, -0.248459663194753, -0.328683387354353, 1.076057753625], [-0.0659716495535801]]","SimNLMNAR_rep2_n115000_d5_corr95_NA25_MICE.100.M.IMP.M_5000",27.8807814121246,0.892353534698486,"2025-11-28 01:12:46.640929"
"SimNLMNAR_rep3_n115000_d5_corr95_NA25","MICE.100.M.IMP.M",5000,"[[0.372877145641878, 0.303215951918666, -0.612277364760284, -0.340659785841009, 0.333038200578074, 0.123661166063325, 0.00950259741235825, -0.258211220611479, -0.27717552098623, 1.22569420523205], [-0.192918057705154]]","SimNLMNAR_rep3_n115000_d5_corr95_NA25_MICE.100.M.IMP.M_5000",27.9218664169312,0.838817596435547,"2025-11-28 01:13:15.453118"
"SimNLMNAR_rep4_n115000_d5_corr95_NA25","MICE.100.M.IMP.M",5000,"[[0.443756651136099, 0.279176309558089, -0.567194641240064, -0.375281123047274, 0.301102872463741, 0.122806280597687, -0.15267124725726, -0.382338113623839, -0.480035945964872, 1.10637898173604], [-0.0181038841853479]]","SimNLMNAR_rep4_n115000_d5_corr95_NA25_MICE.100.M.IMP.M_5000",28.8180706501007,0.954229593276978,"2025-11-28 01:13:44.256722"
"SimNLMNAR_rep5_n115000_d5_corr95_NA25","MICE.100.M.IMP.M",5000,"[[0.449637962814475, 0.187200441239726, -0.605949061115316, -0.320258919361489, 0.332604270724764, 0.205814043167893, 0.0028406771567026, -0.319813125099426, -0.355769361900319, 1.01712813638448], [-0.00583879983610111]]","SimNLMNAR_rep5_n115000_d5_corr95_NA25_MICE.100.M.IMP.M_5000",29.4766728878021,0.862915277481079,"2025-11-28 01:14:14.07417"
"SimNLMNAR_rep6_n115000_d5_corr95_NA25","MICE.100.M.IMP.M",5000,"[[0.36485856454054, 0.308672642945421, -0.652372018324188, -0.336238067988032, 0.325824142388395, 0.164482765937058, 0.0664812837117364, -0.181563368089714, -0.360625398432034, 1.21227318463774], [-0.218708857319198]]","SimNLMNAR_rep6_n115000_d5_corr95_NA25_MICE.100.M.IMP.M_5000",29.1432681083679,0.880901336669922,"2025-11-28 01:14:44.452069"
"SimNLMNAR_rep7_n115000_d5_corr95_NA25","MICE.100.M.IMP.M",5000,"[[0.544528879080156, 0.143828026467741, -0.578432813124071, -0.383433539589197, 0.325237312057092, 0.0931169552005243, -0.00080937665648788, -0.3064212632221, -0.429453664622885, 1.06754996120471], [-0.00620540665458673]]","SimNLMNAR_rep7_n115000_d5_corr95_NA25_MICE.100.M.IMP.M_5000",28.4941568374634,1.03098273277283,"2025-11-28 01:15:14.51165"
"SimNLMNAR_rep8_n115000_d5_corr95_NA25","MICE.100.M.IMP.M",5000,"[[0.351794687001044, 0.345696420413083, -0.601581255235105, -0.33780489406186, 0.331952050768196, 0.0459816050106434, -0.0347377057075143, -0.207792452778086, -0.286579375470083, 0.982166025340657], [-0.0335981965204595]]","SimNLMNAR_rep8_n115000_d5_corr95_NA25_MICE.100.M.IMP.M_5000",29.3166618347168,0.906011343002319,"2025-11-28 01:15:44.07923"
"SimNLMNAR_rep9_n115000_d5_corr95_NA25","MICE.100.M.IMP.M",5000,"[[0.350716040404066, 0.311833809442757, -0.577716746801167, -0.341311494361976, 0.320034656759955, 0.0577095195632158, -0.00486875820586892, -0.226538935345809, -0.445639123697664, 1.07641134217931], [-0.0330948168370927]]","SimNLMNAR_rep9_n115000_d5_corr95_NA25_MICE.100.M.IMP.M_5000",27.5912258625031,0.877139329910278,"2025-11-28 01:16:14.344212"
"SimNLMNAR_rep0_n115000_d5_corr95_NA25","MICE.100.M.IMP.M",10000,"[[0.367632699579979, 0.334917915277992, -0.64149309926833, -0.365193470300595, 0.339749276988174, 0.131262645445752, -0.0358619375659919, -0.24735999875855, -0.34866349011619, 1.11229680473736], [-0.0781114201397956]]","SimNLMNAR_rep0_n115000_d5_corr95_NA25_MICE.100.M.IMP.M_10000",39.6865639686584,0.964313268661499,"2025-11-28 01:16:42.846401"
"SimNLMNAR_rep1_n115000_d5_corr95_NA25","MICE.100.M.IMP.M",10000,"[[0.248321239010416, 0.352829824619024, -0.572656518234883, -0.349967609203607, 0.323329085962542, 0.159787326861748, 0.0605084539019667, -0.232282549740415, -0.316480537846469, 1.05067444607018], [-0.122087693755458]]","SimNLMNAR_rep1_n115000_d5_corr95_NA25_MICE.100.M.IMP.M_10000",39.7717645168304,0.962139129638672,"2025-11-28 01:17:23.531579"
"SimNLMNAR_rep2_n115000_d5_corr95_NA25","MICE.100.M.IMP.M",10000,"[[0.348864150144866, 0.29053172881914, -0.587233643939078, -0.334224861069354, 0.320691846130316, 0.130231619115191, -0.0174111792812593, -0.267172910305599, -0.339079532278303, 1.05029915636949], [-0.0494871547243062]]","SimNLMNAR_rep2_n115000_d5_corr95_NA25_MICE.100.M.IMP.M_10000",38.167772769928,0.954742431640625,"2025-11-28 01:18:04.300261"
"SimNLMNAR_rep3_n115000_d5_corr95_NA25","MICE.100.M.IMP.M",10000,"[[0.393303571277167, 0.352355976420352, -0.642459990467987, -0.360938121952571, 0.334510982482311, 0.0924953160731213, 0.011682488316004, -0.199314243625665, -0.358595021364446, 1.12810790462838], [-0.119078822586102]]","SimNLMNAR_rep3_n115000_d5_corr95_NA25_MICE.100.M.IMP.M_10000",38.4108073711395,0.988896131515503,"2025-11-28 01:18:43.457658"
"SimNLMNAR_rep4_n115000_d5_corr95_NA25","MICE.100.M.IMP.M",10000,"[[0.384331855838937, 0.374768950702181, -0.603287560933857, -0.38310876343977, 0.297918261592738, 0.0814058385214661, -0.0668080554344958, -0.259408976793645, -0.426520907386245, 1.0933204479591], [-0.101069682625559]]","SimNLMNAR_rep4_n115000_d5_corr95_NA25_MICE.100.M.IMP.M_10000",38.0980360507965,0.947985887527466,"2025-11-28 01:19:22.891557"
"SimNLMNAR_rep5_n115000_d5_corr95_NA25","MICE.100.M.IMP.M",10000,"[[0.420907523110054, 0.230691672450091, -0.604907815686151, -0.325185706286091, 0.320366023364816, 0.100045104515216, 0.0233405162026113, -0.263042104199982, -0.394608610696258, 1.0223366149946], [-0.00924209942086616]]","SimNLMNAR_rep5_n115000_d5_corr95_NA25_MICE.100.M.IMP.M_10000",38.174640417099,0.942592144012451,"2025-11-28 01:20:01.973171"
"SimNLMNAR_rep6_n115000_d5_corr95_NA25","MICE.100.M.IMP.M",10000,"[[0.411937854360394, 0.353730035910811, -0.672365114189558, -0.370171822761863, 0.323898508554712, 0.0809802439058568, 0.0405783933957318, -0.256865753098795, -0.363766022302148, 1.22983051643108], [-0.132856890486496]]","SimNLMNAR_rep6_n115000_d5_corr95_NA25_MICE.100.M.IMP.M_10000",39.1761767864227,0.973497629165649,"2025-11-28 01:20:41.132365"
"SimNLMNAR_rep7_n115000_d5_corr95_NA25","MICE.100.M.IMP.M",10000,"[[0.457227592823627, 0.233943321474734, -0.580208820421444, -0.378052437078344, 0.314832856448853, 0.0585177720140176, -0.0224152733041767, -0.2496059654373, -0.411698320413887, 1.07809932235985], [-0.0297629277394896]]","SimNLMNAR_rep7_n115000_d5_corr95_NA25_MICE.100.M.IMP.M_10000",38.1140174865723,0.941250085830688,"2025-11-28 01:21:21.321308"
"SimNLMNAR_rep8_n115000_d5_corr95_NA25","MICE.100.M.IMP.M",10000,"[[0.3278599376357, 0.305905749064808, -0.606233981711482, -0.335193639232044, 0.329878270234606, 0.119375998214244, -0.0149467012953444, -0.209552765851977, -0.34468333219473, 1.11083312580961], [-0.108857288995914]]","SimNLMNAR_rep8_n115000_d5_corr95_NA25_MICE.100.M.IMP.M_10000",38.0797448158264,0.928435802459717,"2025-11-28 01:22:00.413526"
"SimNLMNAR_rep9_n115000_d5_corr95_NA25","MICE.100.M.IMP.M",10000,"[[0.30450875711329, 0.346438172646138, -0.579049337914172, -0.349620924384225, 0.325888731508227, 0.119258748396974, 0.012634205846831, -0.271215169787763, -0.414641557832911, 1.03822429781432], [-0.0480766395947807]]","SimNLMNAR_rep9_n115000_d5_corr95_NA25_MICE.100.M.IMP.M_10000",37.7386991977692,0.941953897476196,"2025-11-28 01:22:39.455487"
"SimNLMNAR_rep0_n115000_d5_corr95_NA25","MICE.100.M.IMP.M",50000,"[[0.372239793656764, 0.302699946307338, -0.596613754562547, -0.350539881860169, 0.326426931123828, 0.106307635676182, -0.0116276101803046, -0.251968443593749, -0.340960078992856, 1.06867025576128], [-0.0649057241982663]]","SimNLMNAR_rep0_n115000_d5_corr95_NA25_MICE.100.M.IMP.M_50000",128.360706090927,1.46431493759155,"2025-11-28 01:23:18.170597"
"SimNLMNAR_rep1_n115000_d5_corr95_NA25","MICE.100.M.IMP.M",50000,"[[0.357028005338039, 0.309306318101039, -0.596067627487406, -0.353611272926683, 0.326787073894345, 0.0950282107267312, 0.0152006461127603, -0.281436720565801, -0.347410020376673, 1.04438866030724], [-0.050981367248215]]","SimNLMNAR_rep1_n115000_d5_corr95_NA25_MICE.100.M.IMP.M_50000",119.573995828629,2.06636166572571,"2025-11-28 01:25:28.03007"
"SimNLMNAR_rep2_n115000_d5_corr95_NA25","MICE.100.M.IMP.M",50000,"[[0.339872480965823, 0.345119240836339, -0.614283999077712, -0.347905342597855, 0.328838609435996, 0.096535354289561, -0.050629491666385, -0.256019603515879, -0.344096651760207, 1.04676315996948], [-0.0467978140575744]]","SimNLMNAR_rep2_n115000_d5_corr95_NA25_MICE.100.M.IMP.M_50000",117.917464017868,1.48247766494751,"2025-11-28 01:27:29.704054"
"SimNLMNAR_rep3_n115000_d5_corr95_NA25","MICE.100.M.IMP.M",50000,"[[0.346670027316971, 0.326238236535277, -0.614306117678704, -0.341995129481822, 0.326680560030824, 0.0919144945941801, -0.00691218322512446, -0.259349639379395, -0.343119866622666, 1.07358928936986], [-0.0777847480764478]]","SimNLMNAR_rep3_n115000_d5_corr95_NA25_MICE.100.M.IMP.M_50000",117.372933387756,1.51790499687195,"2025-11-28 01:29:29.137927"
"SimNLMNAR_rep4_n115000_d5_corr95_NA25","MICE.100.M.IMP.M",50000,"[[0.385931949151569, 0.283027293642056, -0.611715183957552, -0.343152597247238, 0.32024631671645, 0.0841378747721121, -0.00350854534451012, -0.248608393639224, -0.382145666476958, 1.06746121566933], [-0.0752692033064364]]","SimNLMNAR_rep4_n115000_d5_corr95_NA25_MICE.100.M.IMP.M_50000",117.771930217743,1.5181245803833,"2025-11-28 01:31:28.062268"
"SimNLMNAR_rep5_n115000_d5_corr95_NA25","MICE.100.M.IMP.M",50000,"[[0.373465660621717, 0.295382068422281, -0.598399952254045, -0.333663235421009, 0.318852213975587, 0.102903652296089, -0.0146269944836141, -0.263967319866808, -0.399077594700968, 1.05892485392329], [-0.025960884374114]]","SimNLMNAR_rep5_n115000_d5_corr95_NA25_MICE.100.M.IMP.M_50000",117.836519956589,1.55254244804382,"2025-11-28 01:33:27.385509"
"SimNLMNAR_rep6_n115000_d5_corr95_NA25","MICE.100.M.IMP.M",50000,"[[0.395958197343461, 0.325255729186048, -0.634771956302232, -0.350729770579653, 0.32157195976108, 0.0884096264845367, 0.0102941632571446, -0.25376700611793, -0.367309513759911, 1.08897019570536], [-0.0726292087843271]]","SimNLMNAR_rep6_n115000_d5_corr95_NA25_MICE.100.M.IMP.M_50000",144.141477584839,1.48478269577026,"2025-11-28 01:12:22.509215"
"SimNLMNAR_rep7_n115000_d5_corr95_NA25","MICE.100.M.IMP.M",50000,"[[0.369686886329845, 0.32666860911819, -0.621015548463663, -0.349630792508306, 0.32426595414026, 0.0783922369568966, -0.00233830035155351, -0.276000270873018, -0.410157301165845, 1.07548221251373], [-0.0625190494364538]]","SimNLMNAR_rep7_n115000_d5_corr95_NA25_MICE.100.M.IMP.M_50000",124.834681987762,2.13618588447571,"2025-11-28 01:14:48.197376"
"SimNLMNAR_rep8_n115000_d5_corr95_NA25","MICE.100.M.IMP.M",50000,"[[0.366736550610871, 0.323800972606159, -0.606959634512139, -0.349732041450365, 0.323929444904289, 0.0777587224803866, -0.0185445412895262, -0.256166192448901, -0.385150878498657, 1.09046296266405], [-0.0450051810750646]]","SimNLMNAR_rep8_n115000_d5_corr95_NA25_MICE.100.M.IMP.M_50000",124.890287160873,1.65055990219116,"2025-11-28 01:16:55.207552"
"SimNLMNAR_rep9_n115000_d5_corr95_NA25","MICE.100.M.IMP.M",50000,"[[0.342524955130053, 0.332786046426334, -0.599982069105759, -0.341687572263306, 0.319646764831103, 0.0842352472081885, 0.0241272918561222, -0.266852710748644, -0.399353054501604, 1.07213802154648], [-0.0756203635184488]]","SimNLMNAR_rep9_n115000_d5_corr95_NA25_MICE.100.M.IMP.M_50000",125.016232728958,1.57583951950073,"2025-11-28 01:19:01.786546"
"SimNLMNAR_rep0_n115000_d5_corr95_NA25","MICE.100.Y.M.IMP.M",100,"[[-3.93608071547001, 2.24883898031122, 0.21071259100403, -0.187287359269932, 0.764076357835047, 0.393954623076316, 0.850655752768472, 1.13348354212787, -1.28682733201607, 3.10646978190719], [-1.38609171426807]]","SimNLMNAR_rep0_n115000_d5_corr95_NA25_MICE.100.Y.M.IMP.M_100",18.8957030773163,0.850786447525024,"2025-11-28 01:21:08.412966"
"SimNLMNAR_rep1_n115000_d5_corr95_NA25","MICE.100.Y.M.IMP.M",100,"[[3.10873904562549, -2.23292517579217, -2.11363806047464, -0.717125705236389, 1.00627904566581, 1.19713809498349, 1.01427172835786, -0.638373950564274, -0.332961453724641, 1.24230544513599], [-1.44711950033465]]","SimNLMNAR_rep1_n115000_d5_corr95_NA25_MICE.100.Y.M.IMP.M_100",18.7503933906555,0.844578742980957,"2025-11-28 01:21:28.193617"
"SimNLMNAR_rep2_n115000_d5_corr95_NA25","MICE.100.Y.M.IMP.M",100,"[[0.726172419832978, -0.149042127050064, -1.53118378399048, -1.90174496602165, 1.29814299955775, 1.16489140175157, 2.90751143944596, -0.59383002106493, -1.95682602327035, 0.733584988319803], [-1.34236695610886]]","SimNLMNAR_rep2_n115000_d5_corr95_NA25_MICE.100.Y.M.IMP.M_100",19.6683056354523,0.832777261734009,"2025-11-28 01:21:47.822423"
"SimNLMNAR_rep3_n115000_d5_corr95_NA25","MICE.100.Y.M.IMP.M",100,"[[48.5515415236175, 61.0521777210057, -63.6146832549251, -37.223679780569, 56.6371511010023, -53.0360114858817, -46.1993626491616, 29.0274189791225, 7.77707487779509, 18.778768503259], [19.9857688724779]]","SimNLMNAR_rep3_n115000_d5_corr95_NA25_MICE.100.Y.M.IMP.M_100",18.6956760883331,0.814215421676636,"2025-11-28 01:22:08.356487"
"SimNLMNAR_rep4_n115000_d5_corr95_NA25","MICE.100.Y.M.IMP.M",100,"[[-0.814491551313038, 1.22363446720555, -0.171462848479225, -0.960915024080684, 0.887860613833796, -0.174375942964194, -0.824180933280093, -0.458286875427408, -1.4069261586858, 0.991210079569812], [0.504530813807662]]","SimNLMNAR_rep4_n115000_d5_corr95_NA25_MICE.100.Y.M.IMP.M_100",18.5308880805969,0.828999519348145,"2025-11-28 01:22:27.900138"
"SimNLMNAR_rep5_n115000_d5_corr95_NA25","MICE.100.Y.M.IMP.M",100,"[[40.4360084674404, 28.6352182303568, -38.6436048537658, -27.7457957006214, 12.9590676381723, 32.1635167233617, -31.9838836902708, -10.7309763644735, -24.8532388547698, 27.6319773980085], [10.1446160522202]]","SimNLMNAR_rep5_n115000_d5_corr95_NA25_MICE.100.Y.M.IMP.M_100",18.6439366340637,0.828534364700317,"2025-11-28 01:22:47.293248"
"SimNLMNAR_rep6_n115000_d5_corr95_NA25","MICE.100.Y.M.IMP.M",100,"[[501.223679120183, -333.423251259498, -295.822957960381, -79.0583435509613, 148.185588314002, 75.1599446408113, -90.3330019147571, 22.8776226805869, 39.4452316307164, 84.4810642888364], [-173.021936526901]]","SimNLMNAR_rep6_n115000_d5_corr95_NA25_MICE.100.Y.M.IMP.M_100",18.53346824646,0.850775480270386,"2025-11-28 01:23:06.803319"
"SimNLMNAR_rep7_n115000_d5_corr95_NA25","MICE.100.Y.M.IMP.M",100,"[[4.4187980689711, -4.63233138008452, 0.917789065908229, -2.45111015232909, 1.54390129849577, 3.13230807662072, 1.01510512645952, 0.624974694585425, -0.225872830727673, 2.9823410498442], [-1.07697832041705]]","SimNLMNAR_rep7_n115000_d5_corr95_NA25_MICE.100.Y.M.IMP.M_100",18.4920399188995,0.862777471542358,"2025-11-28 01:23:26.221134"
"SimNLMNAR_rep8_n115000_d5_corr95_NA25","MICE.100.Y.M.IMP.M",100,"[[2.49107896941557, -1.08475898413878, -1.55436335950996, -0.622375732268111, 0.932461103726197, 0.824240141573515, -0.562614055781613, 0.265672798415713, -0.339743336572949, 1.86241300631255], [-0.292947825724455]]","SimNLMNAR_rep8_n115000_d5_corr95_NA25_MICE.100.Y.M.IMP.M_100",18.75461769104,0.843938589096069,"2025-11-28 01:23:45.608359"
"SimNLMNAR_rep9_n115000_d5_corr95_NA25","MICE.100.Y.M.IMP.M",100,"[[13.2495332475942, -10.403064520931, 0.435844536178704, -6.58970178410589, 2.81725446837403, 3.4356797480966, 2.4520581102524, 2.67178010873551, 0.937461687425051, 6.56356001358966], [-2.38255913329513]]","SimNLMNAR_rep9_n115000_d5_corr95_NA25_MICE.100.Y.M.IMP.M_100",17.959591627121,0.848873615264893,"2025-11-28 01:24:05.239923"
"SimNLMNAR_rep0_n115000_d5_corr95_NA25","MICE.100.Y.M.IMP.M",500,"[[-0.527784035704809, 2.26844877464979, -2.20794541042102, -0.614889744427187, 0.885447673728832, 0.89991746029624, 0.810150687259045, -0.344878154853484, -0.82196889039893, 1.50462220866842], [-1.05082733419238]]","SimNLMNAR_rep0_n115000_d5_corr95_NA25_MICE.100.Y.M.IMP.M_500",19.9068155288696,1.49952530860901,"2025-11-28 01:24:24.080751"
"SimNLMNAR_rep1_n115000_d5_corr95_NA25","MICE.100.Y.M.IMP.M",500,"[[0.863163672367829, 0.555564331079247, -1.13506092286263, -0.922753224341926, 0.704894700006183, 0.251124476149815, 0.198535881712731, -0.276433797223178, -0.0514195977496922, 1.36268385928208], [-0.613513885635018]]","SimNLMNAR_rep1_n115000_d5_corr95_NA25_MICE.100.Y.M.IMP.M_500",20.0168211460114,0.850212574005127,"2025-11-28 01:24:45.520749"
"SimNLMNAR_rep2_n115000_d5_corr95_NA25","MICE.100.Y.M.IMP.M",500,"[[1.61816866279863, -0.36737750633224, -2.06952451440941, -0.807606040633891, 1.02558523882509, 0.0686583381233543, 0.984001007586505, 0.495663393569954, 0.335925114972748, 1.3112058845968], [-1.20382628466193]]","SimNLMNAR_rep2_n115000_d5_corr95_NA25_MICE.100.Y.M.IMP.M_500",19.7280151844025,0.813849449157715,"2025-11-28 01:25:06.423604"
"SimNLMNAR_rep3_n115000_d5_corr95_NA25","MICE.100.Y.M.IMP.M",500,"[[1.67852283573028, -0.245775825032369, -1.56961999100965, -1.05005060278725, 0.985472461214406, 0.171007317347277, 0.587055026223293, -0.0018033356475333, -0.279084562117262, 1.02702846032074], [-0.487194059421657]]","SimNLMNAR_rep3_n115000_d5_corr95_NA25_MICE.100.Y.M.IMP.M_500",19.381618976593,0.834560871124268,"2025-11-28 01:25:26.997741"
"SimNLMNAR_rep4_n115000_d5_corr95_NA25","MICE.100.Y.M.IMP.M",500,"[[2.04839038888682, -1.1333666511652, -1.24711936341532, -0.683039152574558, 0.92760016226004, 0.0582710625250405, -0.481712412562343, -0.0298096554141558, -0.283724752261897, 1.27263681533013], [-0.402842732554409]]","SimNLMNAR_rep4_n115000_d5_corr95_NA25_MICE.100.Y.M.IMP.M_500",19.5057909488678,0.831881284713745,"2025-11-28 01:25:47.245832"
"SimNLMNAR_rep5_n115000_d5_corr95_NA25","MICE.100.Y.M.IMP.M",500,"[[1.23045933790927, 0.359757879718911, -1.29371652473183, -0.986242702152937, 0.833557432161308, 0.641118100248337, -0.324530978800977, -0.203377866139731, -0.370086817264397, 1.24987527905108], [-0.353191003355915]]","SimNLMNAR_rep5_n115000_d5_corr95_NA25_MICE.100.Y.M.IMP.M_500",19.6457631587982,0.818270206451416,"2025-11-28 01:26:07.619667"
"SimNLMNAR_rep6_n115000_d5_corr95_NA25","MICE.100.Y.M.IMP.M",500,"[[2.9848688651159, -1.37422134716239, -1.56491297721598, -0.974409228142642, 1.0515902473293, 0.330066222124891, 0.152591431427882, -0.411897321192826, -0.37450000431017, 1.31154814743158], [-0.605361112494296]]","SimNLMNAR_rep6_n115000_d5_corr95_NA25_MICE.100.Y.M.IMP.M_500",19.5225143432617,0.797329425811768,"2025-11-28 01:26:28.124899"
"SimNLMNAR_rep7_n115000_d5_corr95_NA25","MICE.100.Y.M.IMP.M",500,"[[1.56763832963046, -0.20839982943715, -1.31120233255102, -0.54795948780988, 0.781097859217481, -0.503961053789143, -0.582067823791883, -0.506507652458029, -1.04165113735953, 0.816805890140204], [0.659471347030158]]","SimNLMNAR_rep7_n115000_d5_corr95_NA25_MICE.100.Y.M.IMP.M_500",18.9067149162292,0.808393955230713,"2025-11-28 01:26:48.476773"
"SimNLMNAR_rep8_n115000_d5_corr95_NA25","MICE.100.Y.M.IMP.M",500,"[[1.31290564543538, -0.0749885527023669, -1.79722106174687, -0.536144946123714, 0.942142133719838, 0.347422010308526, 0.690671263379191, -0.383783568085976, 0.261477880522291, 0.596688679509708], [-0.329964116016918]]","SimNLMNAR_rep8_n115000_d5_corr95_NA25_MICE.100.Y.M.IMP.M_500",19.4964439868927,0.822065353393555,"2025-11-28 01:27:08.250727"
"SimNLMNAR_rep9_n115000_d5_corr95_NA25","MICE.100.Y.M.IMP.M",500,"[[1.04381102719576, -0.141512550597341, -1.44848319842461, -0.642781026517897, 0.972227397374441, 0.674560989289868, 0.123770930437937, -0.489746288828041, -0.701111669405472, 1.08699820153124], [-0.244998385137877]]","SimNLMNAR_rep9_n115000_d5_corr95_NA25_MICE.100.Y.M.IMP.M_500",20.6827077865601,0.833541631698608,"2025-11-28 01:27:28.602555"
"SimNLMNAR_rep0_n115000_d5_corr95_NA25","MICE.100.Y.M.IMP.M",1000,"[[0.0167719264233263, 2.12513179387192, -2.15416754250205, -0.836677009509834, 0.97633800145502, 0.36876350138753, 0.102940090761427, -0.451057842359679, -0.533888794881278, 1.30553555067244], [-0.52117947846647]]","SimNLMNAR_rep0_n115000_d5_corr95_NA25_MICE.100.Y.M.IMP.M_1000",28.3292140960693,1.77821588516235,"2025-11-28 01:12:30.782183"
"SimNLMNAR_rep1_n115000_d5_corr95_NA25","MICE.100.Y.M.IMP.M",1000,"[[0.722649856237398, 1.08026769473117, -1.50131318005854, -0.931944320619553, 0.864278272740849, 0.201502771104054, 0.189635004141099, -0.23713043447451, 0.180653302698875, 1.07591330913455], [-0.665903170662793]]","SimNLMNAR_rep1_n115000_d5_corr95_NA25_MICE.100.Y.M.IMP.M_1000",25.8772563934326,0.940599679946899,"2025-11-28 01:13:00.942635"
"SimNLMNAR_rep2_n115000_d5_corr95_NA25","MICE.100.Y.M.IMP.M",1000,"[[1.56724143100595, -0.715196791106061, -1.37985079647169, -0.674759334134065, 0.909167348263683, -0.0473460378183015, 0.35089692678866, -0.0704549820573883, -0.04316592379393, 1.04080593061624], [-0.270687888946971]]","SimNLMNAR_rep2_n115000_d5_corr95_NA25_MICE.100.Y.M.IMP.M_1000",25.186094045639,1.445228099823,"2025-11-28 01:13:27.801883"
"SimNLMNAR_rep3_n115000_d5_corr95_NA25","MICE.100.Y.M.IMP.M",1000,"[[1.69679319450679, -0.328298590820209, -1.46948780899851, -0.843329050790487, 0.902419352535448, 0.0124909451771994, 0.00764673978401824, -0.218195463698437, -0.285423842246226, 1.07140159117803], [-0.266638606115706]]","SimNLMNAR_rep3_n115000_d5_corr95_NA25_MICE.100.Y.M.IMP.M_1000",25.6511640548706,0.811702013015747,"2025-11-28 01:13:54.469008"
"SimNLMNAR_rep4_n115000_d5_corr95_NA25","MICE.100.Y.M.IMP.M",1000,"[[1.32700204272152, 0.032830859665833, -1.12918078565359, -0.775397607722449, 0.767338507634636, -0.305629350942747, -0.493894975148503, -0.0686841770159453, -0.407443442481573, 0.98241915458194], [0.0469439063623615]]","SimNLMNAR_rep4_n115000_d5_corr95_NA25_MICE.100.Y.M.IMP.M_1000",24.9560110569,0.841507434844971,"2025-11-28 01:14:20.969077"
"SimNLMNAR_rep5_n115000_d5_corr95_NA25","MICE.100.Y.M.IMP.M",1000,"[[0.99732320446666, -0.0319833095039527, -1.13582424088311, -0.701584594621163, 0.817620051201938, 0.634195013320483, -0.0758712215984728, 0.0396809801156025, -0.672217776535563, 0.962878543329057], [-0.251285726156195]]","SimNLMNAR_rep5_n115000_d5_corr95_NA25_MICE.100.Y.M.IMP.M_1000",25.5063304901123,1.29650282859802,"2025-11-28 01:14:46.805701"
"SimNLMNAR_rep6_n115000_d5_corr95_NA25","MICE.100.Y.M.IMP.M",1000,"[[1.36992179681164, 0.455345387638682, -1.82361275239387, -0.792283698305335, 0.939527265133138, 0.0946826043978366, 0.0802466742275003, -0.197524949956533, -0.366773102684405, 1.20149959879155], [-0.470279217729348]]","SimNLMNAR_rep6_n115000_d5_corr95_NA25_MICE.100.Y.M.IMP.M_1000",25.0340430736542,0.810467481613159,"2025-11-28 01:15:13.649103"
"SimNLMNAR_rep7_n115000_d5_corr95_NA25","MICE.100.Y.M.IMP.M",1000,"[[2.09159822171295, 0.0894572664369099, -1.87360094588219, -0.746637427455321, 0.939620316650661, -0.220941548839053, -0.306442722098533, -0.367071928563949, -0.631298022067556, 1.02018337992376], [0.176216859336107]]","SimNLMNAR_rep7_n115000_d5_corr95_NA25_MICE.100.Y.M.IMP.M_1000",25.1455540657043,0.853018760681152,"2025-11-28 01:15:39.530141"
"SimNLMNAR_rep8_n115000_d5_corr95_NA25","MICE.100.Y.M.IMP.M",1000,"[[1.58179899359018, 0.115273152507724, -2.06708356252754, -0.585104874850354, 0.945503769561205, 0.295117136703847, 0.159401820354405, -0.218070347968805, 0.0249483577922545, 0.654439294664732], [-0.375796018936616]]","SimNLMNAR_rep8_n115000_d5_corr95_NA25_MICE.100.Y.M.IMP.M_1000",25.6944870948792,0.834386348724365,"2025-11-28 01:16:05.56299"
"SimNLMNAR_rep9_n115000_d5_corr95_NA25","MICE.100.Y.M.IMP.M",1000,"[[0.668475845896641, 0.521337364353629, -1.9024822049413, -0.488075843279766, 0.981917354224043, 0.58977940976003, -0.127887465201861, -0.42791957770287, -0.793271725108199, 1.03400111647009], [-0.248608709409996]]","SimNLMNAR_rep9_n115000_d5_corr95_NA25_MICE.100.Y.M.IMP.M_1000",26.013845205307,0.86563515663147,"2025-11-28 01:16:32.124895"
"SimNLMNAR_rep0_n115000_d5_corr95_NA25","MICE.100.Y.M.IMP.M",5000,"[[0.92990895865862, 0.827126060349631, -1.82886051085191, -0.782699680707773, 0.9266546439246, 0.37554506057056, 0.0574183461210112, -0.249595592754927, -0.49579911399521, 0.973520677574663], [-0.386716725850512]]","SimNLMNAR_rep0_n115000_d5_corr95_NA25_MICE.100.Y.M.IMP.M_5000",39.3186798095703,1.36827325820923,"2025-11-28 01:16:59.0453"
"SimNLMNAR_rep1_n115000_d5_corr95_NA25","MICE.100.Y.M.IMP.M",5000,"[[0.940262633211307, 0.665140868951903, -1.55839123620209, -0.821150094562769, 0.892434899806038, 0.0930890426012009, 0.108461869681537, -0.19435018930444, -0.207790511541101, 0.881390614325996], [-0.386173042391078]]","SimNLMNAR_rep1_n115000_d5_corr95_NA25_MICE.100.Y.M.IMP.M_5000",37.2061121463776,0.931802034378052,"2025-11-28 01:17:39.766911"
"SimNLMNAR_rep2_n115000_d5_corr95_NA25","MICE.100.Y.M.IMP.M",5000,"[[1.51395701060175, -0.117248502777644, -1.59233385295811, -0.676200527511962, 0.905316650452686, 0.192259683177797, -0.101761404858872, -0.241139343809283, -0.269258903388142, 0.926567708101113], [-0.219442319321593]]","SimNLMNAR_rep2_n115000_d5_corr95_NA25_MICE.100.Y.M.IMP.M_5000",37.5807323455811,1.36191463470459,"2025-11-28 01:18:17.938219"
"SimNLMNAR_rep3_n115000_d5_corr95_NA25","MICE.100.Y.M.IMP.M",5000,"[[1.2223382074066, 0.433330114506655, -1.76275358715214, -0.747872812271155, 0.937605960926143, 0.184326957211356, -0.179808514003451, -0.272280299242456, -0.233614821325722, 1.03490327694797], [-0.433985419104151]]","SimNLMNAR_rep3_n115000_d5_corr95_NA25_MICE.100.Y.M.IMP.M_5000",36.7836406230927,0.888507127761841,"2025-11-28 01:18:56.915911"
"SimNLMNAR_rep4_n115000_d5_corr95_NA25","MICE.100.Y.M.IMP.M",5000,"[[1.49960417820389, 0.123922737062388, -1.59497818314872, -0.720671616023446, 0.863975207461519, 0.0530510077575377, -0.408748929046117, -0.436070680475645, -0.525467358708087, 0.962525315151185], [-0.0866207704611653]]","SimNLMNAR_rep4_n115000_d5_corr95_NA25_MICE.100.Y.M.IMP.M_5000",37.0422022342682,0.88601016998291,"2025-11-28 01:19:34.625556"
"SimNLMNAR_rep5_n115000_d5_corr95_NA25","MICE.100.Y.M.IMP.M",5000,"[[1.33303628170168, 0.486376135507401, -1.88825475052675, -0.712775600688244, 0.948291404742247, 0.179236011340279, -0.159272276267016, -0.310898049482704, -0.436486345262136, 0.847223786545782], [-0.134466999320361]]","SimNLMNAR_rep5_n115000_d5_corr95_NA25_MICE.100.Y.M.IMP.M_5000",38.3818461894989,0.937410831451416,"2025-11-28 01:20:12.587685"
"SimNLMNAR_rep6_n115000_d5_corr95_NA25","MICE.100.Y.M.IMP.M",5000,"[[1.03151055830984, 0.658476348572362, -1.72293164514428, -0.758377932427115, 0.864170389848907, 0.184245716048499, 0.122467075528678, -0.130781710829186, -0.377674969349775, 1.05716907363233], [-0.498469530129922]]","SimNLMNAR_rep6_n115000_d5_corr95_NA25_MICE.100.Y.M.IMP.M_5000",37.8419179916382,0.900599479675293,"2025-11-28 01:20:51.940671"
"SimNLMNAR_rep7_n115000_d5_corr95_NA25","MICE.100.Y.M.IMP.M",5000,"[[1.99334029381055, -0.27106872628569, -1.54005483353863, -0.879335635475956, 0.889739341111305, 0.0658482288515581, -0.0599075495588265, -0.263533503814829, -0.422486950039706, 0.889828367265409], [-0.096199315639334]]","SimNLMNAR_rep7_n115000_d5_corr95_NA25_MICE.100.Y.M.IMP.M_5000",34.6484315395355,1.41594099998474,"2025-11-28 01:21:30.717464"
"SimNLMNAR_rep8_n115000_d5_corr95_NA25","MICE.100.Y.M.IMP.M",5000,"[[1.26975012603909, 0.313804722760056, -1.55779143869216, -0.725976781626201, 0.875282748585039, -0.0340958386744623, -0.232667263939544, -0.107485871076392, -0.245752934516796, 0.771508464029404], [-0.134307658288002]]","SimNLMNAR_rep8_n115000_d5_corr95_NA25_MICE.100.Y.M.IMP.M_5000",34.3027060031891,1.37122988700867,"2025-11-28 01:22:06.821257"
"SimNLMNAR_rep9_n115000_d5_corr95_NA25","MICE.100.Y.M.IMP.M",5000,"[[1.2355632620736, 0.498238019917332, -1.7216786451557, -0.809741048061655, 0.935351057769527, -0.0100411275372991, -0.127230676610719, -0.160320310559809, -0.441772725007954, 0.889646245443759], [-0.176541786513763]]","SimNLMNAR_rep9_n115000_d5_corr95_NA25_MICE.100.Y.M.IMP.M_5000",33.9112575054169,1.35093903541565,"2025-11-28 01:22:42.529347"
"SimNLMNAR_rep0_n115000_d5_corr95_NA25","MICE.100.Y.M.IMP.M",10000,"[[1.26238099928016, 0.544188124968837, -1.79254154276765, -0.800192729505779, 0.928757642202796, 0.25912292617897, -0.103880916104438, -0.277875903391599, -0.358344007348802, 0.921221188087464], [-0.307950844992931]]","SimNLMNAR_rep0_n115000_d5_corr95_NA25_MICE.100.Y.M.IMP.M_10000",49.6877648830414,0.958898782730103,"2025-11-28 01:23:17.824025"
"SimNLMNAR_rep1_n115000_d5_corr95_NA25","MICE.100.Y.M.IMP.M",10000,"[[0.985584946196542, 0.600351528789843, -1.59695523660412, -0.772020245220948, 0.869647031737602, 0.100189173832838, 0.0381498589217848, -0.246982365378282, -0.314861669071816, 0.865432446554917], [-0.285206911546743]]","SimNLMNAR_rep1_n115000_d5_corr95_NA25_MICE.100.Y.M.IMP.M_10000",51.34006524086,0.933573722839355,"2025-11-28 01:24:08.504549"
"SimNLMNAR_rep2_n115000_d5_corr95_NA25","MICE.100.Y.M.IMP.M",10000,"[[1.31351409137134, 0.269936250271043, -1.57389490977165, -0.731285333113427, 0.853219003905707, 0.0928471502832385, -0.116175060868862, -0.213735195570243, -0.342486941264073, 0.866960188660968], [-0.13868865539793]]","SimNLMNAR_rep2_n115000_d5_corr95_NA25_MICE.100.Y.M.IMP.M_10000",49.4322991371155,0.95973801612854,"2025-11-28 01:25:00.811475"
"SimNLMNAR_rep3_n115000_d5_corr95_NA25","MICE.100.Y.M.IMP.M",10000,"[[1.45294506120127, 0.384397834277705, -1.7887086253367, -0.809801196086891, 0.92286228807722, 0.107952302393297, -0.101538938424801, -0.167269958847064, -0.32968082827497, 0.954120494844224], [-0.320168715214936]]","SimNLMNAR_rep3_n115000_d5_corr95_NA25_MICE.100.Y.M.IMP.M_10000",49.2695763111115,0.954850435256958,"2025-11-28 01:25:51.236358"
"SimNLMNAR_rep4_n115000_d5_corr95_NA25","MICE.100.Y.M.IMP.M",10000,"[[1.33587329455051, 0.419405891453956, -1.62694714447731, -0.812936095431511, 0.839360428881829, -0.00583310568090908, -0.189614258394361, -0.285533938775019, -0.40603264104368, 0.948046458457574], [-0.242186313758578]]","SimNLMNAR_rep4_n115000_d5_corr95_NA25_MICE.100.Y.M.IMP.M_10000",59.1375365257263,1.41879391670227,"2025-11-28 01:12:39.519812"
"SimNLMNAR_rep5_n115000_d5_corr95_NA25","MICE.100.Y.M.IMP.M",10000,"[[1.36001860927636, 0.48650562713066, -1.79870390001303, -0.740095558451061, 0.892569860101584, 0.00266632470100679, -0.119999327522117, -0.248054083440204, -0.485655788519176, 0.875383752616635], [-0.111900465542904]]","SimNLMNAR_rep5_n115000_d5_corr95_NA25_MICE.100.Y.M.IMP.M_10000",51.6091268062592,0.985250949859619,"2025-11-28 01:13:40.123442"
"SimNLMNAR_rep6_n115000_d5_corr95_NA25","MICE.100.Y.M.IMP.M",10000,"[[1.2453115357076, 0.709182012553968, -1.80307125090854, -0.854465015576824, 0.892112936851802, 0.0305926683364246, 0.000397499681801409, -0.218741003062128, -0.348821044879342, 1.05559716598055], [-0.32705031309793]]","SimNLMNAR_rep6_n115000_d5_corr95_NA25_MICE.100.Y.M.IMP.M_10000",50.3178143501282,0.988252639770508,"2025-11-28 01:14:32.756266"
"SimNLMNAR_rep7_n115000_d5_corr95_NA25","MICE.100.Y.M.IMP.M",10000,"[[1.7184150178982, 0.0116462210788842, -1.59415800992852, -0.833023419470862, 0.875910827644585, -0.0195015964948941, -0.139620033187864, -0.231730190044469, -0.470299502375162, 0.855947993528482], [-0.0754747736122585]]","SimNLMNAR_rep7_n115000_d5_corr95_NA25_MICE.100.Y.M.IMP.M_10000",50.404839515686,1.01710844039917,"2025-11-28 01:15:24.10481"
"SimNLMNAR_rep8_n115000_d5_corr95_NA25","MICE.100.Y.M.IMP.M",10000,"[[1.15239035812316, 0.307836181594538, -1.5121917907935, -0.734578191315632, 0.855055632370114, 0.11584117283009, -0.112835244099941, -0.129913805499688, -0.317760966562327, 0.882832183758352], [-0.272008918101876]]","SimNLMNAR_rep8_n115000_d5_corr95_NA25_MICE.100.Y.M.IMP.M_10000",50.049201965332,0.927366733551025,"2025-11-28 01:16:15.562576"
"SimNLMNAR_rep9_n115000_d5_corr95_NA25","MICE.100.Y.M.IMP.M",10000,"[[1.14582739305022, 0.476907016615327, -1.57379594543948, -0.802029230488252, 0.899856011803441, 0.0891089145978293, -0.11399183598152, -0.246685788423148, -0.431450181703023, 0.870864719363855], [-0.137562136724862]]","SimNLMNAR_rep9_n115000_d5_corr95_NA25_MICE.100.Y.M.IMP.M_10000",49.9077341556549,0.9571373462677,"2025-11-28 01:17:06.582068"
"SimNLMNAR_rep0_n115000_d5_corr95_NA25","MICE.100.Y.M.IMP.M",50000,"[[1.29666137796832, 0.364148088644265, -1.61024070708478, -0.771277237570804, 0.88429938440312, 0.128515427504695, -0.11255285066156, -0.255039929060971, -0.325368587016195, 0.891380520932976], [-0.219939648666087]]","SimNLMNAR_rep0_n115000_d5_corr95_NA25_MICE.100.Y.M.IMP.M_50000",172.985161542892,1.61526417732239,"2025-11-28 01:17:57.481062"
"SimNLMNAR_rep1_n115000_d5_corr95_NA25","MICE.100.Y.M.IMP.M",50000,"[[1.39224644051295, 0.315880934379994, -1.62616210490873, -0.801431188805061, 0.891793136086379, 0.0386497587118115, -0.0483739544472566, -0.295290317391313, -0.363176213141947, 0.868143454154071], [-0.162637740907423]]","SimNLMNAR_rep1_n115000_d5_corr95_NA25_MICE.100.Y.M.IMP.M_50000",159.929202318192,1.71697449684143,"2025-11-28 01:20:52.116646"
"SimNLMNAR_rep2_n115000_d5_corr95_NA25","MICE.100.Y.M.IMP.M",50000,"[[1.21488500985189, 0.499586880892607, -1.67860056652188, -0.768947473768351, 0.890945808723802, 0.0808709673258248, -0.162746945667337, -0.261294733765788, -0.339529602595214, 0.884437419399828], [-0.175550558919374]]","SimNLMNAR_rep2_n115000_d5_corr95_NA25_MICE.100.Y.M.IMP.M_50000",156.185468435287,1.61158490180969,"2025-11-28 01:23:33.801307"
"SimNLMNAR_rep3_n115000_d5_corr95_NA25","MICE.100.Y.M.IMP.M",50000,"[[1.2782357412176, 0.401431945963136, -1.67144229807206, -0.762034015088545, 0.894480215773259, 0.0846505001015049, -0.109978030083851, -0.284115667126286, -0.334933209300763, 0.893451357341675], [-0.216405477780931]]","SimNLMNAR_rep3_n115000_d5_corr95_NA25_MICE.100.Y.M.IMP.M_50000",156.519038677216,1.62945342063904,"2025-11-28 01:26:11.632217"
"SimNLMNAR_rep4_n115000_d5_corr95_NA25","MICE.100.Y.M.IMP.M",50000,"[[1.4367236680614, 0.218033772253963, -1.67582939326068, -0.732779363831011, 0.889719367751692, 0.0701397281308713, -0.11428113087682, -0.242270723387849, -0.381045043306186, 0.895228367771014], [-0.21688498322655]]","SimNLMNAR_rep4_n115000_d5_corr95_NA25_MICE.100.Y.M.IMP.M_50000",155.580960988998,1.58031105995178,"2025-11-28 01:28:49.817086"
"SimNLMNAR_rep5_n115000_d5_corr95_NA25","MICE.100.Y.M.IMP.M",50000,"[[1.32376841757375, 0.424812308208207, -1.69336379721564, -0.745834215209701, 0.882722017173743, 0.0894558078552147, -0.147910937829937, -0.253633769412265, -0.432994932237864, 0.873025331244698], [-0.1379635339264]]","SimNLMNAR_rep5_n115000_d5_corr95_NA25_MICE.100.Y.M.IMP.M_50000",155.004103183746,1.56706857681274,"2025-11-28 01:31:27.014897"
"SimNLMNAR_rep6_n115000_d5_corr95_NA25","MICE.100.Y.M.IMP.M",50000,"[[1.338607632322, 0.444654668536974, -1.69351777153115, -0.780914174112305, 0.880736487150766, 0.0658140185340468, -0.0809809329588806, -0.246868079403133, -0.375266437836114, 0.919943959654902], [-0.209708036401265]]","SimNLMNAR_rep6_n115000_d5_corr95_NA25_MICE.100.Y.M.IMP.M_50000",154.973883867264,1.5891444683075,"2025-11-28 01:34:03.624927"
"SimNLMNAR_rep7_n115000_d5_corr95_NA25","MICE.100.Y.M.IMP.M",50000,"[[1.41177216611769, 0.349372432340435, -1.70034963394977, -0.7717503246249, 0.882422175764097, 0.0835157090274159, -0.0997886712382765, -0.281558883489519, -0.451564019582734, 0.89878005953625], [-0.211224586522017]]","SimNLMNAR_rep7_n115000_d5_corr95_NA25_MICE.100.Y.M.IMP.M_50000",153.086609601974,1.54827427864075,"2025-11-28 01:36:40.221059"
"SimNLMNAR_rep8_n115000_d5_corr95_NA25","MICE.100.Y.M.IMP.M",50000,"[[1.27697717978672, 0.432108221586661, -1.64083801536736, -0.776917427517493, 0.894403098916718, 0.0147667585474056, -0.132995518688633, -0.251022994037882, -0.399962157948769, 0.892123637773386], [-0.129394743388577]]","SimNLMNAR_rep8_n115000_d5_corr95_NA25_MICE.100.Y.M.IMP.M_50000",153.774562358856,2.17931509017944,"2025-11-28 01:39:14.889206"
"SimNLMNAR_rep9_n115000_d5_corr95_NA25","MICE.100.Y.M.IMP.M",50000,"[[1.25911671201822, 0.429545409718091, -1.63124678255124, -0.764349613879781, 0.876683995073111, 0.0375856826825736, -0.039210261266033, -0.258499722868368, -0.40027010231579, 0.914475238018507], [-0.223186312587446]]","SimNLMNAR_rep9_n115000_d5_corr95_NA25_MICE.100.Y.M.IMP.M_50000",151.123961448669,2.24306058883667,"2025-11-28 01:41:50.877529"
"SimNLMNAR_rep0_n115000_d5_corr95_NA25","MICE.100.IMP",100,"[[-1.39755299963447, 1.00412251557447, 0.207738622608576, -0.151427809750954, 0.189326591607042], [0.159290112922386]]","SimNLMNAR_rep0_n115000_d5_corr95_NA25_MICE.100.IMP_100",8.86653447151184,0.292887926101685,"2025-11-28 01:44:24.28161"
"SimNLMNAR_rep1_n115000_d5_corr95_NA25","MICE.100.IMP",100,"[[1.00778670380537, -0.367049335068283, -0.528680965469964, -0.393660644979407, 0.35396646008061], [0.180983708999482]]","SimNLMNAR_rep1_n115000_d5_corr95_NA25_MICE.100.IMP_100",8.9153196811676,0.289190769195557,"2025-11-28 01:44:33.472854"
"SimNLMNAR_rep2_n115000_d5_corr95_NA25","MICE.100.IMP",100,"[[0.438012241991946, -0.488767608361622, -0.382170587833232, -0.306869169651142, 0.337418118329009], [-0.0411973937890464]]","SimNLMNAR_rep2_n115000_d5_corr95_NA25_MICE.100.IMP_100",8.92564392089844,0.314066648483276,"2025-11-28 01:44:42.709775"
"SimNLMNAR_rep3_n115000_d5_corr95_NA25","MICE.100.IMP",100,"[[0.275070007068955, 0.722664765439079, -0.455341572035596, -0.317425759353677, 0.348354728965133], [0.145190563359631]]","SimNLMNAR_rep3_n115000_d5_corr95_NA25_MICE.100.IMP_100",8.95534706115723,0.298032283782959,"2025-11-28 01:44:51.979896"
"SimNLMNAR_rep4_n115000_d5_corr95_NA25","MICE.100.IMP",100,"[[-0.856993516243888, 1.17054174379507, -0.0782045947145933, -0.364498708685172, 0.328688284878401], [0.0874717246000483]]","SimNLMNAR_rep4_n115000_d5_corr95_NA25_MICE.100.IMP_100",9.01993584632874,0.303099870681763,"2025-11-28 01:45:01.263741"
"SimNLMNAR_rep5_n115000_d5_corr95_NA25","MICE.100.IMP",100,"[[0.831246759076743, 0.390693267727016, -0.291297969917835, -0.657700021869411, 0.362431684182125], [0.546610775870562]]","SimNLMNAR_rep5_n115000_d5_corr95_NA25_MICE.100.IMP_100",9.15768384933472,0.294535398483276,"2025-11-28 01:45:10.622299"
"SimNLMNAR_rep6_n115000_d5_corr95_NA25","MICE.100.IMP",100,"[[1.73999028166191, -0.850453719522593, -0.753872146552053, -0.356048291457721, 0.489713016969365], [0.278316777688317]]","SimNLMNAR_rep6_n115000_d5_corr95_NA25_MICE.100.IMP_100",9.04218149185181,0.296477317810059,"2025-11-28 01:45:20.105666"
"SimNLMNAR_rep7_n115000_d5_corr95_NA25","MICE.100.IMP",100,"[[0.393738798392734, -0.257975150900118, 0.221320549088778, -0.459435860170234, 0.300066313657037], [0.664143713039368]]","SimNLMNAR_rep7_n115000_d5_corr95_NA25_MICE.100.IMP_100",9.04820823669434,0.31991171836853,"2025-11-28 01:45:29.475951"
"SimNLMNAR_rep8_n115000_d5_corr95_NA25","MICE.100.IMP",100,"[[0.590674838715183, 0.165241724737815, -0.447433790492469, -0.314651978808625, 0.343664744083866], [0.306180384885136]]","SimNLMNAR_rep8_n115000_d5_corr95_NA25_MICE.100.IMP_100",9.18745160102844,0.296572685241699,"2025-11-28 01:45:38.874671"
"SimNLMNAR_rep9_n115000_d5_corr95_NA25","MICE.100.IMP",100,"[[0.55105506748425, -0.648494296787734, 0.42827499237499, -0.411462354589077, 0.25712515603772], [0.478500674192694]]","SimNLMNAR_rep9_n115000_d5_corr95_NA25_MICE.100.IMP_100",13.9139924049377,0.834028959274292,"2025-11-28 01:12:46.938576"
"SimNLMNAR_rep0_n115000_d5_corr95_NA25","MICE.100.IMP",500,"[[-0.0904442924062523, 0.539389196776375, -0.451903763478642, -0.213719479957248, 0.277681814552443], [0.160175582739008]]","SimNLMNAR_rep0_n115000_d5_corr95_NA25_MICE.100.IMP_500",13.7193987369537,0.352771520614624,"2025-11-28 01:13:01.735947"
"SimNLMNAR_rep1_n115000_d5_corr95_NA25","MICE.100.IMP",500,"[[0.235350080482701, 0.343817141218016, -0.310966433043423, -0.409792438520937, 0.292213715420946], [0.260266711110783]]","SimNLMNAR_rep1_n115000_d5_corr95_NA25_MICE.100.IMP_500",12.7367198467255,0.363748788833618,"2025-11-28 01:13:15.852872"
"SimNLMNAR_rep2_n115000_d5_corr95_NA25","MICE.100.IMP",500,"[[0.406500428913877, -0.0962958876240614, -0.487873800786726, -0.220731151428581, 0.321092735330864], [0.276264609815314]]","SimNLMNAR_rep2_n115000_d5_corr95_NA25_MICE.100.IMP_500",13.0051338672638,0.408743858337402,"2025-11-28 01:13:28.99281"
"SimNLMNAR_rep3_n115000_d5_corr95_NA25","MICE.100.IMP",500,"[[0.351555597104329, 0.284925182082579, -0.473873632127601, -0.355873808105034, 0.285070910013884], [0.220342606710731]]","SimNLMNAR_rep3_n115000_d5_corr95_NA25_MICE.100.IMP_500",14.0617523193359,0.395131826400757,"2025-11-28 01:13:42.442156"
"SimNLMNAR_rep4_n115000_d5_corr95_NA25","MICE.100.IMP",500,"[[0.380482145636853, 0.0407554579755742, -0.408213726219763, -0.340135508302084, 0.331147359245188], [0.177745259644351]]","SimNLMNAR_rep4_n115000_d5_corr95_NA25_MICE.100.IMP_500",13.7587444782257,0.404310464859009,"2025-11-28 01:13:56.93376"
"SimNLMNAR_rep5_n115000_d5_corr95_NA25","MICE.100.IMP",500,"[[0.175288913654299, 0.310673622828073, -0.255663818101482, -0.321819488736393, 0.313885633961158], [0.363155044655587]]","SimNLMNAR_rep5_n115000_d5_corr95_NA25_MICE.100.IMP_500",13.7097918987274,0.363431453704834,"2025-11-28 01:14:11.141877"
"SimNLMNAR_rep6_n115000_d5_corr95_NA25","MICE.100.IMP",500,"[[0.734850662098401, -0.164176093995941, -0.454710882843249, -0.31776540387679, 0.3112537078372], [0.130998188911088]]","SimNLMNAR_rep6_n115000_d5_corr95_NA25_MICE.100.IMP_500",13.1336185932159,0.372158527374268,"2025-11-28 01:14:25.249749"
"SimNLMNAR_rep7_n115000_d5_corr95_NA25","MICE.100.IMP",500,"[[0.438993719532865, -0.0632257159426869, -0.399213288084376, -0.214208120995492, 0.287279614939114], [0.172994022298012]]","SimNLMNAR_rep7_n115000_d5_corr95_NA25_MICE.100.IMP_500",13.5661747455597,0.377507925033569,"2025-11-28 01:14:38.794129"
"SimNLMNAR_rep8_n115000_d5_corr95_NA25","MICE.100.IMP",500,"[[0.234867211628369, 0.257229465128332, -0.631194812088394, -0.222492002239675, 0.355930992676213], [0.276825142579003]]","SimNLMNAR_rep8_n115000_d5_corr95_NA25_MICE.100.IMP_500",13.0020322799683,0.358589887619019,"2025-11-28 01:14:52.776372"
"SimNLMNAR_rep9_n115000_d5_corr95_NA25","MICE.100.IMP",500,"[[0.193402553902598, 0.204699351062493, -0.410423525034868, -0.264077855778971, 0.298431423238651], [0.197362235127608]]","SimNLMNAR_rep9_n115000_d5_corr95_NA25_MICE.100.IMP_500",13.3704791069031,0.374331474304199,"2025-11-28 01:15:06.179493"
"SimNLMNAR_rep0_n115000_d5_corr95_NA25","MICE.100.IMP",1000,"[[0.185279875865482, 0.353155311768869, -0.422051541582832, -0.279936615562911, 0.289836395336114], [0.216522927429976]]","SimNLMNAR_rep0_n115000_d5_corr95_NA25_MICE.100.IMP_1000",13.7375874519348,0.409418344497681,"2025-11-28 01:15:19.963218"
"SimNLMNAR_rep1_n115000_d5_corr95_NA25","MICE.100.IMP",1000,"[[0.287013995826955, 0.389031032317314, -0.448380651821203, -0.330624372421145, 0.298220994932637], [0.239440941873675]]","SimNLMNAR_rep1_n115000_d5_corr95_NA25_MICE.100.IMP_1000",14.1739683151245,0.856103181838989,"2025-11-28 01:15:34.147509"
"SimNLMNAR_rep2_n115000_d5_corr95_NA25","MICE.100.IMP",1000,"[[0.449293169106068, -0.0173469648883252, -0.500810025953012, -0.247654612370328, 0.330140535917717], [0.312478984930882]]","SimNLMNAR_rep2_n115000_d5_corr95_NA25_MICE.100.IMP_1000",13.4675981998444,0.380352973937988,"2025-11-28 01:15:49.21085"
"SimNLMNAR_rep3_n115000_d5_corr95_NA25","MICE.100.IMP",1000,"[[0.395588581355651, 0.186726189640072, -0.462685124577082, -0.312105566696563, 0.280254025588299], [0.198670807902552]]","SimNLMNAR_rep3_n115000_d5_corr95_NA25_MICE.100.IMP_1000",14.1902079582214,0.396096229553223,"2025-11-28 01:16:03.099845"
"SimNLMNAR_rep4_n115000_d5_corr95_NA25","MICE.100.IMP",1000,"[[0.3912304897088, 0.154675717436709, -0.330031317667588, -0.359394623361134, 0.280828039316684], [0.181250445545502]]","SimNLMNAR_rep4_n115000_d5_corr95_NA25_MICE.100.IMP_1000",14.4833126068115,0.897623538970947,"2025-11-28 01:16:17.727055"
"SimNLMNAR_rep5_n115000_d5_corr95_NA25","MICE.100.IMP",1000,"[[0.269233280985513, 0.138715695851115, -0.352791262486733, -0.275001190381663, 0.317453969437453], [0.316082295146779]]","SimNLMNAR_rep5_n115000_d5_corr95_NA25_MICE.100.IMP_1000",14.0067811012268,0.371915578842163,"2025-11-28 01:16:33.143571"
"SimNLMNAR_rep6_n115000_d5_corr95_NA25","MICE.100.IMP",1000,"[[0.31293294743249, 0.339008204718653, -0.548327411498406, -0.296960071180444, 0.308922932433316], [0.198242410941188]]","SimNLMNAR_rep6_n115000_d5_corr95_NA25_MICE.100.IMP_1000",14.3067934513092,0.847094297409058,"2025-11-28 01:16:47.556088"
"SimNLMNAR_rep7_n115000_d5_corr95_NA25","MICE.100.IMP",1000,"[[0.495959042913551, 0.236449526139135, -0.660930530583322, -0.276471047350245, 0.318859520749931], [0.208337881284921]]","SimNLMNAR_rep7_n115000_d5_corr95_NA25_MICE.100.IMP_1000",13.9037549495697,0.392671585083008,"2025-11-28 01:17:02.743542"
"SimNLMNAR_rep8_n115000_d5_corr95_NA25","MICE.100.IMP",1000,"[[0.378880565685245, 0.318714401168651, -0.723362745373343, -0.265047925551277, 0.348025627106878], [0.170599088208688]]","SimNLMNAR_rep8_n115000_d5_corr95_NA25_MICE.100.IMP_1000",14.0964918136597,0.382656335830688,"2025-11-28 01:17:17.07486"
"SimNLMNAR_rep9_n115000_d5_corr95_NA25","MICE.100.IMP",1000,"[[0.220844205035326, 0.232988747069573, -0.580886699744753, -0.201341102212728, 0.300880292803442], [0.107173393450048]]","SimNLMNAR_rep9_n115000_d5_corr95_NA25_MICE.100.IMP_1000",14.035432100296,0.397017240524292,"2025-11-28 01:17:31.588052"
"SimNLMNAR_rep0_n115000_d5_corr95_NA25","MICE.100.IMP",5000,"[[0.298469756842308, 0.312669715921842, -0.489540972483278, -0.301278169486066, 0.300639413201067], [0.230649525934851]]","SimNLMNAR_rep0_n115000_d5_corr95_NA25_MICE.100.IMP_5000",22.0027251243591,0.883718729019165,"2025-11-28 01:17:46.054155"
"SimNLMNAR_rep1_n115000_d5_corr95_NA25","MICE.100.IMP",5000,"[[0.233291968671802, 0.385118829167004, -0.474437466121643, -0.321540906310277, 0.302886217192664], [0.195682896162674]]","SimNLMNAR_rep1_n115000_d5_corr95_NA25_MICE.100.IMP_5000",21.554233789444,0.551623106002808,"2025-11-28 01:18:08.97647"
"SimNLMNAR_rep2_n115000_d5_corr95_NA25","MICE.100.IMP",5000,"[[0.351155851975254, 0.243844157217898, -0.521253491378286, -0.274122572923479, 0.30669495375582], [0.214733075694863]]","SimNLMNAR_rep2_n115000_d5_corr95_NA25_MICE.100.IMP_5000",21.5696563720703,0.442991971969604,"2025-11-28 01:18:31.11741"
"SimNLMNAR_rep3_n115000_d5_corr95_NA25","MICE.100.IMP",5000,"[[0.351350750007297, 0.309671114477796, -0.518742380755859, -0.286252391036313, 0.303423726716465], [0.150723554586413]]","SimNLMNAR_rep3_n115000_d5_corr95_NA25_MICE.100.IMP_5000",23.9968264102936,0.436061143875122,"2025-11-28 01:12:55.439289"
"SimNLMNAR_rep4_n115000_d5_corr95_NA25","MICE.100.IMP",5000,"[[0.37968130888982, 0.25594453639831, -0.490493019491457, -0.319323121110173, 0.274147102805767], [0.129468284023637]]","SimNLMNAR_rep4_n115000_d5_corr95_NA25_MICE.100.IMP_5000",21.9052274227142,0.42330265045166,"2025-11-28 01:13:19.927202"
"SimNLMNAR_rep5_n115000_d5_corr95_NA25","MICE.100.IMP",5000,"[[0.437784820348444, 0.153358383891061, -0.520719300098551, -0.257234171717046, 0.304809817059617], [0.275062810435769]]","SimNLMNAR_rep5_n115000_d5_corr95_NA25_MICE.100.IMP_5000",22.189738035202,0.481051683425903,"2025-11-28 01:13:42.296576"
"SimNLMNAR_rep6_n115000_d5_corr95_NA25","MICE.100.IMP",5000,"[[0.344270164912264, 0.293522290620284, -0.546665088927677, -0.264383655639545, 0.295496714475214], [0.18279245452758]]","SimNLMNAR_rep6_n115000_d5_corr95_NA25_MICE.100.IMP_5000",21.4606938362122,0.445200681686401,"2025-11-28 01:14:05.004475"
"SimNLMNAR_rep7_n115000_d5_corr95_NA25","MICE.100.IMP",5000,"[[0.522300551483449, 0.10391161996101, -0.480141937204562, -0.327254780334157, 0.298191807766315], [0.210016624912016]]","SimNLMNAR_rep7_n115000_d5_corr95_NA25_MICE.100.IMP_5000",21.4604754447937,0.428553342819214,"2025-11-28 01:14:26.947336"
"SimNLMNAR_rep8_n115000_d5_corr95_NA25","MICE.100.IMP",5000,"[[0.328859750250142, 0.304521372456065, -0.511105716000317, -0.292756288277908, 0.309410486436941], [0.204796257388141]]","SimNLMNAR_rep8_n115000_d5_corr95_NA25_MICE.100.IMP_5000",20.3144116401672,0.42171311378479,"2025-11-28 01:14:48.871636"
"SimNLMNAR_rep9_n115000_d5_corr95_NA25","MICE.100.IMP",5000,"[[0.382032105634398, 0.24248572918479, -0.520370423000379, -0.289608797750265, 0.297140832365725], [0.164397336709404]]","SimNLMNAR_rep9_n115000_d5_corr95_NA25_MICE.100.IMP_5000",19.9683847427368,0.416615009307861,"2025-11-28 01:15:09.641933"
"SimNLMNAR_rep0_n115000_d5_corr95_NA25","MICE.100.IMP",10000,"[[0.32775827133913, 0.33590298451217, -0.533533288016762, -0.307579699811299, 0.307279934144843], [0.210963663953865]]","SimNLMNAR_rep0_n115000_d5_corr95_NA25_MICE.100.IMP_10000",28.277027130127,1.43616390228271,"2025-11-28 01:15:30.062958"
"SimNLMNAR_rep1_n115000_d5_corr95_NA25","MICE.100.IMP",10000,"[[0.239895303263196, 0.366958530263198, -0.497379066795816, -0.297691093252986, 0.296030570330874], [0.204404870782079]]","SimNLMNAR_rep1_n115000_d5_corr95_NA25_MICE.100.IMP_10000",28.7888512611389,0.503941535949707,"2025-11-28 01:15:59.817897"
"SimNLMNAR_rep2_n115000_d5_corr95_NA25","MICE.100.IMP",10000,"[[0.335498023285985, 0.255897914961239, -0.496267779193891, -0.276572483315179, 0.295010459091922], [0.213266356749509]]","SimNLMNAR_rep2_n115000_d5_corr95_NA25_MICE.100.IMP_10000",27.2174220085144,0.500441789627075,"2025-11-28 01:16:29.147723"
"SimNLMNAR_rep3_n115000_d5_corr95_NA25","MICE.100.IMP",10000,"[[0.354226992951938, 0.37466763141924, -0.551103641332461, -0.311454149290295, 0.305050229107505], [0.187903939768608]]","SimNLMNAR_rep3_n115000_d5_corr95_NA25_MICE.100.IMP_10000",27.1355445384979,0.47892427444458,"2025-11-28 01:16:56.898596"
"SimNLMNAR_rep4_n115000_d5_corr95_NA25","MICE.100.IMP",10000,"[[0.334945716359785, 0.343822151657911, -0.504775018868882, -0.321999389762545, 0.270228824197657], [0.132197472947325]]","SimNLMNAR_rep4_n115000_d5_corr95_NA25_MICE.100.IMP_10000",27.1609375476837,0.475012302398682,"2025-11-28 01:17:24.55154"
"SimNLMNAR_rep5_n115000_d5_corr95_NA25","MICE.100.IMP",10000,"[[0.395173826866281, 0.213801442171306, -0.522987859728636, -0.269552707452617, 0.293526207786355], [0.239163259011104]]","SimNLMNAR_rep5_n115000_d5_corr95_NA25_MICE.100.IMP_10000",27.3468194007874,0.467749118804932,"2025-11-28 01:17:52.221445"
"SimNLMNAR_rep6_n115000_d5_corr95_NA25","MICE.100.IMP",10000,"[[0.356088462341766, 0.373630156530844, -0.572218375497893, -0.297845990018413, 0.292652439897262], [0.210092613974069]]","SimNLMNAR_rep6_n115000_d5_corr95_NA25_MICE.100.IMP_10000",27.6976127624512,0.463741779327393,"2025-11-28 01:18:20.070717"
"SimNLMNAR_rep7_n115000_d5_corr95_NA25","MICE.100.IMP",10000,"[[0.427881751304021, 0.191577574964409, -0.484684339330075, -0.322531634181992, 0.288484902055065], [0.202350955589023]]","SimNLMNAR_rep7_n115000_d5_corr95_NA25_MICE.100.IMP_10000",27.631912946701,0.5013747215271,"2025-11-28 01:18:48.266653"
"SimNLMNAR_rep8_n115000_d5_corr95_NA25","MICE.100.IMP",10000,"[[0.304878377242677, 0.298540155327853, -0.512687859621315, -0.288166416476035, 0.304070253515668], [0.183991399547772]]","SimNLMNAR_rep8_n115000_d5_corr95_NA25_MICE.100.IMP_10000",27.3157050609589,0.465741395950317,"2025-11-28 01:19:16.434468"
"SimNLMNAR_rep9_n115000_d5_corr95_NA25","MICE.100.IMP",10000,"[[0.285796387138044, 0.328809490421304, -0.500460970401937, -0.292096353937863, 0.297345711325046], [0.17751734444461]]","SimNLMNAR_rep9_n115000_d5_corr95_NA25_MICE.100.IMP_10000",27.4888005256653,0.494801998138428,"2025-11-28 01:19:44.248759"
"SimNLMNAR_rep0_n115000_d5_corr95_NA25","MICE.100.IMP",50000,"[[0.337358094680373, 0.293679966957339, -0.500760580943349, -0.293599812006005, 0.298001497506334], [0.218855087369919]]","SimNLMNAR_rep0_n115000_d5_corr95_NA25_MICE.100.IMP_50000",96.5870010852814,0.892801284790039,"2025-11-28 01:20:12.266651"
"SimNLMNAR_rep1_n115000_d5_corr95_NA25","MICE.100.IMP",50000,"[[0.331149239871359, 0.309686844678119, -0.514041916527402, -0.298878953707275, 0.297681740027241], [0.206511002829822]]","SimNLMNAR_rep1_n115000_d5_corr95_NA25_MICE.100.IMP_50000",86.4709045886993,0.881970882415771,"2025-11-28 01:21:49.784316"
"SimNLMNAR_rep2_n115000_d5_corr95_NA25","MICE.100.IMP",50000,"[[0.314924634708325, 0.329974756835231, -0.521112769700266, -0.293412363820867, 0.299968066338661], [0.204939522757275]]","SimNLMNAR_rep2_n115000_d5_corr95_NA25_MICE.100.IMP_50000",84.7306799888611,0.879526138305664,"2025-11-28 01:23:17.171953"
"SimNLMNAR_rep3_n115000_d5_corr95_NA25","MICE.100.IMP",50000,"[[0.327824509427189, 0.31679945837328, -0.523436587604246, -0.293971104324913, 0.298251229084505], [0.195782730416772]]","SimNLMNAR_rep3_n115000_d5_corr95_NA25_MICE.100.IMP_50000",83.6806869506836,0.879868030548096,"2025-11-28 01:24:42.816611"
"SimNLMNAR_rep4_n115000_d5_corr95_NA25","MICE.100.IMP",50000,"[[0.350584723054434, 0.287865004963754, -0.531865107320752, -0.284881353240434, 0.292683591631036], [0.179267575157117]]","SimNLMNAR_rep4_n115000_d5_corr95_NA25_MICE.100.IMP_50000",83.5718994140625,0.835677146911621,"2025-11-28 01:26:07.414057"
"SimNLMNAR_rep5_n115000_d5_corr95_NA25","MICE.100.IMP",50000,"[[0.353225621712635, 0.276862022764081, -0.509606856351195, -0.282900366464617, 0.291518754633041], [0.214863466631596]]","SimNLMNAR_rep5_n115000_d5_corr95_NA25_MICE.100.IMP_50000",84.4231991767883,0.850648880004883,"2025-11-28 01:27:31.855835"
"SimNLMNAR_rep6_n115000_d5_corr95_NA25","MICE.100.IMP",50000,"[[0.374423695948385, 0.297349473601704, -0.540423646069016, -0.2916693459096, 0.294452960281572], [0.205497547433665]]","SimNLMNAR_rep6_n115000_d5_corr95_NA25_MICE.100.IMP_50000",83.6791455745697,0.991128921508789,"2025-11-28 01:28:57.163533"
"SimNLMNAR_rep7_n115000_d5_corr95_NA25","MICE.100.IMP",50000,"[[0.334889599303426, 0.318308824898153, -0.535948751971409, -0.292338944053103, 0.295739100520702], [0.172565283224078]]","SimNLMNAR_rep7_n115000_d5_corr95_NA25_MICE.100.IMP_50000",84.719288110733,0.871983289718628,"2025-11-28 01:30:21.873775"
"SimNLMNAR_rep8_n115000_d5_corr95_NA25","MICE.100.IMP",50000,"[[0.354836452042136, 0.292116295707946, -0.515309989294255, -0.297778732441306, 0.295387905371655], [0.204324151482549]]","SimNLMNAR_rep8_n115000_d5_corr95_NA25_MICE.100.IMP_50000",104.032251358032,0.956103086471558,"2025-11-28 01:13:03.709756"
"SimNLMNAR_rep9_n115000_d5_corr95_NA25","MICE.100.IMP",50000,"[[0.329410535683277, 0.299875310724513, -0.510633040029214, -0.284236797353937, 0.290614783556439], [0.176528112006255]]","SimNLMNAR_rep9_n115000_d5_corr95_NA25_MICE.100.IMP_50000",87.9709627628326,0.954007625579834,"2025-11-28 01:14:48.787427"
"SimNLMNAR_rep0_n115000_d5_corr95_NA25","MICE.100.Y.IMP",100,"[[-3.28948184412652, 1.43064104708326, 0.656478359472335, -0.043596345026837, 0.626712931881112], [0.271411983948906]]","SimNLMNAR_rep0_n115000_d5_corr95_NA25_MICE.100.Y.IMP_100",13.8101420402527,0.379441738128662,"2025-11-28 01:16:17.757112"
"SimNLMNAR_rep1_n115000_d5_corr95_NA25","MICE.100.Y.IMP",100,"[[2.59406317950782, -1.69381695868325, -1.80999917286135, -0.568889046907753, 0.920389451706243], [-0.459050464331494]]","SimNLMNAR_rep1_n115000_d5_corr95_NA25_MICE.100.Y.IMP_100",13.0881462097168,0.389184474945068,"2025-11-28 01:16:31.982105"
"SimNLMNAR_rep2_n115000_d5_corr95_NA25","MICE.100.Y.IMP",100,"[[1.12477995797815, -0.538422305231228, -1.43458948117233, -1.19807869843221, 1.0077344693088], [-0.786187246757133]]","SimNLMNAR_rep2_n115000_d5_corr95_NA25_MICE.100.Y.IMP_100",13.4078228473663,0.432780027389526,"2025-11-28 01:16:45.492281"
"SimNLMNAR_rep3_n115000_d5_corr95_NA25","MICE.100.Y.IMP",100,"[[2.90182835903512, 4.82934369699263, -3.60971886000883, -3.41169600645627, 3.06384657027683], [-0.522762316356178]]","SimNLMNAR_rep3_n115000_d5_corr95_NA25_MICE.100.Y.IMP_100",14.8183300495148,0.407546043395996,"2025-11-28 01:16:59.369505"
"SimNLMNAR_rep4_n115000_d5_corr95_NA25","MICE.100.Y.IMP",100,"[[-1.8509477397684, 1.94661675995133, 0.152923057881416, -0.860670371455677, 0.633538223212694], [0.101152405178423]]","SimNLMNAR_rep4_n115000_d5_corr95_NA25_MICE.100.Y.IMP_100",14.9331352710724,0.416889905929565,"2025-11-28 01:17:14.636167"
"SimNLMNAR_rep5_n115000_d5_corr95_NA25","MICE.100.Y.IMP",100,"[[3.32769057597478, 0.464238138650054, -1.66959697691711, -1.99127834058054, 0.923262790958431], [0.3238684070338]]","SimNLMNAR_rep5_n115000_d5_corr95_NA25_MICE.100.Y.IMP_100",13.9878530502319,0.406942844390869,"2025-11-28 01:17:30.023132"
"SimNLMNAR_rep6_n115000_d5_corr95_NA25","MICE.100.Y.IMP",100,"[[19634357411569.5, 2525687253662.75, -27444794117754.8, -4554859353050.67, 6858010587626.32], [-13102351754526.8]]","SimNLMNAR_rep6_n115000_d5_corr95_NA25_MICE.100.Y.IMP_100",14.0339591503143,0.453731298446655,"2025-11-28 01:17:44.453297"
"SimNLMNAR_rep7_n115000_d5_corr95_NA25","MICE.100.Y.IMP",100,"[[1.48548177593564, -1.40416375015351, 0.312424366523622, -1.18703815324923, 0.848204969507142], [0.79599662902884]]","SimNLMNAR_rep7_n115000_d5_corr95_NA25_MICE.100.Y.IMP_100",14.6177861690521,0.433927297592163,"2025-11-28 01:17:58.976297"
"SimNLMNAR_rep8_n115000_d5_corr95_NA25","MICE.100.Y.IMP",100,"[[1.88406065706728, -0.495462753516303, -1.37213020954024, -0.450182908300277, 0.819523836289284], [0.414909096706717]]","SimNLMNAR_rep8_n115000_d5_corr95_NA25_MICE.100.Y.IMP_100",13.3908395767212,0.347734212875366,"2025-11-28 01:18:14.065196"
"SimNLMNAR_rep9_n115000_d5_corr95_NA25","MICE.100.Y.IMP",100,"[[1.27843419852605, -1.74925673493905, 0.95723991275895, -0.891667015800969, 0.62673802511411], [0.842786904925137]]","SimNLMNAR_rep9_n115000_d5_corr95_NA25_MICE.100.Y.IMP_100",13.2095766067505,0.398479223251343,"2025-11-28 01:18:27.838921"
"SimNLMNAR_rep0_n115000_d5_corr95_NA25","MICE.100.Y.IMP",500,"[[-0.449730760177342, 2.1056417476749, -1.88469674052996, -0.485560378560124, 0.794227118129835], [-0.247712083605125]]","SimNLMNAR_rep0_n115000_d5_corr95_NA25_MICE.100.Y.IMP_500",14.7472324371338,0.383319854736328,"2025-11-28 01:18:41.480613"
"SimNLMNAR_rep1_n115000_d5_corr95_NA25","MICE.100.Y.IMP",500,"[[0.776511380952248, 0.556993192815396, -1.03316624746367, -0.839957734411808, 0.699864052527972], [-0.0190182470736495]]","SimNLMNAR_rep1_n115000_d5_corr95_NA25_MICE.100.Y.IMP_500",13.9466862678528,0.376294851303101,"2025-11-28 01:18:56.645859"
"SimNLMNAR_rep2_n115000_d5_corr95_NA25","MICE.100.Y.IMP",500,"[[1.27618613695536, 0.153301566313107, -1.69981863236359, -0.729235472971839, 0.915334470076332], [0.11765224250681]]","SimNLMNAR_rep2_n115000_d5_corr95_NA25_MICE.100.Y.IMP_500",14.2380588054657,0.373741626739502,"2025-11-28 01:19:11.002298"
"SimNLMNAR_rep3_n115000_d5_corr95_NA25","MICE.100.Y.IMP",500,"[[1.79186370003262, -0.271353627296844, -1.28596769424854, -1.02440743496289, 0.889129450447468], [0.152603994557199]]","SimNLMNAR_rep3_n115000_d5_corr95_NA25_MICE.100.Y.IMP_500",14.6166551113129,0.393873929977417,"2025-11-28 01:19:25.648299"
"SimNLMNAR_rep4_n115000_d5_corr95_NA25","MICE.100.Y.IMP",500,"[[2.02931161243413, -1.14546937067057, -1.24589519305809, -0.570824840161952, 0.907811840318547], [-0.166430222162457]]","SimNLMNAR_rep4_n115000_d5_corr95_NA25_MICE.100.Y.IMP_500",15.1179656982422,0.367555379867554,"2025-11-28 01:19:40.695095"
"SimNLMNAR_rep5_n115000_d5_corr95_NA25","MICE.100.Y.IMP",500,"[[0.801261413782334, 0.704237813038586, -1.21883117228091, -0.858574593406764, 0.803346765169455], [0.108478542929574]]","SimNLMNAR_rep5_n115000_d5_corr95_NA25_MICE.100.Y.IMP_500",14.2410132884979,0.358912229537964,"2025-11-28 01:19:56.216635"
"SimNLMNAR_rep6_n115000_d5_corr95_NA25","MICE.100.Y.IMP",500,"[[2.85379227126593, -1.04540591283537, -1.66474084327722, -0.833525852453488, 0.979387858853386], [-0.225949229465827]]","SimNLMNAR_rep6_n115000_d5_corr95_NA25_MICE.100.Y.IMP_500",14.2642269134521,0.403174877166748,"2025-11-28 01:20:10.851091"
"SimNLMNAR_rep7_n115000_d5_corr95_NA25","MICE.100.Y.IMP",500,"[[1.29207208106027, -0.250920803340692, -1.22439454174326, -0.452405015730801, 0.687465775617515], [-0.0110761201791861]]","SimNLMNAR_rep7_n115000_d5_corr95_NA25_MICE.100.Y.IMP_500",14.5021586418152,0.391437768936157,"2025-11-28 01:20:25.551988"
"SimNLMNAR_rep8_n115000_d5_corr95_NA25","MICE.100.Y.IMP",500,"[[1.15594976477794, 0.090430631072553, -1.63411351350757, -0.468901963495768, 0.906330590100762], [0.291870059844906]]","SimNLMNAR_rep8_n115000_d5_corr95_NA25_MICE.100.Y.IMP_500",14.5760550498962,0.396071434020996,"2025-11-28 01:20:40.479615"
"SimNLMNAR_rep9_n115000_d5_corr95_NA25","MICE.100.Y.IMP",500,"[[0.989284024921513, -0.0472687809402784, -1.30378281159559, -0.602756467267755, 0.906922517793906], [0.0197979808486879]]","SimNLMNAR_rep9_n115000_d5_corr95_NA25_MICE.100.Y.IMP_500",15.3732006549835,0.395214319229126,"2025-11-28 01:20:55.491788"
"SimNLMNAR_rep0_n115000_d5_corr95_NA25","MICE.100.Y.IMP",1000,"[[0.0884449444383139, 2.22864910388481, -2.00973551461506, -0.830622759038483, 0.889749963509922], [-0.179346368101336]]","SimNLMNAR_rep0_n115000_d5_corr95_NA25_MICE.100.Y.IMP_1000",15.011919260025,0.395071268081665,"2025-11-28 01:21:11.296579"
"SimNLMNAR_rep1_n115000_d5_corr95_NA25","MICE.100.Y.IMP",1000,"[[0.684265933283927, 1.04586700750907, -1.4290221403357, -0.79672361142287, 0.856218579588487], [-0.0174279824494255]]","SimNLMNAR_rep1_n115000_d5_corr95_NA25_MICE.100.Y.IMP_1000",17.8637893199921,0.410256385803223,"2025-11-28 01:21:26.74097"
"SimNLMNAR_rep2_n115000_d5_corr95_NA25","MICE.100.Y.IMP",1000,"[[1.54742864955914, -0.457663459883043, -1.32900819654692, -0.643323347869616, 0.867137767828277], [0.251748809440593]]","SimNLMNAR_rep2_n115000_d5_corr95_NA25_MICE.100.Y.IMP_1000",21.928163766861,0.505358695983887,"2025-11-28 01:13:12.139641"
"SimNLMNAR_rep3_n115000_d5_corr95_NA25","MICE.100.Y.IMP",1000,"[[1.79208869926951, -0.431473706140847, -1.40630438779259, -0.72549803902806, 0.849985211247299], [0.00841471740513272]]","SimNLMNAR_rep3_n115000_d5_corr95_NA25_MICE.100.Y.IMP_1000",19.2779469490051,0.437912940979004,"2025-11-28 01:13:34.636691"
"SimNLMNAR_rep4_n115000_d5_corr95_NA25","MICE.100.Y.IMP",1000,"[[1.39083670393034, -0.0954126144446034, -1.08708019021327, -0.687533092422174, 0.714082666471913], [0.0157050467521448]]","SimNLMNAR_rep4_n115000_d5_corr95_NA25_MICE.100.Y.IMP_1000",18.169882774353,0.428337335586548,"2025-11-28 01:13:54.404045"
"SimNLMNAR_rep5_n115000_d5_corr95_NA25","MICE.100.Y.IMP",1000,"[[0.814965066087674, 0.193542748726084, -1.08749238436953, -0.631558270708233, 0.78419719941838], [0.113694303304167]]","SimNLMNAR_rep5_n115000_d5_corr95_NA25_MICE.100.Y.IMP_1000",18.9632208347321,0.518390893936157,"2025-11-28 01:14:13.045946"
"SimNLMNAR_rep6_n115000_d5_corr95_NA25","MICE.100.Y.IMP",1000,"[[1.48971023439899, 0.542309016966328, -1.89328766725241, -0.737927281123001, 0.921237299357941], [-0.0966050694071694]]","SimNLMNAR_rep6_n115000_d5_corr95_NA25_MICE.100.Y.IMP_1000",18.8313724994659,0.448914289474487,"2025-11-28 01:14:32.565427"
"SimNLMNAR_rep7_n115000_d5_corr95_NA25","MICE.100.Y.IMP",1000,"[[2.16005205041828, 0.0324595091050541, -1.92148184204209, -0.712126523045582, 0.92407670961513], [0.112630901108818]]","SimNLMNAR_rep7_n115000_d5_corr95_NA25_MICE.100.Y.IMP_1000",18.3528654575348,0.423807144165039,"2025-11-28 01:14:51.892399"
"SimNLMNAR_rep8_n115000_d5_corr95_NA25","MICE.100.Y.IMP",1000,"[[1.49192058936901, 0.238231243838954, -1.97061683337605, -0.524550967354365, 0.896118945285279], [0.00164588576646629]]","SimNLMNAR_rep8_n115000_d5_corr95_NA25_MICE.100.Y.IMP_1000",18.8015685081482,0.418801546096802,"2025-11-28 01:15:10.704045"
"SimNLMNAR_rep9_n115000_d5_corr95_NA25","MICE.100.Y.IMP",1000,"[[0.843368608527447, 0.477110368475404, -1.90074428299285, -0.422113711818076, 0.895598395107719], [-0.152690257165435]]","SimNLMNAR_rep9_n115000_d5_corr95_NA25_MICE.100.Y.IMP_1000",17.7983298301697,0.41536545753479,"2025-11-28 01:15:29.957956"
"SimNLMNAR_rep0_n115000_d5_corr95_NA25","MICE.100.Y.IMP",5000,"[[0.982415246651359, 0.904416258677809, -1.72400170433791, -0.755546025488229, 0.867487223896568], [-0.0102382167655775]]","SimNLMNAR_rep0_n115000_d5_corr95_NA25_MICE.100.Y.IMP_5000",28.355952501297,0.4653639793396,"2025-11-28 01:15:48.205362"
"SimNLMNAR_rep1_n115000_d5_corr95_NA25","MICE.100.Y.IMP",5000,"[[0.798921072926223, 0.8969604624307, -1.52035048258816, -0.795309494313169, 0.863083960740023], [-0.0469346627531203]]","SimNLMNAR_rep1_n115000_d5_corr95_NA25_MICE.100.Y.IMP_5000",27.5445728302002,0.473990678787231,"2025-11-28 01:16:17.066156"
"SimNLMNAR_rep2_n115000_d5_corr95_NA25","MICE.100.Y.IMP",5000,"[[1.5136944095909, -0.00543208757007981, -1.58781690855048, -0.608303607756898, 0.860495955722694], [0.0515721655590044]]","SimNLMNAR_rep2_n115000_d5_corr95_NA25_MICE.100.Y.IMP_5000",26.6061611175537,0.473139047622681,"2025-11-28 01:16:45.121387"
"SimNLMNAR_rep3_n115000_d5_corr95_NA25","MICE.100.Y.IMP",5000,"[[1.28587312575718, 0.462292022080827, -1.72402348056144, -0.686912445917377, 0.88333234585005], [-0.170423170705282]]","SimNLMNAR_rep3_n115000_d5_corr95_NA25_MICE.100.Y.IMP_5000",26.6785974502563,0.473188161849976,"2025-11-28 01:17:12.237998"
"SimNLMNAR_rep4_n115000_d5_corr95_NA25","MICE.100.Y.IMP",5000,"[[1.62407588728647, -0.064892770902482, -1.55506937870841, -0.663008197301731, 0.818743884173275], [-0.109691699447873]]","SimNLMNAR_rep4_n115000_d5_corr95_NA25_MICE.100.Y.IMP_5000",27.0604267120361,0.465873718261719,"2025-11-28 01:17:39.424997"
"SimNLMNAR_rep5_n115000_d5_corr95_NA25","MICE.100.Y.IMP",5000,"[[1.39868510775625, 0.468196974613163, -1.87037832718187, -0.6555000367441, 0.903283315435495], [0.0208526301471767]]","SimNLMNAR_rep5_n115000_d5_corr95_NA25_MICE.100.Y.IMP_5000",26.6285982131958,0.488487243652344,"2025-11-28 01:18:06.988325"
"SimNLMNAR_rep6_n115000_d5_corr95_NA25","MICE.100.Y.IMP",5000,"[[1.0356706876072, 0.768155743005984, -1.69041103559122, -0.679628179317121, 0.825777996924238], [-0.0692007426725342]]","SimNLMNAR_rep6_n115000_d5_corr95_NA25_MICE.100.Y.IMP_5000",26.0408790111542,0.452112436294556,"2025-11-28 01:18:34.141882"
"SimNLMNAR_rep7_n115000_d5_corr95_NA25","MICE.100.Y.IMP",5000,"[[2.19027470446298, -0.377556629594111, -1.53417644214178, -0.825851720437625, 0.855870483058705], [0.0774370525190306]]","SimNLMNAR_rep7_n115000_d5_corr95_NA25_MICE.100.Y.IMP_5000",26.2682766914368,0.937411069869995,"2025-11-28 01:19:00.66845"
"SimNLMNAR_rep8_n115000_d5_corr95_NA25","MICE.100.Y.IMP",5000,"[[1.35834630363443, 0.236055893558806, -1.52847206230174, -0.676881674994371, 0.841016079971326], [0.000151178281116425]]","SimNLMNAR_rep8_n115000_d5_corr95_NA25_MICE.100.Y.IMP_5000",25.8717622756958,0.476227998733521,"2025-11-28 01:19:27.907562"
"SimNLMNAR_rep9_n115000_d5_corr95_NA25","MICE.100.Y.IMP",5000,"[[1.3853065039133, 0.385101011333275, -1.73963680968448, -0.717980581716557, 0.883974374894779], [-0.0604457578448992]]","SimNLMNAR_rep9_n115000_d5_corr95_NA25_MICE.100.Y.IMP_5000",25.9460065364838,0.932902812957764,"2025-11-28 01:19:54.289042"
"SimNLMNAR_rep0_n115000_d5_corr95_NA25","MICE.100.Y.IMP",10000,"[[1.26579104590992, 0.693257450560294, -1.76822460727764, -0.761504632223346, 0.881068862041297], [-0.0343434088824951]]","SimNLMNAR_rep0_n115000_d5_corr95_NA25_MICE.100.Y.IMP_10000",36.2896103858948,0.994496583938599,"2025-11-28 01:20:21.207222"
"SimNLMNAR_rep1_n115000_d5_corr95_NA25","MICE.100.Y.IMP",10000,"[[1.00284212913895, 0.715822463220516, -1.58731488412031, -0.748734727109281, 0.841083472263219], [-0.0317975840011857]]","SimNLMNAR_rep1_n115000_d5_corr95_NA25_MICE.100.Y.IMP_10000",36.2585201263428,1.05519270896912,"2025-11-28 01:20:58.530201"
"SimNLMNAR_rep2_n115000_d5_corr95_NA25","MICE.100.Y.IMP",10000,"[[1.39596940651778, 0.289010568981533, -1.58094919062275, -0.679388741818131, 0.824788922411085], [0.0494264726992169]]","SimNLMNAR_rep2_n115000_d5_corr95_NA25_MICE.100.Y.IMP_10000",35.3354914188385,0.996019601821899,"2025-11-28 01:21:35.879054"
"SimNLMNAR_rep3_n115000_d5_corr95_NA25","MICE.100.Y.IMP",10000,"[[1.47140019609215, 0.493617209364561, -1.7998952004847, -0.756572182283651, 0.890698369381895], [-0.0604945832364256]]","SimNLMNAR_rep3_n115000_d5_corr95_NA25_MICE.100.Y.IMP_10000",35.8046669960022,0.525787591934204,"2025-11-28 01:22:12.245209"
"SimNLMNAR_rep4_n115000_d5_corr95_NA25","MICE.100.Y.IMP",10000,"[[1.44483735733848, 0.326143307232963, -1.62113442874461, -0.735172387910333, 0.804271328500617], [-0.10997386704818]]","SimNLMNAR_rep4_n115000_d5_corr95_NA25_MICE.100.Y.IMP_10000",35.2113175392151,0.565073728561401,"2025-11-28 01:22:48.610079"
"SimNLMNAR_rep5_n115000_d5_corr95_NA25","MICE.100.Y.IMP",10000,"[[1.46146358628951, 0.428556170344171, -1.77837383947248, -0.678465653993737, 0.847320388485043], [0.0140192858186293]]","SimNLMNAR_rep5_n115000_d5_corr95_NA25_MICE.100.Y.IMP_10000",36.3941946029663,0.519022941589355,"2025-11-28 01:23:24.418765"
"SimNLMNAR_rep6_n115000_d5_corr95_NA25","MICE.100.Y.IMP",10000,"[[1.28523762023653, 0.784466929741404, -1.8089933194887, -0.777412847065567, 0.859927732832002], [-0.00514356822193542]]","SimNLMNAR_rep6_n115000_d5_corr95_NA25_MICE.100.Y.IMP_10000",34.6004757881165,0.491757392883301,"2025-11-28 01:24:01.365391"
"SimNLMNAR_rep7_n115000_d5_corr95_NA25","MICE.100.Y.IMP",10000,"[[1.84473393750336, -0.113060146664586, -1.58404601505389, -0.766312163188945, 0.845283274887632], [0.0169443792377082]]","SimNLMNAR_rep7_n115000_d5_corr95_NA25_MICE.100.Y.IMP_10000",44.4519984722137,0.54787802696228,"2025-11-28 01:13:21.557952"
"SimNLMNAR_rep8_n115000_d5_corr95_NA25","MICE.100.Y.IMP",10000,"[[1.26240277915202, 0.266106773950729, -1.49207050130619, -0.677809976315375, 0.8264980503047], [-0.0285443568133514]]","SimNLMNAR_rep8_n115000_d5_corr95_NA25_MICE.100.Y.IMP_10000",37.8437035083771,1.07158613204956,"2025-11-28 01:14:06.638562"
"SimNLMNAR_rep9_n115000_d5_corr95_NA25","MICE.100.Y.IMP",10000,"[[1.236439957292, 0.484579382781656, -1.5839358766788, -0.746087013470275, 0.84829157554261], [-0.00422939496190728]]","SimNLMNAR_rep9_n115000_d5_corr95_NA25_MICE.100.Y.IMP_10000",37.5527381896973,0.528163909912109,"2025-11-28 01:14:45.597908"
"SimNLMNAR_rep0_n115000_d5_corr95_NA25","MICE.100.Y.IMP",50000,"[[1.35864147736144, 0.384400756234708, -1.57565894315279, -0.720664707143378, 0.843263862469656], [0.0184595040643037]]","SimNLMNAR_rep0_n115000_d5_corr95_NA25_MICE.100.Y.IMP_50000",120.761300563812,1.06113147735596,"2025-11-28 01:15:23.716074"
"SimNLMNAR_rep1_n115000_d5_corr95_NA25","MICE.100.Y.IMP",50000,"[[1.45620063414226, 0.35422607383912, -1.63674848756754, -0.75451646624382, 0.858716482091151], [0.00960545584981289]]","SimNLMNAR_rep1_n115000_d5_corr95_NA25_MICE.100.Y.IMP_50000",114.421394348145,0.99284839630127,"2025-11-28 01:17:25.576181"
"SimNLMNAR_rep2_n115000_d5_corr95_NA25","MICE.100.Y.IMP",50000,"[[1.27971399307162, 0.533022208071775, -1.67295649953635, -0.716762517037596, 0.855013114269394], [0.0108344316554511]]","SimNLMNAR_rep2_n115000_d5_corr95_NA25_MICE.100.Y.IMP_50000",111.391339063644,1.02260208129883,"2025-11-28 01:19:21.02727"
"SimNLMNAR_rep3_n115000_d5_corr95_NA25","MICE.100.Y.IMP",50000,"[[1.3808932097163, 0.403896081556761, -1.66331332582105, -0.716953570907005, 0.856165046306829], [-0.0176904425529098]]","SimNLMNAR_rep3_n115000_d5_corr95_NA25_MICE.100.Y.IMP_50000",111.499500989914,0.99927282333374,"2025-11-28 01:21:13.477813"
"SimNLMNAR_rep4_n115000_d5_corr95_NA25","MICE.100.Y.IMP",50000,"[[1.51759216559499, 0.231375038410841, -1.67384505955193, -0.675990183616877, 0.848811940739238], [-0.0270183701413676]]","SimNLMNAR_rep4_n115000_d5_corr95_NA25_MICE.100.Y.IMP_50000",110.402109384537,0.99068284034729,"2025-11-28 01:23:06.014093"
"SimNLMNAR_rep5_n115000_d5_corr95_NA25","MICE.100.Y.IMP",50000,"[[1.41535990053779, 0.424102891154688, -1.6833539196623, -0.704704358611741, 0.842365119403669], [0.00950066416143858]]","SimNLMNAR_rep5_n115000_d5_corr95_NA25_MICE.100.Y.IMP_50000",112.696919202805,1.00534701347351,"2025-11-28 01:24:57.447656"
"SimNLMNAR_rep6_n115000_d5_corr95_NA25","MICE.100.Y.IMP",50000,"[[1.4195724571234, 0.466924772285289, -1.68605192772669, -0.726373142161771, 0.845335739488658], [0.0130285200790896]]","SimNLMNAR_rep6_n115000_d5_corr95_NA25_MICE.100.Y.IMP_50000",110.610075712204,1.07212257385254,"2025-11-28 01:26:51.186396"
"SimNLMNAR_rep7_n115000_d5_corr95_NA25","MICE.100.Y.IMP",50000,"[[1.48202579190397, 0.36227707740884, -1.68940718724591, -0.722703090871655, 0.842260589136277], [-0.0488341464207425]]","SimNLMNAR_rep7_n115000_d5_corr95_NA25_MICE.100.Y.IMP_50000",112.08164358139,0.977875471115112,"2025-11-28 01:28:42.905678"
"SimNLMNAR_rep8_n115000_d5_corr95_NA25","MICE.100.Y.IMP",50000,"[[1.38262151520088, 0.402681615653334, -1.62936015019391, -0.73807167309862, 0.856579534953066], [0.0122917320987167]]","SimNLMNAR_rep8_n115000_d5_corr95_NA25_MICE.100.Y.IMP_50000",108.439470291138,0.977263689041138,"2025-11-28 01:30:36.003587"
"SimNLMNAR_rep9_n115000_d5_corr95_NA25","MICE.100.Y.IMP",50000,"[[1.35364339582703, 0.420143804992716, -1.62176257075065, -0.707307308570568, 0.837113138613863], [-0.0266231331927554]]","SimNLMNAR_rep9_n115000_d5_corr95_NA25_MICE.100.Y.IMP_50000",107.717165470123,1.51197171211243,"2025-11-28 01:32:25.455088"
"SimNLMNAR_rep0_n115000_d5_corr95_NA25","MICE.100.M.IMP",100,"[[-1.89344041300672, 1.39688426113833, 0.33067909403185, -0.17426668767897, 0.218234713705346], [0.270581961146186]]","SimNLMNAR_rep0_n115000_d5_corr95_NA25_MICE.100.M.IMP_100",13.085944890976,0.388033390045166,"2025-11-28 01:34:14.719598"
"SimNLMNAR_rep1_n115000_d5_corr95_NA25","MICE.100.M.IMP",100,"[[1.11498313717599, -0.553018364212414, -0.510096104754035, -0.325526877979391, 0.320883959116734], [0.192099312000222]]","SimNLMNAR_rep1_n115000_d5_corr95_NA25_MICE.100.M.IMP_100",13.5705964565277,0.396206378936768,"2025-11-28 01:34:28.227483"
"SimNLMNAR_rep2_n115000_d5_corr95_NA25","MICE.100.M.IMP",100,"[[0.49647521604742, -0.418099950639246, -0.33756059770663, -0.373507188091066, 0.336014568148845], [-0.0560219477435755]]","SimNLMNAR_rep2_n115000_d5_corr95_NA25_MICE.100.M.IMP_100",14.0642449855804,0.369246959686279,"2025-11-28 01:34:42.225127"
"SimNLMNAR_rep3_n115000_d5_corr95_NA25","MICE.100.M.IMP",100,"[[0.328375799875055, 0.866777358348518, -0.528193292112577, -0.430551989876105, 0.3962299480899], [0.115744557282309]]","SimNLMNAR_rep3_n115000_d5_corr95_NA25_MICE.100.M.IMP_100",13.1495714187622,0.368977308273315,"2025-11-28 01:34:56.690543"
"SimNLMNAR_rep4_n115000_d5_corr95_NA25","MICE.100.M.IMP",100,"[[-1.17690116011925, 1.58208773428538, 0.0501547910940146, -0.482701638185449, 0.346534750322597], [0.0474558854161728]]","SimNLMNAR_rep4_n115000_d5_corr95_NA25_MICE.100.M.IMP_100",13.2918109893799,0.383222341537476,"2025-11-28 01:35:10.240533"
"SimNLMNAR_rep5_n115000_d5_corr95_NA25","MICE.100.M.IMP",100,"[[1.04650967864157, -0.00293503957425452, -0.272534001786509, -0.688108941315838, 0.404249608199206], [0.554667494558997]]","SimNLMNAR_rep5_n115000_d5_corr95_NA25_MICE.100.M.IMP_100",13.6866624355316,0.406874418258667,"2025-11-28 01:35:23.94692"
"SimNLMNAR_rep6_n115000_d5_corr95_NA25","MICE.100.M.IMP",100,"[[1.46731566609216, -0.610473568522384, -0.641901751719939, -0.309914985476226, 0.408913809850921], [0.330860746559292]]","SimNLMNAR_rep6_n115000_d5_corr95_NA25_MICE.100.M.IMP_100",13.2729675769806,0.368530035018921,"2025-11-28 01:35:38.071854"
"SimNLMNAR_rep7_n115000_d5_corr95_NA25","MICE.100.M.IMP",100,"[[0.815038409553484, -0.896813742759711, 0.606395402358941, -0.575887575378335, 0.316337849589989], [0.793992081008395]]","SimNLMNAR_rep7_n115000_d5_corr95_NA25_MICE.100.M.IMP_100",13.2160677909851,0.383799076080322,"2025-11-28 01:35:51.745283"
"SimNLMNAR_rep8_n115000_d5_corr95_NA25","MICE.100.M.IMP",100,"[[0.488797165636595, 0.380451790007544, -0.405881296611832, -0.360063127194896, 0.334100764350026], [0.265193848181382]]","SimNLMNAR_rep8_n115000_d5_corr95_NA25_MICE.100.M.IMP_100",13.1649785041809,0.366885662078857,"2025-11-28 01:36:05.376512"
"SimNLMNAR_rep9_n115000_d5_corr95_NA25","MICE.100.M.IMP",100,"[[0.479875004242986, -0.603806754117157, 0.348716099071814, -0.313546561633727, 0.260921366870484], [0.419376008305433]]","SimNLMNAR_rep9_n115000_d5_corr95_NA25_MICE.100.M.IMP_100",12.937166929245,0.382674217224121,"2025-11-28 01:36:18.940319"
"SimNLMNAR_rep0_n115000_d5_corr95_NA25","MICE.100.M.IMP",500,"[[-0.196942944975205, 0.617547494589278, -0.403014219721671, -0.237308782636742, 0.270583079225677], [0.170212466361944]]","SimNLMNAR_rep0_n115000_d5_corr95_NA25_MICE.100.M.IMP_500",14.6673004627228,0.389657258987427,"2025-11-28 01:36:32.290702"
"SimNLMNAR_rep1_n115000_d5_corr95_NA25","MICE.100.M.IMP",500,"[[0.138350355640551, 0.415898449473804, -0.22185918516724, -0.454994936980162, 0.281142534912748], [0.257955195290674]]","SimNLMNAR_rep1_n115000_d5_corr95_NA25_MICE.100.M.IMP_500",20.2833909988403,0.472293376922607,"2025-11-28 01:13:29.515733"
"SimNLMNAR_rep2_n115000_d5_corr95_NA25","MICE.100.M.IMP",500,"[[0.460568021422998, -0.184101533024033, -0.496114836012532, -0.255162178993642, 0.345561033925502], [0.262977652952773]]","SimNLMNAR_rep2_n115000_d5_corr95_NA25_MICE.100.M.IMP_500",19.508549451828,0.470336437225342,"2025-11-28 01:13:50.320489"
"SimNLMNAR_rep3_n115000_d5_corr95_NA25","MICE.100.M.IMP",500,"[[0.378515649657538, 0.389629095564425, -0.581167967700121, -0.421943794371697, 0.302419315516407], [0.160069957858871]]","SimNLMNAR_rep3_n115000_d5_corr95_NA25_MICE.100.M.IMP_500",18.9498298168182,0.452917575836182,"2025-11-28 01:14:10.341826"
"SimNLMNAR_rep4_n115000_d5_corr95_NA25","MICE.100.M.IMP",500,"[[0.359839463719702, 0.178956483240733, -0.390802547840138, -0.451087034293491, 0.340607809332895], [0.138259793334295]]","SimNLMNAR_rep4_n115000_d5_corr95_NA25_MICE.100.M.IMP_500",18.5833871364594,0.435500383377075,"2025-11-28 01:14:29.778956"
"SimNLMNAR_rep5_n115000_d5_corr95_NA25","MICE.100.M.IMP",500,"[[0.18322224901047, 0.295339367588613, -0.150034284598416, -0.421769845878125, 0.329815630656752], [0.322119457379568]]","SimNLMNAR_rep5_n115000_d5_corr95_NA25_MICE.100.M.IMP_500",19.0436625480652,0.50212574005127,"2025-11-28 01:14:48.835241"
"SimNLMNAR_rep6_n115000_d5_corr95_NA25","MICE.100.M.IMP",500,"[[0.807501112279452, -0.247798934300481, -0.375422345074573, -0.382032893512309, 0.308506544435987], [0.0986771310838445]]","SimNLMNAR_rep6_n115000_d5_corr95_NA25_MICE.100.M.IMP_500",18.5248649120331,0.447283506393433,"2025-11-28 01:15:08.418108"
"SimNLMNAR_rep7_n115000_d5_corr95_NA25","MICE.100.M.IMP",500,"[[0.409703599247408, -0.0114237448092752, -0.363155990166158, -0.267544905627199, 0.281810029250722], [0.127983672145982]]","SimNLMNAR_rep7_n115000_d5_corr95_NA25_MICE.100.M.IMP_500",18.3767073154449,0.46434473991394,"2025-11-28 01:15:27.427796"
"SimNLMNAR_rep8_n115000_d5_corr95_NA25","MICE.100.M.IMP",500,"[[0.229266070168207, 0.302556016845878, -0.632988985632828, -0.241865651260013, 0.362594625074442], [0.264738739098112]]","SimNLMNAR_rep8_n115000_d5_corr95_NA25_MICE.100.M.IMP_500",18.299455165863,0.458919525146484,"2025-11-28 01:15:46.30141"
"SimNLMNAR_rep9_n115000_d5_corr95_NA25","MICE.100.M.IMP",500,"[[0.290774764654366, 0.284715792630583, -0.430508368585598, -0.334074403681004, 0.294356451601529], [0.158858140609322]]","SimNLMNAR_rep9_n115000_d5_corr95_NA25_MICE.100.M.IMP_500",18.3166592121124,0.468425750732422,"2025-11-28 01:16:05.093152"
"SimNLMNAR_rep0_n115000_d5_corr95_NA25","MICE.100.M.IMP",1000,"[[0.174762738775168, 0.315619527510871, -0.357094209413564, -0.324984754483218, 0.289108177863336], [0.200199306262682]]","SimNLMNAR_rep0_n115000_d5_corr95_NA25_MICE.100.M.IMP_1000",20.292062997818,0.477959394454956,"2025-11-28 01:16:23.910691"
"SimNLMNAR_rep1_n115000_d5_corr95_NA25","MICE.100.M.IMP",1000,"[[0.372286802600109, 0.387019476774101, -0.432467896646842, -0.401049930968793, 0.301849419044354], [0.198083219387941]]","SimNLMNAR_rep1_n115000_d5_corr95_NA25_MICE.100.M.IMP_1000",21.1613600254059,0.461712837219238,"2025-11-28 01:16:44.716233"
"SimNLMNAR_rep2_n115000_d5_corr95_NA25","MICE.100.M.IMP",1000,"[[0.396389151396116, -0.021882017933274, -0.461117771279132, -0.294991229743195, 0.354400157210055], [0.293393615188079]]","SimNLMNAR_rep2_n115000_d5_corr95_NA25_MICE.100.M.IMP_1000",20.2792434692383,0.47296929359436,"2025-11-28 01:17:06.374476"
"SimNLMNAR_rep3_n115000_d5_corr95_NA25","MICE.100.M.IMP",1000,"[[0.451533799684322, 0.198965535940801, -0.511643384195298, -0.358757067619576, 0.294742023122927], [0.169389155287187]]","SimNLMNAR_rep3_n115000_d5_corr95_NA25_MICE.100.M.IMP_1000",20.1731507778168,0.99294900894165,"2025-11-28 01:17:27.166018"
"SimNLMNAR_rep4_n115000_d5_corr95_NA25","MICE.100.M.IMP",1000,"[[0.310787944582674, 0.192114102575136, -0.282109087276681, -0.413671377620487, 0.29547106436111], [0.14966826068304]]","SimNLMNAR_rep4_n115000_d5_corr95_NA25_MICE.100.M.IMP_1000",19.531610250473,0.479228019714355,"2025-11-28 01:17:48.366155"
"SimNLMNAR_rep5_n115000_d5_corr95_NA25","MICE.100.M.IMP",1000,"[[0.224431460333115, 0.279661699765443, -0.329497719738498, -0.355037215426442, 0.324837816180249], [0.277231448042895]]","SimNLMNAR_rep5_n115000_d5_corr95_NA25_MICE.100.M.IMP_1000",20.3109622001648,0.461196899414062,"2025-11-28 01:18:08.410681"
"SimNLMNAR_rep6_n115000_d5_corr95_NA25","MICE.100.M.IMP",1000,"[[0.263129457100729, 0.327105061255852, -0.439252650688625, -0.35664842621892, 0.309067594623058], [0.165898771347992]]","SimNLMNAR_rep6_n115000_d5_corr95_NA25_MICE.100.M.IMP_1000",20.3146040439606,0.928492784500122,"2025-11-28 01:18:29.217288"
"SimNLMNAR_rep7_n115000_d5_corr95_NA25","MICE.100.M.IMP",1000,"[[0.488904669559258, 0.26511631934788, -0.635402554626959, -0.319938408339644, 0.31257442378608], [0.155566102919921]]","SimNLMNAR_rep7_n115000_d5_corr95_NA25_MICE.100.M.IMP_1000",19.9600751399994,0.484850406646729,"2025-11-28 01:18:50.492336"
"SimNLMNAR_rep8_n115000_d5_corr95_NA25","MICE.100.M.IMP",1000,"[[0.434678110490732, 0.302148903159974, -0.720461333319709, -0.297999081353439, 0.352769636539764], [0.158100657255614]]","SimNLMNAR_rep8_n115000_d5_corr95_NA25_MICE.100.M.IMP_1000",20.8965454101562,0.461961269378662,"2025-11-28 01:19:10.97311"
"SimNLMNAR_rep9_n115000_d5_corr95_NA25","MICE.100.M.IMP",1000,"[[0.243315370259335, 0.276125902058146, -0.590926488697371, -0.245128535245024, 0.314330730345785], [0.108473220878368]]","SimNLMNAR_rep9_n115000_d5_corr95_NA25_MICE.100.M.IMP_1000",20.0033104419708,0.923726558685303,"2025-11-28 01:19:32.364561"
"SimNLMNAR_rep0_n115000_d5_corr95_NA25","MICE.100.M.IMP",5000,"[[0.258185759484976, 0.404103924424124, -0.487656791961928, -0.363766648955366, 0.304887292692645], [0.185067302004244]]","SimNLMNAR_rep0_n115000_d5_corr95_NA25_MICE.100.M.IMP_5000",31.0719840526581,1.01328539848328,"2025-11-28 01:19:53.328725"
"SimNLMNAR_rep1_n115000_d5_corr95_NA25","MICE.100.M.IMP",5000,"[[0.272674752264912, 0.380888776433167, -0.462259874006925, -0.377720990259065, 0.312102199805224], [0.153547515724606]]","SimNLMNAR_rep1_n115000_d5_corr95_NA25_MICE.100.M.IMP_5000",28.7231006622314,0.525205612182617,"2025-11-28 01:20:25.447622"
"SimNLMNAR_rep2_n115000_d5_corr95_NA25","MICE.100.M.IMP",5000,"[[0.34306708172906, 0.317806683874656, -0.537509254299573, -0.328272711839432, 0.314639009425624], [0.170353291162834]]","SimNLMNAR_rep2_n115000_d5_corr95_NA25_MICE.100.M.IMP_5000",28.6664462089539,0.505342960357666,"2025-11-28 01:20:54.730066"
"SimNLMNAR_rep3_n115000_d5_corr95_NA25","MICE.100.M.IMP",5000,"[[0.336062868114103, 0.366524307539876, -0.519287975591907, -0.336818895178972, 0.311222985149603], [0.116612995761781]]","SimNLMNAR_rep3_n115000_d5_corr95_NA25_MICE.100.M.IMP_5000",26.3997011184692,0.502177476882935,"2025-11-28 01:21:23.93693"
"SimNLMNAR_rep4_n115000_d5_corr95_NA25","MICE.100.M.IMP",5000,"[[0.395128612301096, 0.307040579394093, -0.515099435857177, -0.369908292419584, 0.282644400592406], [0.0919760387599677]]","SimNLMNAR_rep4_n115000_d5_corr95_NA25_MICE.100.M.IMP_5000",26.9398765563965,0.495498895645142,"2025-11-28 01:21:50.872909"
"SimNLMNAR_rep5_n115000_d5_corr95_NA25","MICE.100.M.IMP",5000,"[[0.475544439224696, 0.187802029207788, -0.51522868547935, -0.327558063752625, 0.311833476823072], [0.224593139064813]]","SimNLMNAR_rep5_n115000_d5_corr95_NA25_MICE.100.M.IMP_5000",34.5505421161652,0.68794322013855,"2025-11-28 01:13:38.354972"
"SimNLMNAR_rep6_n115000_d5_corr95_NA25","MICE.100.M.IMP",5000,"[[0.346683204702854, 0.347029991139898, -0.550306518713184, -0.331119314674949, 0.306938412224008], [0.13493928042954]]","SimNLMNAR_rep6_n115000_d5_corr95_NA25_MICE.100.M.IMP_5000",30.5436301231384,0.537773609161377,"2025-11-28 01:14:13.641514"
"SimNLMNAR_rep7_n115000_d5_corr95_NA25","MICE.100.M.IMP",5000,"[[0.56552406182985, 0.09210234399237, -0.471410766369053, -0.382687502388839, 0.302854384235882], [0.166467520173573]]","SimNLMNAR_rep7_n115000_d5_corr95_NA25_MICE.100.M.IMP_5000",28.5028433799744,0.532244682312012,"2025-11-28 01:14:44.766792"
"SimNLMNAR_rep8_n115000_d5_corr95_NA25","MICE.100.M.IMP",5000,"[[0.343398582551041, 0.347769782015634, -0.526937721242872, -0.338662976360619, 0.318485643758223], [0.171389498430496]]","SimNLMNAR_rep8_n115000_d5_corr95_NA25_MICE.100.M.IMP_5000",28.9639785289764,0.574086904525757,"2025-11-28 01:15:13.836511"
"SimNLMNAR_rep9_n115000_d5_corr95_NA25","MICE.100.M.IMP",5000,"[[0.412723624128343, 0.279824466333, -0.530328537380704, -0.345483115797097, 0.303222709587244], [0.130385275219219]]","SimNLMNAR_rep9_n115000_d5_corr95_NA25_MICE.100.M.IMP_5000",28.6886281967163,0.530113697052002,"2025-11-28 01:15:43.4106"
"SimNLMNAR_rep0_n115000_d5_corr95_NA25","MICE.100.M.IMP",10000,"[[0.309219813106731, 0.391315808420569, -0.536080647246576, -0.363942208452296, 0.314676490750575], [0.162957203540569]]","SimNLMNAR_rep0_n115000_d5_corr95_NA25_MICE.100.M.IMP_10000",40.5844519138336,0.602874279022217,"2025-11-28 01:16:12.664258"
"SimNLMNAR_rep1_n115000_d5_corr95_NA25","MICE.100.M.IMP",10000,"[[0.248998536211151, 0.405019306009213, -0.498422337730479, -0.359100575690051, 0.303696449266602], [0.158606493678649]]","SimNLMNAR_rep1_n115000_d5_corr95_NA25_MICE.100.M.IMP_10000",39.2399454116821,1.10802698135376,"2025-11-28 01:16:53.888437"
"SimNLMNAR_rep2_n115000_d5_corr95_NA25","MICE.100.M.IMP",10000,"[[0.320236076113054, 0.347791910360902, -0.526671028509722, -0.33335629062074, 0.303141882208229], [0.165889046682159]]","SimNLMNAR_rep2_n115000_d5_corr95_NA25_MICE.100.M.IMP_10000",41.1296870708466,0.631732940673828,"2025-11-28 01:17:34.274573"
"SimNLMNAR_rep3_n115000_d5_corr95_NA25","MICE.100.M.IMP",10000,"[[0.348915042211229, 0.406632042219285, -0.553105561207342, -0.358546266115327, 0.313751447431179], [0.142092696803524]]","SimNLMNAR_rep3_n115000_d5_corr95_NA25_MICE.100.M.IMP_10000",38.5268564224243,0.594218969345093,"2025-11-28 01:18:16.075683"
"SimNLMNAR_rep4_n115000_d5_corr95_NA25","MICE.100.M.IMP",10000,"[[0.340066393844991, 0.39672864542008, -0.521791551695246, -0.378779703323406, 0.278300891733666], [0.0854369574972709]]","SimNLMNAR_rep4_n115000_d5_corr95_NA25_MICE.100.M.IMP_10000",38.2729570865631,1.13072085380554,"2025-11-28 01:18:55.231929"
"SimNLMNAR_rep5_n115000_d5_corr95_NA25","MICE.100.M.IMP",10000,"[[0.412199278335528, 0.238035891875717, -0.512370454738055, -0.330774919083615, 0.301672371614929], [0.195461156598507]]","SimNLMNAR_rep5_n115000_d5_corr95_NA25_MICE.100.M.IMP_10000",38.1056003570557,0.621514081954956,"2025-11-28 01:19:34.675498"
"SimNLMNAR_rep6_n115000_d5_corr95_NA25","MICE.100.M.IMP",10000,"[[0.36570107574779, 0.400938844314129, -0.565115287310368, -0.365692435950037, 0.301332878903079], [0.158779107256943]]","SimNLMNAR_rep6_n115000_d5_corr95_NA25_MICE.100.M.IMP_10000",38.4489758014679,0.58721923828125,"2025-11-28 01:20:13.439256"
"SimNLMNAR_rep7_n115000_d5_corr95_NA25","MICE.100.M.IMP",10000,"[[0.44870050834563, 0.22276770188612, -0.497326887682615, -0.377803873289352, 0.295058722228369], [0.155527865669839]]","SimNLMNAR_rep7_n115000_d5_corr95_NA25_MICE.100.M.IMP_10000",39.3830568790436,0.617474317550659,"2025-11-28 01:20:52.510549"
"SimNLMNAR_rep8_n115000_d5_corr95_NA25","MICE.100.M.IMP",10000,"[[0.297846867973129, 0.34297025795425, -0.529096726989649, -0.333141215228261, 0.313445815699855], [0.142425187307493]]","SimNLMNAR_rep8_n115000_d5_corr95_NA25_MICE.100.M.IMP_10000",38.1976351737976,0.577093601226807,"2025-11-28 01:21:32.545489"
"SimNLMNAR_rep9_n115000_d5_corr95_NA25","MICE.100.M.IMP",10000,"[[0.303741162908214, 0.358100226630257, -0.511950527072414, -0.349600251946102, 0.308626652862983], [0.137430883445765]]","SimNLMNAR_rep9_n115000_d5_corr95_NA25_MICE.100.M.IMP_10000",37.4028198719025,0.603192806243896,"2025-11-28 01:22:11.355623"
"SimNLMNAR_rep0_n115000_d5_corr95_NA25","MICE.100.M.IMP",50000,"[[0.335402250575626, 0.343438732101345, -0.515511375080426, -0.349040930003681, 0.307939202377845], [0.169815054854485]]","SimNLMNAR_rep0_n115000_d5_corr95_NA25_MICE.100.M.IMP_50000",130.396644830704,1.20903348922729,"2025-11-28 01:22:49.394334"
"SimNLMNAR_rep1_n115000_d5_corr95_NA25","MICE.100.M.IMP",50000,"[[0.326287820901475, 0.348337744443665, -0.514328626228278, -0.354407574647138, 0.306675190200816], [0.162716729549434]]","SimNLMNAR_rep1_n115000_d5_corr95_NA25_MICE.100.M.IMP_50000",119.001000642776,1.09548544883728,"2025-11-28 01:25:01.03688"
"SimNLMNAR_rep2_n115000_d5_corr95_NA25","MICE.100.M.IMP",50000,"[[0.318867940988488, 0.365244208417528, -0.53318310988556, -0.349690763818539, 0.310855612245156], [0.154853939370111]]","SimNLMNAR_rep2_n115000_d5_corr95_NA25_MICE.100.M.IMP_50000",114.718976020813,1.13007760047913,"2025-11-28 01:27:01.167553"
"SimNLMNAR_rep3_n115000_d5_corr95_NA25","MICE.100.M.IMP",50000,"[[0.320059063004177, 0.355106921259, -0.528126316569508, -0.345720981768758, 0.307467858577664], [0.148081233211315]]","SimNLMNAR_rep3_n115000_d5_corr95_NA25_MICE.100.M.IMP_50000",114.842503547668,1.09363436698914,"2025-11-28 01:28:57.049807"
"SimNLMNAR_rep4_n115000_d5_corr95_NA25","MICE.100.M.IMP",50000,"[[0.355393305066894, 0.324506264267917, -0.545745265667847, -0.338291711216375, 0.303400124108913], [0.13446669446681]]","SimNLMNAR_rep4_n115000_d5_corr95_NA25_MICE.100.M.IMP_50000",115.176613092422,1.10061430931091,"2025-11-28 01:30:53.022571"
"SimNLMNAR_rep5_n115000_d5_corr95_NA25","MICE.100.M.IMP",50000,"[[0.352474902362195, 0.320103347614342, -0.522236916017839, -0.335830020450948, 0.300958344316563], [0.171560404472442]]","SimNLMNAR_rep5_n115000_d5_corr95_NA25_MICE.100.M.IMP_50000",115.125746965408,1.11812329292297,"2025-11-28 01:32:49.331773"
"SimNLMNAR_rep6_n115000_d5_corr95_NA25","MICE.100.M.IMP",50000,"[[0.367873859909722, 0.351592913901976, -0.554637263342319, -0.347713552507759, 0.303657595212137], [0.155141403418871]]","SimNLMNAR_rep6_n115000_d5_corr95_NA25_MICE.100.M.IMP_50000",114.217263221741,1.70723104476929,"2025-11-28 01:34:45.60832"
"SimNLMNAR_rep7_n115000_d5_corr95_NA25","MICE.100.M.IMP",50000,"[[0.340384136556408, 0.349243520796359, -0.541917799860886, -0.349673219874575, 0.304822899541172], [0.126106144505432]]","SimNLMNAR_rep7_n115000_d5_corr95_NA25_MICE.100.M.IMP_50000",113.651530504227,1.1116144657135,"2025-11-28 01:36:41.565647"
"SimNLMNAR_rep8_n115000_d5_corr95_NA25","MICE.100.M.IMP",50000,"[[0.370126086428051, 0.314447516569696, -0.524346967831524, -0.348772165921344, 0.304658078774256], [0.162412022369766]]","SimNLMNAR_rep8_n115000_d5_corr95_NA25_MICE.100.M.IMP_50000",112.43300318718,1.08991479873657,"2025-11-28 01:38:36.364489"
"SimNLMNAR_rep9_n115000_d5_corr95_NA25","MICE.100.M.IMP",50000,"[[0.326921023951801, 0.350515290784216, -0.527552878165435, -0.338351617449787, 0.301588597946457], [0.132110721530091]]","SimNLMNAR_rep9_n115000_d5_corr95_NA25_MICE.100.M.IMP_50000",112.99839258194,1.11901593208313,"2025-11-28 01:40:29.921783"
"SimNLMNAR_rep0_n115000_d5_corr95_NA25","MICE.100.Y.M.IMP",100,"[[-3.53234449496637, 1.8806365381086, 0.611998788344142, -0.0910946345597311, 0.596321625182924], [0.340118308474493]]","SimNLMNAR_rep0_n115000_d5_corr95_NA25_MICE.100.Y.M.IMP_100",26.2512223720551,0.564121723175049,"2025-11-28 01:13:48.013521"
"SimNLMNAR_rep1_n115000_d5_corr95_NA25","MICE.100.Y.M.IMP",100,"[[2.57415499843399, -1.76068898071745, -1.9545433103434, -0.460334954992767, 0.932444270353671], [-0.463451047522092]]","SimNLMNAR_rep1_n115000_d5_corr95_NA25_MICE.100.Y.M.IMP_100",24.4148409366608,0.515109300613403,"2025-11-28 01:14:14.87667"
"SimNLMNAR_rep2_n115000_d5_corr95_NA25","MICE.100.Y.M.IMP",100,"[[1.27506540028197, -0.521957865172973, -1.19879708000859, -1.30191567181176, 0.90371697905591], [-0.60035598161824]]","SimNLMNAR_rep2_n115000_d5_corr95_NA25_MICE.100.Y.M.IMP_100",24.1746950149536,0.532165050506592,"2025-11-28 01:14:39.848391"
"SimNLMNAR_rep3_n115000_d5_corr95_NA25","MICE.100.Y.M.IMP",100,"[[9.75828636032571, 5.03854239682262, -7.52182511333431, -5.57385518819116, 7.39427081797414], [-0.354826327369598]]","SimNLMNAR_rep3_n115000_d5_corr95_NA25_MICE.100.Y.M.IMP_100",24.9446804523468,0.524017810821533,"2025-11-28 01:15:04.595994"
"SimNLMNAR_rep4_n115000_d5_corr95_NA25","MICE.100.Y.M.IMP",100,"[[-1.5987087161, 2.03723234806567, 0.1061082770171, -1.00623641968934, 0.663124552585645], [0.0628363106121619]]","SimNLMNAR_rep4_n115000_d5_corr95_NA25_MICE.100.Y.M.IMP_100",23.8663384914398,0.980082750320435,"2025-11-28 01:15:30.108395"
"SimNLMNAR_rep5_n115000_d5_corr95_NA25","MICE.100.Y.M.IMP",100,"[[2.76298910790572, -0.195896602741965, -1.11692994233262, -1.66418438946912, 0.826593100572265], [0.419930536828639]]","SimNLMNAR_rep5_n115000_d5_corr95_NA25_MICE.100.Y.M.IMP_100",24.2114622592926,0.526320219039917,"2025-11-28 01:15:54.99391"
"SimNLMNAR_rep6_n115000_d5_corr95_NA25","MICE.100.Y.M.IMP",100,"[[184.287764601708, -108.839829536856, -156.75906956798, -36.8157090398685, 67.3198149614124], [-73.6658663425262]]","SimNLMNAR_rep6_n115000_d5_corr95_NA25_MICE.100.Y.M.IMP_100",24.1506583690643,0.543805122375488,"2025-11-28 01:16:19.774361"
"SimNLMNAR_rep7_n115000_d5_corr95_NA25","MICE.100.Y.M.IMP",100,"[[2.1307533768282, -1.80508861318137, 0.723047908908115, -1.51757228982343, 0.793807044617414], [1.16628810851788]]","SimNLMNAR_rep7_n115000_d5_corr95_NA25_MICE.100.Y.M.IMP_100",23.7271776199341,0.485166072845459,"2025-11-28 01:16:44.50497"
"SimNLMNAR_rep8_n115000_d5_corr95_NA25","MICE.100.Y.M.IMP",100,"[[1.72011345759406, -0.203142749444267, -1.2641539740418, -0.542933239219957, 0.774013330770125], [0.33012695127871]]","SimNLMNAR_rep8_n115000_d5_corr95_NA25_MICE.100.Y.M.IMP_100",23.1680042743683,0.50093936920166,"2025-11-28 01:17:08.753595"
"SimNLMNAR_rep9_n115000_d5_corr95_NA25","MICE.100.Y.M.IMP",100,"[[1.21897287117203, -1.10721714722052, 0.3154530387083, -0.754101533698363, 0.569151569075213], [0.631760844413861]]","SimNLMNAR_rep9_n115000_d5_corr95_NA25_MICE.100.Y.M.IMP_100",23.4275035858154,0.541267156600952,"2025-11-28 01:17:32.458395"
"SimNLMNAR_rep0_n115000_d5_corr95_NA25","MICE.100.Y.M.IMP",500,"[[-0.382009619473845, 1.99307769141773, -1.89341349831253, -0.474750184927588, 0.812637023509603], [-0.230497926175592]]","SimNLMNAR_rep0_n115000_d5_corr95_NA25_MICE.100.Y.M.IMP_500",24.0142970085144,0.485044479370117,"2025-11-28 01:17:56.461205"
"SimNLMNAR_rep1_n115000_d5_corr95_NA25","MICE.100.Y.M.IMP",500,"[[0.83364601559907, 0.553098527890082, -1.01622632386434, -0.866504155584681, 0.691145584658135], [-0.0374478924728371]]","SimNLMNAR_rep1_n115000_d5_corr95_NA25_MICE.100.Y.M.IMP_500",24.4633083343506,0.471439838409424,"2025-11-28 01:18:20.996214"
"SimNLMNAR_rep2_n115000_d5_corr95_NA25","MICE.100.Y.M.IMP",500,"[[1.53521538783529, -0.0646904878785414, -1.81310935385397, -0.785505479281751, 0.973533404268904], [0.0940876689073305]]","SimNLMNAR_rep2_n115000_d5_corr95_NA25_MICE.100.Y.M.IMP_500",23.0447387695312,1.07531571388245,"2025-11-28 01:18:45.971222"
"SimNLMNAR_rep3_n115000_d5_corr95_NA25","MICE.100.Y.M.IMP",500,"[[1.60196745591571, -0.0158984880316943, -1.37015797463063, -1.07131252853561, 0.930484860223418], [0.100046598500979]]","SimNLMNAR_rep3_n115000_d5_corr95_NA25_MICE.100.Y.M.IMP_500",22.7287559509277,1.07304382324219,"2025-11-28 01:19:10.12791"
"SimNLMNAR_rep4_n115000_d5_corr95_NA25","MICE.100.Y.M.IMP",500,"[[1.85375366871627, -0.70935340867033, -1.28419737985921, -0.704850424732114, 0.881348364800004], [-0.210973445450349]]","SimNLMNAR_rep4_n115000_d5_corr95_NA25_MICE.100.Y.M.IMP_500",22.9010426998138,0.508901119232178,"2025-11-28 01:19:33.967444"
"SimNLMNAR_rep5_n115000_d5_corr95_NA25","MICE.100.Y.M.IMP",500,"[[0.993662881813328, 0.623764291480847, -1.17161144578238, -1.00174306590801, 0.818468296709748], [0.0210095393250629]]","SimNLMNAR_rep5_n115000_d5_corr95_NA25_MICE.100.Y.M.IMP_500",23.5227010250092,0.519763469696045,"2025-11-28 01:19:57.420151"
"SimNLMNAR_rep6_n115000_d5_corr95_NA25","MICE.100.Y.M.IMP",500,"[[2.9163397619347, -1.1987985616891, -1.54330646697589, -0.962948384591072, 1.02775946145443], [-0.252176236064214]]","SimNLMNAR_rep6_n115000_d5_corr95_NA25_MICE.100.Y.M.IMP_500",22.9914848804474,0.508678674697876,"2025-11-28 01:20:21.499594"
"SimNLMNAR_rep7_n115000_d5_corr95_NA25","MICE.100.Y.M.IMP",500,"[[1.21295827179002, -0.0578735777570807, -1.25375558022889, -0.554475417751647, 0.702598405484222], [-0.0792187047559269]]","SimNLMNAR_rep7_n115000_d5_corr95_NA25_MICE.100.Y.M.IMP_500",23.5420603752136,0.499074935913086,"2025-11-28 01:20:45.032906"
"SimNLMNAR_rep8_n115000_d5_corr95_NA25","MICE.100.Y.M.IMP",500,"[[1.32133071103128, 0.0350802365990018, -1.65315849839649, -0.482752951101853, 0.916680840039502], [0.330682660198335]]","SimNLMNAR_rep8_n115000_d5_corr95_NA25_MICE.100.Y.M.IMP_500",22.751232624054,0.526313543319702,"2025-11-28 01:21:09.107232"
"SimNLMNAR_rep9_n115000_d5_corr95_NA25","MICE.100.Y.M.IMP",500,"[[0.893952217686084, 0.289603329609624, -1.44267173957047, -0.651432626329271, 0.925359262648456], [0.000526933898293462]]","SimNLMNAR_rep9_n115000_d5_corr95_NA25_MICE.100.Y.M.IMP_500",22.6645038127899,0.497891664505005,"2025-11-28 01:21:32.419774"
"SimNLMNAR_rep0_n115000_d5_corr95_NA25","MICE.100.Y.M.IMP",1000,"[[0.129649913342041, 2.06215507410587, -2.0294531246566, -0.79342746691589, 0.923435638849927], [-0.192259807070474]]","SimNLMNAR_rep0_n115000_d5_corr95_NA25_MICE.100.Y.M.IMP_1000",24.5809378623962,0.510197639465332,"2025-11-28 01:21:55.617532"
"SimNLMNAR_rep1_n115000_d5_corr95_NA25","MICE.100.Y.M.IMP",1000,"[[0.684907717652476, 1.15492538328126, -1.43798200893493, -0.879579966862463, 0.856981190689524], [-0.126025951716794]]","SimNLMNAR_rep1_n115000_d5_corr95_NA25_MICE.100.Y.M.IMP_1000",24.7684481143951,0.51117992401123,"2025-11-28 01:22:20.741645"
"SimNLMNAR_rep2_n115000_d5_corr95_NA25","MICE.100.Y.M.IMP",1000,"[[1.54999088925544, -0.498590300171194, -1.34760155028198, -0.678865114020142, 0.896368934600885], [0.199855002541216]]","SimNLMNAR_rep2_n115000_d5_corr95_NA25_MICE.100.Y.M.IMP_1000",24.7285172939301,0.490957975387573,"2025-11-28 01:22:46.056978"
"SimNLMNAR_rep3_n115000_d5_corr95_NA25","MICE.100.Y.M.IMP",1000,"[[1.65597267618387, -0.278284485665081, -1.43275935189698, -0.813970945227718, 0.892786003055042], [-0.0394735966530137]]","SimNLMNAR_rep3_n115000_d5_corr95_NA25_MICE.100.Y.M.IMP_1000",23.6894710063934,0.916014909744263,"2025-11-28 01:23:11.30909"
"SimNLMNAR_rep4_n115000_d5_corr95_NA25","MICE.100.Y.M.IMP",1000,"[[1.28466606533706, -0.0617911365476603, -1.05643221061129, -0.752593062221593, 0.746774077992503], [-0.0619863641161128]]","SimNLMNAR_rep4_n115000_d5_corr95_NA25_MICE.100.Y.M.IMP_1000",30.5853061676025,0.531723499298096,"2025-11-28 01:13:56.103914"
"SimNLMNAR_rep5_n115000_d5_corr95_NA25","MICE.100.Y.M.IMP",1000,"[[0.912428355726198, 0.183759731145539, -1.07515456133779, -0.71806653086743, 0.789545783994152], [0.0637425631815406]]","SimNLMNAR_rep5_n115000_d5_corr95_NA25_MICE.100.Y.M.IMP_1000",26.8526999950409,0.507668495178223,"2025-11-28 01:14:27.268232"
"SimNLMNAR_rep6_n115000_d5_corr95_NA25","MICE.100.Y.M.IMP",1000,"[[1.44582173057478, 0.405466113159007, -1.76430078222136, -0.767824266492914, 0.917933360333591], [-0.18120976860835]]","SimNLMNAR_rep6_n115000_d5_corr95_NA25_MICE.100.Y.M.IMP_1000",25.2934391498566,0.517080068588257,"2025-11-28 01:14:54.677394"
"SimNLMNAR_rep7_n115000_d5_corr95_NA25","MICE.100.Y.M.IMP",1000,"[[2.06759900912404, 0.0537433311570199, -1.86508397988497, -0.744286219099113, 0.913912817235296], [-0.0246550061593354]]","SimNLMNAR_rep7_n115000_d5_corr95_NA25_MICE.100.Y.M.IMP_1000",25.4288029670715,0.507240295410156,"2025-11-28 01:15:20.52444"
"SimNLMNAR_rep8_n115000_d5_corr95_NA25","MICE.100.Y.M.IMP",1000,"[[1.5797599133442, 0.131095387499092, -1.9575832211038, -0.560598559827634, 0.924194742709687], [-0.0435428451711436]]","SimNLMNAR_rep8_n115000_d5_corr95_NA25_MICE.100.Y.M.IMP_1000",25.554398059845,0.498729467391968,"2025-11-28 01:15:46.494274"
"SimNLMNAR_rep9_n115000_d5_corr95_NA25","MICE.100.Y.M.IMP",1000,"[[0.759015420975205, 0.624940106040597, -1.93699169398188, -0.473635794633795, 0.929300440923664], [-0.144873128267935]]","SimNLMNAR_rep9_n115000_d5_corr95_NA25_MICE.100.Y.M.IMP_1000",25.3859987258911,0.530016660690308,"2025-11-28 01:16:12.583369"
"SimNLMNAR_rep0_n115000_d5_corr95_NA25","MICE.100.Y.M.IMP",5000,"[[0.8550630690035, 0.95266738795033, -1.77706481775603, -0.762274934404815, 0.904116714576855], [-0.114671060649202]]","SimNLMNAR_rep0_n115000_d5_corr95_NA25_MICE.100.Y.M.IMP_5000",40.50954246521,0.628211975097656,"2025-11-28 01:16:38.537896"
"SimNLMNAR_rep1_n115000_d5_corr95_NA25","MICE.100.Y.M.IMP",5000,"[[0.90454352221993, 0.79267025895907, -1.55075745131592, -0.824683556439312, 0.889000530136534], [-0.134995006807053]]","SimNLMNAR_rep1_n115000_d5_corr95_NA25_MICE.100.Y.M.IMP_5000",36.838360786438,1.07273864746094,"2025-11-28 01:17:19.710745"
"SimNLMNAR_rep2_n115000_d5_corr95_NA25","MICE.100.Y.M.IMP",5000,"[[1.46546339817584, 0.0699348307843885, -1.64714335480653, -0.674138991085171, 0.901511468500896], [-0.0291440954538998]]","SimNLMNAR_rep2_n115000_d5_corr95_NA25_MICE.100.Y.M.IMP_5000",36.607489824295,0.570415258407593,"2025-11-28 01:17:57.656244"
"SimNLMNAR_rep3_n115000_d5_corr95_NA25","MICE.100.Y.M.IMP",5000,"[[1.25582846211315, 0.481712039826458, -1.75747616312611, -0.740704452644671, 0.925800081093607], [-0.241848060101179]]","SimNLMNAR_rep3_n115000_d5_corr95_NA25_MICE.100.Y.M.IMP_5000",35.8182873725891,1.15527653694153,"2025-11-28 01:18:34.873708"
"SimNLMNAR_rep4_n115000_d5_corr95_NA25","MICE.100.Y.M.IMP",5000,"[[1.52009893523114, 0.0575770369449497, -1.60209548552976, -0.699431046370362, 0.845435366730784], [-0.192028060204504]]","SimNLMNAR_rep4_n115000_d5_corr95_NA25_MICE.100.Y.M.IMP_5000",36.1892223358154,0.575235366821289,"2025-11-28 01:19:11.882069"
"SimNLMNAR_rep5_n115000_d5_corr95_NA25","MICE.100.Y.M.IMP",5000,"[[1.34843460383195, 0.565425204608071, -1.89124260479566, -0.741735586293854, 0.934098738350093], [-0.076948216294196]]","SimNLMNAR_rep5_n115000_d5_corr95_NA25_MICE.100.Y.M.IMP_5000",36.9725546836853,1.10909104347229,"2025-11-28 01:19:48.680225"
"SimNLMNAR_rep6_n115000_d5_corr95_NA25","MICE.100.Y.M.IMP",5000,"[[0.981142423285559, 0.843380237277283, -1.74079361115505, -0.746498558739791, 0.861688936815146], [-0.176119732233134]]","SimNLMNAR_rep6_n115000_d5_corr95_NA25_MICE.100.Y.M.IMP_5000",35.8916096687317,1.0739529132843,"2025-11-28 01:20:26.795569"
"SimNLMNAR_rep7_n115000_d5_corr95_NA25","MICE.100.Y.M.IMP",5000,"[[2.10744225410797, -0.308898415546629, -1.5972466388512, -0.85912383645598, 0.89383758886189], [-0.0288659255581089]]","SimNLMNAR_rep7_n115000_d5_corr95_NA25_MICE.100.Y.M.IMP_5000",36.1690330505371,0.587854862213135,"2025-11-28 01:21:03.794634"
"SimNLMNAR_rep8_n115000_d5_corr95_NA25","MICE.100.Y.M.IMP",5000,"[[1.2507087522609, 0.305865726894024, -1.54518539549143, -0.708809882535648, 0.870151891483578], [-0.0780942030287397]]","SimNLMNAR_rep8_n115000_d5_corr95_NA25_MICE.100.Y.M.IMP_5000",35.6727974414825,1.06577110290527,"2025-11-28 01:21:40.588071"
"SimNLMNAR_rep9_n115000_d5_corr95_NA25","MICE.100.Y.M.IMP",5000,"[[1.29351232555976, 0.499296645281086, -1.76306235647352, -0.796084434745604, 0.929688751366114], [-0.120650358672221]]","SimNLMNAR_rep9_n115000_d5_corr95_NA25_MICE.100.Y.M.IMP_5000",35.4897100925446,0.549630880355835,"2025-11-28 01:22:17.359935"
"SimNLMNAR_rep0_n115000_d5_corr95_NA25","MICE.100.Y.M.IMP",10000,"[[1.19962457958191, 0.736282068355065, -1.8151896673787, -0.809576925318782, 0.921349712346967], [-0.135128506657372]]","SimNLMNAR_rep0_n115000_d5_corr95_NA25_MICE.100.Y.M.IMP_10000",51.5716481208801,0.646464586257935,"2025-11-28 01:22:53.431998"
"SimNLMNAR_rep1_n115000_d5_corr95_NA25","MICE.100.Y.M.IMP",10000,"[[1.0199744984901, 0.685184130622709, -1.63026072418353, -0.776689974239707, 0.869884815680625], [-0.123540837447744]]","SimNLMNAR_rep1_n115000_d5_corr95_NA25_MICE.100.Y.M.IMP_10000",51.2467539310455,1.12299108505249,"2025-11-28 01:23:45.682201"
"SimNLMNAR_rep2_n115000_d5_corr95_NA25","MICE.100.Y.M.IMP",10000,"[[1.29828608158285, 0.382843815845824, -1.61979497995954, -0.731473022636463, 0.851910202833618], [-0.0427672803794753]]","SimNLMNAR_rep2_n115000_d5_corr95_NA25_MICE.100.Y.M.IMP_10000",52.6061179637909,1.12226128578186,"2025-11-28 01:24:38.087349"
"SimNLMNAR_rep3_n115000_d5_corr95_NA25","MICE.100.Y.M.IMP",10000,"[[1.44983759609731, 0.45097590272045, -1.79519556191842, -0.803968074308094, 0.926175362281991], [-0.149613938731304]]","SimNLMNAR_rep3_n115000_d5_corr95_NA25_MICE.100.Y.M.IMP_10000",52.6504216194153,0.687756538391113,"2025-11-28 01:25:31.849769"
"SimNLMNAR_rep4_n115000_d5_corr95_NA25","MICE.100.Y.M.IMP",10000,"[[1.3440232263039, 0.437525435990277, -1.67476706514358, -0.789982929838441, 0.840614219009897], [-0.211905725333651]]","SimNLMNAR_rep4_n115000_d5_corr95_NA25_MICE.100.Y.M.IMP_10000",49.928320646286,0.62565803527832,"2025-11-28 01:26:25.21996"
"SimNLMNAR_rep5_n115000_d5_corr95_NA25","MICE.100.Y.M.IMP",10000,"[[1.34462488774347, 0.533637790083448, -1.79780554055657, -0.738232121872229, 0.879886788859887], [-0.0876981784633281]]","SimNLMNAR_rep5_n115000_d5_corr95_NA25_MICE.100.Y.M.IMP_10000",48.0212187767029,0.615532636642456,"2025-11-28 01:27:15.80674"
"SimNLMNAR_rep6_n115000_d5_corr95_NA25","MICE.100.Y.M.IMP",10000,"[[1.21421568899855, 0.820306539777634, -1.82639433878102, -0.842009632918752, 0.890625923075193], [-0.133771693070304]]","SimNLMNAR_rep6_n115000_d5_corr95_NA25_MICE.100.Y.M.IMP_10000",46.6172962188721,0.607055187225342,"2025-11-28 01:28:04.476618"
"SimNLMNAR_rep7_n115000_d5_corr95_NA25","MICE.100.Y.M.IMP",10000,"[[1.69813130185022, 0.0546173219316263, -1.61890877650894, -0.824884087440011, 0.867850421550672], [-0.0748010347769023]]","SimNLMNAR_rep7_n115000_d5_corr95_NA25_MICE.100.Y.M.IMP_10000",48.2555108070374,0.658783912658691,"2025-11-28 01:28:51.73647"
"SimNLMNAR_rep8_n115000_d5_corr95_NA25","MICE.100.Y.M.IMP",10000,"[[1.15756691878526, 0.358347153884274, -1.53262977369929, -0.723054471580796, 0.86098121704755], [-0.119473087455094]]","SimNLMNAR_rep8_n115000_d5_corr95_NA25_MICE.100.Y.M.IMP_10000",49.1982007026672,0.658464670181274,"2025-11-28 01:29:40.683297"
"SimNLMNAR_rep9_n115000_d5_corr95_NA25","MICE.100.Y.M.IMP",10000,"[[1.2025845990368, 0.496194746269092, -1.61115991603703, -0.802484231195976, 0.894275013816527], [-0.0783315542940665]]","SimNLMNAR_rep9_n115000_d5_corr95_NA25_MICE.100.Y.M.IMP_10000",60.5943145751953,0.708976984024048,"2025-11-28 01:14:04.930808"
"SimNLMNAR_rep0_n115000_d5_corr95_NA25","MICE.100.Y.M.IMP",50000,"[[1.268201769353, 0.454872144083357, -1.62400327425364, -0.7669024094977, 0.881976631753375], [-0.086509525597683]]","SimNLMNAR_rep0_n115000_d5_corr95_NA25_MICE.100.Y.M.IMP_50000",167.797035455704,1.37259960174561,"2025-11-28 01:15:06.282361"
"SimNLMNAR_rep1_n115000_d5_corr95_NA25","MICE.100.Y.M.IMP",50000,"[[1.3901300047247, 0.382003962930622, -1.64632000534779, -0.804582326887366, 0.888505488667538], [-0.0849192501028246]]","SimNLMNAR_rep1_n115000_d5_corr95_NA25_MICE.100.Y.M.IMP_50000",157.959215641022,1.26651954650879,"2025-11-28 01:17:55.503815"
"SimNLMNAR_rep2_n115000_d5_corr95_NA25","MICE.100.Y.M.IMP",50000,"[[1.20420336050805, 0.572900123067182, -1.70809679193352, -0.765191841321695, 0.88791943828092], [-0.100199566531279]]","SimNLMNAR_rep2_n115000_d5_corr95_NA25_MICE.100.Y.M.IMP_50000",155.115909576416,1.34374451637268,"2025-11-28 01:20:34.770007"
"SimNLMNAR_rep3_n115000_d5_corr95_NA25","MICE.100.Y.M.IMP",50000,"[[1.2955267356962, 0.442063581498871, -1.691832206177, -0.759341664488666, 0.892620891810264], [-0.120398978945794]]","SimNLMNAR_rep3_n115000_d5_corr95_NA25_MICE.100.Y.M.IMP_50000",153.179527521133,1.24368858337402,"2025-11-28 01:23:11.265621"
"SimNLMNAR_rep4_n115000_d5_corr95_NA25","MICE.100.Y.M.IMP",50000,"[[1.41432817276748, 0.302377063804692, -1.70306454676718, -0.723241122771132, 0.885049187173714], [-0.125000370261415]]","SimNLMNAR_rep4_n115000_d5_corr95_NA25_MICE.100.Y.M.IMP_50000",152.778991937637,1.25368905067444,"2025-11-28 01:25:45.724145"
"SimNLMNAR_rep5_n115000_d5_corr95_NA25","MICE.100.Y.M.IMP",50000,"[[1.30716557740436, 0.490437424934926, -1.71640561593692, -0.742898648658235, 0.878855090465241], [-0.0859320732109367]]","SimNLMNAR_rep5_n115000_d5_corr95_NA25_MICE.100.Y.M.IMP_50000",152.024482727051,1.24259757995605,"2025-11-28 01:28:19.789722"
"SimNLMNAR_rep6_n115000_d5_corr95_NA25","MICE.100.Y.M.IMP",50000,"[[1.31976085844735, 0.534018629954538, -1.71829130567105, -0.777023405309247, 0.87878790855424], [-0.0999326198942506]]","SimNLMNAR_rep6_n115000_d5_corr95_NA25_MICE.100.Y.M.IMP_50000",153.732438325882,1.24509859085083,"2025-11-28 01:30:53.091636"
"SimNLMNAR_rep7_n115000_d5_corr95_NA25","MICE.100.Y.M.IMP",50000,"[[1.40065297386869, 0.423499610151967, -1.72973850291238, -0.771678046681008, 0.878963065861699], [-0.150603463165761]]","SimNLMNAR_rep7_n115000_d5_corr95_NA25_MICE.100.Y.M.IMP_50000",152.292054891586,1.24205875396729,"2025-11-28 01:33:28.105176"
"SimNLMNAR_rep8_n115000_d5_corr95_NA25","MICE.100.Y.M.IMP",50000,"[[1.28097693011809, 0.461385179176379, -1.65611469402609, -0.776080244495554, 0.889934040100642], [-0.0818679385369525]]","SimNLMNAR_rep8_n115000_d5_corr95_NA25_MICE.100.Y.M.IMP_50000",150.069909572601,1.95263695716858,"2025-11-28 01:36:01.673945"
"SimNLMNAR_rep9_n115000_d5_corr95_NA25","MICE.100.Y.M.IMP",50000,"[[1.26221236732897, 0.491001614019565, -1.65604670484175, -0.761862648671639, 0.873721085569442], [-0.123579565479892]]","SimNLMNAR_rep9_n115000_d5_corr95_NA25_MICE.100.Y.M.IMP_50000",150.01239490509,1.19917225837708,"2025-11-28 01:38:33.731702"
"SimNLMNAR_rep0_n115000_d5_corr95_NA25","PbP",100,NA,"SimNLMNAR_rep0_n115000_d5_corr95_NA25_PbP_100",0.0233500003814697,0.097031831741333,"2025-11-28 01:41:04.978122"
"SimNLMNAR_rep1_n115000_d5_corr95_NA25","PbP",100,NA,"SimNLMNAR_rep1_n115000_d5_corr95_NA25_PbP_100",0.0432841777801514,0.0976059436798096,"2025-11-28 01:41:05.130069"
"SimNLMNAR_rep2_n115000_d5_corr95_NA25","PbP",100,NA,"SimNLMNAR_rep2_n115000_d5_corr95_NA25_PbP_100",0.0255081653594971,0.0883259773254395,"2025-11-28 01:41:05.301497"
"SimNLMNAR_rep3_n115000_d5_corr95_NA25","PbP",100,NA,"SimNLMNAR_rep3_n115000_d5_corr95_NA25_PbP_100",0.0228071212768555,0.0996158123016357,"2025-11-28 01:41:05.445772"
"SimNLMNAR_rep4_n115000_d5_corr95_NA25","PbP",100,NA,"SimNLMNAR_rep4_n115000_d5_corr95_NA25_PbP_100",0.0188941955566406,0.0880844593048096,"2025-11-28 01:41:05.597909"
"SimNLMNAR_rep5_n115000_d5_corr95_NA25","PbP",100,NA,"SimNLMNAR_rep5_n115000_d5_corr95_NA25_PbP_100",0.015772819519043,0.0840201377868652,"2025-11-28 01:41:05.734963"
"SimNLMNAR_rep6_n115000_d5_corr95_NA25","PbP",100,NA,"SimNLMNAR_rep6_n115000_d5_corr95_NA25_PbP_100",0.0202019214630127,0.0879025459289551,"2025-11-28 01:41:05.865082"
"SimNLMNAR_rep7_n115000_d5_corr95_NA25","PbP",100,NA,"SimNLMNAR_rep7_n115000_d5_corr95_NA25_PbP_100",0.0194480419158936,0.0921757221221924,"2025-11-28 01:41:06.003579"
"SimNLMNAR_rep8_n115000_d5_corr95_NA25","PbP",100,NA,"SimNLMNAR_rep8_n115000_d5_corr95_NA25_PbP_100",0.0193014144897461,0.0788094997406006,"2025-11-28 01:41:06.144948"
"SimNLMNAR_rep9_n115000_d5_corr95_NA25","PbP",100,NA,"SimNLMNAR_rep9_n115000_d5_corr95_NA25_PbP_100",0.0222892761230469,0.0834040641784668,"2025-11-28 01:41:06.27325"
"SimNLMNAR_rep0_n115000_d5_corr95_NA25","PbP",500,NA,"SimNLMNAR_rep0_n115000_d5_corr95_NA25_PbP_500",0.0469233989715576,0.0742170810699463,"2025-11-28 01:41:06.40927"
"SimNLMNAR_rep1_n115000_d5_corr95_NA25","PbP",500,NA,"SimNLMNAR_rep1_n115000_d5_corr95_NA25_PbP_500",0.0457851886749268,0.120849609375,"2025-11-28 01:41:06.560793"
"SimNLMNAR_rep2_n115000_d5_corr95_NA25","PbP",500,NA,"SimNLMNAR_rep2_n115000_d5_corr95_NA25_PbP_500",0.0474326610565186,0.0732181072235107,"2025-11-28 01:41:06.75767"
"SimNLMNAR_rep3_n115000_d5_corr95_NA25","PbP",500,NA,"SimNLMNAR_rep3_n115000_d5_corr95_NA25_PbP_500",0.0520257949829102,0.0812501907348633,"2025-11-28 01:14:13.581809"
"SimNLMNAR_rep4_n115000_d5_corr95_NA25","PbP",500,NA,"SimNLMNAR_rep4_n115000_d5_corr95_NA25_PbP_500",0.0792303085327148,0.107278347015381,"2025-11-28 01:14:13.760305"
"SimNLMNAR_rep5_n115000_d5_corr95_NA25","PbP",500,NA,"SimNLMNAR_rep5_n115000_d5_corr95_NA25_PbP_500",0.57534122467041,0.0781333446502686,"2025-11-28 01:14:13.994483"
"SimNLMNAR_rep6_n115000_d5_corr95_NA25","PbP",500,NA,"SimNLMNAR_rep6_n115000_d5_corr95_NA25_PbP_500",0.0505225658416748,0.564338684082031,"2025-11-28 01:14:14.682281"
"SimNLMNAR_rep7_n115000_d5_corr95_NA25","PbP",500,NA,"SimNLMNAR_rep7_n115000_d5_corr95_NA25_PbP_500",0.0505974292755127,0.0757019519805908,"2025-11-28 01:14:15.332067"
"SimNLMNAR_rep8_n115000_d5_corr95_NA25","PbP",500,NA,"SimNLMNAR_rep8_n115000_d5_corr95_NA25_PbP_500",0.0607259273529053,0.0921509265899658,"2025-11-28 01:14:15.492145"
"SimNLMNAR_rep9_n115000_d5_corr95_NA25","PbP",500,NA,"SimNLMNAR_rep9_n115000_d5_corr95_NA25_PbP_500",0.0657949447631836,0.0981457233428955,"2025-11-28 01:14:15.679838"
"SimNLMNAR_rep0_n115000_d5_corr95_NA25","PbP",1000,NA,"SimNLMNAR_rep0_n115000_d5_corr95_NA25_PbP_1000",0.0728647708892822,0.0900299549102783,"2025-11-28 01:14:15.879872"
"SimNLMNAR_rep1_n115000_d5_corr95_NA25","PbP",1000,NA,"SimNLMNAR_rep1_n115000_d5_corr95_NA25_PbP_1000",0.0690975189208984,0.0749540328979492,"2025-11-28 01:14:16.074958"
"SimNLMNAR_rep2_n115000_d5_corr95_NA25","PbP",1000,NA,"SimNLMNAR_rep2_n115000_d5_corr95_NA25_PbP_1000",0.0869550704956055,0.0798568725585938,"2025-11-28 01:14:16.251916"
"SimNLMNAR_rep3_n115000_d5_corr95_NA25","PbP",1000,NA,"SimNLMNAR_rep3_n115000_d5_corr95_NA25_PbP_1000",0.0722229480743408,0.0869405269622803,"2025-11-28 01:14:16.461986"
"SimNLMNAR_rep4_n115000_d5_corr95_NA25","PbP",1000,NA,"SimNLMNAR_rep4_n115000_d5_corr95_NA25_PbP_1000",0.0786774158477783,0.0743672847747803,"2025-11-28 01:14:16.654731"
"SimNLMNAR_rep5_n115000_d5_corr95_NA25","PbP",1000,NA,"SimNLMNAR_rep5_n115000_d5_corr95_NA25_PbP_1000",0.0781044960021973,0.0751185417175293,"2025-11-28 01:14:16.839955"
"SimNLMNAR_rep6_n115000_d5_corr95_NA25","PbP",1000,NA,"SimNLMNAR_rep6_n115000_d5_corr95_NA25_PbP_1000",0.0686407089233398,0.0820438861846924,"2025-11-28 01:14:17.038896"
"SimNLMNAR_rep7_n115000_d5_corr95_NA25","PbP",1000,NA,"SimNLMNAR_rep7_n115000_d5_corr95_NA25_PbP_1000",0.0738673210144043,0.0745360851287842,"2025-11-28 01:14:17.225884"
"SimNLMNAR_rep8_n115000_d5_corr95_NA25","PbP",1000,NA,"SimNLMNAR_rep8_n115000_d5_corr95_NA25_PbP_1000",0.0974621772766113,0.0797431468963623,"2025-11-28 01:14:17.420547"
"SimNLMNAR_rep9_n115000_d5_corr95_NA25","PbP",1000,NA,"SimNLMNAR_rep9_n115000_d5_corr95_NA25_PbP_1000",0.12104320526123,0.0805330276489258,"2025-11-28 01:14:17.630613"
"SimNLMNAR_rep0_n115000_d5_corr95_NA25","PbP",5000,NA,"SimNLMNAR_rep0_n115000_d5_corr95_NA25_PbP_5000",0.272215366363525,0.0786418914794922,"2025-11-28 01:14:17.864953"
"SimNLMNAR_rep1_n115000_d5_corr95_NA25","PbP",5000,NA,"SimNLMNAR_rep1_n115000_d5_corr95_NA25_PbP_5000",0.273822069168091,0.0814456939697266,"2025-11-28 01:14:18.247474"
"SimNLMNAR_rep2_n115000_d5_corr95_NA25","PbP",5000,NA,"SimNLMNAR_rep2_n115000_d5_corr95_NA25_PbP_5000",0.260425090789795,0.0883290767669678,"2025-11-28 01:14:18.634548"
"SimNLMNAR_rep3_n115000_d5_corr95_NA25","PbP",5000,NA,"SimNLMNAR_rep3_n115000_d5_corr95_NA25_PbP_5000",0.266363620758057,0.076305627822876,"2025-11-28 01:14:19.030424"
"SimNLMNAR_rep4_n115000_d5_corr95_NA25","PbP",5000,NA,"SimNLMNAR_rep4_n115000_d5_corr95_NA25_PbP_5000",0.915570020675659,0.0792045593261719,"2025-11-28 01:14:19.404964"
"SimNLMNAR_rep5_n115000_d5_corr95_NA25","PbP",5000,NA,"SimNLMNAR_rep5_n115000_d5_corr95_NA25_PbP_5000",0.314383506774902,0.139971256256104,"2025-11-28 01:14:20.432252"
"SimNLMNAR_rep6_n115000_d5_corr95_NA25","PbP",5000,NA,"SimNLMNAR_rep6_n115000_d5_corr95_NA25_PbP_5000",0.337794303894043,0.0863330364227295,"2025-11-28 01:14:20.922822"
"SimNLMNAR_rep7_n115000_d5_corr95_NA25","PbP",5000,NA,"SimNLMNAR_rep7_n115000_d5_corr95_NA25_PbP_5000",0.266201496124268,0.0837099552154541,"2025-11-28 01:14:23.097721"
"SimNLMNAR_rep8_n115000_d5_corr95_NA25","PbP",5000,NA,"SimNLMNAR_rep8_n115000_d5_corr95_NA25_PbP_5000",0.776256561279297,0.0934886932373047,"2025-11-28 01:14:23.498474"
"SimNLMNAR_rep9_n115000_d5_corr95_NA25","PbP",5000,NA,"SimNLMNAR_rep9_n115000_d5_corr95_NA25_PbP_5000",0.251876592636108,0.0761349201202393,"2025-11-28 01:14:24.405688"
"SimNLMNAR_rep0_n115000_d5_corr95_NA25","PbP",10000,NA,"SimNLMNAR_rep0_n115000_d5_corr95_NA25_PbP_10000",0.505419731140137,0.0750818252563477,"2025-11-28 01:14:24.776188"
"SimNLMNAR_rep1_n115000_d5_corr95_NA25","PbP",10000,NA,"SimNLMNAR_rep1_n115000_d5_corr95_NA25_PbP_10000",0.492372751235962,0.0867094993591309,"2025-11-28 01:14:25.907546"
"SimNLMNAR_rep2_n115000_d5_corr95_NA25","PbP",10000,NA,"SimNLMNAR_rep2_n115000_d5_corr95_NA25_PbP_10000",0.472118616104126,0.0736062526702881,"2025-11-28 01:14:26.526402"
"SimNLMNAR_rep3_n115000_d5_corr95_NA25","PbP",10000,NA,"SimNLMNAR_rep3_n115000_d5_corr95_NA25_PbP_10000",0.499852895736694,0.0870780944824219,"2025-11-28 01:14:27.108369"
"SimNLMNAR_rep4_n115000_d5_corr95_NA25","PbP",10000,NA,"SimNLMNAR_rep4_n115000_d5_corr95_NA25_PbP_10000",0.46828556060791,0.106049060821533,"2025-11-28 01:14:27.733879"
"SimNLMNAR_rep5_n115000_d5_corr95_NA25","PbP",10000,NA,"SimNLMNAR_rep5_n115000_d5_corr95_NA25_PbP_10000",0.584254026412964,0.606223106384277,"2025-11-28 01:14:28.348393"
"SimNLMNAR_rep6_n115000_d5_corr95_NA25","PbP",10000,NA,"SimNLMNAR_rep6_n115000_d5_corr95_NA25_PbP_10000",0.461902379989624,0.0769510269165039,"2025-11-28 01:14:29.573387"
"SimNLMNAR_rep7_n115000_d5_corr95_NA25","PbP",10000,NA,"SimNLMNAR_rep7_n115000_d5_corr95_NA25_PbP_10000",0.4706871509552,0.0740208625793457,"2025-11-28 01:14:30.146175"
"SimNLMNAR_rep8_n115000_d5_corr95_NA25","PbP",10000,NA,"SimNLMNAR_rep8_n115000_d5_corr95_NA25_PbP_10000",0.505208730697632,0.0761086940765381,"2025-11-28 01:14:30.724596"
"SimNLMNAR_rep9_n115000_d5_corr95_NA25","PbP",10000,NA,"SimNLMNAR_rep9_n115000_d5_corr95_NA25_PbP_10000",0.463633060455322,0.0770866870880127,"2025-11-28 01:14:31.33945"
"SimNLMNAR_rep0_n115000_d5_corr95_NA25","PbP",50000,NA,"SimNLMNAR_rep0_n115000_d5_corr95_NA25_PbP_50000",2.84783911705017,0.0804612636566162,"2025-11-28 01:14:31.925069"
"SimNLMNAR_rep1_n115000_d5_corr95_NA25","PbP",50000,NA,"SimNLMNAR_rep1_n115000_d5_corr95_NA25_PbP_50000",2.2219340801239,0.0836412906646729,"2025-11-28 01:14:34.887991"
"SimNLMNAR_rep2_n115000_d5_corr95_NA25","PbP",50000,NA,"SimNLMNAR_rep2_n115000_d5_corr95_NA25_PbP_50000",2.93904280662537,0.0874788761138916,"2025-11-28 01:14:37.228881"
"SimNLMNAR_rep3_n115000_d5_corr95_NA25","PbP",50000,NA,"SimNLMNAR_rep3_n115000_d5_corr95_NA25_PbP_50000",2.32367086410522,0.0741353034973145,"2025-11-28 01:14:40.29192"
"SimNLMNAR_rep4_n115000_d5_corr95_NA25","PbP",50000,NA,"SimNLMNAR_rep4_n115000_d5_corr95_NA25_PbP_50000",2.76766467094421,0.0746409893035889,"2025-11-28 01:14:42.726538"
"SimNLMNAR_rep5_n115000_d5_corr95_NA25","PbP",50000,NA,"SimNLMNAR_rep5_n115000_d5_corr95_NA25_PbP_50000",2.20355081558228,0.0769569873809814,"2025-11-28 01:14:45.604873"
"SimNLMNAR_rep6_n115000_d5_corr95_NA25","PbP",50000,NA,"SimNLMNAR_rep6_n115000_d5_corr95_NA25_PbP_50000",2.81051087379456,0.0744853019714355,"2025-11-28 01:14:47.919473"
"SimNLMNAR_rep7_n115000_d5_corr95_NA25","PbP",50000,NA,"SimNLMNAR_rep7_n115000_d5_corr95_NA25_PbP_50000",2.25571846961975,0.0804705619812012,"2025-11-28 01:14:50.839747"
"SimNLMNAR_rep8_n115000_d5_corr95_NA25","PbP",50000,NA,"SimNLMNAR_rep8_n115000_d5_corr95_NA25_PbP_50000",2.83736205101013,0.0761208534240723,"2025-11-28 01:14:53.213251"
"SimNLMNAR_rep9_n115000_d5_corr95_NA25","PbP",50000,NA,"SimNLMNAR_rep9_n115000_d5_corr95_NA25_PbP_50000",2.21016812324524,0.106732606887817,"2025-11-28 01:14:56.160519"
