"Dataset","Method","Fold","Metric","Value"
"boys","SAEM",1,"AUC",0.996930299747201
"boys","SAEM",1,"Brier",0.0223090617539642
"boys","SAEM",1,"Misclassification",0.0268456375838926
"boys","SAEM",1,"Calibration",0.00525089620586574
"boys","MICE.10.IMP",1,"AUC",0.996749729144095
"boys","MICE.10.IMP",1,"Brier",0.0243449944816842
"boys","MICE.10.IMP",1,"Misclassification",0.0335570469798657
"boys","MICE.10.IMP",1,"Calibration",0.00555304817295939
"boys","MICE.10.Y.M.IMP",1,"AUC",0.996388587937884
"boys","MICE.10.Y.M.IMP",1,"Brier",0.0257539574326429
"boys","MICE.10.Y.M.IMP",1,"Misclassification",0.040268456375839
"boys","MICE.10.Y.M.IMP",1,"Calibration",0.00641870655376785
"boys","MICE.RF.10.IMP",1,"AUC",0.997110870350307
"boys","MICE.RF.10.IMP",1,"Brier",0.0219125514656154
"boys","MICE.RF.10.IMP",1,"Misclassification",0.0335570469798657
"boys","MICE.RF.10.IMP",1,"Calibration",0.00537372116839589
"boys","MICE.RF.10.Y.M.IMP",1,"AUC",0.997472011556519
"boys","MICE.RF.10.Y.M.IMP",1,"Brier",0.0218032538160351
"boys","MICE.RF.10.Y.M.IMP",1,"Misclassification",0.040268456375839
"boys","MICE.RF.10.Y.M.IMP",1,"Calibration",0.00569587126569949
"boys","MICE.10.IMP.M",1,"AUC",0.995485734922355
"boys","MICE.10.IMP.M",1,"Brier",0.0301243743345986
"boys","MICE.10.IMP.M",1,"Misclassification",0.040268456375839
"boys","MICE.10.IMP.M",1,"Calibration",0.0099901461466791
"boys","MICE.10.Y.M.IMP.M",1,"AUC",0.995846876128566
"boys","MICE.10.Y.M.IMP.M",1,"Brier",0.0257378720451857
"boys","MICE.10.Y.M.IMP.M",1,"Misclassification",0.0335570469798657
"boys","MICE.10.Y.M.IMP.M",1,"Calibration",0.00656241662811959
"boys","MICE.RF.10.IMP.M",1,"AUC",0.994221740700614
"boys","MICE.RF.10.IMP.M",1,"Brier",0.0282131516626645
"boys","MICE.RF.10.IMP.M",1,"Misclassification",0.040268456375839
"boys","MICE.RF.10.IMP.M",1,"Calibration",0.00678826782167326
"boys","MICE.RF.10.Y.M.IMP.M",1,"AUC",0.994221740700614
"boys","MICE.RF.10.Y.M.IMP.M",1,"Brier",0.027436884028037
"boys","MICE.RF.10.Y.M.IMP.M",1,"Misclassification",0.0335570469798657
"boys","MICE.RF.10.Y.M.IMP.M",1,"Calibration",0.0060120001870458
"boys","Mean.IMP",1,"AUC",0.996208017334778
"boys","Mean.IMP",1,"Brier",0.024866854962844
"boys","Mean.IMP",1,"Misclassification",0.040268456375839
"boys","Mean.IMP",1,"Calibration",0.00674604959371645
"boys","Mean.IMP.M",1,"AUC",0.984832069339112
"boys","Mean.IMP.M",1,"Brier",0.0277248786806722
"boys","Mean.IMP.M",1,"Misclassification",0.040268456375839
"boys","Mean.IMP.M",1,"Calibration",0.00731367169228398
"boys","05.IMP",1,"AUC",0.984832069339112
"boys","05.IMP",1,"Brier",0.0263462903654546
"boys","05.IMP",1,"Misclassification",0.0335570469798657
"boys","05.IMP",1,"Calibration",0.0060932143028148
"boys","05.IMP.M",1,"AUC",0.996027446731672
"boys","05.IMP.M",1,"Brier",0.0247551745435531
"boys","05.IMP.M",1,"Misclassification",0.0268456375838926
"boys","05.IMP.M",1,"Calibration",0.00669828735914917
"boys","PbP",1,"AUC",0.973997833152763
"boys","PbP",1,"Brier",0.0440492946177603
"boys","PbP",1,"Misclassification",0.0536912751677853
"boys","PbP",1,"Calibration",0.00695011490113095
"boys","SAEM",2,"AUC",0.991573033707865
"boys","SAEM",2,"Brier",0.0391143416517088
"boys","SAEM",2,"Misclassification",0.0469798657718121
"boys","SAEM",2,"Calibration",0.00891299936982962
"boys","MICE.10.IMP",2,"AUC",0.988014981273408
"boys","MICE.10.IMP",2,"Brier",0.0468523831215443
"boys","MICE.10.IMP",2,"Misclassification",0.0671140939597316
"boys","MICE.10.IMP",2,"Calibration",0.0107656510616578
"boys","MICE.10.Y.M.IMP",2,"AUC",0.989138576779026
"boys","MICE.10.Y.M.IMP",2,"Brier",0.0439917579116984
"boys","MICE.10.Y.M.IMP",2,"Misclassification",0.0604026845637584
"boys","MICE.10.Y.M.IMP",2,"Calibration",0.010556736557214
"boys","MICE.RF.10.IMP",2,"AUC",0.989887640449438
"boys","MICE.RF.10.IMP",2,"Brier",0.0444674496647894
"boys","MICE.RF.10.IMP",2,"Misclassification",0.0536912751677853
"boys","MICE.RF.10.IMP",2,"Calibration",0.0130077181211652
"boys","MICE.RF.10.Y.M.IMP",2,"AUC",0.990074906367041
"boys","MICE.RF.10.Y.M.IMP",2,"Brier",0.0445130491119317
"boys","MICE.RF.10.Y.M.IMP",2,"Misclassification",0.0671140939597316
"boys","MICE.RF.10.Y.M.IMP",2,"Calibration",0.0130533175683075
"boys","MICE.10.IMP.M",2,"AUC",0.977153558052434
"boys","MICE.10.IMP.M",2,"Brier",0.0499421325304859
"boys","MICE.10.IMP.M",2,"Misclassification",0.0671140939597316
"boys","MICE.10.IMP.M",2,"Calibration",0.010462561118735
"boys","MICE.10.Y.M.IMP.M",2,"AUC",0.982397003745318
"boys","MICE.10.Y.M.IMP.M",2,"Brier",0.0492550023737602
"boys","MICE.10.Y.M.IMP.M",2,"Misclassification",0.0604026845637584
"boys","MICE.10.Y.M.IMP.M",2,"Calibration",0.0101850119614879
"boys","MICE.RF.10.IMP.M",2,"AUC",0.974344569288389
"boys","MICE.RF.10.IMP.M",2,"Brier",0.0492698641320275
"boys","MICE.RF.10.IMP.M",2,"Misclassification",0.0671140939597316
"boys","MICE.RF.10.IMP.M",2,"Calibration",0.0139490260243175
"boys","MICE.RF.10.Y.M.IMP.M",2,"AUC",0.975093632958801
"boys","MICE.RF.10.Y.M.IMP.M",2,"Brier",0.0475620364785198
"boys","MICE.RF.10.Y.M.IMP.M",2,"Misclassification",0.0604026845637584
"boys","MICE.RF.10.Y.M.IMP.M",2,"Calibration",0.0117409507593796
"boys","Mean.IMP",2,"AUC",0.989887640449438
"boys","Mean.IMP",2,"Brier",0.042573718826137
"boys","Mean.IMP",2,"Misclassification",0.0738255033557047
"boys","Mean.IMP",2,"Calibration",0.0117198784085382
"boys","Mean.IMP.M",2,"AUC",0.976217228464419
"boys","Mean.IMP.M",2,"Brier",0.0496656241865491
"boys","Mean.IMP.M",2,"Misclassification",0.0671140939597316
"boys","Mean.IMP.M",2,"Calibration",0.0154109367456998
"boys","05.IMP",2,"AUC",0.989325842696629
"boys","05.IMP",2,"Brier",0.0428380356796614
"boys","05.IMP",2,"Misclassification",0.0536912751677853
"boys","05.IMP",2,"Calibration",0.0114222478880347
"boys","05.IMP.M",2,"AUC",0.991573033707865
"boys","05.IMP.M",2,"Brier",0.0371128166223558
"boys","05.IMP.M",2,"Misclassification",0.0469798657718121
"boys","05.IMP.M",2,"Calibration",0.00840289865069286
"boys","PbP",2,"AUC",0.956928838951311
"boys","PbP",2,"Brier",0.0600863385170103
"boys","PbP",2,"Misclassification",0.0939597315436241
"boys","PbP",2,"Calibration",0.0106357890664609
"boys","SAEM",3,"AUC",0.996308600959764
"boys","SAEM",3,"Brier",0.0266563140910185
"boys","SAEM",3,"Misclassification",0.0268456375838926
"boys","SAEM",3,"Calibration",0.00939840421565893
"boys","MICE.10.IMP",3,"AUC",0.994647471391657
"boys","MICE.10.IMP",3,"Brier",0.0300907160137046
"boys","MICE.10.IMP",3,"Misclassification",0.0268456375838926
"boys","MICE.10.IMP",3,"Calibration",0.0113546981166129
"boys","MICE.10.Y.M.IMP",3,"AUC",0.993724621631598
"boys","MICE.10.Y.M.IMP",3,"Brier",0.0348192656434755
"boys","MICE.10.Y.M.IMP",3,"Misclassification",0.040268456375839
"boys","MICE.10.Y.M.IMP",3,"Calibration",0.0145731806322898
"boys","MICE.RF.10.IMP",3,"AUC",0.995385751199705
"boys","MICE.RF.10.IMP",3,"Brier",0.0294435217405275
"boys","MICE.RF.10.IMP",3,"Misclassification",0.0268456375838926
"boys","MICE.RF.10.IMP",3,"Calibration",0.00958893561077362
"boys","MICE.RF.10.Y.M.IMP",3,"AUC",0.994647471391657
"boys","MICE.RF.10.Y.M.IMP",3,"Brier",0.0303297619035607
"boys","MICE.RF.10.Y.M.IMP",3,"Misclassification",0.0268456375838926
"boys","MICE.RF.10.Y.M.IMP",3,"Calibration",0.00968709360988565
"boys","MICE.10.IMP.M",3,"AUC",0.993355481727575
"boys","MICE.10.IMP.M",3,"Brier",0.0345656332078955
"boys","MICE.10.IMP.M",3,"Misclassification",0.040268456375839
"boys","MICE.10.IMP.M",3,"Calibration",0.0140324750908447
"boys","MICE.10.Y.M.IMP.M",3,"AUC",0.993724621631598
"boys","MICE.10.Y.M.IMP.M",3,"Brier",0.0390054339031941
"boys","MICE.10.Y.M.IMP.M",3,"Misclassification",0.0604026845637584
"boys","MICE.10.Y.M.IMP.M",3,"Calibration",0.0186474920687422
"boys","MICE.RF.10.IMP.M",3,"AUC",0.993355481727575
"boys","MICE.RF.10.IMP.M",3,"Brier",0.0335583994894556
"boys","MICE.RF.10.IMP.M",3,"Misclassification",0.040268456375839
"boys","MICE.RF.10.IMP.M",3,"Calibration",0.0121937462456077
"boys","MICE.RF.10.Y.M.IMP.M",3,"AUC",0.993540051679587
"boys","MICE.RF.10.Y.M.IMP.M",3,"Brier",0.0351144354819617
"boys","MICE.RF.10.Y.M.IMP.M",3,"Misclassification",0.040268456375839
"boys","MICE.RF.10.Y.M.IMP.M",3,"Calibration",0.0146242992200133
"boys","Mean.IMP",3,"AUC",0.995570321151717
"boys","Mean.IMP",3,"Brier",0.0297010942662775
"boys","Mean.IMP",3,"Misclassification",0.0335570469798657
"boys","Mean.IMP",3,"Calibration",0.0103125782334662
"boys","Mean.IMP.M",3,"AUC",0.993724621631598
"boys","Mean.IMP.M",3,"Brier",0.0354207227364423
"boys","Mean.IMP.M",3,"Misclassification",0.040268456375839
"boys","Mean.IMP.M",3,"Calibration",0.014587389403109
"boys","05.IMP",3,"AUC",0.991694352159468
"boys","05.IMP",3,"Brier",0.0417842799253616
"boys","05.IMP",3,"Misclassification",0.0604026845637584
"boys","05.IMP",3,"Calibration",0.0156097832810663
"boys","05.IMP.M",3,"AUC",0.995201181247693
"boys","05.IMP.M",3,"Brier",0.0302141230646943
"boys","05.IMP.M",3,"Misclassification",0.0335570469798657
"boys","05.IMP.M",3,"Calibration",0.0101118539691366
"boys","PbP",3,"AUC",0.985142118863049
"boys","PbP",3,"Brier",0.0365133051914112
"boys","PbP",3,"Misclassification",0.0536912751677853
"boys","PbP",3,"Calibration",0.00824389004280139
"boys","SAEM",4,"AUC",0.990690032858708
"boys","SAEM",4,"Brier",0.0426496436309956
"boys","SAEM",4,"Misclassification",0.0469798657718121
"boys","SAEM",4,"Calibration",0.0107225103615805
"boys","MICE.10.IMP",4,"AUC",0.989229645856152
"boys","MICE.10.IMP",4,"Brier",0.0448961073530959
"boys","MICE.10.IMP",4,"Misclassification",0.0536912751677853
"boys","MICE.10.IMP",4,"Calibration",0.0101188041194168
"boys","MICE.10.Y.M.IMP",4,"AUC",0.987221613727638
"boys","MICE.10.Y.M.IMP",4,"Brier",0.0456851934540581
"boys","MICE.10.Y.M.IMP",4,"Misclassification",0.0536912751677853
"boys","MICE.10.Y.M.IMP",4,"Calibration",0.0105358316959321
"boys","MICE.RF.10.IMP",4,"AUC",0.98977729098211
"boys","MICE.RF.10.IMP",4,"Brier",0.0426179333742144
"boys","MICE.RF.10.IMP",4,"Misclassification",0.0671140939597316
"boys","MICE.RF.10.IMP",4,"Calibration",0.00862508058941536
"boys","MICE.RF.10.Y.M.IMP",4,"AUC",0.990507484483388
"boys","MICE.RF.10.Y.M.IMP",4,"Brier",0.0404793351884074
"boys","MICE.RF.10.Y.M.IMP",4,"Misclassification",0.0536912751677853
"boys","MICE.RF.10.Y.M.IMP",4,"Calibration",0.00840838600336431
"boys","MICE.10.IMP.M",4,"AUC",0.989047097480832
"boys","MICE.10.IMP.M",4,"Brier",0.0444206976835784
"boys","MICE.10.IMP.M",4,"Misclassification",0.0671140939597316
"boys","MICE.10.IMP.M",4,"Calibration",0.00947875670136895
"boys","MICE.10.Y.M.IMP.M",4,"AUC",0.987769258853596
"boys","MICE.10.Y.M.IMP.M",4,"Brier",0.0480631455095262
"boys","MICE.10.Y.M.IMP.M",4,"Misclassification",0.0738255033557047
"boys","MICE.10.Y.M.IMP.M",4,"Calibration",0.0105911097153427
"boys","MICE.RF.10.IMP.M",4,"AUC",0.987951807228916
"boys","MICE.RF.10.IMP.M",4,"Brier",0.0462466460080316
"boys","MICE.RF.10.IMP.M",4,"Misclassification",0.0671140939597316
"boys","MICE.RF.10.IMP.M",4,"Calibration",0.00973701469974254
"boys","MICE.RF.10.Y.M.IMP.M",4,"AUC",0.98995983935743
"boys","MICE.RF.10.Y.M.IMP.M",4,"Brier",0.0443119889252313
"boys","MICE.RF.10.Y.M.IMP.M",4,"Misclassification",0.0671140939597316
"boys","MICE.RF.10.Y.M.IMP.M",4,"Calibration",0.0103394737446624
"boys","Mean.IMP",4,"AUC",0.98995983935743
"boys","Mean.IMP",4,"Brier",0.0435045986356575
"boys","Mean.IMP",4,"Misclassification",0.0671140939597316
"boys","Mean.IMP",4,"Calibration",0.00804598566026605
"boys","Mean.IMP.M",4,"AUC",0.989229645856152
"boys","Mean.IMP.M",4,"Brier",0.0463777391027219
"boys","Mean.IMP.M",4,"Misclassification",0.0671140939597316
"boys","Mean.IMP.M",4,"Calibration",0.0126608966610473
"boys","05.IMP",4,"AUC",0.993975903614458
"boys","05.IMP",4,"Brier",0.0332215071934488
"boys","05.IMP",4,"Misclassification",0.0671140939597316
"boys","05.IMP",4,"Calibration",0.0102535728161184
"boys","05.IMP.M",4,"AUC",0.991420226359985
"boys","05.IMP.M",4,"Brier",0.041036553183879
"boys","05.IMP.M",4,"Misclassification",0.0536912751677853
"boys","05.IMP.M",4,"Calibration",0.0100894987468917
"boys","PbP",4,"AUC",0.987586710478277
"boys","PbP",4,"Brier",0.0536302589925823
"boys","PbP",4,"Misclassification",0.0671140939597316
"boys","PbP",4,"Calibration",0.0163885166580646
"boys","SAEM",5,"AUC",0.995124593716143
"boys","SAEM",5,"Brier",0.0279863717081343
"boys","SAEM",5,"Misclassification",0.040268456375839
"boys","SAEM",5,"Calibration",0.00641398436393487
"boys","MICE.10.IMP",5,"AUC",0.993138317081979
"boys","MICE.10.IMP",5,"Brier",0.0343525069896374
"boys","MICE.10.IMP",5,"Misclassification",0.0671140939597316
"boys","MICE.10.IMP",5,"Calibration",0.00819521908738309
"boys","MICE.10.Y.M.IMP",5,"AUC",0.992596605272662
"boys","MICE.10.Y.M.IMP",5,"Brier",0.0341754443164537
"boys","MICE.10.Y.M.IMP",5,"Misclassification",0.0536912751677853
"boys","MICE.10.Y.M.IMP",5,"Calibration",0.00527909830601374
"boys","MICE.RF.10.IMP",5,"AUC",0.995305164319249
"boys","MICE.RF.10.IMP",5,"Brier",0.0289927512791796
"boys","MICE.RF.10.IMP",5,"Misclassification",0.0469798657718121
"boys","MICE.RF.10.IMP",5,"Calibration",0.00662138662593579
"boys","MICE.RF.10.Y.M.IMP",5,"AUC",0.993318887685085
"boys","MICE.RF.10.Y.M.IMP",5,"Brier",0.0311317870527419
"boys","MICE.RF.10.Y.M.IMP",5,"Misclassification",0.0536912751677853
"boys","MICE.RF.10.Y.M.IMP",5,"Calibration",0.00480814797742498
"boys","MICE.10.IMP.M",5,"AUC",0.981401227880101
"boys","MICE.10.IMP.M",5,"Brier",0.0387036840601687
"boys","MICE.10.IMP.M",5,"Misclassification",0.0469798657718121
"boys","MICE.10.IMP.M",5,"Calibration",0.00521937457739957
"boys","MICE.10.Y.M.IMP.M",5,"AUC",0.979776092452149
"boys","MICE.10.Y.M.IMP.M",5,"Brier",0.0411398880088692
"boys","MICE.10.Y.M.IMP.M",5,"Misclassification",0.0469798657718121
"boys","MICE.10.Y.M.IMP.M",5,"Calibration",0.00694502495494569
"boys","MICE.RF.10.IMP.M",5,"AUC",0.979956663055255
"boys","MICE.RF.10.IMP.M",5,"Brier",0.0412831288520659
"boys","MICE.RF.10.IMP.M",5,"Misclassification",0.0604026845637584
"boys","MICE.RF.10.IMP.M",5,"Calibration",0.00600707465426922
"boys","MICE.RF.10.Y.M.IMP.M",5,"AUC",0.985915492957746
"boys","MICE.RF.10.Y.M.IMP.M",5,"Brier",0.0434114456630568
"boys","MICE.RF.10.Y.M.IMP.M",5,"Misclassification",0.0671140939597316
"boys","MICE.RF.10.Y.M.IMP.M",5,"Calibration",0.00983135126081472
"boys","Mean.IMP",5,"AUC",0.991874322860238
"boys","Mean.IMP",5,"Brier",0.0361581996262788
"boys","Mean.IMP",5,"Misclassification",0.0604026845637584
"boys","Mean.IMP",5,"Calibration",0.00738170021219545
"boys","Mean.IMP.M",5,"AUC",0.969664138678223
"boys","Mean.IMP.M",5,"Brier",0.0425029761224076
"boys","Mean.IMP.M",5,"Misclassification",0.0671140939597316
"boys","Mean.IMP.M",5,"Calibration",0.00684861370630023
"boys","05.IMP",5,"AUC",0.984651498736006
"boys","05.IMP",5,"Brier",0.0307201022370176
"boys","05.IMP",5,"Misclassification",0.040268456375839
"boys","05.IMP",5,"Calibration",0.0095674761059281
"boys","05.IMP.M",5,"AUC",0.992054893463344
"boys","05.IMP.M",5,"Brier",0.034221792652274
"boys","05.IMP.M",5,"Misclassification",0.0469798657718121
"boys","05.IMP.M",5,"Calibration",0.00574914672996361
"boys","PbP",5,"AUC",0.970205850487541
"boys","PbP",5,"Brier",0.0514465837091725
"boys","PbP",5,"Misclassification",0.0671140939597316
"boys","PbP",5,"Calibration",0.00743649543678918
"boys","SAEM",6,"AUC",0.992556281771968
"boys","SAEM",6,"Brier",0.0324771856851746
"boys","SAEM",6,"Misclassification",0.0335570469798657
"boys","SAEM",6,"Calibration",0.00676240829254487
"boys","MICE.10.IMP",6,"AUC",0.991466957153232
"boys","MICE.10.IMP",6,"Brier",0.0362705060494929
"boys","MICE.10.IMP",6,"Misclassification",0.0536912751677853
"boys","MICE.10.IMP",6,"Calibration",0.00624125118802329
"boys","MICE.10.Y.M.IMP",6,"AUC",0.991103848946986
"boys","MICE.10.Y.M.IMP",6,"Brier",0.0379290329658888
"boys","MICE.10.Y.M.IMP",6,"Misclassification",0.0469798657718121
"boys","MICE.10.Y.M.IMP",6,"Calibration",0.00683283609787986
"boys","MICE.RF.10.IMP",6,"AUC",0.991466957153232
"boys","MICE.RF.10.IMP",6,"Brier",0.0362583550833386
"boys","MICE.RF.10.IMP",6,"Misclassification",0.0536912751677853
"boys","MICE.RF.10.IMP",6,"Calibration",0.00645650145598159
"boys","MICE.RF.10.Y.M.IMP",6,"AUC",0.991285403050109
"boys","MICE.RF.10.Y.M.IMP",6,"Brier",0.03757876064056
"boys","MICE.RF.10.Y.M.IMP",6,"Misclassification",0.0536912751677853
"boys","MICE.RF.10.Y.M.IMP",6,"Calibration",0.00673823651144523
"boys","MICE.10.IMP.M",6,"AUC",0.991466957153232
"boys","MICE.10.IMP.M",6,"Brier",0.0371911671806053
"boys","MICE.10.IMP.M",6,"Misclassification",0.0536912751677853
"boys","MICE.10.IMP.M",6,"Calibration",0.00908714033496769
"boys","MICE.10.Y.M.IMP.M",6,"AUC",0.9920116194626
"boys","MICE.10.Y.M.IMP.M",6,"Brier",0.0371569988418882
"boys","MICE.10.Y.M.IMP.M",6,"Misclassification",0.0604026845637584
"boys","MICE.10.Y.M.IMP.M",6,"Calibration",0.00708349292945611
"boys","MICE.RF.10.IMP.M",6,"AUC",0.991648511256354
"boys","MICE.RF.10.IMP.M",6,"Brier",0.0365592293695325
"boys","MICE.RF.10.IMP.M",6,"Misclassification",0.0536912751677853
"boys","MICE.RF.10.IMP.M",6,"Calibration",0.00827543262935992
"boys","MICE.RF.10.Y.M.IMP.M",6,"AUC",0.990922294843864
"boys","MICE.RF.10.Y.M.IMP.M",6,"Brier",0.0386253015246308
"boys","MICE.RF.10.Y.M.IMP.M",6,"Misclassification",0.0604026845637584
"boys","MICE.RF.10.Y.M.IMP.M",6,"Calibration",0.00916700814016294
"boys","Mean.IMP",6,"AUC",0.990740740740741
"boys","Mean.IMP",6,"Brier",0.037407852003351
"boys","Mean.IMP",6,"Misclassification",0.0536912751677853
"boys","Mean.IMP",6,"Calibration",0.00715488349534895
"boys","Mean.IMP.M",6,"AUC",0.992374727668845
"boys","Mean.IMP.M",6,"Brier",0.0368792019892764
"boys","Mean.IMP.M",6,"Misclassification",0.0604026845637584
"boys","Mean.IMP.M",6,"Calibration",0.0104809916984487
"boys","05.IMP",6,"AUC",0.987291212781409
"boys","05.IMP",6,"Brier",0.0445650557706674
"boys","05.IMP",6,"Misclassification",0.0536912751677853
"boys","05.IMP",6,"Calibration",0.0125926471204064
"boys","05.IMP.M",6,"AUC",0.993464052287582
"boys","05.IMP.M",6,"Brier",0.0294170582965612
"boys","05.IMP.M",6,"Misclassification",0.0268456375838926
"boys","05.IMP.M",6,"Calibration",0.00721347887821669
"boys","PbP",6,"AUC",0.977214960058097
"boys","PbP",6,"Brier",0.0522663953140775
"boys","PbP",6,"Misclassification",0.0469798657718121
"boys","PbP",6,"Calibration",0.0179161817692331
"boys","SAEM",7,"AUC",0.99324571011318
"boys","SAEM",7,"Brier",0.0361156849986936
"boys","SAEM",7,"Misclassification",0.0671140939597316
"boys","SAEM",7,"Calibration",0.0148628885781119
"boys","MICE.10.IMP",7,"AUC",0.993428258488499
"boys","MICE.10.IMP",7,"Brier",0.0398420058485055
"boys","MICE.10.IMP",7,"Misclassification",0.0671140939597316
"boys","MICE.10.IMP",7,"Calibration",0.0152335047299373
"boys","MICE.10.Y.M.IMP",7,"AUC",0.990507484483388
"boys","MICE.10.Y.M.IMP",7,"Brier",0.0426216603189553
"boys","MICE.10.Y.M.IMP",7,"Misclassification",0.0536912751677853
"boys","MICE.10.Y.M.IMP",7,"Calibration",0.00917114364696215
"boys","MICE.RF.10.IMP",7,"AUC",0.992332968236583
"boys","MICE.RF.10.IMP",7,"Brier",0.0386660221838096
"boys","MICE.RF.10.IMP",7,"Misclassification",0.0604026845637584
"boys","MICE.RF.10.IMP",7,"Calibration",0.0103289602897007
"boys","MICE.RF.10.Y.M.IMP",7,"AUC",0.993428258488499
"boys","MICE.RF.10.Y.M.IMP",7,"Brier",0.0379140591942649
"boys","MICE.RF.10.Y.M.IMP",7,"Misclassification",0.0536912751677853
"boys","MICE.RF.10.Y.M.IMP",7,"Calibration",0.0125598459205886
"boys","MICE.10.IMP.M",7,"AUC",0.990142387732749
"boys","MICE.10.IMP.M",7,"Brier",0.0432313714849256
"boys","MICE.10.IMP.M",7,"Misclassification",0.0604026845637584
"boys","MICE.10.IMP.M",7,"Calibration",0.0082361653487799
"boys","MICE.10.Y.M.IMP.M",7,"AUC",0.989047097480832
"boys","MICE.10.Y.M.IMP.M",7,"Brier",0.0440850254204621
"boys","MICE.10.Y.M.IMP.M",7,"Misclassification",0.0738255033557047
"boys","MICE.10.Y.M.IMP.M",7,"Calibration",0.0119448315353017
"boys","MICE.RF.10.IMP.M",7,"AUC",0.982292807594012
"boys","MICE.RF.10.IMP.M",7,"Brier",0.0449217717444151
"boys","MICE.RF.10.IMP.M",7,"Misclassification",0.0671140939597316
"boys","MICE.RF.10.IMP.M",7,"Calibration",0.00972796267716403
"boys","MICE.RF.10.Y.M.IMP.M",7,"AUC",0.987039065352318
"boys","MICE.RF.10.Y.M.IMP.M",7,"Brier",0.0455776834088268
"boys","MICE.RF.10.Y.M.IMP.M",7,"Misclassification",0.0671140939597316
"boys","MICE.RF.10.Y.M.IMP.M",7,"Calibration",0.00956307622367087
"boys","Mean.IMP",7,"AUC",0.991967871485944
"boys","Mean.IMP",7,"Brier",0.0407549749008135
"boys","Mean.IMP",7,"Misclassification",0.0536912751677853
"boys","Mean.IMP",7,"Calibration",0.0107134280807432
"boys","Mean.IMP.M",7,"AUC",0.977911646586345
"boys","Mean.IMP.M",7,"Brier",0.0441361795343873
"boys","Mean.IMP.M",7,"Misclassification",0.0604026845637584
"boys","Mean.IMP.M",7,"Calibration",0.0105512230731782
"boys","05.IMP",7,"AUC",0.977181453085068
"boys","05.IMP",7,"Brier",0.0379280343329093
"boys","05.IMP",7,"Misclassification",0.0469798657718121
"boys","05.IMP",7,"Calibration",0.008881480588369
"boys","05.IMP.M",7,"AUC",0.991602774735305
"boys","05.IMP.M",7,"Brier",0.0375001076549248
"boys","05.IMP.M",7,"Misclassification",0.0536912751677853
"boys","05.IMP.M",7,"Calibration",0.00796990631264288
"boys","PbP",7,"AUC",0.986308871851041
"boys","PbP",7,"Brier",0.0407016020666108
"boys","PbP",7,"Misclassification",0.0536912751677853
"boys","PbP",7,"Calibration",0.00886025372932463
"boys","SAEM",8,"AUC",0.990217391304348
"boys","SAEM",8,"Brier",0.041374639810833
"boys","SAEM",8,"Misclassification",0.0536912751677853
"boys","SAEM",8,"Calibration",0.00833959133954295
"boys","MICE.10.IMP",8,"AUC",0.988586956521739
"boys","MICE.10.IMP",8,"Brier",0.0435403631881988
"boys","MICE.10.IMP",8,"Misclassification",0.0469798657718121
"boys","MICE.10.IMP",8,"Calibration",0.00947996050363502
"boys","MICE.10.Y.M.IMP",8,"AUC",0.9875
"boys","MICE.10.Y.M.IMP",8,"Brier",0.0461318959784243
"boys","MICE.10.Y.M.IMP",8,"Misclassification",0.0469798657718121
"boys","MICE.10.Y.M.IMP",8,"Calibration",0.0107444646178385
"boys","MICE.RF.10.IMP",8,"AUC",0.989492753623188
"boys","MICE.RF.10.IMP",8,"Brier",0.0399712413494105
"boys","MICE.RF.10.IMP",8,"Misclassification",0.0469798657718121
"boys","MICE.RF.10.IMP",8,"Calibration",0.00827847475731501
"boys","MICE.RF.10.Y.M.IMP",8,"AUC",0.990036231884058
"boys","MICE.RF.10.Y.M.IMP",8,"Brier",0.0406020661729821
"boys","MICE.RF.10.Y.M.IMP",8,"Misclassification",0.0469798657718121
"boys","MICE.RF.10.Y.M.IMP",8,"Calibration",0.00911267562318885
"boys","MICE.10.IMP.M",8,"AUC",0.988949275362319
"boys","MICE.10.IMP.M",8,"Brier",0.0445181314685259
"boys","MICE.10.IMP.M",8,"Misclassification",0.0469798657718121
"boys","MICE.10.IMP.M",8,"Calibration",0.0105252786837268
"boys","MICE.10.Y.M.IMP.M",8,"AUC",0.988405797101449
"boys","MICE.10.Y.M.IMP.M",8,"Brier",0.0449850483260001
"boys","MICE.10.Y.M.IMP.M",8,"Misclassification",0.0604026845637584
"boys","MICE.10.Y.M.IMP.M",8,"Calibration",0.0101373456930626
"boys","MICE.RF.10.IMP.M",8,"AUC",0.988768115942029
"boys","MICE.RF.10.IMP.M",8,"Brier",0.0469679808873388
"boys","MICE.RF.10.IMP.M",8,"Misclassification",0.0536912751677853
"boys","MICE.RF.10.IMP.M",8,"Calibration",0.0107263701490838
"boys","MICE.RF.10.Y.M.IMP.M",8,"AUC",0.989492753623188
"boys","MICE.RF.10.Y.M.IMP.M",8,"Brier",0.0445125904406492
"boys","MICE.RF.10.Y.M.IMP.M",8,"Misclassification",0.0469798657718121
"boys","MICE.RF.10.Y.M.IMP.M",8,"Calibration",0.010545401775474
"boys","Mean.IMP",8,"AUC",0.989130434782609
"boys","Mean.IMP",8,"Brier",0.0467511766099895
"boys","Mean.IMP",8,"Misclassification",0.0536912751677853
"boys","Mean.IMP",8,"Calibration",0.0119264189664399
"boys","Mean.IMP.M",8,"AUC",0.989492753623188
"boys","Mean.IMP.M",8,"Brier",0.0457155958986541
"boys","Mean.IMP.M",8,"Misclassification",0.0536912751677853
"boys","Mean.IMP.M",8,"Calibration",0.0126059762118532
"boys","05.IMP",8,"AUC",0.984239130434783
"boys","05.IMP",8,"Brier",0.0514002508887418
"boys","05.IMP",8,"Misclassification",0.0671140939597316
"boys","05.IMP",8,"Calibration",0.00971978370491887
"boys","05.IMP.M",8,"AUC",0.989492753623188
"boys","05.IMP.M",8,"Brier",0.0471865064053215
"boys","05.IMP.M",8,"Misclassification",0.0604026845637584
"boys","05.IMP.M",8,"Calibration",0.0140565491142904
"boys","PbP",8,"AUC",0.978804347826087
"boys","PbP",8,"Brier",0.0626300101896868
"boys","PbP",8,"Misclassification",0.0738255033557047
"boys","PbP",8,"Calibration",0.0167875325231082
"boys","SAEM",9,"AUC",0.993693693693694
"boys","SAEM",9,"Brier",0.033876716187127
"boys","SAEM",9,"Misclassification",0.0604026845637584
"boys","SAEM",9,"Calibration",0.0084479316979398
"boys","MICE.10.IMP",9,"AUC",0.993873873873874
"boys","MICE.10.IMP",9,"Brier",0.0345815634718767
"boys","MICE.10.IMP",9,"Misclassification",0.0469798657718121
"boys","MICE.10.IMP",9,"Calibration",0.0103459184308625
"boys","MICE.10.Y.M.IMP",9,"AUC",0.99009009009009
"boys","MICE.10.Y.M.IMP",9,"Brier",0.0440829291180035
"boys","MICE.10.Y.M.IMP",9,"Misclassification",0.0671140939597316
"boys","MICE.10.Y.M.IMP",9,"Calibration",0.0091836002589431
"boys","MICE.RF.10.IMP",9,"AUC",0.994594594594595
"boys","MICE.RF.10.IMP",9,"Brier",0.0333496369895729
"boys","MICE.RF.10.IMP",9,"Misclassification",0.0469798657718121
"boys","MICE.RF.10.IMP",9,"Calibration",0.0091885631640695
"boys","MICE.RF.10.Y.M.IMP",9,"AUC",0.994054054054054
"boys","MICE.RF.10.Y.M.IMP",9,"Brier",0.0340138785453059
"boys","MICE.RF.10.Y.M.IMP",9,"Misclassification",0.0536912751677853
"boys","MICE.RF.10.Y.M.IMP",9,"Calibration",0.00819093191699018
"boys","MICE.10.IMP.M",9,"AUC",0.98
"boys","MICE.10.IMP.M",9,"Brier",0.0474898574284057
"boys","MICE.10.IMP.M",9,"Misclassification",0.0604026845637584
"boys","MICE.10.IMP.M",9,"Calibration",0.00936532349850266
"boys","MICE.10.Y.M.IMP.M",9,"AUC",0.975675675675676
"boys","MICE.10.Y.M.IMP.M",9,"Brier",0.0545273315564268
"boys","MICE.10.Y.M.IMP.M",9,"Misclassification",0.0671140939597316
"boys","MICE.10.Y.M.IMP.M",9,"Calibration",0.0133249012682885
"boys","MICE.RF.10.IMP.M",9,"AUC",0.985945945945946
"boys","MICE.RF.10.IMP.M",9,"Brier",0.0448885302207247
"boys","MICE.RF.10.IMP.M",9,"Misclassification",0.0671140939597316
"boys","MICE.RF.10.IMP.M",9,"Calibration",0.00853506265920348
"boys","MICE.RF.10.Y.M.IMP.M",9,"AUC",0.984324324324324
"boys","MICE.RF.10.Y.M.IMP.M",9,"Brier",0.0449262144210649
"boys","MICE.RF.10.Y.M.IMP.M",9,"Misclassification",0.0671140939597316
"boys","MICE.RF.10.Y.M.IMP.M",9,"Calibration",0.00831174760525579
"boys","Mean.IMP",9,"AUC",0.994234234234234
"boys","Mean.IMP",9,"Brier",0.0308229989856457
"boys","Mean.IMP",9,"Misclassification",0.040268456375839
"boys","Mean.IMP",9,"Calibration",0.00668056796402003
"boys","Mean.IMP.M",9,"AUC",0.97009009009009
"boys","Mean.IMP.M",9,"Brier",0.0450306300082934
"boys","Mean.IMP.M",9,"Misclassification",0.0671140939597316
"boys","Mean.IMP.M",9,"Calibration",0.0108696784306844
"boys","05.IMP",9,"AUC",0.987747747747748
"boys","05.IMP",9,"Brier",0.0458827374847637
"boys","05.IMP",9,"Misclassification",0.0604026845637584
"boys","05.IMP",9,"Calibration",0.0103122676861059
"boys","05.IMP.M",9,"AUC",0.980540540540541
"boys","05.IMP.M",9,"Brier",0.039814564825687
"boys","05.IMP.M",9,"Misclassification",0.0604026845637584
"boys","05.IMP.M",9,"Calibration",0.00863847022677358
"boys","PbP",9,"AUC",0.966846846846847
"boys","PbP",9,"Brier",0.0585308804505936
"boys","PbP",9,"Misclassification",0.087248322147651
"boys","PbP",9,"Calibration",0.0203183839953521
"boys","SAEM",10,"AUC",0.993691420331651
"boys","SAEM",10,"Brier",0.0411658869860828
"boys","SAEM",10,"Misclassification",0.0536912751677853
"boys","SAEM",10,"Calibration",0.0167438139062916
"boys","MICE.10.IMP",10,"AUC",0.990266762797404
"boys","MICE.10.IMP",10,"Brier",0.0454891499492869
"boys","MICE.10.IMP",10,"Misclassification",0.0604026845637584
"boys","MICE.10.IMP",10,"Calibration",0.0113887983992709
"boys","MICE.10.Y.M.IMP",10,"AUC",0.990086517664023
"boys","MICE.10.Y.M.IMP",10,"Brier",0.0439789094107495
"boys","MICE.10.Y.M.IMP",10,"Misclassification",0.0671140939597316
"boys","MICE.10.Y.M.IMP",10,"Calibration",0.0106455760774162
"boys","MICE.RF.10.IMP",10,"AUC",0.989906272530642
"boys","MICE.RF.10.IMP",10,"Brier",0.0450942330536608
"boys","MICE.RF.10.IMP",10,"Misclassification",0.0604026845637584
"boys","MICE.RF.10.IMP",10,"Calibration",0.0104186178411328
"boys","MICE.RF.10.Y.M.IMP",10,"AUC",0.98972602739726
"boys","MICE.RF.10.Y.M.IMP",10,"Brier",0.0458170154286993
"boys","MICE.RF.10.Y.M.IMP",10,"Misclassification",0.0671140939597316
"boys","MICE.RF.10.Y.M.IMP",10,"Calibration",0.0121640911717482
"boys","MICE.10.IMP.M",10,"AUC",0.98972602739726
"boys","MICE.10.IMP.M",10,"Brier",0.0475578460642904
"boys","MICE.10.IMP.M",10,"Misclassification",0.0604026845637584
"boys","MICE.10.IMP.M",10,"Calibration",0.0137770854378922
"boys","MICE.10.Y.M.IMP.M",10,"AUC",0.987743330930065
"boys","MICE.10.Y.M.IMP.M",10,"Brier",0.0481660334474957
"boys","MICE.10.Y.M.IMP.M",10,"Misclassification",0.0671140939597316
"boys","MICE.10.Y.M.IMP.M",10,"Calibration",0.01173266815507
"boys","MICE.RF.10.IMP.M",10,"AUC",0.98972602739726
"boys","MICE.RF.10.IMP.M",10,"Brier",0.0458477343602646
"boys","MICE.RF.10.IMP.M",10,"Misclassification",0.0469798657718121
"boys","MICE.RF.10.IMP.M",10,"Calibration",0.01531740142172
"boys","MICE.RF.10.Y.M.IMP.M",10,"AUC",0.989906272530642
"boys","MICE.RF.10.Y.M.IMP.M",10,"Brier",0.0480442637645788
"boys","MICE.RF.10.Y.M.IMP.M",10,"Misclassification",0.0671140939597316
"boys","MICE.RF.10.Y.M.IMP.M",10,"Calibration",0.0155258872864708
"boys","Mean.IMP",10,"AUC",0.990447007930786
"boys","Mean.IMP",10,"Brier",0.0421177944599622
"boys","Mean.IMP",10,"Misclassification",0.0604026845637584
"boys","Mean.IMP",10,"Calibration",0.0116927385315506
"boys","Mean.IMP.M",10,"AUC",0.985760634462869
"boys","Mean.IMP.M",10,"Brier",0.0473777350220916
"boys","Mean.IMP.M",10,"Misclassification",0.0604026845637584
"boys","Mean.IMP.M",10,"Calibration",0.0125156917707866
"boys","05.IMP",10,"AUC",0.983958183129055
"boys","05.IMP",10,"Brier",0.0568410225263598
"boys","05.IMP",10,"Misclassification",0.0805369127516778
"boys","05.IMP",10,"Calibration",0.0137761455688654
"boys","05.IMP.M",10,"AUC",0.993330930064888
"boys","05.IMP.M",10,"Brier",0.0390514720546959
"boys","05.IMP.M",10,"Misclassification",0.0536912751677853
"boys","05.IMP.M",10,"Calibration",0.0132125458801993
"boys","PbP",10,"AUC",0.979181687094448
"boys","PbP",10,"Brier",0.0549631910378156
"boys","PbP",10,"Misclassification",0.0604026845637584
"boys","PbP",10,"Calibration",0.0163407882485029
"boys","SAEM",11,"AUC",0.995315315315315
"boys","SAEM",11,"Brier",0.028704123046189
"boys","SAEM",11,"Misclassification",0.0268456375838926
"boys","SAEM",11,"Calibration",0.0132162552093279
"boys","MICE.10.IMP",11,"AUC",0.992072072072072
"boys","MICE.10.IMP",11,"Brier",0.0355324964896211
"boys","MICE.10.IMP",11,"Misclassification",0.0536912751677853
"boys","MICE.10.IMP",11,"Calibration",0.00700900655673516
"boys","MICE.10.Y.M.IMP",11,"AUC",0.992252252252252
"boys","MICE.10.Y.M.IMP",11,"Brier",0.0352700763706255
"boys","MICE.10.Y.M.IMP",11,"Misclassification",0.0469798657718121
"boys","MICE.10.Y.M.IMP",11,"Calibration",0.00994249567391727
"boys","MICE.RF.10.IMP",11,"AUC",0.992612612612613
"boys","MICE.RF.10.IMP",11,"Brier",0.0360891206421599
"boys","MICE.RF.10.IMP",11,"Misclassification",0.0604026845637584
"boys","MICE.RF.10.IMP",11,"Calibration",0.00944998796275872
"boys","MICE.RF.10.Y.M.IMP",11,"AUC",0.992972972972973
"boys","MICE.RF.10.Y.M.IMP",11,"Brier",0.0344123495066531
"boys","MICE.RF.10.Y.M.IMP",11,"Misclassification",0.040268456375839
"boys","MICE.RF.10.Y.M.IMP",11,"Calibration",0.00644814369009833
"boys","MICE.10.IMP.M",11,"AUC",0.991351351351351
"boys","MICE.10.IMP.M",11,"Brier",0.0376684699932806
"boys","MICE.10.IMP.M",11,"Misclassification",0.0536912751677853
"boys","MICE.10.IMP.M",11,"Calibration",0.0065722731252716
"boys","MICE.10.Y.M.IMP.M",11,"AUC",0.991531531531532
"boys","MICE.10.Y.M.IMP.M",11,"Brier",0.0391007607359046
"boys","MICE.10.Y.M.IMP.M",11,"Misclassification",0.0536912751677853
"boys","MICE.10.Y.M.IMP.M",11,"Calibration",0.0095705593936227
"boys","MICE.RF.10.IMP.M",11,"AUC",0.992072072072072
"boys","MICE.RF.10.IMP.M",11,"Brier",0.0358712403137782
"boys","MICE.RF.10.IMP.M",11,"Misclassification",0.0536912751677853
"boys","MICE.RF.10.IMP.M",11,"Calibration",0.00645289579476253
"boys","MICE.RF.10.Y.M.IMP.M",11,"AUC",0.991171171171171
"boys","MICE.RF.10.Y.M.IMP.M",11,"Brier",0.0371011299344047
"boys","MICE.RF.10.Y.M.IMP.M",11,"Misclassification",0.0536912751677853
"boys","MICE.RF.10.Y.M.IMP.M",11,"Calibration",0.00710316369482774
"boys","Mean.IMP",11,"AUC",0.992432432432432
"boys","Mean.IMP",11,"Brier",0.0343680458612059
"boys","Mean.IMP",11,"Misclassification",0.0335570469798657
"boys","Mean.IMP",11,"Calibration",0.0094399538190199
"boys","Mean.IMP.M",11,"AUC",0.986666666666667
"boys","Mean.IMP.M",11,"Brier",0.041560987780498
"boys","Mean.IMP.M",11,"Misclassification",0.0469798657718121
"boys","Mean.IMP.M",11,"Calibration",0.00920138243431549
"boys","05.IMP",11,"AUC",0.987027027027027
"boys","05.IMP",11,"Brier",0.041393375653442
"boys","05.IMP",11,"Misclassification",0.040268456375839
"boys","05.IMP",11,"Calibration",0.00943960980705868
"boys","05.IMP.M",11,"AUC",0.994774774774775
"boys","05.IMP.M",11,"Brier",0.0273284524854164
"boys","05.IMP.M",11,"Misclassification",0.0201342281879194
"boys","05.IMP.M",11,"Calibration",0.0109693920827318
"boys","PbP",11,"AUC",0.983243243243243
"boys","PbP",11,"Brier",0.0395418119791151
"boys","PbP",11,"Misclassification",0.0536912751677853
"boys","PbP",11,"Calibration",0.00608346219624895
"boys","SAEM",12,"AUC",0.996875
"boys","SAEM",12,"Brier",0.0222567947682115
"boys","SAEM",12,"Misclassification",0.0268456375838926
"boys","SAEM",12,"Calibration",0.00469527351541504
"boys","MICE.10.IMP",12,"AUC",0.994669117647059
"boys","MICE.10.IMP",12,"Brier",0.0314954267630921
"boys","MICE.10.IMP",12,"Misclassification",0.0469798657718121
"boys","MICE.10.IMP",12,"Calibration",0.00766992340738743
"boys","MICE.10.Y.M.IMP",12,"AUC",0.991911764705882
"boys","MICE.10.Y.M.IMP",12,"Brier",0.0367561527991382
"boys","MICE.10.Y.M.IMP",12,"Misclassification",0.0536912751677853
"boys","MICE.10.Y.M.IMP",12,"Calibration",0.00677852416379148
"boys","MICE.RF.10.IMP",12,"AUC",0.995220588235294
"boys","MICE.RF.10.IMP",12,"Brier",0.030060896124708
"boys","MICE.RF.10.IMP",12,"Misclassification",0.0469798657718121
"boys","MICE.RF.10.IMP",12,"Calibration",0.00824881558779527
"boys","MICE.RF.10.Y.M.IMP",12,"AUC",0.994117647058824
"boys","MICE.RF.10.Y.M.IMP",12,"Brier",0.0319052964001912
"boys","MICE.RF.10.Y.M.IMP",12,"Misclassification",0.0604026845637584
"boys","MICE.RF.10.Y.M.IMP",12,"Calibration",0.0090944942269729
"boys","MICE.10.IMP.M",12,"AUC",0.992830882352941
"boys","MICE.10.IMP.M",12,"Brier",0.036465302145223
"boys","MICE.10.IMP.M",12,"Misclassification",0.0536912751677853
"boys","MICE.10.IMP.M",12,"Calibration",0.00911630885663238
"boys","MICE.10.Y.M.IMP.M",12,"AUC",0.988786764705882
"boys","MICE.10.Y.M.IMP.M",12,"Brier",0.0426808476265919
"boys","MICE.10.Y.M.IMP.M",12,"Misclassification",0.0536912751677853
"boys","MICE.10.Y.M.IMP.M",12,"Calibration",0.0080357388204093
"boys","MICE.RF.10.IMP.M",12,"AUC",0.992830882352941
"boys","MICE.RF.10.IMP.M",12,"Brier",0.0366024657293492
"boys","MICE.RF.10.IMP.M",12,"Misclassification",0.0536912751677853
"boys","MICE.RF.10.IMP.M",12,"Calibration",0.00815887352736772
"boys","MICE.RF.10.Y.M.IMP.M",12,"AUC",0.992830882352941
"boys","MICE.RF.10.Y.M.IMP.M",12,"Brier",0.0376015546194413
"boys","MICE.RF.10.Y.M.IMP.M",12,"Misclassification",0.0536912751677853
"boys","MICE.RF.10.Y.M.IMP.M",12,"Calibration",0.00930177833308786
"boys","Mean.IMP",12,"AUC",0.992830882352941
"boys","Mean.IMP",12,"Brier",0.0363570878575348
"boys","Mean.IMP",12,"Misclassification",0.0536912751677853
"boys","Mean.IMP",12,"Calibration",0.00797741384027686
"boys","Mean.IMP.M",12,"AUC",0.990808823529412
"boys","Mean.IMP.M",12,"Brier",0.0403906127780418
"boys","Mean.IMP.M",12,"Misclassification",0.0536912751677853
"boys","Mean.IMP.M",12,"Calibration",0.00968083039040707
"boys","05.IMP",12,"AUC",0.990625
"boys","05.IMP",12,"Brier",0.0389610692451952
"boys","05.IMP",12,"Misclassification",0.0536912751677853
"boys","05.IMP",12,"Calibration",0.00661314125968337
"boys","05.IMP.M",12,"AUC",0.995772058823529
"boys","05.IMP.M",12,"Brier",0.0256283698691105
"boys","05.IMP.M",12,"Misclassification",0.0268456375838926
"boys","05.IMP.M",12,"Calibration",0.00616528262078832
"boys","PbP",12,"AUC",0.989246323529412
"boys","PbP",12,"Brier",0.0458642012562818
"boys","PbP",12,"Misclassification",0.0805369127516778
"boys","PbP",12,"Calibration",0.0112316078988562
"boys","SAEM",13,"AUC",0.991341991341991
"boys","SAEM",13,"Brier",0.0392926366824572
"boys","SAEM",13,"Misclassification",0.0604026845637584
"boys","SAEM",13,"Calibration",0.00921913077002514
"boys","MICE.10.IMP",13,"AUC",0.99025974025974
"boys","MICE.10.IMP",13,"Brier",0.0406450188406838
"boys","MICE.10.IMP",13,"Misclassification",0.0604026845637584
"boys","MICE.10.IMP",13,"Calibration",0.00948490378795128
"boys","MICE.10.Y.M.IMP",13,"AUC",0.989538239538239
"boys","MICE.10.Y.M.IMP",13,"Brier",0.0407610010062184
"boys","MICE.10.Y.M.IMP",13,"Misclassification",0.0469798657718121
"boys","MICE.10.Y.M.IMP",13,"Calibration",0.0100642927927317
"boys","MICE.RF.10.IMP",13,"AUC",0.99025974025974
"boys","MICE.RF.10.IMP",13,"Brier",0.0418585959556581
"boys","MICE.RF.10.IMP",13,"Misclassification",0.0604026845637584
"boys","MICE.RF.10.IMP",13,"Calibration",0.00959807124546898
"boys","MICE.RF.10.Y.M.IMP",13,"AUC",0.989538239538239
"boys","MICE.RF.10.Y.M.IMP",13,"Brier",0.0406159684999096
"boys","MICE.RF.10.Y.M.IMP",13,"Misclassification",0.0536912751677853
"boys","MICE.RF.10.Y.M.IMP",13,"Calibration",0.00858927036582893
"boys","MICE.10.IMP.M",13,"AUC",0.98538961038961
"boys","MICE.10.IMP.M",13,"Brier",0.0512389602135347
"boys","MICE.10.IMP.M",13,"Misclassification",0.0604026845637584
"boys","MICE.10.IMP.M",13,"Calibration",0.0119797383333308
"boys","MICE.10.Y.M.IMP.M",13,"AUC",0.987012987012987
"boys","MICE.10.Y.M.IMP.M",13,"Brier",0.0480533713396417
"boys","MICE.10.Y.M.IMP.M",13,"Misclassification",0.0604026845637584
"boys","MICE.10.Y.M.IMP.M",13,"Calibration",0.0113270477005664
"boys","MICE.RF.10.IMP.M",13,"AUC",0.986291486291486
"boys","MICE.RF.10.IMP.M",13,"Brier",0.048188476364668
"boys","MICE.RF.10.IMP.M",13,"Misclassification",0.0671140939597316
"boys","MICE.RF.10.IMP.M",13,"Calibration",0.0118095867978589
"boys","MICE.RF.10.Y.M.IMP.M",13,"AUC",0.986291486291486
"boys","MICE.RF.10.Y.M.IMP.M",13,"Brier",0.0500153110850295
"boys","MICE.RF.10.Y.M.IMP.M",13,"Misclassification",0.0671140939597316
"boys","MICE.RF.10.Y.M.IMP.M",13,"Calibration",0.013159921880647
"boys","Mean.IMP",13,"AUC",0.990440115440115
"boys","Mean.IMP",13,"Brier",0.0438191385522403
"boys","Mean.IMP",13,"Misclassification",0.0604026845637584
"boys","Mean.IMP",13,"Calibration",0.0111569461585043
"boys","Mean.IMP.M",13,"AUC",0.987914862914863
"boys","Mean.IMP.M",13,"Brier",0.050162506290782
"boys","Mean.IMP.M",13,"Misclassification",0.0604026845637584
"boys","Mean.IMP.M",13,"Calibration",0.0158158817349194
"boys","05.IMP",13,"AUC",0.983946608946609
"boys","05.IMP",13,"Brier",0.0510749197020782
"boys","05.IMP",13,"Misclassification",0.0805369127516778
"boys","05.IMP",13,"Calibration",0.00962565896634626
"boys","05.IMP.M",13,"AUC",0.990800865800866
"boys","05.IMP.M",13,"Brier",0.0437231669315918
"boys","05.IMP.M",13,"Misclassification",0.0671140939597316
"boys","05.IMP.M",13,"Calibration",0.011725336276043
"boys","PbP",13,"AUC",0.980429292929293
"boys","PbP",13,"Brier",0.0551723593974725
"boys","PbP",13,"Misclassification",0.0805369127516778
"boys","PbP",13,"Calibration",0.0135595965845518
"boys","SAEM",14,"AUC",0.989365537130497
"boys","SAEM",14,"Brier",0.0455259603567156
"boys","SAEM",14,"Misclassification",0.0671140939597316
"boys","SAEM",14,"Calibration",0.0114096292605187
"boys","MICE.10.IMP",14,"AUC",0.984138428262437
"boys","MICE.10.IMP",14,"Brier",0.0568263458290649
"boys","MICE.10.IMP",14,"Misclassification",0.0738255033557047
"boys","MICE.10.IMP",14,"Calibration",0.0144326098111678
"boys","MICE.10.Y.M.IMP",14,"AUC",0.980353280461428
"boys","MICE.10.Y.M.IMP",14,"Brier",0.0661705170543554
"boys","MICE.10.Y.M.IMP",14,"Misclassification",0.100671140939597
"boys","MICE.10.Y.M.IMP",14,"Calibration",0.0168518267960678
"boys","MICE.RF.10.IMP",14,"AUC",0.983958183129055
"boys","MICE.RF.10.IMP",14,"Brier",0.058012797523304
"boys","MICE.RF.10.IMP",14,"Misclassification",0.0805369127516778
"boys","MICE.RF.10.IMP",14,"Calibration",0.0149479205658096
"boys","MICE.RF.10.Y.M.IMP",14,"AUC",0.983777937995674
"boys","MICE.RF.10.Y.M.IMP",14,"Brier",0.0558739903640539
"boys","MICE.RF.10.Y.M.IMP",14,"Misclassification",0.0805369127516778
"boys","MICE.RF.10.Y.M.IMP",14,"Calibration",0.0135361827577899
"boys","MICE.10.IMP.M",14,"AUC",0.984138428262437
"boys","MICE.10.IMP.M",14,"Brier",0.0582410633094631
"boys","MICE.10.IMP.M",14,"Misclassification",0.0805369127516778
"boys","MICE.10.IMP.M",14,"Calibration",0.0149791052824044
"boys","MICE.10.Y.M.IMP.M",14,"AUC",0.980894015861572
"boys","MICE.10.Y.M.IMP.M",14,"Brier",0.0648492533465414
"boys","MICE.10.Y.M.IMP.M",14,"Misclassification",0.087248322147651
"boys","MICE.10.Y.M.IMP.M",14,"Calibration",0.0159405623533656
"boys","MICE.RF.10.IMP.M",14,"AUC",0.985580389329488
"boys","MICE.RF.10.IMP.M",14,"Brier",0.0568462464516861
"boys","MICE.RF.10.IMP.M",14,"Misclassification",0.0805369127516778
"boys","MICE.RF.10.IMP.M",14,"Calibration",0.018133132570787
"boys","MICE.RF.10.Y.M.IMP.M",14,"AUC",0.985580389329488
"boys","MICE.RF.10.Y.M.IMP.M",14,"Brier",0.0555203831795234
"boys","MICE.RF.10.Y.M.IMP.M",14,"Misclassification",0.0738255033557047
"boys","MICE.RF.10.Y.M.IMP.M",14,"Calibration",0.0194465576761677
"boys","Mean.IMP",14,"AUC",0.983958183129055
"boys","Mean.IMP",14,"Brier",0.0604168209807491
"boys","Mean.IMP",14,"Misclassification",0.087248322147651
"boys","Mean.IMP",14,"Calibration",0.0178494889838869
"boys","Mean.IMP.M",14,"AUC",0.984138428262437
"boys","Mean.IMP.M",14,"Brier",0.0653796125420054
"boys","Mean.IMP.M",14,"Misclassification",0.0939597315436241
"boys","Mean.IMP.M",14,"Calibration",0.0237688742869719
"boys","05.IMP",14,"AUC",0.985940879596251
"boys","05.IMP",14,"Brier",0.0492999249719444
"boys","05.IMP",14,"Misclassification",0.0738255033557047
"boys","05.IMP",14,"Calibration",0.010000894397746
"boys","05.IMP.M",14,"AUC",0.991348233597693
"boys","05.IMP.M",14,"Brier",0.0429094467175238
"boys","05.IMP.M",14,"Misclassification",0.0536912751677853
"boys","05.IMP.M",14,"Calibration",0.012931818082177
"boys","PbP",14,"AUC",0.976928622927181
"boys","PbP",14,"Brier",0.0733464946815647
"boys","PbP",14,"Misclassification",0.100671140939597
"boys","PbP",14,"Calibration",0.0245157990330028
"boys","SAEM",15,"AUC",0.985507246376812
"boys","SAEM",15,"Brier",0.0481220944500729
"boys","SAEM",15,"Misclassification",0.0671140939597316
"boys","SAEM",15,"Calibration",0.012834210310193
"boys","MICE.10.IMP",15,"AUC",0.982065217391304
"boys","MICE.10.IMP",15,"Brier",0.0551711694846974
"boys","MICE.10.IMP",15,"Misclassification",0.0738255033557047
"boys","MICE.10.IMP",15,"Calibration",0.0113703923741358
"boys","MICE.10.Y.M.IMP",15,"AUC",0.984057971014493
"boys","MICE.10.Y.M.IMP",15,"Brier",0.0530305911929597
"boys","MICE.10.Y.M.IMP",15,"Misclassification",0.0671140939597316
"boys","MICE.10.Y.M.IMP",15,"Calibration",0.0123749381211992
"boys","MICE.RF.10.IMP",15,"AUC",0.9875
"boys","MICE.RF.10.IMP",15,"Brier",0.0471914869022117
"boys","MICE.RF.10.IMP",15,"Misclassification",0.0738255033557047
"boys","MICE.RF.10.IMP",15,"Calibration",0.0125158716896837
"boys","MICE.RF.10.Y.M.IMP",15,"AUC",0.989130434782609
"boys","MICE.RF.10.Y.M.IMP",15,"Brier",0.0442063333584215
"boys","MICE.RF.10.Y.M.IMP",15,"Misclassification",0.0604026845637584
"boys","MICE.RF.10.Y.M.IMP",15,"Calibration",0.011608059149409
"boys","MICE.10.IMP.M",15,"AUC",0.975905797101449
"boys","MICE.10.IMP.M",15,"Brier",0.0493091840000505
"boys","MICE.10.IMP.M",15,"Misclassification",0.0671140939597316
"boys","MICE.10.IMP.M",15,"Calibration",0.00870705303277341
"boys","MICE.10.Y.M.IMP.M",15,"AUC",0.97481884057971
"boys","MICE.10.Y.M.IMP.M",15,"Brier",0.0489587895562216
"boys","MICE.10.Y.M.IMP.M",15,"Misclassification",0.0604026845637584
"boys","MICE.10.Y.M.IMP.M",15,"Calibration",0.010483899484479
"boys","MICE.RF.10.IMP.M",15,"AUC",0.976086956521739
"boys","MICE.RF.10.IMP.M",15,"Brier",0.0520391683209744
"boys","MICE.RF.10.IMP.M",15,"Misclassification",0.0738255033557047
"boys","MICE.RF.10.IMP.M",15,"Calibration",0.0138081040831987
"boys","MICE.RF.10.Y.M.IMP.M",15,"AUC",0.973369565217391
"boys","MICE.RF.10.Y.M.IMP.M",15,"Brier",0.0537137723878281
"boys","MICE.RF.10.Y.M.IMP.M",15,"Misclassification",0.0671140939597316
"boys","MICE.RF.10.Y.M.IMP.M",15,"Calibration",0.00890733412144411
"boys","Mean.IMP",15,"AUC",0.9875
"boys","Mean.IMP",15,"Brier",0.0469645121854582
"boys","Mean.IMP",15,"Misclassification",0.0536912751677853
"boys","Mean.IMP",15,"Calibration",0.0119693060493125
"boys","Mean.IMP.M",15,"AUC",0.965942028985507
"boys","Mean.IMP.M",15,"Brier",0.0544940549961298
"boys","Mean.IMP.M",15,"Misclassification",0.0738255033557047
"boys","Mean.IMP.M",15,"Calibration",0.0113099863417124
"boys","05.IMP",15,"AUC",0.971920289855073
"boys","05.IMP",15,"Brier",0.0522250684628733
"boys","05.IMP",15,"Misclassification",0.0738255033557047
"boys","05.IMP",15,"Calibration",0.00837719374251535
"boys","05.IMP.M",15,"AUC",0.985688405797101
"boys","05.IMP.M",15,"Brier",0.0482182370010647
"boys","05.IMP.M",15,"Misclassification",0.0604026845637584
"boys","05.IMP.M",15,"Calibration",0.0100191318556508
"boys","PbP",15,"AUC",0.958605072463768
"boys","PbP",15,"Brier",0.065279499963434
"boys","PbP",15,"Misclassification",0.0805369127516778
"boys","PbP",15,"Calibration",0.0160133298918948
"colic","SAEM",1,"AUC",0.896470588235294
"colic","SAEM",1,"Brier",0.139298055532079
"colic","SAEM",1,"Misclassification",0.169491525423729
"colic","SAEM",1,"Calibration",0.0311096337843357
"colic","MICE.10.IMP",1,"AUC",0.894117647058823
"colic","MICE.10.IMP",1,"Brier",0.129111603135053
"colic","MICE.10.IMP",1,"Misclassification",0.203389830508475
"colic","MICE.10.IMP",1,"Calibration",0.0274477302847395
"colic","MICE.10.Y.M.IMP",1,"AUC",0.909411764705882
"colic","MICE.10.Y.M.IMP",1,"Brier",0.131009128311702
"colic","MICE.10.Y.M.IMP",1,"Misclassification",0.220338983050847
"colic","MICE.10.Y.M.IMP",1,"Calibration",0.0389484681868133
"colic","MICE.RF.10.IMP",1,"AUC",0.934117647058823
"colic","MICE.RF.10.IMP",1,"Brier",0.111901117557927
"colic","MICE.RF.10.IMP",1,"Misclassification",0.152542372881356
"colic","MICE.RF.10.IMP",1,"Calibration",0.0295766623521154
"colic","MICE.RF.10.Y.M.IMP",1,"AUC",0.907058823529412
"colic","MICE.RF.10.Y.M.IMP",1,"Brier",0.123814277721276
"colic","MICE.RF.10.Y.M.IMP",1,"Misclassification",0.203389830508475
"colic","MICE.RF.10.Y.M.IMP",1,"Calibration",0.0227650444686529
"colic","MICE.10.IMP.M",1,"AUC",0.848235294117647
"colic","MICE.10.IMP.M",1,"Brier",0.159086246220022
"colic","MICE.10.IMP.M",1,"Misclassification",0.23728813559322
"colic","MICE.10.IMP.M",1,"Calibration",0.0314497113800976
"colic","MICE.10.Y.M.IMP.M",1,"AUC",0.838823529411765
"colic","MICE.10.Y.M.IMP.M",1,"Brier",0.176624821258203
"colic","MICE.10.Y.M.IMP.M",1,"Misclassification",0.254237288135593
"colic","MICE.10.Y.M.IMP.M",1,"Calibration",0.0395058750664751
"colic","MICE.RF.10.IMP.M",1,"AUC",0.824705882352941
"colic","MICE.RF.10.IMP.M",1,"Brier",0.178498458204712
"colic","MICE.RF.10.IMP.M",1,"Misclassification",0.254237288135593
"colic","MICE.RF.10.IMP.M",1,"Calibration",0.0324996829686488
"colic","MICE.RF.10.Y.M.IMP.M",1,"AUC",0.824705882352941
"colic","MICE.RF.10.Y.M.IMP.M",1,"Brier",0.169425321340671
"colic","MICE.RF.10.Y.M.IMP.M",1,"Misclassification",0.23728813559322
"colic","MICE.RF.10.Y.M.IMP.M",1,"Calibration",0.0276174117361514
"colic","Mean.IMP",1,"AUC",0.896470588235294
"colic","Mean.IMP",1,"Brier",0.129544085206724
"colic","Mean.IMP",1,"Misclassification",0.186440677966102
"colic","Mean.IMP",1,"Calibration",0.0198001568187278
"colic","Mean.IMP.M",1,"AUC",0.84
"colic","Mean.IMP.M",1,"Brier",0.183626522585307
"colic","Mean.IMP.M",1,"Misclassification",0.288135593220339
"colic","Mean.IMP.M",1,"Calibration",0.0492413010569102
"colic","05.IMP",1,"AUC",0.842352941176471
"colic","05.IMP",1,"Brier",0.177964756570952
"colic","05.IMP",1,"Misclassification",0.169491525423729
"colic","05.IMP",1,"Calibration",0.0536709712602179
"colic","05.IMP.M",1,"AUC",0.908235294117647
"colic","05.IMP.M",1,"Brier",0.128365371459934
"colic","05.IMP.M",1,"Misclassification",0.152542372881356
"colic","05.IMP.M",1,"Calibration",0.0290581344408321
"colic","PbP",1,"AUC",0.522941176470588
"colic","PbP",1,"Brier",0.294915254154527
"colic","PbP",1,"Misclassification",0.457627118644068
"colic","PbP",1,"Calibration",0.0554669324529654
"colic","SAEM",2,"AUC",0.731481481481482
"colic","SAEM",2,"Brier",0.213593620439804
"colic","SAEM",2,"Misclassification",0.305084745762712
"colic","SAEM",2,"Calibration",0.0278246107301159
"colic","MICE.10.IMP",2,"AUC",0.80787037037037
"colic","MICE.10.IMP",2,"Brier",0.175844071994299
"colic","MICE.10.IMP",2,"Misclassification",0.288135593220339
"colic","MICE.10.IMP",2,"Calibration",0.0332808197221304
"colic","MICE.10.Y.M.IMP",2,"AUC",0.753472222222222
"colic","MICE.10.Y.M.IMP",2,"Brier",0.205931508399437
"colic","MICE.10.Y.M.IMP",2,"Misclassification",0.305084745762712
"colic","MICE.10.Y.M.IMP",2,"Calibration",0.0358085439594241
"colic","MICE.RF.10.IMP",2,"AUC",0.766203703703704
"colic","MICE.RF.10.IMP",2,"Brier",0.207290380538117
"colic","MICE.RF.10.IMP",2,"Misclassification",0.355932203389831
"colic","MICE.RF.10.IMP",2,"Calibration",0.0449261910552838
"colic","MICE.RF.10.Y.M.IMP",2,"AUC",0.792824074074074
"colic","MICE.RF.10.Y.M.IMP",2,"Brier",0.194499878244508
"colic","MICE.RF.10.Y.M.IMP",2,"Misclassification",0.338983050847458
"colic","MICE.RF.10.Y.M.IMP",2,"Calibration",0.0382324168923008
"colic","MICE.10.IMP.M",2,"AUC",0.768518518518518
"colic","MICE.10.IMP.M",2,"Brier",0.200512811351551
"colic","MICE.10.IMP.M",2,"Misclassification",0.322033898305085
"colic","MICE.10.IMP.M",2,"Calibration",0.0310212859278223
"colic","MICE.10.Y.M.IMP.M",2,"AUC",0.738425925925926
"colic","MICE.10.Y.M.IMP.M",2,"Brier",0.208282501775376
"colic","MICE.10.Y.M.IMP.M",2,"Misclassification",0.288135593220339
"colic","MICE.10.Y.M.IMP.M",2,"Calibration",0.0353607907180721
"colic","MICE.RF.10.IMP.M",2,"AUC",0.751157407407407
"colic","MICE.RF.10.IMP.M",2,"Brier",0.20561442126153
"colic","MICE.RF.10.IMP.M",2,"Misclassification",0.288135593220339
"colic","MICE.RF.10.IMP.M",2,"Calibration",0.0283396665782111
"colic","MICE.RF.10.Y.M.IMP.M",2,"AUC",0.768518518518518
"colic","MICE.RF.10.Y.M.IMP.M",2,"Brier",0.211020654799206
"colic","MICE.RF.10.Y.M.IMP.M",2,"Misclassification",0.322033898305085
"colic","MICE.RF.10.Y.M.IMP.M",2,"Calibration",0.051112766077758
"colic","Mean.IMP",2,"AUC",0.765046296296296
"colic","Mean.IMP",2,"Brier",0.213924002281906
"colic","Mean.IMP",2,"Misclassification",0.322033898305085
"colic","Mean.IMP",2,"Calibration",0.0491958520497413
"colic","Mean.IMP.M",2,"AUC",0.716435185185185
"colic","Mean.IMP.M",2,"Brier",0.240940783298744
"colic","Mean.IMP.M",2,"Misclassification",0.355932203389831
"colic","Mean.IMP.M",2,"Calibration",0.0534022624975113
"colic","05.IMP",2,"AUC",0.690972222222222
"colic","05.IMP",2,"Brier",0.224429558494383
"colic","05.IMP",2,"Misclassification",0.338983050847458
"colic","05.IMP",2,"Calibration",0.0240132635196584
"colic","05.IMP.M",2,"AUC",0.71412037037037
"colic","05.IMP.M",2,"Brier",0.222310888937341
"colic","05.IMP.M",2,"Misclassification",0.305084745762712
"colic","05.IMP.M",2,"Calibration",0.0326178136510454
"colic","PbP",2,"AUC",0.537615740740741
"colic","PbP",2,"Brier",0.266950322028293
"colic","PbP",2,"Misclassification",0.440677966101695
"colic","PbP",2,"Calibration",0.0273861573793823
"colic","SAEM",3,"AUC",0.85024154589372
"colic","SAEM",3,"Brier",0.15269629867176
"colic","SAEM",3,"Misclassification",0.152542372881356
"colic","SAEM",3,"Calibration",0.0332890234214877
"colic","MICE.10.IMP",3,"AUC",0.781400966183575
"colic","MICE.10.IMP",3,"Brier",0.182901065922236
"colic","MICE.10.IMP",3,"Misclassification",0.322033898305085
"colic","MICE.10.IMP",3,"Calibration",0.0281147321381131
"colic","MICE.10.Y.M.IMP",3,"AUC",0.845410628019324
"colic","MICE.10.Y.M.IMP",3,"Brier",0.152054511365167
"colic","MICE.10.Y.M.IMP",3,"Misclassification",0.220338983050847
"colic","MICE.10.Y.M.IMP",3,"Calibration",0.0213846162884927
"colic","MICE.RF.10.IMP",3,"AUC",0.786231884057971
"colic","MICE.RF.10.IMP",3,"Brier",0.186786594808359
"colic","MICE.RF.10.IMP",3,"Misclassification",0.322033898305085
"colic","MICE.RF.10.IMP",3,"Calibration",0.0322821732903047
"colic","MICE.RF.10.Y.M.IMP",3,"AUC",0.800724637681159
"colic","MICE.RF.10.Y.M.IMP",3,"Brier",0.177118291423591
"colic","MICE.RF.10.Y.M.IMP",3,"Misclassification",0.288135593220339
"colic","MICE.RF.10.Y.M.IMP",3,"Calibration",0.0240109467908225
"colic","MICE.10.IMP.M",3,"AUC",0.763285024154589
"colic","MICE.10.IMP.M",3,"Brier",0.205770815415573
"colic","MICE.10.IMP.M",3,"Misclassification",0.254237288135593
"colic","MICE.10.IMP.M",3,"Calibration",0.0338243532148733
"colic","MICE.10.Y.M.IMP.M",3,"AUC",0.743961352657005
"colic","MICE.10.Y.M.IMP.M",3,"Brier",0.225150034076702
"colic","MICE.10.Y.M.IMP.M",3,"Misclassification",0.305084745762712
"colic","MICE.10.Y.M.IMP.M",3,"Calibration",0.0452493321421021
"colic","MICE.RF.10.IMP.M",3,"AUC",0.746376811594203
"colic","MICE.RF.10.IMP.M",3,"Brier",0.220521588348466
"colic","MICE.RF.10.IMP.M",3,"Misclassification",0.288135593220339
"colic","MICE.RF.10.IMP.M",3,"Calibration",0.0411447034631064
"colic","MICE.RF.10.Y.M.IMP.M",3,"AUC",0.75
"colic","MICE.RF.10.Y.M.IMP.M",3,"Brier",0.212446846358612
"colic","MICE.RF.10.Y.M.IMP.M",3,"Misclassification",0.305084745762712
"colic","MICE.RF.10.Y.M.IMP.M",3,"Calibration",0.044834162432369
"colic","Mean.IMP",3,"AUC",0.756038647342995
"colic","Mean.IMP",3,"Brier",0.21859634774414
"colic","Mean.IMP",3,"Misclassification",0.338983050847458
"colic","Mean.IMP",3,"Calibration",0.0543464027738564
"colic","Mean.IMP.M",3,"AUC",0.734299516908213
"colic","Mean.IMP.M",3,"Brier",0.248266307594976
"colic","Mean.IMP.M",3,"Misclassification",0.389830508474576
"colic","Mean.IMP.M",3,"Calibration",0.070239673212409
"colic","05.IMP",3,"AUC",0.781400966183575
"colic","05.IMP",3,"Brier",0.184209769588499
"colic","05.IMP",3,"Misclassification",0.271186440677966
"colic","05.IMP",3,"Calibration",0.0231243390115429
"colic","05.IMP.M",3,"AUC",0.82487922705314
"colic","05.IMP.M",3,"Brier",0.168207245922415
"colic","05.IMP.M",3,"Misclassification",0.203389830508475
"colic","05.IMP.M",3,"Calibration",0.0280832456289236
"colic","PbP",3,"AUC",0.571256038647343
"colic","PbP",3,"Brier",0.251456969862649
"colic","PbP",3,"Misclassification",0.389830508474576
"colic","PbP",3,"Calibration",0.0277281563033266
"colic","SAEM",4,"AUC",0.867321867321867
"colic","SAEM",4,"Brier",0.148443433182321
"colic","SAEM",4,"Misclassification",0.23728813559322
"colic","SAEM",4,"Calibration",0.0288342053103811
"colic","MICE.10.IMP",4,"AUC",0.848894348894349
"colic","MICE.10.IMP",4,"Brier",0.147114753192612
"colic","MICE.10.IMP",4,"Misclassification",0.203389830508475
"colic","MICE.10.IMP",4,"Calibration",0.0225958287628939
"colic","MICE.10.Y.M.IMP",4,"AUC",0.829238329238329
"colic","MICE.10.Y.M.IMP",4,"Brier",0.15130807530741
"colic","MICE.10.Y.M.IMP",4,"Misclassification",0.254237288135593
"colic","MICE.10.Y.M.IMP",4,"Calibration",0.0232115328040876
"colic","MICE.RF.10.IMP",4,"AUC",0.792383292383292
"colic","MICE.RF.10.IMP",4,"Brier",0.183473448287124
"colic","MICE.RF.10.IMP",4,"Misclassification",0.23728813559322
"colic","MICE.RF.10.IMP",4,"Calibration",0.0298213094654939
"colic","MICE.RF.10.Y.M.IMP",4,"AUC",0.807125307125307
"colic","MICE.RF.10.Y.M.IMP",4,"Brier",0.177286885232115
"colic","MICE.RF.10.Y.M.IMP",4,"Misclassification",0.271186440677966
"colic","MICE.RF.10.Y.M.IMP",4,"Calibration",0.0332276487999976
"colic","MICE.10.IMP.M",4,"AUC",0.823095823095823
"colic","MICE.10.IMP.M",4,"Brier",0.173332561416616
"colic","MICE.10.IMP.M",4,"Misclassification",0.288135593220339
"colic","MICE.10.IMP.M",4,"Calibration",0.0380621820784404
"colic","MICE.10.Y.M.IMP.M",4,"AUC",0.80958230958231
"colic","MICE.10.Y.M.IMP.M",4,"Brier",0.166892179338742
"colic","MICE.10.Y.M.IMP.M",4,"Misclassification",0.254237288135593
"colic","MICE.10.Y.M.IMP.M",4,"Calibration",0.0277965435408222
"colic","MICE.RF.10.IMP.M",4,"AUC",0.762899262899263
"colic","MICE.RF.10.IMP.M",4,"Brier",0.214520013105175
"colic","MICE.RF.10.IMP.M",4,"Misclassification",0.305084745762712
"colic","MICE.RF.10.IMP.M",4,"Calibration",0.0420582317824766
"colic","MICE.RF.10.Y.M.IMP.M",4,"AUC",0.764127764127764
"colic","MICE.RF.10.Y.M.IMP.M",4,"Brier",0.20507374348339
"colic","MICE.RF.10.Y.M.IMP.M",4,"Misclassification",0.271186440677966
"colic","MICE.RF.10.Y.M.IMP.M",4,"Calibration",0.0427033150860419
"colic","Mean.IMP",4,"AUC",0.772727272727273
"colic","Mean.IMP",4,"Brier",0.20148800652347
"colic","Mean.IMP",4,"Misclassification",0.23728813559322
"colic","Mean.IMP",4,"Calibration",0.0438951285916094
"colic","Mean.IMP.M",4,"AUC",0.750614250614251
"colic","Mean.IMP.M",4,"Brier",0.235386514336201
"colic","Mean.IMP.M",4,"Misclassification",0.288135593220339
"colic","Mean.IMP.M",4,"Calibration",0.0715249521695536
"colic","05.IMP",4,"AUC",0.755528255528256
"colic","05.IMP",4,"Brier",0.182280951942858
"colic","05.IMP",4,"Misclassification",0.271186440677966
"colic","05.IMP",4,"Calibration",0.0185097655021798
"colic","05.IMP.M",4,"AUC",0.864864864864865
"colic","05.IMP.M",4,"Brier",0.147493099080324
"colic","05.IMP.M",4,"Misclassification",0.23728813559322
"colic","05.IMP.M",4,"Calibration",0.024561299241744
"colic","PbP",4,"AUC",0.546068796068796
"colic","PbP",4,"Brier",0.273752756112703
"colic","PbP",4,"Misclassification",0.406779661016949
"colic","PbP",4,"Calibration",0.0473605042967223
"colic","SAEM",5,"AUC",0.769047619047619
"colic","SAEM",5,"Brier",0.195433860896816
"colic","SAEM",5,"Misclassification",0.288135593220339
"colic","SAEM",5,"Calibration",0.0244290182818043
"colic","MICE.10.IMP",5,"AUC",0.78452380952381
"colic","MICE.10.IMP",5,"Brier",0.197541007460621
"colic","MICE.10.IMP",5,"Misclassification",0.254237288135593
"colic","MICE.10.IMP",5,"Calibration",0.0447012810258902
"colic","MICE.10.Y.M.IMP",5,"AUC",0.81547619047619
"colic","MICE.10.Y.M.IMP",5,"Brier",0.189015517609885
"colic","MICE.10.Y.M.IMP",5,"Misclassification",0.271186440677966
"colic","MICE.10.Y.M.IMP",5,"Calibration",0.0410239611437524
"colic","MICE.RF.10.IMP",5,"AUC",0.758333333333333
"colic","MICE.RF.10.IMP",5,"Brier",0.206143414910375
"colic","MICE.RF.10.IMP",5,"Misclassification",0.322033898305085
"colic","MICE.RF.10.IMP",5,"Calibration",0.0362850247130013
"colic","MICE.RF.10.Y.M.IMP",5,"AUC",0.741666666666667
"colic","MICE.RF.10.Y.M.IMP",5,"Brier",0.20788796884315
"colic","MICE.RF.10.Y.M.IMP",5,"Misclassification",0.305084745762712
"colic","MICE.RF.10.Y.M.IMP",5,"Calibration",0.0359515364250048
"colic","MICE.10.IMP.M",5,"AUC",0.717857142857143
"colic","MICE.10.IMP.M",5,"Brier",0.243590430244429
"colic","MICE.10.IMP.M",5,"Misclassification",0.305084745762712
"colic","MICE.10.IMP.M",5,"Calibration",0.0586392232593238
"colic","MICE.10.Y.M.IMP.M",5,"AUC",0.734523809523809
"colic","MICE.10.Y.M.IMP.M",5,"Brier",0.233954390677836
"colic","MICE.10.Y.M.IMP.M",5,"Misclassification",0.338983050847458
"colic","MICE.10.Y.M.IMP.M",5,"Calibration",0.0482988033273338
"colic","MICE.RF.10.IMP.M",5,"AUC",0.688095238095238
"colic","MICE.RF.10.IMP.M",5,"Brier",0.256770376343383
"colic","MICE.RF.10.IMP.M",5,"Misclassification",0.338983050847458
"colic","MICE.RF.10.IMP.M",5,"Calibration",0.0621073416379757
"colic","MICE.RF.10.Y.M.IMP.M",5,"AUC",0.683333333333333
"colic","MICE.RF.10.Y.M.IMP.M",5,"Brier",0.268122129640397
"colic","MICE.RF.10.Y.M.IMP.M",5,"Misclassification",0.389830508474576
"colic","MICE.RF.10.Y.M.IMP.M",5,"Calibration",0.0741629814439607
"colic","Mean.IMP",5,"AUC",0.707142857142857
"colic","Mean.IMP",5,"Brier",0.236617545738425
"colic","Mean.IMP",5,"Misclassification",0.322033898305085
"colic","Mean.IMP",5,"Calibration",0.0453412710428428
"colic","Mean.IMP.M",5,"AUC",0.61547619047619
"colic","Mean.IMP.M",5,"Brier",0.336268950451766
"colic","Mean.IMP.M",5,"Misclassification",0.423728813559322
"colic","Mean.IMP.M",5,"Calibration",0.123264252701305
"colic","05.IMP",5,"AUC",0.744047619047619
"colic","05.IMP",5,"Brier",0.199193874790158
"colic","05.IMP",5,"Misclassification",0.271186440677966
"colic","05.IMP",5,"Calibration",0.0345933905286573
"colic","05.IMP.M",5,"AUC",0.754761904761905
"colic","05.IMP.M",5,"Brier",0.20264401847345
"colic","05.IMP.M",5,"Misclassification",0.288135593220339
"colic","05.IMP.M",5,"Calibration",0.030456036963435
"colic","PbP",5,"AUC",0.520238095238095
"colic","PbP",5,"Brier",0.292358757056744
"colic","PbP",5,"Misclassification",0.474576271186441
"colic","PbP",5,"Calibration",0.0664787049055052
"colic","SAEM",6,"AUC",0.773182957393484
"colic","SAEM",6,"Brier",0.187702332172491
"colic","SAEM",6,"Misclassification",0.254237288135593
"colic","SAEM",6,"Calibration",0.0306145047456801
"colic","MICE.10.IMP",6,"AUC",0.786967418546366
"colic","MICE.10.IMP",6,"Brier",0.186686711766183
"colic","MICE.10.IMP",6,"Misclassification",0.338983050847458
"colic","MICE.10.IMP",6,"Calibration",0.0382605616451176
"colic","MICE.10.Y.M.IMP",6,"AUC",0.766917293233083
"colic","MICE.10.Y.M.IMP",6,"Brier",0.194185198520915
"colic","MICE.10.Y.M.IMP",6,"Misclassification",0.288135593220339
"colic","MICE.10.Y.M.IMP",6,"Calibration",0.0391710742271294
"colic","MICE.RF.10.IMP",6,"AUC",0.743107769423559
"colic","MICE.RF.10.IMP",6,"Brier",0.188419873244398
"colic","MICE.RF.10.IMP",6,"Misclassification",0.271186440677966
"colic","MICE.RF.10.IMP",6,"Calibration",0.0344976655086306
"colic","MICE.RF.10.Y.M.IMP",6,"AUC",0.74812030075188
"colic","MICE.RF.10.Y.M.IMP",6,"Brier",0.194707229179876
"colic","MICE.RF.10.Y.M.IMP",6,"Misclassification",0.271186440677966
"colic","MICE.RF.10.Y.M.IMP",6,"Calibration",0.0309663090830242
"colic","MICE.10.IMP.M",6,"AUC",0.769423558897243
"colic","MICE.10.IMP.M",6,"Brier",0.200179259138721
"colic","MICE.10.IMP.M",6,"Misclassification",0.288135593220339
"colic","MICE.10.IMP.M",6,"Calibration",0.0499604101910586
"colic","MICE.10.Y.M.IMP.M",6,"AUC",0.704260651629073
"colic","MICE.10.Y.M.IMP.M",6,"Brier",0.232734187890867
"colic","MICE.10.Y.M.IMP.M",6,"Misclassification",0.355932203389831
"colic","MICE.10.Y.M.IMP.M",6,"Calibration",0.0711388152785449
"colic","MICE.RF.10.IMP.M",6,"AUC",0.716791979949875
"colic","MICE.RF.10.IMP.M",6,"Brier",0.213794301145147
"colic","MICE.RF.10.IMP.M",6,"Misclassification",0.288135593220339
"colic","MICE.RF.10.IMP.M",6,"Calibration",0.0592933595255611
"colic","MICE.RF.10.Y.M.IMP.M",6,"AUC",0.746867167919799
"colic","MICE.RF.10.Y.M.IMP.M",6,"Brier",0.208785960842433
"colic","MICE.RF.10.Y.M.IMP.M",6,"Misclassification",0.288135593220339
"colic","MICE.RF.10.Y.M.IMP.M",6,"Calibration",0.0401072926622694
"colic","Mean.IMP",6,"AUC",0.696741854636591
"colic","Mean.IMP",6,"Brier",0.229222675362493
"colic","Mean.IMP",6,"Misclassification",0.338983050847458
"colic","Mean.IMP",6,"Calibration",0.0638163302951306
"colic","Mean.IMP.M",6,"AUC",0.664160401002506
"colic","Mean.IMP.M",6,"Brier",0.27456210482442
"colic","Mean.IMP.M",6,"Misclassification",0.389830508474576
"colic","Mean.IMP.M",6,"Calibration",0.0939246631700292
"colic","05.IMP",6,"AUC",0.694235588972431
"colic","05.IMP",6,"Brier",0.218685895340454
"colic","05.IMP",6,"Misclassification",0.305084745762712
"colic","05.IMP",6,"Calibration",0.0318685695400778
"colic","05.IMP.M",6,"AUC",0.793233082706767
"colic","05.IMP.M",6,"Brier",0.186108129477529
"colic","05.IMP.M",6,"Misclassification",0.271186440677966
"colic","05.IMP.M",6,"Calibration",0.0325695776338928
"colic","PbP",6,"AUC",0.637844611528822
"colic","PbP",6,"Brier",0.208804256390484
"colic","PbP",6,"Misclassification",0.355932203389831
"colic","PbP",6,"Calibration",0.00449327628731483
"colic","SAEM",7,"AUC",0.746867167919799
"colic","SAEM",7,"Brier",0.203499863628776
"colic","SAEM",7,"Misclassification",0.305084745762712
"colic","SAEM",7,"Calibration",0.0351299732997628
"colic","MICE.10.IMP",7,"AUC",0.74812030075188
"colic","MICE.10.IMP",7,"Brier",0.201343588272076
"colic","MICE.10.IMP",7,"Misclassification",0.305084745762712
"colic","MICE.10.IMP",7,"Calibration",0.0353189349592867
"colic","MICE.10.Y.M.IMP",7,"AUC",0.704260651629073
"colic","MICE.10.Y.M.IMP",7,"Brier",0.214670736124941
"colic","MICE.10.Y.M.IMP",7,"Misclassification",0.355932203389831
"colic","MICE.10.Y.M.IMP",7,"Calibration",0.041930623130591
"colic","MICE.RF.10.IMP",7,"AUC",0.699248120300752
"colic","MICE.RF.10.IMP",7,"Brier",0.214876950006109
"colic","MICE.RF.10.IMP",7,"Misclassification",0.389830508474576
"colic","MICE.RF.10.IMP",7,"Calibration",0.032227678373787
"colic","MICE.RF.10.Y.M.IMP",7,"AUC",0.713032581453634
"colic","MICE.RF.10.Y.M.IMP",7,"Brier",0.210343684350512
"colic","MICE.RF.10.Y.M.IMP",7,"Misclassification",0.338983050847458
"colic","MICE.RF.10.Y.M.IMP",7,"Calibration",0.0325345192532109
"colic","MICE.10.IMP.M",7,"AUC",0.719298245614035
"colic","MICE.10.IMP.M",7,"Brier",0.234496765346282
"colic","MICE.10.IMP.M",7,"Misclassification",0.355932203389831
"colic","MICE.10.IMP.M",7,"Calibration",0.0581273229488372
"colic","MICE.10.Y.M.IMP.M",7,"AUC",0.706766917293233
"colic","MICE.10.Y.M.IMP.M",7,"Brier",0.239372591732724
"colic","MICE.10.Y.M.IMP.M",7,"Misclassification",0.305084745762712
"colic","MICE.10.Y.M.IMP.M",7,"Calibration",0.0587161483644158
"colic","MICE.RF.10.IMP.M",7,"AUC",0.656641604010025
"colic","MICE.RF.10.IMP.M",7,"Brier",0.24855289482411
"colic","MICE.RF.10.IMP.M",7,"Misclassification",0.389830508474576
"colic","MICE.RF.10.IMP.M",7,"Calibration",0.0559048648879444
"colic","MICE.RF.10.Y.M.IMP.M",7,"AUC",0.645363408521303
"colic","MICE.RF.10.Y.M.IMP.M",7,"Brier",0.261096343586653
"colic","MICE.RF.10.Y.M.IMP.M",7,"Misclassification",0.355932203389831
"colic","MICE.RF.10.Y.M.IMP.M",7,"Calibration",0.0648713821074538
"colic","Mean.IMP",7,"AUC",0.641604010025063
"colic","Mean.IMP",7,"Brier",0.256544968588574
"colic","Mean.IMP",7,"Misclassification",0.372881355932203
"colic","Mean.IMP",7,"Calibration",0.0509209316086044
"colic","Mean.IMP.M",7,"AUC",0.645363408521303
"colic","Mean.IMP.M",7,"Brier",0.270404795828253
"colic","Mean.IMP.M",7,"Misclassification",0.322033898305085
"colic","Mean.IMP.M",7,"Calibration",0.069965819716296
"colic","05.IMP",7,"AUC",0.640350877192982
"colic","05.IMP",7,"Brier",0.220016787253105
"colic","05.IMP",7,"Misclassification",0.338983050847458
"colic","05.IMP",7,"Calibration",0.0149630838943171
"colic","05.IMP.M",7,"AUC",0.740601503759398
"colic","05.IMP.M",7,"Brier",0.206791875561272
"colic","05.IMP.M",7,"Misclassification",0.322033898305085
"colic","05.IMP.M",7,"Calibration",0.0346873557872602
"colic","PbP",7,"AUC",0.463032581453634
"colic","PbP",7,"Brier",0.324623352161775
"colic","PbP",7,"Misclassification",0.457627118644068
"colic","PbP",7,"Calibration",0.09763025737207
"colic","SAEM",8,"AUC",0.706293706293706
"colic","SAEM",8,"Brier",0.223628213568945
"colic","SAEM",8,"Misclassification",0.355932203389831
"colic","SAEM",8,"Calibration",0.0383032361203386
"colic","MICE.10.IMP",8,"AUC",0.745920745920746
"colic","MICE.10.IMP",8,"Brier",0.212603437586959
"colic","MICE.10.IMP",8,"Misclassification",0.338983050847458
"colic","MICE.10.IMP",8,"Calibration",0.0373078956413672
"colic","MICE.10.Y.M.IMP",8,"AUC",0.755244755244755
"colic","MICE.10.Y.M.IMP",8,"Brier",0.218711814321976
"colic","MICE.10.Y.M.IMP",8,"Misclassification",0.288135593220339
"colic","MICE.10.Y.M.IMP",8,"Calibration",0.0499862602150664
"colic","MICE.RF.10.IMP",8,"AUC",0.736596736596737
"colic","MICE.RF.10.IMP",8,"Brier",0.204682507540121
"colic","MICE.RF.10.IMP",8,"Misclassification",0.271186440677966
"colic","MICE.RF.10.IMP",8,"Calibration",0.0404875922858839
"colic","MICE.RF.10.Y.M.IMP",8,"AUC",0.702797202797203
"colic","MICE.RF.10.Y.M.IMP",8,"Brier",0.222791358574427
"colic","MICE.RF.10.Y.M.IMP",8,"Misclassification",0.305084745762712
"colic","MICE.RF.10.Y.M.IMP",8,"Calibration",0.043119476783901
"colic","MICE.10.IMP.M",8,"AUC",0.742424242424242
"colic","MICE.10.IMP.M",8,"Brier",0.237040027784206
"colic","MICE.10.IMP.M",8,"Misclassification",0.305084745762712
"colic","MICE.10.IMP.M",8,"Calibration",0.0650061294791213
"colic","MICE.10.Y.M.IMP.M",8,"AUC",0.742424242424242
"colic","MICE.10.Y.M.IMP.M",8,"Brier",0.226674800416853
"colic","MICE.10.Y.M.IMP.M",8,"Misclassification",0.305084745762712
"colic","MICE.10.Y.M.IMP.M",8,"Calibration",0.0506668394512648
"colic","MICE.RF.10.IMP.M",8,"AUC",0.74009324009324
"colic","MICE.RF.10.IMP.M",8,"Brier",0.232106130488859
"colic","MICE.RF.10.IMP.M",8,"Misclassification",0.338983050847458
"colic","MICE.RF.10.IMP.M",8,"Calibration",0.0484323654591617
"colic","MICE.RF.10.Y.M.IMP.M",8,"AUC",0.721445221445221
"colic","MICE.RF.10.Y.M.IMP.M",8,"Brier",0.226830524338805
"colic","MICE.RF.10.Y.M.IMP.M",8,"Misclassification",0.288135593220339
"colic","MICE.RF.10.Y.M.IMP.M",8,"Calibration",0.0513413923914617
"colic","Mean.IMP",8,"AUC",0.714452214452215
"colic","Mean.IMP",8,"Brier",0.225550133115849
"colic","Mean.IMP",8,"Misclassification",0.288135593220339
"colic","Mean.IMP",8,"Calibration",0.041554044458743
"colic","Mean.IMP.M",8,"AUC",0.675990675990676
"colic","Mean.IMP.M",8,"Brier",0.255397712897021
"colic","Mean.IMP.M",8,"Misclassification",0.322033898305085
"colic","Mean.IMP.M",8,"Calibration",0.0627937067336931
"colic","05.IMP",8,"AUC",0.672494172494173
"colic","05.IMP",8,"Brier",0.235574005976371
"colic","05.IMP",8,"Misclassification",0.338983050847458
"colic","05.IMP",8,"Calibration",0.0469205219839036
"colic","05.IMP.M",8,"AUC",0.748251748251748
"colic","05.IMP.M",8,"Brier",0.215139056472197
"colic","05.IMP.M",8,"Misclassification",0.338983050847458
"colic","05.IMP.M",8,"Calibration",0.0371729547772813
"colic","PbP",8,"AUC",0.589160839160839
"colic","PbP",8,"Brier",0.24170955889156
"colic","PbP",8,"Misclassification",0.406779661016949
"colic","PbP",8,"Calibration",0.0094081637572348
"colic","SAEM",9,"AUC",0.691764705882353
"colic","SAEM",9,"Brier",0.222156208316212
"colic","SAEM",9,"Misclassification",0.305084745762712
"colic","SAEM",9,"Calibration",0.0263665930350716
"colic","MICE.10.IMP",9,"AUC",0.698823529411765
"colic","MICE.10.IMP",9,"Brier",0.245651399344027
"colic","MICE.10.IMP",9,"Misclassification",0.322033898305085
"colic","MICE.10.IMP",9,"Calibration",0.0507757089548771
"colic","MICE.10.Y.M.IMP",9,"AUC",0.696470588235294
"colic","MICE.10.Y.M.IMP",9,"Brier",0.243189655669719
"colic","MICE.10.Y.M.IMP",9,"Misclassification",0.288135593220339
"colic","MICE.10.Y.M.IMP",9,"Calibration",0.0496917867035185
"colic","MICE.RF.10.IMP",9,"AUC",0.722352941176471
"colic","MICE.RF.10.IMP",9,"Brier",0.234603401820179
"colic","MICE.RF.10.IMP",9,"Misclassification",0.338983050847458
"colic","MICE.RF.10.IMP",9,"Calibration",0.0413830628371281
"colic","MICE.RF.10.Y.M.IMP",9,"AUC",0.714117647058824
"colic","MICE.RF.10.Y.M.IMP",9,"Brier",0.236162304993809
"colic","MICE.RF.10.Y.M.IMP",9,"Misclassification",0.338983050847458
"colic","MICE.RF.10.Y.M.IMP",9,"Calibration",0.0408939434118885
"colic","MICE.10.IMP.M",9,"AUC",0.651764705882353
"colic","MICE.10.IMP.M",9,"Brier",0.279758016608034
"colic","MICE.10.IMP.M",9,"Misclassification",0.389830508474576
"colic","MICE.10.IMP.M",9,"Calibration",0.078209214737783
"colic","MICE.10.Y.M.IMP.M",9,"AUC",0.64
"colic","MICE.10.Y.M.IMP.M",9,"Brier",0.287787043160284
"colic","MICE.10.Y.M.IMP.M",9,"Misclassification",0.389830508474576
"colic","MICE.10.Y.M.IMP.M",9,"Calibration",0.0770760250674641
"colic","MICE.RF.10.IMP.M",9,"AUC",0.641176470588235
"colic","MICE.RF.10.IMP.M",9,"Brier",0.294438146992212
"colic","MICE.RF.10.IMP.M",9,"Misclassification",0.423728813559322
"colic","MICE.RF.10.IMP.M",9,"Calibration",0.0898485548022629
"colic","MICE.RF.10.Y.M.IMP.M",9,"AUC",0.657647058823529
"colic","MICE.RF.10.Y.M.IMP.M",9,"Brier",0.283712464163383
"colic","MICE.RF.10.Y.M.IMP.M",9,"Misclassification",0.406779661016949
"colic","MICE.RF.10.Y.M.IMP.M",9,"Calibration",0.0798026028382672
"colic","Mean.IMP",9,"AUC",0.687058823529412
"colic","Mean.IMP",9,"Brier",0.275195714425459
"colic","Mean.IMP",9,"Misclassification",0.338983050847458
"colic","Mean.IMP",9,"Calibration",0.0833148180396565
"colic","Mean.IMP.M",9,"AUC",0.618823529411765
"colic","Mean.IMP.M",9,"Brier",0.349822771487498
"colic","Mean.IMP.M",9,"Misclassification",0.440677966101695
"colic","Mean.IMP.M",9,"Calibration",0.132433381216751
"colic","05.IMP",9,"AUC",0.662352941176471
"colic","05.IMP",9,"Brier",0.226863478500469
"colic","05.IMP",9,"Misclassification",0.322033898305085
"colic","05.IMP",9,"Calibration",0.0237818144018556
"colic","05.IMP.M",9,"AUC",0.722352941176471
"colic","05.IMP.M",9,"Brier",0.221602270731251
"colic","05.IMP.M",9,"Misclassification",0.338983050847458
"colic","05.IMP.M",9,"Calibration",0.0468066782127403
"colic","PbP",9,"AUC",0.624705882352941
"colic","PbP",9,"Brier",0.25045154075031
"colic","PbP",9,"Misclassification",0.406779661016949
"colic","PbP",9,"Calibration",0.033421677957735
"colic","SAEM",10,"AUC",0.65625
"colic","SAEM",10,"Brier",0.263993037250268
"colic","SAEM",10,"Misclassification",0.372881355932203
"colic","SAEM",10,"Calibration",0.0548585359921371
"colic","MICE.10.IMP",10,"AUC",0.767361111111111
"colic","MICE.10.IMP",10,"Brier",0.20413784350402
"colic","MICE.10.IMP",10,"Misclassification",0.271186440677966
"colic","MICE.10.IMP",10,"Calibration",0.0308798397375415
"colic","MICE.10.Y.M.IMP",10,"AUC",0.703703703703704
"colic","MICE.10.Y.M.IMP",10,"Brier",0.236245035099783
"colic","MICE.10.Y.M.IMP",10,"Misclassification",0.355932203389831
"colic","MICE.10.Y.M.IMP",10,"Calibration",0.044090438284169
"colic","MICE.RF.10.IMP",10,"AUC",0.762731481481482
"colic","MICE.RF.10.IMP",10,"Brier",0.206163115550062
"colic","MICE.RF.10.IMP",10,"Misclassification",0.338983050847458
"colic","MICE.RF.10.IMP",10,"Calibration",0.0311832931126129
"colic","MICE.RF.10.Y.M.IMP",10,"AUC",0.744212962962963
"colic","MICE.RF.10.Y.M.IMP",10,"Brier",0.220602332289814
"colic","MICE.RF.10.Y.M.IMP",10,"Misclassification",0.338983050847458
"colic","MICE.RF.10.Y.M.IMP",10,"Calibration",0.0474620309715468
"colic","MICE.10.IMP.M",10,"AUC",0.668981481481482
"colic","MICE.10.IMP.M",10,"Brier",0.273720324139188
"colic","MICE.10.IMP.M",10,"Misclassification",0.389830508474576
"colic","MICE.10.IMP.M",10,"Calibration",0.0743951515089301
"colic","MICE.10.Y.M.IMP.M",10,"AUC",0.649305555555556
"colic","MICE.10.Y.M.IMP.M",10,"Brier",0.276253896373045
"colic","MICE.10.Y.M.IMP.M",10,"Misclassification",0.338983050847458
"colic","MICE.10.Y.M.IMP.M",10,"Calibration",0.0727336877680904
"colic","MICE.RF.10.IMP.M",10,"AUC",0.662037037037037
"colic","MICE.RF.10.IMP.M",10,"Brier",0.266753237143973
"colic","MICE.RF.10.IMP.M",10,"Misclassification",0.389830508474576
"colic","MICE.RF.10.IMP.M",10,"Calibration",0.0579490940177955
"colic","MICE.RF.10.Y.M.IMP.M",10,"AUC",0.685185185185185
"colic","MICE.RF.10.Y.M.IMP.M",10,"Brier",0.250322507789351
"colic","MICE.RF.10.Y.M.IMP.M",10,"Misclassification",0.338983050847458
"colic","MICE.RF.10.Y.M.IMP.M",10,"Calibration",0.0532976215971842
"colic","Mean.IMP",10,"AUC",0.717592592592593
"colic","Mean.IMP",10,"Brier",0.232117692972345
"colic","Mean.IMP",10,"Misclassification",0.338983050847458
"colic","Mean.IMP",10,"Calibration",0.0418029229965585
"colic","Mean.IMP.M",10,"AUC",0.670138888888889
"colic","Mean.IMP.M",10,"Brier",0.271876072241425
"colic","Mean.IMP.M",10,"Misclassification",0.338983050847458
"colic","Mean.IMP.M",10,"Calibration",0.067467077004912
"colic","05.IMP",10,"AUC",0.583333333333333
"colic","05.IMP",10,"Brier",0.268474443998669
"colic","05.IMP",10,"Misclassification",0.372881355932203
"colic","05.IMP",10,"Calibration",0.0453399513726509
"colic","05.IMP.M",10,"AUC",0.693287037037037
"colic","05.IMP.M",10,"Brier",0.239925272539078
"colic","05.IMP.M",10,"Misclassification",0.355932203389831
"colic","05.IMP.M",10,"Calibration",0.0394006559127665
"colic","PbP",10,"AUC",0.570601851851852
"colic","PbP",10,"Brier",0.271862104677048
"colic","PbP",10,"Misclassification",0.457627118644068
"colic","PbP",10,"Calibration",0.034573969083828
"colic","SAEM",11,"AUC",0.778554778554779
"colic","SAEM",11,"Brier",0.195864225749504
"colic","SAEM",11,"Misclassification",0.322033898305085
"colic","SAEM",11,"Calibration",0.0344309816222363
"colic","MICE.10.IMP",11,"AUC",0.846153846153846
"colic","MICE.10.IMP",11,"Brier",0.155919392048468
"colic","MICE.10.IMP",11,"Misclassification",0.23728813559322
"colic","MICE.10.IMP",11,"Calibration",0.0206229005705204
"colic","MICE.10.Y.M.IMP",11,"AUC",0.804195804195804
"colic","MICE.10.Y.M.IMP",11,"Brier",0.180001468670723
"colic","MICE.10.Y.M.IMP",11,"Misclassification",0.254237288135593
"colic","MICE.10.Y.M.IMP",11,"Calibration",0.0218396446190688
"colic","MICE.RF.10.IMP",11,"AUC",0.847319347319347
"colic","MICE.RF.10.IMP",11,"Brier",0.155241489545114
"colic","MICE.RF.10.IMP",11,"Misclassification",0.169491525423729
"colic","MICE.RF.10.IMP",11,"Calibration",0.0333480581177844
"colic","MICE.RF.10.Y.M.IMP",11,"AUC",0.831002331002331
"colic","MICE.RF.10.Y.M.IMP",11,"Brier",0.163087810830402
"colic","MICE.RF.10.Y.M.IMP",11,"Misclassification",0.186440677966102
"colic","MICE.RF.10.Y.M.IMP",11,"Calibration",0.0274945904914185
"colic","MICE.10.IMP.M",11,"AUC",0.798368298368298
"colic","MICE.10.IMP.M",11,"Brier",0.19774544903794
"colic","MICE.10.IMP.M",11,"Misclassification",0.322033898305085
"colic","MICE.10.IMP.M",11,"Calibration",0.0385002409392926
"colic","MICE.10.Y.M.IMP.M",11,"AUC",0.735431235431235
"colic","MICE.10.Y.M.IMP.M",11,"Brier",0.212091800428984
"colic","MICE.10.Y.M.IMP.M",11,"Misclassification",0.288135593220339
"colic","MICE.10.Y.M.IMP.M",11,"Calibration",0.035450550906379
"colic","MICE.RF.10.IMP.M",11,"AUC",0.797202797202797
"colic","MICE.RF.10.IMP.M",11,"Brier",0.185251479776415
"colic","MICE.RF.10.IMP.M",11,"Misclassification",0.254237288135593
"colic","MICE.RF.10.IMP.M",11,"Calibration",0.0245325377015408
"colic","MICE.RF.10.Y.M.IMP.M",11,"AUC",0.773892773892774
"colic","MICE.RF.10.Y.M.IMP.M",11,"Brier",0.209660235860477
"colic","MICE.RF.10.Y.M.IMP.M",11,"Misclassification",0.322033898305085
"colic","MICE.RF.10.Y.M.IMP.M",11,"Calibration",0.0439372582730923
"colic","Mean.IMP",11,"AUC",0.77972027972028
"colic","Mean.IMP",11,"Brier",0.190463094225669
"colic","Mean.IMP",11,"Misclassification",0.322033898305085
"colic","Mean.IMP",11,"Calibration",0.031397865668915
"colic","Mean.IMP.M",11,"AUC",0.777389277389277
"colic","Mean.IMP.M",11,"Brier",0.218369954730988
"colic","Mean.IMP.M",11,"Misclassification",0.305084745762712
"colic","Mean.IMP.M",11,"Calibration",0.0527121661918438
"colic","05.IMP",11,"AUC",0.68997668997669
"colic","05.IMP",11,"Brier",0.226083673811532
"colic","05.IMP",11,"Misclassification",0.338983050847458
"colic","05.IMP",11,"Calibration",0.029201831300787
"colic","05.IMP.M",11,"AUC",0.785547785547786
"colic","05.IMP.M",11,"Brier",0.192949512508954
"colic","05.IMP.M",11,"Misclassification",0.288135593220339
"colic","05.IMP.M",11,"Calibration",0.0320433421311981
"colic","PbP",11,"AUC",0.536130536130536
"colic","PbP",11,"Brier",0.294307049049402
"colic","PbP",11,"Misclassification",0.491525423728814
"colic","PbP",11,"Calibration",0.0658324727782153
"colic","SAEM",12,"AUC",0.740740740740741
"colic","SAEM",12,"Brier",0.238812099108661
"colic","SAEM",12,"Misclassification",0.355932203389831
"colic","SAEM",12,"Calibration",0.0595436274673077
"colic","MICE.10.IMP",12,"AUC",0.685185185185185
"colic","MICE.10.IMP",12,"Brier",0.249603853056072
"colic","MICE.10.IMP",12,"Misclassification",0.322033898305085
"colic","MICE.10.IMP",12,"Calibration",0.0490254295962928
"colic","MICE.10.Y.M.IMP",12,"AUC",0.69212962962963
"colic","MICE.10.Y.M.IMP",12,"Brier",0.241893853789828
"colic","MICE.10.Y.M.IMP",12,"Misclassification",0.288135593220339
"colic","MICE.10.Y.M.IMP",12,"Calibration",0.059393984975219
"colic","MICE.RF.10.IMP",12,"AUC",0.689814814814815
"colic","MICE.RF.10.IMP",12,"Brier",0.24124952441812
"colic","MICE.RF.10.IMP",12,"Misclassification",0.322033898305085
"colic","MICE.RF.10.IMP",12,"Calibration",0.0446222345704915
"colic","MICE.RF.10.Y.M.IMP",12,"AUC",0.701388888888889
"colic","MICE.RF.10.Y.M.IMP",12,"Brier",0.236143583425087
"colic","MICE.RF.10.Y.M.IMP",12,"Misclassification",0.305084745762712
"colic","MICE.RF.10.Y.M.IMP",12,"Calibration",0.038093289861334
"colic","MICE.10.IMP.M",12,"AUC",0.612268518518518
"colic","MICE.10.IMP.M",12,"Brier",0.298189780384619
"colic","MICE.10.IMP.M",12,"Misclassification",0.355932203389831
"colic","MICE.10.IMP.M",12,"Calibration",0.0820789138500235
"colic","MICE.10.Y.M.IMP.M",12,"AUC",0.622685185185185
"colic","MICE.10.Y.M.IMP.M",12,"Brier",0.296410326461013
"colic","MICE.10.Y.M.IMP.M",12,"Misclassification",0.372881355932203
"colic","MICE.10.Y.M.IMP.M",12,"Calibration",0.0872304127858896
"colic","MICE.RF.10.IMP.M",12,"AUC",0.614583333333333
"colic","MICE.RF.10.IMP.M",12,"Brier",0.304063892085542
"colic","MICE.RF.10.IMP.M",12,"Misclassification",0.406779661016949
"colic","MICE.RF.10.IMP.M",12,"Calibration",0.0869798684671743
"colic","MICE.RF.10.Y.M.IMP.M",12,"AUC",0.606481481481482
"colic","MICE.RF.10.Y.M.IMP.M",12,"Brier",0.312933616157665
"colic","MICE.RF.10.Y.M.IMP.M",12,"Misclassification",0.406779661016949
"colic","MICE.RF.10.Y.M.IMP.M",12,"Calibration",0.0943215950780464
"colic","Mean.IMP",12,"AUC",0.652777777777778
"colic","Mean.IMP",12,"Brier",0.273214577935989
"colic","Mean.IMP",12,"Misclassification",0.372881355932203
"colic","Mean.IMP",12,"Calibration",0.0649200476075608
"colic","Mean.IMP.M",12,"AUC",0.564814814814815
"colic","Mean.IMP.M",12,"Brier",0.368907843642467
"colic","Mean.IMP.M",12,"Misclassification",0.474576271186441
"colic","Mean.IMP.M",12,"Calibration",0.14225367154338
"colic","05.IMP",12,"AUC",0.736111111111111
"colic","05.IMP",12,"Brier",0.234682169054671
"colic","05.IMP",12,"Misclassification",0.338983050847458
"colic","05.IMP",12,"Calibration",0.062048081926136
"colic","05.IMP.M",12,"AUC",0.767361111111111
"colic","05.IMP.M",12,"Brier",0.227655076828498
"colic","05.IMP.M",12,"Misclassification",0.372881355932203
"colic","05.IMP.M",12,"Calibration",0.0547199140628264
"colic","PbP",12,"AUC",0.527777777777778
"colic","PbP",12,"Brier",0.312513832580242
"colic","PbP",12,"Misclassification",0.542372881355932
"colic","PbP",12,"Calibration",0.077422809353626
"colic","SAEM",13,"AUC",0.731034482758621
"colic","SAEM",13,"Brier",0.244500699776138
"colic","SAEM",13,"Misclassification",0.372881355932203
"colic","SAEM",13,"Calibration",0.0573538071207703
"colic","MICE.10.IMP",13,"AUC",0.780459770114942
"colic","MICE.10.IMP",13,"Brier",0.214678305026499
"colic","MICE.10.IMP",13,"Misclassification",0.288135593220339
"colic","MICE.10.IMP",13,"Calibration",0.0513745654515726
"colic","MICE.10.Y.M.IMP",13,"AUC",0.768965517241379
"colic","MICE.10.Y.M.IMP",13,"Brier",0.208906821156039
"colic","MICE.10.Y.M.IMP",13,"Misclassification",0.338983050847458
"colic","MICE.10.Y.M.IMP",13,"Calibration",0.0393639346640003
"colic","MICE.RF.10.IMP",13,"AUC",0.788505747126437
"colic","MICE.RF.10.IMP",13,"Brier",0.199012011724577
"colic","MICE.RF.10.IMP",13,"Misclassification",0.254237288135593
"colic","MICE.RF.10.IMP",13,"Calibration",0.0367440536939067
"colic","MICE.RF.10.Y.M.IMP",13,"AUC",0.790804597701149
"colic","MICE.RF.10.Y.M.IMP",13,"Brier",0.210158856413703
"colic","MICE.RF.10.Y.M.IMP",13,"Misclassification",0.322033898305085
"colic","MICE.RF.10.Y.M.IMP",13,"Calibration",0.0471914095479507
"colic","MICE.10.IMP.M",13,"AUC",0.770114942528736
"colic","MICE.10.IMP.M",13,"Brier",0.217227752180204
"colic","MICE.10.IMP.M",13,"Misclassification",0.305084745762712
"colic","MICE.10.IMP.M",13,"Calibration",0.0511733969309338
"colic","MICE.10.Y.M.IMP.M",13,"AUC",0.748275862068965
"colic","MICE.10.Y.M.IMP.M",13,"Brier",0.219973191218283
"colic","MICE.10.Y.M.IMP.M",13,"Misclassification",0.305084745762712
"colic","MICE.10.Y.M.IMP.M",13,"Calibration",0.0453658776279189
"colic","MICE.RF.10.IMP.M",13,"AUC",0.814942528735632
"colic","MICE.RF.10.IMP.M",13,"Brier",0.182182508654747
"colic","MICE.RF.10.IMP.M",13,"Misclassification",0.271186440677966
"colic","MICE.RF.10.IMP.M",13,"Calibration",0.0352562240165984
"colic","MICE.RF.10.Y.M.IMP.M",13,"AUC",0.757471264367816
"colic","MICE.RF.10.Y.M.IMP.M",13,"Brier",0.2178033677186
"colic","MICE.RF.10.Y.M.IMP.M",13,"Misclassification",0.322033898305085
"colic","MICE.RF.10.Y.M.IMP.M",13,"Calibration",0.0418474968474745
"colic","Mean.IMP",13,"AUC",0.770114942528736
"colic","Mean.IMP",13,"Brier",0.213354474273429
"colic","Mean.IMP",13,"Misclassification",0.305084745762712
"colic","Mean.IMP",13,"Calibration",0.0446076843401986
"colic","Mean.IMP.M",13,"AUC",0.763218390804598
"colic","Mean.IMP.M",13,"Brier",0.229021476667586
"colic","Mean.IMP.M",13,"Misclassification",0.305084745762712
"colic","Mean.IMP.M",13,"Calibration",0.0655092356129716
"colic","05.IMP",13,"AUC",0.727586206896552
"colic","05.IMP",13,"Brier",0.226329664105201
"colic","05.IMP",13,"Misclassification",0.355932203389831
"colic","05.IMP",13,"Calibration",0.0410711539214666
"colic","05.IMP.M",13,"AUC",0.767816091954023
"colic","05.IMP.M",13,"Brier",0.229734564715403
"colic","05.IMP.M",13,"Misclassification",0.355932203389831
"colic","05.IMP.M",13,"Calibration",0.0547244759341273
"colic","PbP",13,"AUC",0.503448275862069
"colic","PbP",13,"Brier",0.350132678159577
"colic","PbP",13,"Misclassification",0.559322033898305
"colic","PbP",13,"Calibration",0.110684356458015
"colic","SAEM",14,"AUC",0.783816425120773
"colic","SAEM",14,"Brier",0.186550795602435
"colic","SAEM",14,"Misclassification",0.254237288135593
"colic","SAEM",14,"Calibration",0.0277231119866155
"colic","MICE.10.IMP",14,"AUC",0.766908212560386
"colic","MICE.10.IMP",14,"Brier",0.192399320966853
"colic","MICE.10.IMP",14,"Misclassification",0.322033898305085
"colic","MICE.10.IMP",14,"Calibration",0.0302353079553821
"colic","MICE.10.Y.M.IMP",14,"AUC",0.746376811594203
"colic","MICE.10.Y.M.IMP",14,"Brier",0.20336267663739
"colic","MICE.10.Y.M.IMP",14,"Misclassification",0.322033898305085
"colic","MICE.10.Y.M.IMP",14,"Calibration",0.0312415400471606
"colic","MICE.RF.10.IMP",14,"AUC",0.765700483091787
"colic","MICE.RF.10.IMP",14,"Brier",0.186386563836995
"colic","MICE.RF.10.IMP",14,"Misclassification",0.271186440677966
"colic","MICE.RF.10.IMP",14,"Calibration",0.0244279950987649
"colic","MICE.RF.10.Y.M.IMP",14,"AUC",0.782608695652174
"colic","MICE.RF.10.Y.M.IMP",14,"Brier",0.179889637946791
"colic","MICE.RF.10.Y.M.IMP",14,"Misclassification",0.186440677966102
"colic","MICE.RF.10.Y.M.IMP",14,"Calibration",0.0390641669050719
"colic","MICE.10.IMP.M",14,"AUC",0.713768115942029
"colic","MICE.10.IMP.M",14,"Brier",0.216964886616488
"colic","MICE.10.IMP.M",14,"Misclassification",0.305084745762712
"colic","MICE.10.IMP.M",14,"Calibration",0.0485494978621162
"colic","MICE.10.Y.M.IMP.M",14,"AUC",0.705314009661836
"colic","MICE.10.Y.M.IMP.M",14,"Brier",0.23650162720219
"colic","MICE.10.Y.M.IMP.M",14,"Misclassification",0.355932203389831
"colic","MICE.10.Y.M.IMP.M",14,"Calibration",0.0507064901358668
"colic","MICE.RF.10.IMP.M",14,"AUC",0.684782608695652
"colic","MICE.RF.10.IMP.M",14,"Brier",0.227495571283425
"colic","MICE.RF.10.IMP.M",14,"Misclassification",0.338983050847458
"colic","MICE.RF.10.IMP.M",14,"Calibration",0.0276259493799052
"colic","MICE.RF.10.Y.M.IMP.M",14,"AUC",0.677536231884058
"colic","MICE.RF.10.Y.M.IMP.M",14,"Brier",0.233281883669316
"colic","MICE.RF.10.Y.M.IMP.M",14,"Misclassification",0.372881355932203
"colic","MICE.RF.10.Y.M.IMP.M",14,"Calibration",0.0383735531054517
"colic","Mean.IMP",14,"AUC",0.728260869565217
"colic","Mean.IMP",14,"Brier",0.210736415584327
"colic","Mean.IMP",14,"Misclassification",0.305084745762712
"colic","Mean.IMP",14,"Calibration",0.0346688307929134
"colic","Mean.IMP.M",14,"AUC",0.682367149758454
"colic","Mean.IMP.M",14,"Brier",0.256412435456424
"colic","Mean.IMP.M",14,"Misclassification",0.355932203389831
"colic","Mean.IMP.M",14,"Calibration",0.0671065436081594
"colic","05.IMP",14,"AUC",0.786231884057971
"colic","05.IMP",14,"Brier",0.18537110818795
"colic","05.IMP",14,"Misclassification",0.23728813559322
"colic","05.IMP",14,"Calibration",0.0290275127117522
"colic","05.IMP.M",14,"AUC",0.77536231884058
"colic","05.IMP.M",14,"Brier",0.191107807980551
"colic","05.IMP.M",14,"Misclassification",0.271186440677966
"colic","05.IMP.M",14,"Calibration",0.0270642244454424
"colic","PbP",14,"AUC",0.452294685990338
"colic","PbP",14,"Brier",0.322654914197674
"colic","PbP",14,"Misclassification",0.491525423728814
"colic","PbP",14,"Calibration",0.0881288627224695
"colic","SAEM",15,"AUC",0.743006993006993
"colic","SAEM",15,"Brier",0.189627423207499
"colic","SAEM",15,"Misclassification",0.23728813559322
"colic","SAEM",15,"Calibration",0.0329592697730651
"colic","MICE.10.IMP",15,"AUC",0.719114219114219
"colic","MICE.10.IMP",15,"Brier",0.239272441604928
"colic","MICE.10.IMP",15,"Misclassification",0.355932203389831
"colic","MICE.10.IMP",15,"Calibration",0.0515871748942377
"colic","MICE.10.Y.M.IMP",15,"AUC",0.705128205128205
"colic","MICE.10.Y.M.IMP",15,"Brier",0.241198609439829
"colic","MICE.10.Y.M.IMP",15,"Misclassification",0.338983050847458
"colic","MICE.10.Y.M.IMP",15,"Calibration",0.0452289717329033
"colic","MICE.RF.10.IMP",15,"AUC",0.706293706293706
"colic","MICE.RF.10.IMP",15,"Brier",0.240579089278346
"colic","MICE.RF.10.IMP",15,"Misclassification",0.372881355932203
"colic","MICE.RF.10.IMP",15,"Calibration",0.0458562979453848
"colic","MICE.RF.10.Y.M.IMP",15,"AUC",0.716783216783217
"colic","MICE.RF.10.Y.M.IMP",15,"Brier",0.246601790072781
"colic","MICE.RF.10.Y.M.IMP",15,"Misclassification",0.355932203389831
"colic","MICE.RF.10.Y.M.IMP",15,"Calibration",0.0780852660662051
"colic","MICE.10.IMP.M",15,"AUC",0.734265734265734
"colic","MICE.10.IMP.M",15,"Brier",0.223267995788405
"colic","MICE.10.IMP.M",15,"Misclassification",0.372881355932203
"colic","MICE.10.IMP.M",15,"Calibration",0.0596079039391966
"colic","MICE.10.Y.M.IMP.M",15,"AUC",0.706293706293706
"colic","MICE.10.Y.M.IMP.M",15,"Brier",0.243197401257983
"colic","MICE.10.Y.M.IMP.M",15,"Misclassification",0.355932203389831
"colic","MICE.10.Y.M.IMP.M",15,"Calibration",0.0459574472383681
"colic","MICE.RF.10.IMP.M",15,"AUC",0.733100233100233
"colic","MICE.RF.10.IMP.M",15,"Brier",0.241203734612582
"colic","MICE.RF.10.IMP.M",15,"Misclassification",0.322033898305085
"colic","MICE.RF.10.IMP.M",15,"Calibration",0.0644281091081434
"colic","MICE.RF.10.Y.M.IMP.M",15,"AUC",0.727272727272727
"colic","MICE.RF.10.Y.M.IMP.M",15,"Brier",0.239392724006294
"colic","MICE.RF.10.Y.M.IMP.M",15,"Misclassification",0.305084745762712
"colic","MICE.RF.10.Y.M.IMP.M",15,"Calibration",0.0588268209827634
"colic","Mean.IMP",15,"AUC",0.655011655011655
"colic","Mean.IMP",15,"Brier",0.284899481443191
"colic","Mean.IMP",15,"Misclassification",0.389830508474576
"colic","Mean.IMP",15,"Calibration",0.0809635115750182
"colic","Mean.IMP.M",15,"AUC",0.702797202797203
"colic","Mean.IMP.M",15,"Brier",0.266305195706826
"colic","Mean.IMP.M",15,"Misclassification",0.305084745762712
"colic","Mean.IMP.M",15,"Calibration",0.0736886010463634
"colic","05.IMP",15,"AUC",0.6497668997669
"colic","05.IMP",15,"Brier",0.225502645304604
"colic","05.IMP",15,"Misclassification",0.338983050847458
"colic","05.IMP",15,"Calibration",0.0293715635803024
"colic","05.IMP.M",15,"AUC",0.745337995337995
"colic","05.IMP.M",15,"Brier",0.197238648297034
"colic","05.IMP.M",15,"Misclassification",0.271186440677966
"colic","05.IMP.M",15,"Calibration",0.0271821511218926
"colic","PbP",15,"AUC",0.590909090909091
"colic","PbP",15,"Brier",0.26039617654297
"colic","PbP",15,"Misclassification",0.457627118644068
"colic","PbP",15,"Calibration",0.0400571934921222
"debt","SAEM",1,"AUC",0.67280701754386
"debt","SAEM",1,"Brier",0.238264774808046
"debt","SAEM",1,"Misclassification",0.36144578313253
"debt","SAEM",1,"Calibration",0.0288383244177402
"debt","MICE.10.IMP",1,"AUC",0.678947368421053
"debt","MICE.10.IMP",1,"Brier",0.228798450219811
"debt","MICE.10.IMP",1,"Misclassification",0.433734939759036
"debt","MICE.10.IMP",1,"Calibration",0.0310072855611765
"debt","MICE.10.Y.M.IMP",1,"AUC",0.674269005847953
"debt","MICE.10.Y.M.IMP",1,"Brier",0.228358905748009
"debt","MICE.10.Y.M.IMP",1,"Misclassification",0.397590361445783
"debt","MICE.10.Y.M.IMP",1,"Calibration",0.0256480623745148
"debt","MICE.RF.10.IMP",1,"AUC",0.67953216374269
"debt","MICE.RF.10.IMP",1,"Brier",0.231659575694526
"debt","MICE.RF.10.IMP",1,"Misclassification",0.421686746987952
"debt","MICE.RF.10.IMP",1,"Calibration",0.0353217031961287
"debt","MICE.RF.10.Y.M.IMP",1,"AUC",0.672514619883041
"debt","MICE.RF.10.Y.M.IMP",1,"Brier",0.231901453057921
"debt","MICE.RF.10.Y.M.IMP",1,"Misclassification",0.44578313253012
"debt","MICE.RF.10.Y.M.IMP",1,"Calibration",0.0331371651370065
"debt","MICE.10.IMP.M",1,"AUC",0.712280701754386
"debt","MICE.10.IMP.M",1,"Brier",0.216756686790805
"debt","MICE.10.IMP.M",1,"Misclassification",0.373493975903614
"debt","MICE.10.IMP.M",1,"Calibration",0.0286467811047119
"debt","MICE.10.Y.M.IMP.M",1,"AUC",0.705263157894737
"debt","MICE.10.Y.M.IMP.M",1,"Brier",0.216840527752813
"debt","MICE.10.Y.M.IMP.M",1,"Misclassification",0.36144578313253
"debt","MICE.10.Y.M.IMP.M",1,"Calibration",0.021238890434308
"debt","MICE.RF.10.IMP.M",1,"AUC",0.701754385964912
"debt","MICE.RF.10.IMP.M",1,"Brier",0.219696005415454
"debt","MICE.RF.10.IMP.M",1,"Misclassification",0.36144578313253
"debt","MICE.RF.10.IMP.M",1,"Calibration",0.0300858903138994
"debt","MICE.RF.10.Y.M.IMP.M",1,"AUC",0.697076023391813
"debt","MICE.RF.10.Y.M.IMP.M",1,"Brier",0.221590944094721
"debt","MICE.RF.10.Y.M.IMP.M",1,"Misclassification",0.36144578313253
"debt","MICE.RF.10.Y.M.IMP.M",1,"Calibration",0.0279870353722736
"debt","Mean.IMP",1,"AUC",0.673684210526316
"debt","Mean.IMP",1,"Brier",0.23197288102346
"debt","Mean.IMP",1,"Misclassification",0.421686746987952
"debt","Mean.IMP",1,"Calibration",0.0329592942086687
"debt","Mean.IMP.M",1,"AUC",0.697076023391813
"debt","Mean.IMP.M",1,"Brier",0.221061207594691
"debt","Mean.IMP.M",1,"Misclassification",0.36144578313253
"debt","Mean.IMP.M",1,"Calibration",0.0270853039802332
"debt","05.IMP",1,"AUC",0.670175438596491
"debt","05.IMP",1,"Brier",0.23961399560131
"debt","05.IMP",1,"Misclassification",0.397590361445783
"debt","05.IMP",1,"Calibration",0.0281028131105572
"debt","05.IMP.M",1,"AUC",0.671929824561403
"debt","05.IMP.M",1,"Brier",0.238256387992413
"debt","05.IMP.M",1,"Misclassification",0.36144578313253
"debt","05.IMP.M",1,"Calibration",0.0271182958302242
"debt","PbP",1,"AUC",0.615204678362573
"debt","PbP",1,"Brier",0.260915580951216
"debt","PbP",1,"Misclassification",0.44578313253012
"debt","PbP",1,"Calibration",0.0346725134430884
"debt","SAEM",2,"AUC",0.61192714453584
"debt","SAEM",2,"Brier",0.242923559639501
"debt","SAEM",2,"Misclassification",0.433734939759036
"debt","SAEM",2,"Calibration",0.0235659092577541
"debt","MICE.10.IMP",2,"AUC",0.655111633372503
"debt","MICE.10.IMP",2,"Brier",0.24181213563471
"debt","MICE.10.IMP",2,"Misclassification",0.397590361445783
"debt","MICE.10.IMP",2,"Calibration",0.0309917298284784
"debt","MICE.10.Y.M.IMP",2,"AUC",0.643948296122209
"debt","MICE.10.Y.M.IMP",2,"Brier",0.244423582691858
"debt","MICE.10.Y.M.IMP",2,"Misclassification",0.409638554216867
"debt","MICE.10.Y.M.IMP",2,"Calibration",0.0324344262131644
"debt","MICE.RF.10.IMP",2,"AUC",0.648061104582844
"debt","MICE.RF.10.IMP",2,"Brier",0.243928375510301
"debt","MICE.RF.10.IMP",2,"Misclassification",0.397590361445783
"debt","MICE.RF.10.IMP",2,"Calibration",0.0306669381524778
"debt","MICE.RF.10.Y.M.IMP",2,"AUC",0.63924794359577
"debt","MICE.RF.10.Y.M.IMP",2,"Brier",0.245343886558267
"debt","MICE.RF.10.Y.M.IMP",2,"Misclassification",0.409638554216867
"debt","MICE.RF.10.Y.M.IMP",2,"Calibration",0.029986232164468
"debt","MICE.10.IMP.M",2,"AUC",0.63807285546416
"debt","MICE.10.IMP.M",2,"Brier",0.247626298299746
"debt","MICE.10.IMP.M",2,"Misclassification",0.44578313253012
"debt","MICE.10.IMP.M",2,"Calibration",0.0329617961352441
"debt","MICE.10.Y.M.IMP.M",2,"AUC",0.642185663924794
"debt","MICE.10.Y.M.IMP.M",2,"Brier",0.247813423716404
"debt","MICE.10.Y.M.IMP.M",2,"Misclassification",0.433734939759036
"debt","MICE.10.Y.M.IMP.M",2,"Calibration",0.0365651840043093
"debt","MICE.RF.10.IMP.M",2,"AUC",0.641598119858989
"debt","MICE.RF.10.IMP.M",2,"Brier",0.244974696553613
"debt","MICE.RF.10.IMP.M",2,"Misclassification",0.44578313253012
"debt","MICE.RF.10.IMP.M",2,"Calibration",0.0329110293481447
"debt","MICE.RF.10.Y.M.IMP.M",2,"AUC",0.63807285546416
"debt","MICE.RF.10.Y.M.IMP.M",2,"Brier",0.249205314402772
"debt","MICE.RF.10.Y.M.IMP.M",2,"Misclassification",0.44578313253012
"debt","MICE.RF.10.Y.M.IMP.M",2,"Calibration",0.0361397936831057
"debt","Mean.IMP",2,"AUC",0.63924794359577
"debt","Mean.IMP",2,"Brier",0.245957541244119
"debt","Mean.IMP",2,"Misclassification",0.385542168674699
"debt","Mean.IMP",2,"Calibration",0.0297637337561028
"debt","Mean.IMP.M",2,"AUC",0.63924794359577
"debt","Mean.IMP.M",2,"Brier",0.246592048923909
"debt","Mean.IMP.M",2,"Misclassification",0.421686746987952
"debt","Mean.IMP.M",2,"Calibration",0.0362394586522617
"debt","05.IMP",2,"AUC",0.61662749706228
"debt","05.IMP",2,"Brier",0.24442436779223
"debt","05.IMP",2,"Misclassification",0.457831325301205
"debt","05.IMP",2,"Calibration",0.0295774201932217
"debt","05.IMP.M",2,"AUC",0.61192714453584
"debt","05.IMP.M",2,"Brier",0.243132558388873
"debt","05.IMP.M",2,"Misclassification",0.44578313253012
"debt","05.IMP.M",2,"Calibration",0.0237749080071266
"debt","PbP",2,"AUC",0.61780258519389
"debt","PbP",2,"Brier",0.27041666444107
"debt","PbP",2,"Misclassification",0.421686746987952
"debt","PbP",2,"Calibration",0.0456336161640457
"debt","SAEM",3,"AUC",0.5
"debt","SAEM",3,"Brier",0.261195965399587
"debt","SAEM",3,"Misclassification",0.506024096385542
"debt","SAEM",3,"Calibration",0.0131083336833231
"debt","MICE.10.IMP",3,"AUC",0.709883720930233
"debt","MICE.10.IMP",3,"Brier",0.217006131129559
"debt","MICE.10.IMP",3,"Misclassification",0.373493975903614
"debt","MICE.10.IMP",3,"Calibration",0.0187707654243142
"debt","MICE.10.Y.M.IMP",3,"AUC",0.712790697674419
"debt","MICE.10.Y.M.IMP",3,"Brier",0.216822734225398
"debt","MICE.10.Y.M.IMP",3,"Misclassification",0.349397590361446
"debt","MICE.10.Y.M.IMP",3,"Calibration",0.0201681355350698
"debt","MICE.RF.10.IMP",3,"AUC",0.712209302325581
"debt","MICE.RF.10.IMP",3,"Brier",0.216516365465322
"debt","MICE.RF.10.IMP",3,"Misclassification",0.337349397590361
"debt","MICE.RF.10.IMP",3,"Calibration",0.0182367794306591
"debt","MICE.RF.10.Y.M.IMP",3,"AUC",0.706395348837209
"debt","MICE.RF.10.Y.M.IMP",3,"Brier",0.21696644955334
"debt","MICE.RF.10.Y.M.IMP",3,"Misclassification",0.373493975903614
"debt","MICE.RF.10.Y.M.IMP",3,"Calibration",0.0141091328406012
"debt","MICE.10.IMP.M",3,"AUC",0.672674418604651
"debt","MICE.10.IMP.M",3,"Brier",0.23591205027971
"debt","MICE.10.IMP.M",3,"Misclassification",0.325301204819277
"debt","MICE.10.IMP.M",3,"Calibration",0.0257981096687815
"debt","MICE.10.Y.M.IMP.M",3,"AUC",0.675581395348837
"debt","MICE.10.Y.M.IMP.M",3,"Brier",0.237446159350861
"debt","MICE.10.Y.M.IMP.M",3,"Misclassification",0.337349397590361
"debt","MICE.10.Y.M.IMP.M",3,"Calibration",0.0295730000469786
"debt","MICE.RF.10.IMP.M",3,"AUC",0.668023255813953
"debt","MICE.RF.10.IMP.M",3,"Brier",0.237768192814978
"debt","MICE.RF.10.IMP.M",3,"Misclassification",0.337349397590361
"debt","MICE.RF.10.IMP.M",3,"Calibration",0.0282907441809028
"debt","MICE.RF.10.Y.M.IMP.M",3,"AUC",0.67906976744186
"debt","MICE.RF.10.Y.M.IMP.M",3,"Brier",0.235641095872646
"debt","MICE.RF.10.Y.M.IMP.M",3,"Misclassification",0.337349397590361
"debt","MICE.RF.10.Y.M.IMP.M",3,"Calibration",0.0331501798275135
"debt","Mean.IMP",3,"AUC",0.708139534883721
"debt","Mean.IMP",3,"Brier",0.217235136517483
"debt","Mean.IMP",3,"Misclassification",0.337349397590361
"debt","Mean.IMP",3,"Calibration",0.0149917130628996
"debt","Mean.IMP.M",3,"AUC",0.676162790697674
"debt","Mean.IMP.M",3,"Brier",0.235143183808712
"debt","Mean.IMP.M",3,"Misclassification",0.337349397590361
"debt","Mean.IMP.M",3,"Calibration",0.0280120953523224
"debt","05.IMP",3,"AUC",0.512209302325581
"debt","05.IMP",3,"Brier",0.26207924789562
"debt","05.IMP",3,"Misclassification",0.518072289156627
"debt","05.IMP",3,"Calibration",0.0167449696059909
"debt","05.IMP.M",3,"AUC",0.501162790697674
"debt","05.IMP.M",3,"Brier",0.261411062964733
"debt","05.IMP.M",3,"Misclassification",0.518072289156627
"debt","05.IMP.M",3,"Calibration",0.0140979579266098
"debt","PbP",3,"AUC",0.663081395348837
"debt","PbP",3,"Brier",0.257346093429297
"debt","PbP",3,"Misclassification",0.385542168674699
"debt","PbP",3,"Calibration",0.047855582365434
"debt","SAEM",4,"AUC",0.581010452961672
"debt","SAEM",4,"Brier",0.246988426311219
"debt","SAEM",4,"Misclassification",0.44578313253012
"debt","SAEM",4,"Calibration",0.0160237512845818
"debt","MICE.10.IMP",4,"AUC",0.672473867595819
"debt","MICE.10.IMP",4,"Brier",0.227706720874839
"debt","MICE.10.IMP",4,"Misclassification",0.433734939759036
"debt","MICE.10.IMP",4,"Calibration",0.0386648390618732
"debt","MICE.10.Y.M.IMP",4,"AUC",0.674216027874564
"debt","MICE.10.Y.M.IMP",4,"Brier",0.228611472894873
"debt","MICE.10.Y.M.IMP",4,"Misclassification",0.421686746987952
"debt","MICE.10.Y.M.IMP",4,"Calibration",0.0397049032199472
"debt","MICE.RF.10.IMP",4,"AUC",0.673635307781649
"debt","MICE.RF.10.IMP",4,"Brier",0.227754573471824
"debt","MICE.RF.10.IMP",4,"Misclassification",0.409638554216867
"debt","MICE.RF.10.IMP",4,"Calibration",0.0392131005475367
"debt","MICE.RF.10.Y.M.IMP",4,"AUC",0.673635307781649
"debt","MICE.RF.10.Y.M.IMP",4,"Brier",0.22839139275777
"debt","MICE.RF.10.Y.M.IMP",4,"Misclassification",0.409638554216867
"debt","MICE.RF.10.Y.M.IMP",4,"Calibration",0.0389518162700004
"debt","MICE.10.IMP.M",4,"AUC",0.691637630662021
"debt","MICE.10.IMP.M",4,"Brier",0.224742551642361
"debt","MICE.10.IMP.M",4,"Misclassification",0.36144578313253
"debt","MICE.10.IMP.M",4,"Calibration",0.0415970140263097
"debt","MICE.10.Y.M.IMP.M",4,"AUC",0.684668989547038
"debt","MICE.10.Y.M.IMP.M",4,"Brier",0.228185198640272
"debt","MICE.10.Y.M.IMP.M",4,"Misclassification",0.373493975903614
"debt","MICE.10.Y.M.IMP.M",4,"Calibration",0.041516445706459
"debt","MICE.RF.10.IMP.M",4,"AUC",0.68815331010453
"debt","MICE.RF.10.IMP.M",4,"Brier",0.226438694113438
"debt","MICE.RF.10.IMP.M",4,"Misclassification",0.385542168674699
"debt","MICE.RF.10.IMP.M",4,"Calibration",0.0432931564973866
"debt","MICE.RF.10.Y.M.IMP.M",4,"AUC",0.692799070847851
"debt","MICE.RF.10.Y.M.IMP.M",4,"Brier",0.224116589068185
"debt","MICE.RF.10.Y.M.IMP.M",4,"Misclassification",0.36144578313253
"debt","MICE.RF.10.Y.M.IMP.M",4,"Calibration",0.0409737613470441
"debt","Mean.IMP",4,"AUC",0.66260162601626
"debt","Mean.IMP",4,"Brier",0.231317904229612
"debt","Mean.IMP",4,"Misclassification",0.397590361445783
"debt","Mean.IMP",4,"Calibration",0.0349610482342014
"debt","Mean.IMP.M",4,"AUC",0.682926829268293
"debt","Mean.IMP.M",4,"Brier",0.227586920503089
"debt","Mean.IMP.M",4,"Misclassification",0.373493975903614
"debt","Mean.IMP.M",4,"Calibration",0.036486855909048
"debt","05.IMP",4,"AUC",0.572880371660859
"debt","05.IMP",4,"Brier",0.246987082676349
"debt","05.IMP",4,"Misclassification",0.481927710843373
"debt","05.IMP",4,"Calibration",0.0160110044504015
"debt","05.IMP.M",4,"AUC",0.57404181184669
"debt","05.IMP.M",4,"Brier",0.24722931097314
"debt","05.IMP.M",4,"Misclassification",0.44578313253012
"debt","05.IMP.M",4,"Calibration",0.0135258012822026
"debt","PbP",4,"AUC",0.632404181184669
"debt","PbP",4,"Brier",0.269995830017134
"debt","PbP",4,"Misclassification",0.385542168674699
"debt","PbP",4,"Calibration",0.0484282409796654
"debt","SAEM",5,"AUC",0.586046511627907
"debt","SAEM",5,"Brier",0.24531903371876
"debt","SAEM",5,"Misclassification",0.44578313253012
"debt","SAEM",5,"Calibration",0.0210887793680236
"debt","MICE.10.IMP",5,"AUC",0.780813953488372
"debt","MICE.10.IMP",5,"Brier",0.195237395961446
"debt","MICE.10.IMP",5,"Misclassification",0.301204819277108
"debt","MICE.10.IMP",5,"Calibration",0.0220350628193536
"debt","MICE.10.Y.M.IMP",5,"AUC",0.774418604651163
"debt","MICE.10.Y.M.IMP",5,"Brier",0.194868760033045
"debt","MICE.10.Y.M.IMP",5,"Misclassification",0.301204819277108
"debt","MICE.10.Y.M.IMP",5,"Calibration",0.0229650278883486
"debt","MICE.RF.10.IMP",5,"AUC",0.775
"debt","MICE.RF.10.IMP",5,"Brier",0.195788612895149
"debt","MICE.RF.10.IMP",5,"Misclassification",0.301204819277108
"debt","MICE.RF.10.IMP",5,"Calibration",0.0206900285123692
"debt","MICE.RF.10.Y.M.IMP",5,"AUC",0.777906976744186
"debt","MICE.RF.10.Y.M.IMP",5,"Brier",0.193778076729091
"debt","MICE.RF.10.Y.M.IMP",5,"Misclassification",0.289156626506024
"debt","MICE.RF.10.Y.M.IMP",5,"Calibration",0.0227143023001317
"debt","MICE.10.IMP.M",5,"AUC",0.790116279069767
"debt","MICE.10.IMP.M",5,"Brier",0.192252650198812
"debt","MICE.10.IMP.M",5,"Misclassification",0.27710843373494
"debt","MICE.10.IMP.M",5,"Calibration",0.0242664195619788
"debt","MICE.10.Y.M.IMP.M",5,"AUC",0.786627906976744
"debt","MICE.10.Y.M.IMP.M",5,"Brier",0.192601050570059
"debt","MICE.10.Y.M.IMP.M",5,"Misclassification",0.289156626506024
"debt","MICE.10.Y.M.IMP.M",5,"Calibration",0.0231087958368401
"debt","MICE.RF.10.IMP.M",5,"AUC",0.786627906976744
"debt","MICE.RF.10.IMP.M",5,"Brier",0.19301232339615
"debt","MICE.RF.10.IMP.M",5,"Misclassification",0.301204819277108
"debt","MICE.RF.10.IMP.M",5,"Calibration",0.0207073138844193
"debt","MICE.RF.10.Y.M.IMP.M",5,"AUC",0.784302325581395
"debt","MICE.RF.10.Y.M.IMP.M",5,"Brier",0.193316813538335
"debt","MICE.RF.10.Y.M.IMP.M",5,"Misclassification",0.289156626506024
"debt","MICE.RF.10.Y.M.IMP.M",5,"Calibration",0.023873249809736
"debt","Mean.IMP",5,"AUC",0.759883720930233
"debt","Mean.IMP",5,"Brier",0.198144111169277
"debt","Mean.IMP",5,"Misclassification",0.325301204819277
"debt","Mean.IMP",5,"Calibration",0.0190497115929498
"debt","Mean.IMP.M",5,"AUC",0.794767441860465
"debt","Mean.IMP.M",5,"Brier",0.19113856881897
"debt","Mean.IMP.M",5,"Misclassification",0.289156626506024
"debt","Mean.IMP.M",5,"Calibration",0.0252846770614641
"debt","05.IMP",5,"AUC",0.562790697674419
"debt","05.IMP",5,"Brier",0.249244416036865
"debt","05.IMP",5,"Misclassification",0.457831325301205
"debt","05.IMP",5,"Calibration",0.0129857926933167
"debt","05.IMP.M",5,"AUC",0.567441860465116
"debt","05.IMP.M",5,"Brier",0.247303535815574
"debt","05.IMP.M",5,"Misclassification",0.469879518072289
"debt","05.IMP.M",5,"Calibration",0.0188425795284189
"debt","PbP",5,"AUC",0.704360465116279
"debt","PbP",5,"Brier",0.238844568540867
"debt","PbP",5,"Misclassification",0.337349397590361
"debt","PbP",5,"Calibration",0.0482379863680193
"debt","SAEM",6,"AUC",0.622242647058823
"debt","SAEM",6,"Brier",0.246800522052908
"debt","SAEM",6,"Misclassification",0.421686746987952
"debt","SAEM",6,"Calibration",0.0332653860337186
"debt","MICE.10.IMP",6,"AUC",0.694240196078431
"debt","MICE.10.IMP",6,"Brier",0.241935008679463
"debt","MICE.10.IMP",6,"Misclassification",0.373493975903614
"debt","MICE.10.IMP",6,"Calibration",0.0519315164496746
"debt","MICE.10.Y.M.IMP",6,"AUC",0.696078431372549
"debt","MICE.10.Y.M.IMP",6,"Brier",0.241631345577825
"debt","MICE.10.Y.M.IMP",6,"Misclassification",0.349397590361446
"debt","MICE.10.Y.M.IMP",6,"Calibration",0.0501955489152392
"debt","MICE.RF.10.IMP",6,"AUC",0.700367647058823
"debt","MICE.RF.10.IMP",6,"Brier",0.239624430645589
"debt","MICE.RF.10.IMP",6,"Misclassification",0.36144578313253
"debt","MICE.RF.10.IMP",6,"Calibration",0.0499297250497499
"debt","MICE.RF.10.Y.M.IMP",6,"AUC",0.699142156862745
"debt","MICE.RF.10.Y.M.IMP",6,"Brier",0.239277324600321
"debt","MICE.RF.10.Y.M.IMP",6,"Misclassification",0.349397590361446
"debt","MICE.RF.10.Y.M.IMP",6,"Calibration",0.0498194932750197
"debt","MICE.10.IMP.M",6,"AUC",0.696078431372549
"debt","MICE.10.IMP.M",6,"Brier",0.246434543422762
"debt","MICE.10.IMP.M",6,"Misclassification",0.337349397590361
"debt","MICE.10.IMP.M",6,"Calibration",0.0564546237440469
"debt","MICE.10.Y.M.IMP.M",6,"AUC",0.699142156862745
"debt","MICE.10.Y.M.IMP.M",6,"Brier",0.245089700719367
"debt","MICE.10.Y.M.IMP.M",6,"Misclassification",0.337349397590361
"debt","MICE.10.Y.M.IMP.M",6,"Calibration",0.0557775068891011
"debt","MICE.RF.10.IMP.M",6,"AUC",0.696078431372549
"debt","MICE.RF.10.IMP.M",6,"Brier",0.24463774699987
"debt","MICE.RF.10.IMP.M",6,"Misclassification",0.349397590361446
"debt","MICE.RF.10.IMP.M",6,"Calibration",0.0547488811918099
"debt","MICE.RF.10.Y.M.IMP.M",6,"AUC",0.694240196078431
"debt","MICE.RF.10.Y.M.IMP.M",6,"Brier",0.245200877405094
"debt","MICE.RF.10.Y.M.IMP.M",6,"Misclassification",0.337349397590361
"debt","MICE.RF.10.Y.M.IMP.M",6,"Calibration",0.0556082210654501
"debt","Mean.IMP",6,"AUC",0.707720588235294
"debt","Mean.IMP",6,"Brier",0.236221488824615
"debt","Mean.IMP",6,"Misclassification",0.349397590361446
"debt","Mean.IMP",6,"Calibration",0.047469956083004
"debt","Mean.IMP.M",6,"AUC",0.688112745098039
"debt","Mean.IMP.M",6,"Brier",0.246458267364627
"debt","Mean.IMP.M",6,"Misclassification",0.349397590361446
"debt","Mean.IMP.M",6,"Calibration",0.0558018895699262
"debt","05.IMP",6,"AUC",0.575061274509804
"debt","05.IMP",6,"Brier",0.255060671538917
"debt","05.IMP",6,"Misclassification",0.481927710843373
"debt","05.IMP",6,"Calibration",0.0313384334651553
"debt","05.IMP.M",6,"AUC",0.573835784313726
"debt","05.IMP.M",6,"Brier",0.253615152158622
"debt","05.IMP.M",6,"Misclassification",0.457831325301205
"debt","05.IMP.M",6,"Calibration",0.0298752728553129
"debt","PbP",6,"AUC",0.608455882352941
"debt","PbP",6,"Brier",0.308998879364724
"debt","PbP",6,"Misclassification",0.397590361445783
"debt","PbP",6,"Calibration",0.0947552381331314
"debt","SAEM",7,"AUC",0.688953488372093
"debt","SAEM",7,"Brier",0.236022832158929
"debt","SAEM",7,"Misclassification",0.385542168674699
"debt","SAEM",7,"Calibration",0.0383259740529932
"debt","MICE.10.IMP",7,"AUC",0.625
"debt","MICE.10.IMP",7,"Brier",0.254317052842098
"debt","MICE.10.IMP",7,"Misclassification",0.409638554216867
"debt","MICE.10.IMP",7,"Calibration",0.0324019414160017
"debt","MICE.10.Y.M.IMP",7,"AUC",0.629651162790698
"debt","MICE.10.Y.M.IMP",7,"Brier",0.253296812126937
"debt","MICE.10.Y.M.IMP",7,"Misclassification",0.397590361445783
"debt","MICE.10.Y.M.IMP",7,"Calibration",0.0316110563518824
"debt","MICE.RF.10.IMP",7,"AUC",0.630232558139535
"debt","MICE.RF.10.IMP",7,"Brier",0.252158279406935
"debt","MICE.RF.10.IMP",7,"Misclassification",0.397590361445783
"debt","MICE.RF.10.IMP",7,"Calibration",0.0311611255253018
"debt","MICE.RF.10.Y.M.IMP",7,"AUC",0.626162790697674
"debt","MICE.RF.10.Y.M.IMP",7,"Brier",0.253664941872348
"debt","MICE.RF.10.Y.M.IMP",7,"Misclassification",0.421686746987952
"debt","MICE.RF.10.Y.M.IMP",7,"Calibration",0.0319031565660622
"debt","MICE.10.IMP.M",7,"AUC",0.670348837209302
"debt","MICE.10.IMP.M",7,"Brier",0.242189352229864
"debt","MICE.10.IMP.M",7,"Misclassification",0.349397590361446
"debt","MICE.10.IMP.M",7,"Calibration",0.0281584164566956
"debt","MICE.10.Y.M.IMP.M",7,"AUC",0.674418604651163
"debt","MICE.10.Y.M.IMP.M",7,"Brier",0.240814919009906
"debt","MICE.10.Y.M.IMP.M",7,"Misclassification",0.36144578313253
"debt","MICE.10.Y.M.IMP.M",7,"Calibration",0.0287667262388218
"debt","MICE.RF.10.IMP.M",7,"AUC",0.671511627906977
"debt","MICE.RF.10.IMP.M",7,"Brier",0.241931976439733
"debt","MICE.RF.10.IMP.M",7,"Misclassification",0.325301204819277
"debt","MICE.RF.10.IMP.M",7,"Calibration",0.0315558632264643
"debt","MICE.RF.10.Y.M.IMP.M",7,"AUC",0.675581395348837
"debt","MICE.RF.10.Y.M.IMP.M",7,"Brier",0.239777882437281
"debt","MICE.RF.10.Y.M.IMP.M",7,"Misclassification",0.313253012048193
"debt","MICE.RF.10.Y.M.IMP.M",7,"Calibration",0.0283744399261041
"debt","Mean.IMP",7,"AUC",0.647674418604651
"debt","Mean.IMP",7,"Brier",0.246816082580608
"debt","Mean.IMP",7,"Misclassification",0.385542168674699
"debt","Mean.IMP",7,"Calibration",0.0321391932049232
"debt","Mean.IMP.M",7,"AUC",0.675581395348837
"debt","Mean.IMP.M",7,"Brier",0.240141269473023
"debt","Mean.IMP.M",7,"Misclassification",0.325301204819277
"debt","Mean.IMP.M",7,"Calibration",0.0295504805301451
"debt","05.IMP",7,"AUC",0.668604651162791
"debt","05.IMP",7,"Brier",0.238837821444183
"debt","05.IMP",7,"Misclassification",0.385542168674699
"debt","05.IMP",7,"Calibration",0.0297383043811044
"debt","05.IMP.M",7,"AUC",0.670348837209302
"debt","05.IMP.M",7,"Brier",0.237863158455926
"debt","05.IMP.M",7,"Misclassification",0.385542168674699
"debt","05.IMP.M",7,"Calibration",0.0287636413928469
"debt","PbP",7,"AUC",0.616860465116279
"debt","PbP",7,"Brier",0.261241867332381
"debt","PbP",7,"Misclassification",0.44578313253012
"debt","PbP",7,"Calibration",0.0443702061144544
"debt","SAEM",8,"AUC",0.678321678321678
"debt","SAEM",8,"Brier",0.236185612619763
"debt","SAEM",8,"Misclassification",0.397590361445783
"debt","SAEM",8,"Calibration",0.0309257533067349
"debt","MICE.10.IMP",8,"AUC",0.741841491841492
"debt","MICE.10.IMP",8,"Brier",0.204859213689473
"debt","MICE.10.IMP",8,"Misclassification",0.265060240963855
"debt","MICE.10.IMP",8,"Calibration",0.0229528442503635
"debt","MICE.10.Y.M.IMP",8,"AUC",0.743589743589744
"debt","MICE.10.Y.M.IMP",8,"Brier",0.20431769261763
"debt","MICE.10.Y.M.IMP",8,"Misclassification",0.265060240963855
"debt","MICE.10.Y.M.IMP",8,"Calibration",0.0277112669148191
"debt","MICE.RF.10.IMP",8,"AUC",0.742424242424242
"debt","MICE.RF.10.IMP",8,"Brier",0.204222526427433
"debt","MICE.RF.10.IMP",8,"Misclassification",0.253012048192771
"debt","MICE.RF.10.IMP",8,"Calibration",0.0250021968331937
"debt","MICE.RF.10.Y.M.IMP",8,"AUC",0.748251748251748
"debt","MICE.RF.10.Y.M.IMP",8,"Brier",0.202467930827903
"debt","MICE.RF.10.Y.M.IMP",8,"Misclassification",0.27710843373494
"debt","MICE.RF.10.Y.M.IMP",8,"Calibration",0.0273908530066362
"debt","MICE.10.IMP.M",8,"AUC",0.731351981351981
"debt","MICE.10.IMP.M",8,"Brier",0.213461433163532
"debt","MICE.10.IMP.M",8,"Misclassification",0.313253012048193
"debt","MICE.10.IMP.M",8,"Calibration",0.030377913428142
"debt","MICE.10.Y.M.IMP.M",8,"AUC",0.722027972027972
"debt","MICE.10.Y.M.IMP.M",8,"Brier",0.216794555386425
"debt","MICE.10.Y.M.IMP.M",8,"Misclassification",0.313253012048193
"debt","MICE.10.Y.M.IMP.M",8,"Calibration",0.0231533237933864
"debt","MICE.RF.10.IMP.M",8,"AUC",0.732517482517482
"debt","MICE.RF.10.IMP.M",8,"Brier",0.2145290554451
"debt","MICE.RF.10.IMP.M",8,"Misclassification",0.313253012048193
"debt","MICE.RF.10.IMP.M",8,"Calibration",0.0358358993621215
"debt","MICE.RF.10.Y.M.IMP.M",8,"AUC",0.729020979020979
"debt","MICE.RF.10.Y.M.IMP.M",8,"Brier",0.215563816248911
"debt","MICE.RF.10.Y.M.IMP.M",8,"Misclassification",0.301204819277108
"debt","MICE.RF.10.Y.M.IMP.M",8,"Calibration",0.0289172299035297
"debt","Mean.IMP",8,"AUC",0.742424242424242
"debt","Mean.IMP",8,"Brier",0.202805626346297
"debt","Mean.IMP",8,"Misclassification",0.265060240963855
"debt","Mean.IMP",8,"Calibration",0.025747263022873
"debt","Mean.IMP.M",8,"AUC",0.727272727272727
"debt","Mean.IMP.M",8,"Brier",0.215126440015911
"debt","Mean.IMP.M",8,"Misclassification",0.313253012048193
"debt","Mean.IMP.M",8,"Calibration",0.0285437765948242
"debt","05.IMP",8,"AUC",0.66958041958042
"debt","05.IMP",8,"Brier",0.237994637496827
"debt","05.IMP",8,"Misclassification",0.385542168674699
"debt","05.IMP",8,"Calibration",0.0240020872090955
"debt","05.IMP.M",8,"AUC",0.674825174825175
"debt","05.IMP.M",8,"Brier",0.23646463624652
"debt","05.IMP.M",8,"Misclassification",0.373493975903614
"debt","05.IMP.M",8,"Calibration",0.0251242281746038
"debt","PbP",8,"AUC",0.683275058275058
"debt","PbP",8,"Brier",0.25249607330341
"debt","PbP",8,"Misclassification",0.36144578313253
"debt","PbP",8,"Calibration",0.0503956931732641
"debt","SAEM",9,"AUC",0.702115158636898
"debt","SAEM",9,"Brier",0.234730529024111
"debt","SAEM",9,"Misclassification",0.385542168674699
"debt","SAEM",9,"Calibration",0.0399252208348325
"debt","MICE.10.IMP",9,"AUC",0.637485311398355
"debt","MICE.10.IMP",9,"Brier",0.242405114196023
"debt","MICE.10.IMP",9,"Misclassification",0.397590361445783
"debt","MICE.10.IMP",9,"Calibration",0.0286838697713193
"debt","MICE.10.Y.M.IMP",9,"AUC",0.642773207990599
"debt","MICE.10.Y.M.IMP",9,"Brier",0.240594422668081
"debt","MICE.10.Y.M.IMP",9,"Misclassification",0.409638554216867
"debt","MICE.10.Y.M.IMP",9,"Calibration",0.0261365913427795
"debt","MICE.RF.10.IMP",9,"AUC",0.623384253819036
"debt","MICE.RF.10.IMP",9,"Brier",0.246100630345661
"debt","MICE.RF.10.IMP",9,"Misclassification",0.397590361445783
"debt","MICE.RF.10.IMP",9,"Calibration",0.029622896751185
"debt","MICE.RF.10.Y.M.IMP",9,"AUC",0.637485311398355
"debt","MICE.RF.10.Y.M.IMP",9,"Brier",0.240860414919291
"debt","MICE.RF.10.Y.M.IMP",9,"Misclassification",0.385542168674699
"debt","MICE.RF.10.Y.M.IMP",9,"Calibration",0.0258579099704897
"debt","MICE.10.IMP.M",9,"AUC",0.600470035252644
"debt","MICE.10.IMP.M",9,"Brier",0.267944585547298
"debt","MICE.10.IMP.M",9,"Misclassification",0.385542168674699
"debt","MICE.10.IMP.M",9,"Calibration",0.0416435832186552
"debt","MICE.10.Y.M.IMP.M",9,"AUC",0.608108108108108
"debt","MICE.10.Y.M.IMP.M",9,"Brier",0.269171793886234
"debt","MICE.10.Y.M.IMP.M",9,"Misclassification",0.397590361445783
"debt","MICE.10.Y.M.IMP.M",9,"Calibration",0.0427352785942968
"debt","MICE.RF.10.IMP.M",9,"AUC",0.610458284371328
"debt","MICE.RF.10.IMP.M",9,"Brier",0.268205622085853
"debt","MICE.RF.10.IMP.M",9,"Misclassification",0.373493975903614
"debt","MICE.RF.10.IMP.M",9,"Calibration",0.0435191757658131
"debt","MICE.RF.10.Y.M.IMP.M",9,"AUC",0.604582843713279
"debt","MICE.RF.10.Y.M.IMP.M",9,"Brier",0.26930824003276
"debt","MICE.RF.10.Y.M.IMP.M",9,"Misclassification",0.397590361445783
"debt","MICE.RF.10.Y.M.IMP.M",9,"Calibration",0.0424778415156143
"debt","Mean.IMP",9,"AUC",0.625146886016451
"debt","Mean.IMP",9,"Brier",0.24813145731451
"debt","Mean.IMP",9,"Misclassification",0.373493975903614
"debt","Mean.IMP",9,"Calibration",0.0291867128192881
"debt","Mean.IMP.M",9,"AUC",0.606345475910693
"debt","Mean.IMP.M",9,"Brier",0.268090418493586
"debt","Mean.IMP.M",9,"Misclassification",0.373493975903614
"debt","Mean.IMP.M",9,"Calibration",0.0436319786737
"debt","05.IMP",9,"AUC",0.696239717978848
"debt","05.IMP",9,"Brier",0.236496668633786
"debt","05.IMP",9,"Misclassification",0.409638554216867
"debt","05.IMP",9,"Calibration",0.0381317805098621
"debt","05.IMP.M",9,"AUC",0.687426556991774
"debt","05.IMP.M",9,"Brier",0.235783785501471
"debt","05.IMP.M",9,"Misclassification",0.409638554216867
"debt","05.IMP.M",9,"Calibration",0.0403324148012788
"debt","PbP",9,"AUC",0.643360752056404
"debt","PbP",9,"Brier",0.263582078993659
"debt","PbP",9,"Misclassification",0.421686746987952
"debt","PbP",9,"Calibration",0.0535772244104913
"debt","SAEM",10,"AUC",0.619883040935672
"debt","SAEM",10,"Brier",0.240440287121325
"debt","SAEM",10,"Misclassification",0.421686746987952
"debt","SAEM",10,"Calibration",0.0219827969183161
"debt","MICE.10.IMP",10,"AUC",0.576608187134503
"debt","MICE.10.IMP",10,"Brier",0.258772270876877
"debt","MICE.10.IMP",10,"Misclassification",0.44578313253012
"debt","MICE.10.IMP",10,"Calibration",0.0503385359371183
"debt","MICE.10.Y.M.IMP",10,"AUC",0.570760233918129
"debt","MICE.10.Y.M.IMP",10,"Brier",0.26185053505529
"debt","MICE.10.Y.M.IMP",10,"Misclassification",0.44578313253012
"debt","MICE.10.Y.M.IMP",10,"Calibration",0.0527125051029686
"debt","MICE.RF.10.IMP",10,"AUC",0.58421052631579
"debt","MICE.RF.10.IMP",10,"Brier",0.255734048875957
"debt","MICE.RF.10.IMP",10,"Misclassification",0.421686746987952
"debt","MICE.RF.10.IMP",10,"Calibration",0.0493498915570264
"debt","MICE.RF.10.Y.M.IMP",10,"AUC",0.574269005847953
"debt","MICE.RF.10.Y.M.IMP",10,"Brier",0.256713231108719
"debt","MICE.RF.10.Y.M.IMP",10,"Misclassification",0.421686746987952
"debt","MICE.RF.10.Y.M.IMP",10,"Calibration",0.0505166935460387
"debt","MICE.10.IMP.M",10,"AUC",0.629239766081871
"debt","MICE.10.IMP.M",10,"Brier",0.252890928973557
"debt","MICE.10.IMP.M",10,"Misclassification",0.409638554216867
"debt","MICE.10.IMP.M",10,"Calibration",0.0416402118192256
"debt","MICE.10.Y.M.IMP.M",10,"AUC",0.625146198830409
"debt","MICE.10.Y.M.IMP.M",10,"Brier",0.255089855459978
"debt","MICE.10.Y.M.IMP.M",10,"Misclassification",0.397590361445783
"debt","MICE.10.Y.M.IMP.M",10,"Calibration",0.0396833848570696
"debt","MICE.RF.10.IMP.M",10,"AUC",0.615789473684211
"debt","MICE.RF.10.IMP.M",10,"Brier",0.255210291509051
"debt","MICE.RF.10.IMP.M",10,"Misclassification",0.397590361445783
"debt","MICE.RF.10.IMP.M",10,"Calibration",0.0425589342001161
"debt","MICE.RF.10.Y.M.IMP.M",10,"AUC",0.627485380116959
"debt","MICE.RF.10.Y.M.IMP.M",10,"Brier",0.253387747235634
"debt","MICE.RF.10.Y.M.IMP.M",10,"Misclassification",0.397590361445783
"debt","MICE.RF.10.Y.M.IMP.M",10,"Calibration",0.0415730699802461
"debt","Mean.IMP",10,"AUC",0.581286549707602
"debt","Mean.IMP",10,"Brier",0.263328500543942
"debt","Mean.IMP",10,"Misclassification",0.457831325301205
"debt","Mean.IMP",10,"Calibration",0.0530864394032039
"debt","Mean.IMP.M",10,"AUC",0.610526315789474
"debt","Mean.IMP.M",10,"Brier",0.259931232714551
"debt","Mean.IMP.M",10,"Misclassification",0.397590361445783
"debt","Mean.IMP.M",10,"Calibration",0.0434636818387786
"debt","05.IMP",10,"AUC",0.591228070175439
"debt","05.IMP",10,"Brier",0.246981695676081
"debt","05.IMP",10,"Misclassification",0.433734939759036
"debt","05.IMP",10,"Calibration",0.0202304937299821
"debt","05.IMP.M",10,"AUC",0.591812865497076
"debt","05.IMP.M",10,"Brier",0.2462612596981
"debt","05.IMP.M",10,"Misclassification",0.433734939759036
"debt","05.IMP.M",10,"Calibration",0.0195100577520011
"debt","PbP",10,"AUC",0.61812865497076
"debt","PbP",10,"Brier",0.276730498608586
"debt","PbP",10,"Misclassification",0.373493975903614
"debt","PbP",10,"Calibration",0.0540460325212396
"debt","SAEM",11,"AUC",0.558072009291521
"debt","SAEM",11,"Brier",0.252363969598377
"debt","SAEM",11,"Misclassification",0.457831325301205
"debt","SAEM",11,"Calibration",0.0158076466643452
"debt","MICE.10.IMP",11,"AUC",0.722996515679442
"debt","MICE.10.IMP",11,"Brier",0.212781930824516
"debt","MICE.10.IMP",11,"Misclassification",0.301204819277108
"debt","MICE.10.IMP",11,"Calibration",0.0226382057410321
"debt","MICE.10.Y.M.IMP",11,"AUC",0.722996515679442
"debt","MICE.10.Y.M.IMP",11,"Brier",0.213675202410436
"debt","MICE.10.Y.M.IMP",11,"Misclassification",0.313253012048193
"debt","MICE.10.Y.M.IMP",11,"Calibration",0.0194897650086545
"debt","MICE.RF.10.IMP",11,"AUC",0.717770034843206
"debt","MICE.RF.10.IMP",11,"Brier",0.215438074424042
"debt","MICE.RF.10.IMP",11,"Misclassification",0.313253012048193
"debt","MICE.RF.10.IMP",11,"Calibration",0.0197131457237332
"debt","MICE.RF.10.Y.M.IMP",11,"AUC",0.714285714285714
"debt","MICE.RF.10.Y.M.IMP",11,"Brier",0.216676010787601
"debt","MICE.RF.10.Y.M.IMP",11,"Misclassification",0.313253012048193
"debt","MICE.RF.10.Y.M.IMP",11,"Calibration",0.0202508452424773
"debt","MICE.10.IMP.M",11,"AUC",0.681765389082462
"debt","MICE.10.IMP.M",11,"Brier",0.231688672159786
"debt","MICE.10.IMP.M",11,"Misclassification",0.313253012048193
"debt","MICE.10.IMP.M",11,"Calibration",0.0243919528148736
"debt","MICE.10.Y.M.IMP.M",11,"AUC",0.692218350754936
"debt","MICE.10.Y.M.IMP.M",11,"Brier",0.230893641421175
"debt","MICE.10.Y.M.IMP.M",11,"Misclassification",0.325301204819277
"debt","MICE.10.Y.M.IMP.M",11,"Calibration",0.0310880339971631
"debt","MICE.RF.10.IMP.M",11,"AUC",0.682346109175378
"debt","MICE.RF.10.IMP.M",11,"Brier",0.233760913760698
"debt","MICE.RF.10.IMP.M",11,"Misclassification",0.301204819277108
"debt","MICE.RF.10.IMP.M",11,"Calibration",0.0328577896648029
"debt","MICE.RF.10.Y.M.IMP.M",11,"AUC",0.681184668989547
"debt","MICE.RF.10.Y.M.IMP.M",11,"Brier",0.233369976009279
"debt","MICE.RF.10.Y.M.IMP.M",11,"Misclassification",0.313253012048193
"debt","MICE.RF.10.Y.M.IMP.M",11,"Calibration",0.0262613216114683
"debt","Mean.IMP",11,"AUC",0.706736353077816
"debt","Mean.IMP",11,"Brier",0.219829010673272
"debt","Mean.IMP",11,"Misclassification",0.301204819277108
"debt","Mean.IMP",11,"Calibration",0.0220893340179326
"debt","Mean.IMP.M",11,"AUC",0.684088269454123
"debt","Mean.IMP.M",11,"Brier",0.232652274390294
"debt","Mean.IMP.M",11,"Misclassification",0.313253012048193
"debt","Mean.IMP.M",11,"Calibration",0.0261010144052995
"debt","05.IMP",11,"AUC",0.550813008130081
"debt","05.IMP",11,"Brier",0.252015332220604
"debt","05.IMP",11,"Misclassification",0.457831325301205
"debt","05.IMP",11,"Calibration",0.015270105700488
"debt","05.IMP.M",11,"AUC",0.556620209059233
"debt","05.IMP.M",11,"Brier",0.252221521078268
"debt","05.IMP.M",11,"Misclassification",0.457831325301205
"debt","05.IMP.M",11,"Calibration",0.0156285783344058
"debt","PbP",11,"AUC",0.581881533101045
"debt","PbP",11,"Brier",0.303897962214688
"debt","PbP",11,"Misclassification",0.373493975903614
"debt","PbP",11,"Calibration",0.0718897153233793
"debt","SAEM",12,"AUC",0.618023255813953
"debt","SAEM",12,"Brier",0.244549045919496
"debt","SAEM",12,"Misclassification",0.385542168674699
"debt","SAEM",12,"Calibration",0.0153764998794797
"debt","MICE.10.IMP",12,"AUC",0.65406976744186
"debt","MICE.10.IMP",12,"Brier",0.243133600665559
"debt","MICE.10.IMP",12,"Misclassification",0.36144578313253
"debt","MICE.10.IMP",12,"Calibration",0.0321446870278143
"debt","MICE.10.Y.M.IMP",12,"AUC",0.646511627906977
"debt","MICE.10.Y.M.IMP",12,"Brier",0.247189031542939
"debt","MICE.10.Y.M.IMP",12,"Misclassification",0.385542168674699
"debt","MICE.10.Y.M.IMP",12,"Calibration",0.0359957766557272
"debt","MICE.RF.10.IMP",12,"AUC",0.648255813953488
"debt","MICE.RF.10.IMP",12,"Brier",0.245231901513471
"debt","MICE.RF.10.IMP",12,"Misclassification",0.373493975903614
"debt","MICE.RF.10.IMP",12,"Calibration",0.0323374666310842
"debt","MICE.RF.10.Y.M.IMP",12,"AUC",0.641860465116279
"debt","MICE.RF.10.Y.M.IMP",12,"Brier",0.248277844878912
"debt","MICE.RF.10.Y.M.IMP",12,"Misclassification",0.373493975903614
"debt","MICE.RF.10.Y.M.IMP",12,"Calibration",0.0342525127812912
"debt","MICE.10.IMP.M",12,"AUC",0.663372093023256
"debt","MICE.10.IMP.M",12,"Brier",0.239104226851369
"debt","MICE.10.IMP.M",12,"Misclassification",0.373493975903614
"debt","MICE.10.IMP.M",12,"Calibration",0.0255800000741301
"debt","MICE.10.Y.M.IMP.M",12,"AUC",0.67093023255814
"debt","MICE.10.Y.M.IMP.M",12,"Brier",0.239353789285643
"debt","MICE.10.Y.M.IMP.M",12,"Misclassification",0.36144578313253
"debt","MICE.10.Y.M.IMP.M",12,"Calibration",0.0273453158313864
"debt","MICE.RF.10.IMP.M",12,"AUC",0.672093023255814
"debt","MICE.RF.10.IMP.M",12,"Brier",0.236848878037004
"debt","MICE.RF.10.IMP.M",12,"Misclassification",0.349397590361446
"debt","MICE.RF.10.IMP.M",12,"Calibration",0.0255856432797935
"debt","MICE.RF.10.Y.M.IMP.M",12,"AUC",0.673837209302326
"debt","MICE.RF.10.Y.M.IMP.M",12,"Brier",0.237274629804765
"debt","MICE.RF.10.Y.M.IMP.M",12,"Misclassification",0.36144578313253
"debt","MICE.RF.10.Y.M.IMP.M",12,"Calibration",0.0260150616174859
"debt","Mean.IMP",12,"AUC",0.646511627906977
"debt","Mean.IMP",12,"Brier",0.246338478478117
"debt","Mean.IMP",12,"Misclassification",0.373493975903614
"debt","Mean.IMP",12,"Calibration",0.035228763472383
"debt","Mean.IMP.M",12,"AUC",0.672093023255814
"debt","Mean.IMP.M",12,"Brier",0.239738807227312
"debt","Mean.IMP.M",12,"Misclassification",0.36144578313253
"debt","Mean.IMP.M",12,"Calibration",0.0292299121908331
"debt","05.IMP",12,"AUC",0.609011627906977
"debt","05.IMP",12,"Brier",0.245224100721045
"debt","05.IMP",12,"Misclassification",0.397590361445783
"debt","05.IMP",12,"Calibration",0.0134337815496223
"debt","05.IMP.M",12,"AUC",0.617151162790698
"debt","05.IMP.M",12,"Brier",0.244525928711835
"debt","05.IMP.M",12,"Misclassification",0.397590361445783
"debt","05.IMP.M",12,"Calibration",0.0149438641900116
"debt","PbP",12,"AUC",0.594186046511628
"debt","PbP",12,"Brier",0.305297437613635
"debt","PbP",12,"Misclassification",0.397590361445783
"debt","PbP",12,"Calibration",0.0811427543645091
"debt","SAEM",13,"AUC",0.664053426248548
"debt","SAEM",13,"Brier",0.236751537438611
"debt","SAEM",13,"Misclassification",0.349397590361446
"debt","SAEM",13,"Calibration",0.0254164535131655
"debt","MICE.10.IMP",13,"AUC",0.829268292682927
"debt","MICE.10.IMP",13,"Brier",0.183584218411253
"debt","MICE.10.IMP",13,"Misclassification",0.27710843373494
"debt","MICE.10.IMP",13,"Calibration",0.0373205924789523
"debt","MICE.10.Y.M.IMP",13,"AUC",0.834494773519164
"debt","MICE.10.Y.M.IMP",13,"Brier",0.180126493289411
"debt","MICE.10.Y.M.IMP",13,"Misclassification",0.27710843373494
"debt","MICE.10.Y.M.IMP",13,"Calibration",0.0391339516944601
"debt","MICE.RF.10.IMP",13,"AUC",0.829849012775842
"debt","MICE.RF.10.IMP",13,"Brier",0.182518139693856
"debt","MICE.RF.10.IMP",13,"Misclassification",0.265060240963855
"debt","MICE.RF.10.IMP",13,"Calibration",0.0345473090026697
"debt","MICE.RF.10.Y.M.IMP",13,"AUC",0.826945412311266
"debt","MICE.RF.10.Y.M.IMP",13,"Brier",0.182490033974833
"debt","MICE.RF.10.Y.M.IMP",13,"Misclassification",0.289156626506024
"debt","MICE.RF.10.Y.M.IMP",13,"Calibration",0.0348388230706097
"debt","MICE.10.IMP.M",13,"AUC",0.823461091753775
"debt","MICE.10.IMP.M",13,"Brier",0.183009724461242
"debt","MICE.10.IMP.M",13,"Misclassification",0.253012048192771
"debt","MICE.10.IMP.M",13,"Calibration",0.0294212446679428
"debt","MICE.10.Y.M.IMP.M",13,"AUC",0.819396051103368
"debt","MICE.10.Y.M.IMP.M",13,"Brier",0.181164836279725
"debt","MICE.10.Y.M.IMP.M",13,"Misclassification",0.253012048192771
"debt","MICE.10.Y.M.IMP.M",13,"Calibration",0.0252820978668659
"debt","MICE.RF.10.IMP.M",13,"AUC",0.822299651567944
"debt","MICE.RF.10.IMP.M",13,"Brier",0.184026238459372
"debt","MICE.RF.10.IMP.M",13,"Misclassification",0.253012048192771
"debt","MICE.RF.10.IMP.M",13,"Calibration",0.0321780531774517
"debt","MICE.RF.10.Y.M.IMP.M",13,"AUC",0.82520325203252
"debt","MICE.RF.10.Y.M.IMP.M",13,"Brier",0.18066675389281
"debt","MICE.RF.10.Y.M.IMP.M",13,"Misclassification",0.253012048192771
"debt","MICE.RF.10.Y.M.IMP.M",13,"Calibration",0.0271302301755637
"debt","Mean.IMP",13,"AUC",0.829268292682927
"debt","Mean.IMP",13,"Brier",0.181299319068059
"debt","Mean.IMP",13,"Misclassification",0.27710843373494
"debt","Mean.IMP",13,"Calibration",0.0348863946430861
"debt","Mean.IMP.M",13,"AUC",0.819976771196283
"debt","Mean.IMP.M",13,"Brier",0.183062994003997
"debt","Mean.IMP.M",13,"Misclassification",0.265060240963855
"debt","Mean.IMP.M",13,"Calibration",0.031714309221577
"debt","05.IMP",13,"AUC",0.663472706155633
"debt","05.IMP",13,"Brier",0.236417817007891
"debt","05.IMP",13,"Misclassification",0.397590361445783
"debt","05.IMP",13,"Calibration",0.0272812708231518
"debt","05.IMP.M",13,"AUC",0.652439024390244
"debt","05.IMP.M",13,"Brier",0.238124045779857
"debt","05.IMP.M",13,"Misclassification",0.373493975903614
"debt","05.IMP.M",13,"Calibration",0.0235665779949283
"debt","PbP",13,"AUC",0.694831591173055
"debt","PbP",13,"Brier",0.241768624684822
"debt","PbP",13,"Misclassification",0.349397590361446
"debt","PbP",13,"Calibration",0.0417485443635373
"debt","SAEM",14,"AUC",0.632558139534884
"debt","SAEM",14,"Brier",0.240468056596805
"debt","SAEM",14,"Misclassification",0.36144578313253
"debt","SAEM",14,"Calibration",0.0209203470420087
"debt","MICE.10.IMP",14,"AUC",0.644186046511628
"debt","MICE.10.IMP",14,"Brier",0.243846471510239
"debt","MICE.10.IMP",14,"Misclassification",0.421686746987952
"debt","MICE.10.IMP",14,"Calibration",0.0303463170462294
"debt","MICE.10.Y.M.IMP",14,"AUC",0.66046511627907
"debt","MICE.10.Y.M.IMP",14,"Brier",0.242598204180965
"debt","MICE.10.Y.M.IMP",14,"Misclassification",0.349397590361446
"debt","MICE.10.Y.M.IMP",14,"Calibration",0.0330346753403278
"debt","MICE.RF.10.IMP",14,"AUC",0.656976744186046
"debt","MICE.RF.10.IMP",14,"Brier",0.239480819790204
"debt","MICE.RF.10.IMP",14,"Misclassification",0.385542168674699
"debt","MICE.RF.10.IMP",14,"Calibration",0.0317251798600238
"debt","MICE.RF.10.Y.M.IMP",14,"AUC",0.65406976744186
"debt","MICE.RF.10.Y.M.IMP",14,"Brier",0.239147733528177
"debt","MICE.RF.10.Y.M.IMP",14,"Misclassification",0.373493975903614
"debt","MICE.RF.10.Y.M.IMP",14,"Calibration",0.0281365864772182
"debt","MICE.10.IMP.M",14,"AUC",0.62093023255814
"debt","MICE.10.IMP.M",14,"Brier",0.256374262518098
"debt","MICE.10.IMP.M",14,"Misclassification",0.421686746987952
"debt","MICE.10.IMP.M",14,"Calibration",0.038098562314687
"debt","MICE.10.Y.M.IMP.M",14,"AUC",0.636627906976744
"debt","MICE.10.Y.M.IMP.M",14,"Brier",0.256255618870547
"debt","MICE.10.Y.M.IMP.M",14,"Misclassification",0.397590361445783
"debt","MICE.10.Y.M.IMP.M",14,"Calibration",0.0442387201066607
"debt","MICE.RF.10.IMP.M",14,"AUC",0.630813953488372
"debt","MICE.RF.10.IMP.M",14,"Brier",0.254567806542854
"debt","MICE.RF.10.IMP.M",14,"Misclassification",0.409638554216867
"debt","MICE.RF.10.IMP.M",14,"Calibration",0.0371481278279946
"debt","MICE.RF.10.Y.M.IMP.M",14,"AUC",0.631976744186047
"debt","MICE.RF.10.Y.M.IMP.M",14,"Brier",0.253897631878224
"debt","MICE.RF.10.Y.M.IMP.M",14,"Misclassification",0.397590361445783
"debt","MICE.RF.10.Y.M.IMP.M",14,"Calibration",0.0355697749961499
"debt","Mean.IMP",14,"AUC",0.652906976744186
"debt","Mean.IMP",14,"Brier",0.242604136946577
"debt","Mean.IMP",14,"Misclassification",0.385542168674699
"debt","Mean.IMP",14,"Calibration",0.0263437777841752
"debt","Mean.IMP.M",14,"AUC",0.62906976744186
"debt","Mean.IMP.M",14,"Brier",0.257554748399783
"debt","Mean.IMP.M",14,"Misclassification",0.397590361445783
"debt","Mean.IMP.M",14,"Calibration",0.0426451922770986
"debt","05.IMP",14,"AUC",0.647674418604651
"debt","05.IMP",14,"Brier",0.23903298294041
"debt","05.IMP",14,"Misclassification",0.373493975903614
"debt","05.IMP",14,"Calibration",0.0178929368626821
"debt","05.IMP.M",14,"AUC",0.623837209302326
"debt","05.IMP.M",14,"Brier",0.241459499505601
"debt","05.IMP.M",14,"Misclassification",0.397590361445783
"debt","05.IMP.M",14,"Calibration",0.0182500843046908
"debt","PbP",14,"AUC",0.642732558139535
"debt","PbP",14,"Brier",0.276621397685277
"debt","PbP",14,"Misclassification",0.373493975903614
"debt","PbP",14,"Calibration",0.0584630500088573
"debt","SAEM",15,"AUC",0.529090909090909
"debt","SAEM",15,"Brier",0.259164480109159
"debt","SAEM",15,"Misclassification",0.44578313253012
"debt","SAEM",15,"Calibration",0.0272941416123141
"debt","MICE.10.IMP",15,"AUC",0.644242424242424
"debt","MICE.10.IMP",15,"Brier",0.250215017524137
"debt","MICE.10.IMP",15,"Misclassification",0.44578313253012
"debt","MICE.10.IMP",15,"Calibration",0.0375055329693766
"debt","MICE.10.Y.M.IMP",15,"AUC",0.644848484848485
"debt","MICE.10.Y.M.IMP",15,"Brier",0.250805115267678
"debt","MICE.10.Y.M.IMP",15,"Misclassification",0.44578313253012
"debt","MICE.10.Y.M.IMP",15,"Calibration",0.0398877970631459
"debt","MICE.RF.10.IMP",15,"AUC",0.641818181818182
"debt","MICE.RF.10.IMP",15,"Brier",0.248589699738269
"debt","MICE.RF.10.IMP",15,"Misclassification",0.457831325301205
"debt","MICE.RF.10.IMP",15,"Calibration",0.0426671954920347
"debt","MICE.RF.10.Y.M.IMP",15,"AUC",0.647272727272727
"debt","MICE.RF.10.Y.M.IMP",15,"Brier",0.247080261670898
"debt","MICE.RF.10.Y.M.IMP",15,"Misclassification",0.433734939759036
"debt","MICE.RF.10.Y.M.IMP",15,"Calibration",0.0379153903516889
"debt","MICE.10.IMP.M",15,"AUC",0.660606060606061
"debt","MICE.10.IMP.M",15,"Brier",0.260722963136151
"debt","MICE.10.IMP.M",15,"Misclassification",0.397590361445783
"debt","MICE.10.IMP.M",15,"Calibration",0.0556962196614985
"debt","MICE.10.Y.M.IMP.M",15,"AUC",0.664242424242424
"debt","MICE.10.Y.M.IMP.M",15,"Brier",0.262496851785023
"debt","MICE.10.Y.M.IMP.M",15,"Misclassification",0.397590361445783
"debt","MICE.10.Y.M.IMP.M",15,"Calibration",0.058122491599182
"debt","MICE.RF.10.IMP.M",15,"AUC",0.672121212121212
"debt","MICE.RF.10.IMP.M",15,"Brier",0.258110455309082
"debt","MICE.RF.10.IMP.M",15,"Misclassification",0.397590361445783
"debt","MICE.RF.10.IMP.M",15,"Calibration",0.0579391254991978
"debt","MICE.RF.10.Y.M.IMP.M",15,"AUC",0.665454545454545
"debt","MICE.RF.10.Y.M.IMP.M",15,"Brier",0.26036331638688
"debt","MICE.RF.10.Y.M.IMP.M",15,"Misclassification",0.385542168674699
"debt","MICE.RF.10.Y.M.IMP.M",15,"Calibration",0.0557042861773722
"debt","Mean.IMP",15,"AUC",0.646666666666667
"debt","Mean.IMP",15,"Brier",0.2507726207897
"debt","Mean.IMP",15,"Misclassification",0.397590361445783
"debt","Mean.IMP",15,"Calibration",0.0440026838992814
"debt","Mean.IMP.M",15,"AUC",0.663636363636364
"debt","Mean.IMP.M",15,"Brier",0.262228392420988
"debt","Mean.IMP.M",15,"Misclassification",0.397590361445783
"debt","Mean.IMP.M",15,"Calibration",0.0571203347723328
"debt","05.IMP",15,"AUC",0.528181818181818
"debt","05.IMP",15,"Brier",0.262538274792129
"debt","05.IMP",15,"Misclassification",0.457831325301205
"debt","05.IMP",15,"Calibration",0.0269768988535926
"debt","05.IMP.M",15,"AUC",0.531212121212121
"debt","05.IMP.M",15,"Brier",0.260723803645819
"debt","05.IMP.M",15,"Misclassification",0.44578313253012
"debt","05.IMP.M",15,"Calibration",0.0294771622645218
"debt","PbP",15,"AUC",0.647575757575758
"debt","PbP",15,"Brier",0.260681748576938
"debt","PbP",15,"Misclassification",0.385542168674699
"debt","PbP",15,"Calibration",0.0487123558545332
"diabetes","SAEM",1,"AUC",0.806704134885588
"diabetes","SAEM",1,"Brier",0.171053424263164
"diabetes","SAEM",1,"Misclassification",0.248366013071895
"diabetes","SAEM",1,"Calibration",0.0217848279357442
"diabetes","MICE.10.IMP",1,"AUC",0.804696908871939
"diabetes","MICE.10.IMP",1,"Brier",0.171669544502232
"diabetes","MICE.10.IMP",1,"Misclassification",0.254901960784314
"diabetes","MICE.10.IMP",1,"Calibration",0.021031511511258
"diabetes","MICE.10.Y.M.IMP",1,"AUC",0.806101967081493
"diabetes","MICE.10.Y.M.IMP",1,"Brier",0.171465407755922
"diabetes","MICE.10.Y.M.IMP",1,"Misclassification",0.254901960784314
"diabetes","MICE.10.Y.M.IMP",1,"Calibration",0.0212985884785597
"diabetes","MICE.RF.10.IMP",1,"AUC",0.807306302689683
"diabetes","MICE.RF.10.IMP",1,"Brier",0.170970654828486
"diabetes","MICE.RF.10.IMP",1,"Misclassification",0.254901960784314
"diabetes","MICE.RF.10.IMP",1,"Calibration",0.0213704728753632
"diabetes","MICE.RF.10.Y.M.IMP",1,"AUC",0.811320754716981
"diabetes","MICE.RF.10.Y.M.IMP",1,"Brier",0.169486026828449
"diabetes","MICE.RF.10.Y.M.IMP",1,"Misclassification",0.254901960784314
"diabetes","MICE.RF.10.Y.M.IMP",1,"Calibration",0.0219345128682661
"diabetes","MICE.10.IMP.M",1,"AUC",0.785026093938177
"diabetes","MICE.10.IMP.M",1,"Brier",0.178954580723273
"diabetes","MICE.10.IMP.M",1,"Misclassification",0.261437908496732
"diabetes","MICE.10.IMP.M",1,"Calibration",0.0234795002481927
"diabetes","MICE.10.Y.M.IMP.M",1,"AUC",0.786832597350462
"diabetes","MICE.10.Y.M.IMP.M",1,"Brier",0.179256202984194
"diabetes","MICE.10.Y.M.IMP.M",1,"Misclassification",0.254901960784314
"diabetes","MICE.10.Y.M.IMP.M",1,"Calibration",0.0254148598933581
"diabetes","MICE.RF.10.IMP.M",1,"AUC",0.788438378161381
"diabetes","MICE.RF.10.IMP.M",1,"Brier",0.177981482578208
"diabetes","MICE.RF.10.IMP.M",1,"Misclassification",0.248366013071895
"diabetes","MICE.RF.10.IMP.M",1,"Calibration",0.022749731758222
"diabetes","MICE.RF.10.Y.M.IMP.M",1,"AUC",0.787836210357286
"diabetes","MICE.RF.10.Y.M.IMP.M",1,"Brier",0.177897677612036
"diabetes","MICE.RF.10.Y.M.IMP.M",1,"Misclassification",0.261437908496732
"diabetes","MICE.RF.10.Y.M.IMP.M",1,"Calibration",0.022978315927968
"diabetes","Mean.IMP",1,"AUC",0.805499799277399
"diabetes","Mean.IMP",1,"Brier",0.171460834708698
"diabetes","Mean.IMP",1,"Misclassification",0.248366013071895
"diabetes","Mean.IMP",1,"Calibration",0.0201154480691934
"diabetes","Mean.IMP.M",1,"AUC",0.788438378161381
"diabetes","Mean.IMP.M",1,"Brier",0.178817555852118
"diabetes","Mean.IMP.M",1,"Misclassification",0.261437908496732
"diabetes","Mean.IMP.M",1,"Calibration",0.0242556642058275
"diabetes","05.IMP",1,"AUC",0.798875953432357
"diabetes","05.IMP",1,"Brier",0.173024254546242
"diabetes","05.IMP",1,"Misclassification",0.248366013071895
"diabetes","05.IMP",1,"Calibration",0.0214075052824343
"diabetes","05.IMP.M",1,"AUC",0.788438378161381
"diabetes","05.IMP.M",1,"Brier",0.178817555852118
"diabetes","05.IMP.M",1,"Misclassification",0.261437908496732
"diabetes","05.IMP.M",1,"Calibration",0.0242556642058275
"diabetes","PbP",1,"AUC",0.771778402248093
"diabetes","PbP",1,"Brier",0.190956016337643
"diabetes","PbP",1,"Misclassification",0.300653594771242
"diabetes","PbP",1,"Calibration",0.0288484065457874
"diabetes","SAEM",2,"AUC",0.80978674790556
"diabetes","SAEM",2,"Brier",0.161452635941737
"diabetes","SAEM",2,"Misclassification",0.235294117647059
"diabetes","SAEM",2,"Calibration",0.0162017251198917
"diabetes","MICE.10.IMP",2,"AUC",0.810738766184311
"diabetes","MICE.10.IMP",2,"Brier",0.160720665429983
"diabetes","MICE.10.IMP",2,"Misclassification",0.235294117647059
"diabetes","MICE.10.IMP",2,"Calibration",0.0162095248292492
"diabetes","MICE.10.Y.M.IMP",2,"AUC",0.807882711348058
"diabetes","MICE.10.Y.M.IMP",2,"Brier",0.162750576581255
"diabetes","MICE.10.Y.M.IMP",2,"Misclassification",0.241830065359477
"diabetes","MICE.10.Y.M.IMP",2,"Calibration",0.0165283128305287
"diabetes","MICE.RF.10.IMP",2,"AUC",0.811690784463062
"diabetes","MICE.RF.10.IMP",2,"Brier",0.160832282679233
"diabetes","MICE.RF.10.IMP",2,"Misclassification",0.22875816993464
"diabetes","MICE.RF.10.IMP",2,"Calibration",0.0165375869139493
"diabetes","MICE.RF.10.Y.M.IMP",2,"AUC",0.809215536938309
"diabetes","MICE.RF.10.Y.M.IMP",2,"Brier",0.161630162213718
"diabetes","MICE.RF.10.Y.M.IMP",2,"Misclassification",0.235294117647059
"diabetes","MICE.RF.10.Y.M.IMP",2,"Calibration",0.0162675727334818
"diabetes","MICE.10.IMP.M",2,"AUC",0.802932216298553
"diabetes","MICE.10.IMP.M",2,"Brier",0.163836331468769
"diabetes","MICE.10.IMP.M",2,"Misclassification",0.235294117647059
"diabetes","MICE.10.IMP.M",2,"Calibration",0.0178370782662136
"diabetes","MICE.10.Y.M.IMP.M",2,"AUC",0.802551408987053
"diabetes","MICE.10.Y.M.IMP.M",2,"Brier",0.163248579587029
"diabetes","MICE.10.Y.M.IMP.M",2,"Misclassification",0.22875816993464
"diabetes","MICE.10.Y.M.IMP.M",2,"Calibration",0.0182470885034256
"diabetes","MICE.RF.10.IMP.M",2,"AUC",0.806169078446306
"diabetes","MICE.RF.10.IMP.M",2,"Brier",0.16359380178364
"diabetes","MICE.RF.10.IMP.M",2,"Misclassification",0.241830065359477
"diabetes","MICE.RF.10.IMP.M",2,"Calibration",0.0218543844615371
"diabetes","MICE.RF.10.Y.M.IMP.M",2,"AUC",0.806740289413557
"diabetes","MICE.RF.10.Y.M.IMP.M",2,"Brier",0.162768267517407
"diabetes","MICE.RF.10.Y.M.IMP.M",2,"Misclassification",0.248366013071895
"diabetes","MICE.RF.10.Y.M.IMP.M",2,"Calibration",0.0193605223939753
"diabetes","Mean.IMP",2,"AUC",0.81016755521706
"diabetes","Mean.IMP",2,"Brier",0.160979023041285
"diabetes","Mean.IMP",2,"Misclassification",0.22875816993464
"diabetes","Mean.IMP",2,"Calibration",0.0163121748205153
"diabetes","Mean.IMP.M",2,"AUC",0.804265041888804
"diabetes","Mean.IMP.M",2,"Brier",0.163043547331245
"diabetes","Mean.IMP.M",2,"Misclassification",0.22875816993464
"diabetes","Mean.IMP.M",2,"Calibration",0.0202570504890201
"diabetes","05.IMP",2,"AUC",0.801408987052551
"diabetes","05.IMP",2,"Brier",0.16118491448962
"diabetes","05.IMP",2,"Misclassification",0.22875816993464
"diabetes","05.IMP",2,"Calibration",0.0163950630172421
"diabetes","05.IMP.M",2,"AUC",0.804265041888804
"diabetes","05.IMP.M",2,"Brier",0.163043547331244
"diabetes","05.IMP.M",2,"Misclassification",0.22875816993464
"diabetes","05.IMP.M",2,"Calibration",0.0202570504890201
"diabetes","PbP",2,"AUC",0.75523610053313
"diabetes","PbP",2,"Brier",0.189885295485161
"diabetes","PbP",2,"Misclassification",0.274509803921569
"diabetes","PbP",2,"Calibration",0.0275328524088998
"diabetes","SAEM",3,"AUC",0.831492764661081
"diabetes","SAEM",3,"Brier",0.155888282366832
"diabetes","SAEM",3,"Misclassification",0.22875816993464
"diabetes","SAEM",3,"Calibration",0.0110449630137091
"diabetes","MICE.10.IMP",3,"AUC",0.832254379284082
"diabetes","MICE.10.IMP",3,"Brier",0.155553853839939
"diabetes","MICE.10.IMP",3,"Misclassification",0.235294117647059
"diabetes","MICE.10.IMP",3,"Calibration",0.0111919079702171
"diabetes","MICE.10.Y.M.IMP",3,"AUC",0.823686214775324
"diabetes","MICE.10.Y.M.IMP",3,"Brier",0.158667192736693
"diabetes","MICE.10.Y.M.IMP",3,"Misclassification",0.22875816993464
"diabetes","MICE.10.Y.M.IMP",3,"Calibration",0.0109766155311518
"diabetes","MICE.RF.10.IMP",3,"AUC",0.831683168316832
"diabetes","MICE.RF.10.IMP",3,"Brier",0.155967217769612
"diabetes","MICE.RF.10.IMP",3,"Misclassification",0.22875816993464
"diabetes","MICE.RF.10.IMP",3,"Calibration",0.011805747306586
"diabetes","MICE.RF.10.Y.M.IMP",3,"AUC",0.821401370906321
"diabetes","MICE.RF.10.Y.M.IMP",3,"Brier",0.159441893327448
"diabetes","MICE.RF.10.Y.M.IMP",3,"Misclassification",0.22875816993464
"diabetes","MICE.RF.10.Y.M.IMP",3,"Calibration",0.0126555374595645
"diabetes","MICE.10.IMP.M",3,"AUC",0.827875095201828
"diabetes","MICE.10.IMP.M",3,"Brier",0.156052915621304
"diabetes","MICE.10.IMP.M",3,"Misclassification",0.215686274509804
"diabetes","MICE.10.IMP.M",3,"Calibration",0.0132922473704397
"diabetes","MICE.10.Y.M.IMP.M",3,"AUC",0.828446306169078
"diabetes","MICE.10.Y.M.IMP.M",3,"Brier",0.155476356757214
"diabetes","MICE.10.Y.M.IMP.M",3,"Misclassification",0.209150326797386
"diabetes","MICE.10.Y.M.IMP.M",3,"Calibration",0.0134653415779842
"diabetes","MICE.RF.10.IMP.M",3,"AUC",0.828827113480579
"diabetes","MICE.RF.10.IMP.M",3,"Brier",0.155150052011894
"diabetes","MICE.RF.10.IMP.M",3,"Misclassification",0.215686274509804
"diabetes","MICE.RF.10.IMP.M",3,"Calibration",0.0118073586692011
"diabetes","MICE.RF.10.Y.M.IMP.M",3,"AUC",0.826161462300076
"diabetes","MICE.RF.10.Y.M.IMP.M",3,"Brier",0.156172451875462
"diabetes","MICE.RF.10.Y.M.IMP.M",3,"Misclassification",0.22875816993464
"diabetes","MICE.RF.10.Y.M.IMP.M",3,"Calibration",0.010159858804045
"diabetes","Mean.IMP",3,"AUC",0.827494287890328
"diabetes","Mean.IMP",3,"Brier",0.157085509503937
"diabetes","Mean.IMP",3,"Misclassification",0.222222222222222
"diabetes","Mean.IMP",3,"Calibration",0.0105174007789656
"diabetes","Mean.IMP.M",3,"AUC",0.827303884234577
"diabetes","Mean.IMP.M",3,"Brier",0.156097864578427
"diabetes","Mean.IMP.M",3,"Misclassification",0.215686274509804
"diabetes","Mean.IMP.M",3,"Calibration",0.0119980370424631
"diabetes","05.IMP",3,"AUC",0.840822543792841
"diabetes","05.IMP",3,"Brier",0.150074161862094
"diabetes","05.IMP",3,"Misclassification",0.215686274509804
"diabetes","05.IMP",3,"Calibration",0.0121423224596663
"diabetes","05.IMP.M",3,"AUC",0.827303884234577
"diabetes","05.IMP.M",3,"Brier",0.156097864578427
"diabetes","05.IMP.M",3,"Misclassification",0.215686274509804
"diabetes","05.IMP.M",3,"Calibration",0.0119980370424631
"diabetes","PbP",3,"AUC",0.809025133282559
"diabetes","PbP",3,"Brier",0.163406079590174
"diabetes","PbP",3,"Misclassification",0.235294117647059
"diabetes","PbP",3,"Calibration",0.0174539692266925
"diabetes","SAEM",4,"AUC",0.837058106460788
"diabetes","SAEM",4,"Brier",0.15061168875695
"diabetes","SAEM",4,"Misclassification",0.235294117647059
"diabetes","SAEM",4,"Calibration",0.0154099895662676
"diabetes","MICE.10.IMP",4,"AUC",0.839699309223893
"diabetes","MICE.10.IMP",4,"Brier",0.150314001779175
"diabetes","MICE.10.IMP",4,"Misclassification",0.241830065359477
"diabetes","MICE.10.IMP",4,"Calibration",0.0159639802223775
"diabetes","MICE.10.Y.M.IMP",4,"AUC",0.842340511986997
"diabetes","MICE.10.Y.M.IMP",4,"Brier",0.149615548039251
"diabetes","MICE.10.Y.M.IMP",4,"Misclassification",0.241830065359477
"diabetes","MICE.10.Y.M.IMP",4,"Calibration",0.0168562529962193
"diabetes","MICE.RF.10.IMP",4,"AUC",0.840918325883787
"diabetes","MICE.RF.10.IMP",4,"Brier",0.150704247277065
"diabetes","MICE.RF.10.IMP",4,"Misclassification",0.248366013071895
"diabetes","MICE.RF.10.IMP",4,"Calibration",0.0180811563948679
"diabetes","MICE.RF.10.Y.M.IMP",4,"AUC",0.842746850873629
"diabetes","MICE.RF.10.Y.M.IMP",4,"Brier",0.150429754805058
"diabetes","MICE.RF.10.Y.M.IMP",4,"Misclassification",0.248366013071895
"diabetes","MICE.RF.10.Y.M.IMP",4,"Calibration",0.0192429534591326
"diabetes","MICE.10.IMP.M",4,"AUC",0.847013409183259
"diabetes","MICE.10.IMP.M",4,"Brier",0.145662779131477
"diabetes","MICE.10.IMP.M",4,"Misclassification",0.209150326797386
"diabetes","MICE.10.IMP.M",4,"Calibration",0.0139661824945567
"diabetes","MICE.10.Y.M.IMP.M",4,"AUC",0.844778545306786
"diabetes","MICE.10.Y.M.IMP.M",4,"Brier",0.146091783062212
"diabetes","MICE.10.Y.M.IMP.M",4,"Misclassification",0.209150326797386
"diabetes","MICE.10.Y.M.IMP.M",4,"Calibration",0.0143271968858613
"diabetes","MICE.RF.10.IMP.M",4,"AUC",0.846607070296627
"diabetes","MICE.RF.10.IMP.M",4,"Brier",0.146552704950046
"diabetes","MICE.RF.10.IMP.M",4,"Misclassification",0.222222222222222
"diabetes","MICE.RF.10.IMP.M",4,"Calibration",0.015426218405603
"diabetes","MICE.RF.10.Y.M.IMP.M",4,"AUC",0.849248273059732
"diabetes","MICE.RF.10.Y.M.IMP.M",4,"Brier",0.145914763172299
"diabetes","MICE.RF.10.Y.M.IMP.M",4,"Misclassification",0.222222222222222
"diabetes","MICE.RF.10.Y.M.IMP.M",4,"Calibration",0.0154891249035238
"diabetes","Mean.IMP",4,"AUC",0.84030881755384
"diabetes","Mean.IMP",4,"Brier",0.150149211706602
"diabetes","Mean.IMP",4,"Misclassification",0.241830065359477
"diabetes","Mean.IMP",4,"Calibration",0.0166459193221103
"diabetes","Mean.IMP.M",4,"AUC",0.847216578626575
"diabetes","Mean.IMP.M",4,"Brier",0.145853317837528
"diabetes","Mean.IMP.M",4,"Misclassification",0.209150326797386
"diabetes","Mean.IMP.M",4,"Calibration",0.0158839226720544
"diabetes","05.IMP",4,"AUC",0.839496139780577
"diabetes","05.IMP",4,"Brier",0.146315987418026
"diabetes","05.IMP",4,"Misclassification",0.222222222222222
"diabetes","05.IMP",4,"Calibration",0.0145417640410742
"diabetes","05.IMP.M",4,"AUC",0.847216578626575
"diabetes","05.IMP.M",4,"Brier",0.145853317837528
"diabetes","05.IMP.M",4,"Misclassification",0.209150326797386
"diabetes","05.IMP.M",4,"Calibration",0.0158839226720544
"diabetes","PbP",4,"AUC",0.842746850873629
"diabetes","PbP",4,"Brier",0.143457251524218
"diabetes","PbP",4,"Misclassification",0.222222222222222
"diabetes","PbP",4,"Calibration",0.0136422589641278
"diabetes","SAEM",5,"AUC",0.857578065498858
"diabetes","SAEM",5,"Brier",0.145053132467392
"diabetes","SAEM",5,"Misclassification",0.22875816993464
"diabetes","SAEM",5,"Calibration",0.0184271086457453
"diabetes","MICE.10.IMP",5,"AUC",0.860814927646611
"diabetes","MICE.10.IMP",5,"Brier",0.143565119045944
"diabetes","MICE.10.IMP",5,"Misclassification",0.222222222222222
"diabetes","MICE.10.IMP",5,"Calibration",0.0193267195909466
"diabetes","MICE.10.Y.M.IMP",5,"AUC",0.857197258187357
"diabetes","MICE.10.Y.M.IMP",5,"Brier",0.143596772519565
"diabetes","MICE.10.Y.M.IMP",5,"Misclassification",0.222222222222222
"diabetes","MICE.10.Y.M.IMP",5,"Calibration",0.0155324433396172
"diabetes","MICE.RF.10.IMP",5,"AUC",0.86024371667936
"diabetes","MICE.RF.10.IMP",5,"Brier",0.143076955590092
"diabetes","MICE.RF.10.IMP",5,"Misclassification",0.222222222222222
"diabetes","MICE.RF.10.IMP",5,"Calibration",0.0213961845162306
"diabetes","MICE.RF.10.Y.M.IMP",5,"AUC",0.857006854531607
"diabetes","MICE.RF.10.Y.M.IMP",5,"Brier",0.145148952060112
"diabetes","MICE.RF.10.Y.M.IMP",5,"Misclassification",0.235294117647059
"diabetes","MICE.RF.10.Y.M.IMP",5,"Calibration",0.0194682302317408
"diabetes","MICE.10.IMP.M",5,"AUC",0.849390708301599
"diabetes","MICE.10.IMP.M",5,"Brier",0.145690863553876
"diabetes","MICE.10.IMP.M",5,"Misclassification",0.22875816993464
"diabetes","MICE.10.IMP.M",5,"Calibration",0.0128660932139618
"diabetes","MICE.10.Y.M.IMP.M",5,"AUC",0.851294744859101
"diabetes","MICE.10.Y.M.IMP.M",5,"Brier",0.144990479486088
"diabetes","MICE.10.Y.M.IMP.M",5,"Misclassification",0.22875816993464
"diabetes","MICE.10.Y.M.IMP.M",5,"Calibration",0.0150237126248573
"diabetes","MICE.RF.10.IMP.M",5,"AUC",0.853008377760853
"diabetes","MICE.RF.10.IMP.M",5,"Brier",0.145200617803377
"diabetes","MICE.RF.10.IMP.M",5,"Misclassification",0.235294117647059
"diabetes","MICE.RF.10.IMP.M",5,"Calibration",0.0134817194178116
"diabetes","MICE.RF.10.Y.M.IMP.M",5,"AUC",0.852817974105103
"diabetes","MICE.RF.10.Y.M.IMP.M",5,"Brier",0.144691065857519
"diabetes","MICE.RF.10.Y.M.IMP.M",5,"Misclassification",0.235294117647059
"diabetes","MICE.RF.10.Y.M.IMP.M",5,"Calibration",0.0123288758419446
"diabetes","Mean.IMP",5,"AUC",0.857197258187357
"diabetes","Mean.IMP",5,"Brier",0.145287843119629
"diabetes","Mean.IMP",5,"Misclassification",0.22875816993464
"diabetes","Mean.IMP",5,"Calibration",0.0196601089726255
"diabetes","Mean.IMP.M",5,"AUC",0.851485148514851
"diabetes","Mean.IMP.M",5,"Brier",0.145876382407093
"diabetes","Mean.IMP.M",5,"Misclassification",0.22875816993464
"diabetes","Mean.IMP.M",5,"Calibration",0.0153245580386194
"diabetes","05.IMP",5,"AUC",0.868811881188119
"diabetes","05.IMP",5,"Brier",0.139744202687355
"diabetes","05.IMP",5,"Misclassification",0.215686274509804
"diabetes","05.IMP",5,"Calibration",0.0171956085168507
"diabetes","05.IMP.M",5,"AUC",0.851485148514851
"diabetes","05.IMP.M",5,"Brier",0.145876382407093
"diabetes","05.IMP.M",5,"Misclassification",0.22875816993464
"diabetes","05.IMP.M",5,"Calibration",0.0153245580386194
"diabetes","PbP",5,"AUC",0.85462680883473
"diabetes","PbP",5,"Brier",0.146813390325161
"diabetes","PbP",5,"Misclassification",0.196078431372549
"diabetes","PbP",5,"Calibration",0.0138272588096172
"diabetes","SAEM",6,"AUC",0.815094339622642
"diabetes","SAEM",6,"Brier",0.168383822154508
"diabetes","SAEM",6,"Misclassification",0.235294117647059
"diabetes","SAEM",6,"Calibration",0.0154529000002107
"diabetes","MICE.10.IMP",6,"AUC",0.816792452830189
"diabetes","MICE.10.IMP",6,"Brier",0.166771154769298
"diabetes","MICE.10.IMP",6,"Misclassification",0.222222222222222
"diabetes","MICE.10.IMP",6,"Calibration",0.0149082573181651
"diabetes","MICE.10.Y.M.IMP",6,"AUC",0.816792452830189
"diabetes","MICE.10.Y.M.IMP",6,"Brier",0.167503742927413
"diabetes","MICE.10.Y.M.IMP",6,"Misclassification",0.22875816993464
"diabetes","MICE.10.Y.M.IMP",6,"Calibration",0.0151954453079472
"diabetes","MICE.RF.10.IMP",6,"AUC",0.816415094339623
"diabetes","MICE.RF.10.IMP",6,"Brier",0.167294398218819
"diabetes","MICE.RF.10.IMP",6,"Misclassification",0.222222222222222
"diabetes","MICE.RF.10.IMP",6,"Calibration",0.0149565528013887
"diabetes","MICE.RF.10.Y.M.IMP",6,"AUC",0.815094339622642
"diabetes","MICE.RF.10.Y.M.IMP",6,"Brier",0.168291588362747
"diabetes","MICE.RF.10.Y.M.IMP",6,"Misclassification",0.241830065359477
"diabetes","MICE.RF.10.Y.M.IMP",6,"Calibration",0.0147444338640354
"diabetes","MICE.10.IMP.M",6,"AUC",0.812452830188679
"diabetes","MICE.10.IMP.M",6,"Brier",0.168761515602147
"diabetes","MICE.10.IMP.M",6,"Misclassification",0.235294117647059
"diabetes","MICE.10.IMP.M",6,"Calibration",0.0171845885350239
"diabetes","MICE.10.Y.M.IMP.M",6,"AUC",0.809622641509434
"diabetes","MICE.10.Y.M.IMP.M",6,"Brier",0.170549905353344
"diabetes","MICE.10.Y.M.IMP.M",6,"Misclassification",0.22875816993464
"diabetes","MICE.10.Y.M.IMP.M",6,"Calibration",0.0179545861766097
"diabetes","MICE.RF.10.IMP.M",6,"AUC",0.812641509433962
"diabetes","MICE.RF.10.IMP.M",6,"Brier",0.168618382456688
"diabetes","MICE.RF.10.IMP.M",6,"Misclassification",0.235294117647059
"diabetes","MICE.RF.10.IMP.M",6,"Calibration",0.0170414553895651
"diabetes","MICE.RF.10.Y.M.IMP.M",6,"AUC",0.805849056603774
"diabetes","MICE.RF.10.Y.M.IMP.M",6,"Brier",0.17259824325508
"diabetes","MICE.RF.10.Y.M.IMP.M",6,"Misclassification",0.241830065359477
"diabetes","MICE.RF.10.Y.M.IMP.M",6,"Calibration",0.0167506754697963
"diabetes","Mean.IMP",6,"AUC",0.816037735849057
"diabetes","Mean.IMP",6,"Brier",0.167069525811749
"diabetes","Mean.IMP",6,"Misclassification",0.22875816993464
"diabetes","Mean.IMP",6,"Calibration",0.0137763449317841
"diabetes","Mean.IMP.M",6,"AUC",0.810188679245283
"diabetes","Mean.IMP.M",6,"Brier",0.170346979755746
"diabetes","Mean.IMP.M",6,"Misclassification",0.235294117647059
"diabetes","Mean.IMP.M",6,"Calibration",0.0174492166619044
"diabetes","05.IMP",6,"AUC",0.816037735849057
"diabetes","05.IMP",6,"Brier",0.164523102018394
"diabetes","05.IMP",6,"Misclassification",0.222222222222222
"diabetes","05.IMP",6,"Calibration",0.0148622780928639
"diabetes","05.IMP.M",6,"AUC",0.810188679245283
"diabetes","05.IMP.M",6,"Brier",0.170346979755746
"diabetes","05.IMP.M",6,"Misclassification",0.235294117647059
"diabetes","05.IMP.M",6,"Calibration",0.0174492166619045
"diabetes","PbP",6,"AUC",0.805471698113208
"diabetes","PbP",6,"Brier",0.170135489589312
"diabetes","PbP",6,"Misclassification",0.248366013071895
"diabetes","PbP",6,"Calibration",0.0172208479491797
"diabetes","SAEM",7,"AUC",0.865051903114187
"diabetes","SAEM",7,"Brier",0.145024244080781
"diabetes","SAEM",7,"Misclassification",0.215686274509804
"diabetes","SAEM",7,"Calibration",0.0195522034126614
"diabetes","MICE.10.IMP",7,"AUC",0.86639753940792
"diabetes","MICE.10.IMP",7,"Brier",0.143998327862822
"diabetes","MICE.10.IMP",7,"Misclassification",0.215686274509804
"diabetes","MICE.10.IMP",7,"Calibration",0.0198499328726421
"diabetes","MICE.10.Y.M.IMP",7,"AUC",0.865820838139177
"diabetes","MICE.10.Y.M.IMP",7,"Brier",0.143926708707181
"diabetes","MICE.10.Y.M.IMP",7,"Misclassification",0.215686274509804
"diabetes","MICE.10.Y.M.IMP",7,"Calibration",0.0177243582316726
"diabetes","MICE.RF.10.IMP",7,"AUC",0.868704344482891
"diabetes","MICE.RF.10.IMP",7,"Brier",0.143120785153935
"diabetes","MICE.RF.10.IMP",7,"Misclassification",0.215686274509804
"diabetes","MICE.RF.10.IMP",7,"Calibration",0.0195449721377213
"diabetes","MICE.RF.10.Y.M.IMP",7,"AUC",0.866782006920415
"diabetes","MICE.RF.10.Y.M.IMP",7,"Brier",0.142942608830727
"diabetes","MICE.RF.10.Y.M.IMP",7,"Misclassification",0.196078431372549
"diabetes","MICE.RF.10.Y.M.IMP",7,"Calibration",0.0183693607280669
"diabetes","MICE.10.IMP.M",7,"AUC",0.87043444828912
"diabetes","MICE.10.IMP.M",7,"Brier",0.141561189335942
"diabetes","MICE.10.IMP.M",7,"Misclassification",0.209150326797386
"diabetes","MICE.10.IMP.M",7,"Calibration",0.0246646871453227
"diabetes","MICE.10.Y.M.IMP.M",7,"AUC",0.87120338331411
"diabetes","MICE.10.Y.M.IMP.M",7,"Brier",0.142097234703943
"diabetes","MICE.10.Y.M.IMP.M",7,"Misclassification",0.209150326797386
"diabetes","MICE.10.Y.M.IMP.M",7,"Calibration",0.0236124414058187
"diabetes","MICE.RF.10.IMP.M",7,"AUC",0.87120338331411
"diabetes","MICE.RF.10.IMP.M",7,"Brier",0.141786334390085
"diabetes","MICE.RF.10.IMP.M",7,"Misclassification",0.202614379084967
"diabetes","MICE.RF.10.IMP.M",7,"Calibration",0.0222614874142579
"diabetes","MICE.RF.10.Y.M.IMP.M",7,"AUC",0.87120338331411
"diabetes","MICE.RF.10.Y.M.IMP.M",7,"Brier",0.141459716857949
"diabetes","MICE.RF.10.Y.M.IMP.M",7,"Misclassification",0.196078431372549
"diabetes","MICE.RF.10.Y.M.IMP.M",7,"Calibration",0.0225945950516505
"diabetes","Mean.IMP",7,"AUC",0.862168396770473
"diabetes","Mean.IMP",7,"Brier",0.145966284838506
"diabetes","Mean.IMP",7,"Misclassification",0.209150326797386
"diabetes","Mean.IMP",7,"Calibration",0.0183596866436727
"diabetes","Mean.IMP.M",7,"AUC",0.868127643214148
"diabetes","Mean.IMP.M",7,"Brier",0.143975004025619
"diabetes","Mean.IMP.M",7,"Misclassification",0.209150326797386
"diabetes","Mean.IMP.M",7,"Calibration",0.0249488112646524
"diabetes","05.IMP",7,"AUC",0.843137254901961
"diabetes","05.IMP",7,"Brier",0.150871983651233
"diabetes","05.IMP",7,"Misclassification",0.202614379084967
"diabetes","05.IMP",7,"Calibration",0.0222042215343257
"diabetes","05.IMP.M",7,"AUC",0.868127643214148
"diabetes","05.IMP.M",7,"Brier",0.143975004025619
"diabetes","05.IMP.M",7,"Misclassification",0.209150326797386
"diabetes","05.IMP.M",7,"Calibration",0.0249488112646525
"diabetes","PbP",7,"AUC",0.860918877354863
"diabetes","PbP",7,"Brier",0.144856694502993
"diabetes","PbP",7,"Misclassification",0.215686274509804
"diabetes","PbP",7,"Calibration",0.0176334819856633
"diabetes","SAEM",8,"AUC",0.811610918877355
"diabetes","SAEM",8,"Brier",0.167117207902017
"diabetes","SAEM",8,"Misclassification",0.254901960784314
"diabetes","SAEM",8,"Calibration",0.0193476647836364
"diabetes","MICE.10.IMP",8,"AUC",0.809111880046136
"diabetes","MICE.10.IMP",8,"Brier",0.166761108594448
"diabetes","MICE.10.IMP",8,"Misclassification",0.254901960784314
"diabetes","MICE.10.IMP",8,"Calibration",0.0177459469742445
"diabetes","MICE.10.Y.M.IMP",8,"AUC",0.808535178777393
"diabetes","MICE.10.Y.M.IMP",8,"Brier",0.167063813186624
"diabetes","MICE.10.Y.M.IMP",8,"Misclassification",0.248366013071895
"diabetes","MICE.10.Y.M.IMP",8,"Calibration",0.0183106193930612
"diabetes","MICE.RF.10.IMP",8,"AUC",0.813533256439831
"diabetes","MICE.RF.10.IMP",8,"Brier",0.165173617574993
"diabetes","MICE.RF.10.IMP",8,"Misclassification",0.254901960784314
"diabetes","MICE.RF.10.IMP",8,"Calibration",0.0194579571564852
"diabetes","MICE.RF.10.Y.M.IMP",8,"AUC",0.812956555171088
"diabetes","MICE.RF.10.Y.M.IMP",8,"Brier",0.165816363817613
"diabetes","MICE.RF.10.Y.M.IMP",8,"Misclassification",0.261437908496732
"diabetes","MICE.RF.10.Y.M.IMP",8,"Calibration",0.0196682822293979
"diabetes","MICE.10.IMP.M",8,"AUC",0.822183775470973
"diabetes","MICE.10.IMP.M",8,"Brier",0.161501830440126
"diabetes","MICE.10.IMP.M",8,"Misclassification",0.248366013071895
"diabetes","MICE.10.IMP.M",8,"Calibration",0.0214275789680703
"diabetes","MICE.10.Y.M.IMP.M",8,"AUC",0.822760476739716
"diabetes","MICE.10.Y.M.IMP.M",8,"Brier",0.16244480597204
"diabetes","MICE.10.Y.M.IMP.M",8,"Misclassification",0.241830065359477
"diabetes","MICE.10.Y.M.IMP.M",8,"Calibration",0.0189133193032979
"diabetes","MICE.RF.10.IMP.M",8,"AUC",0.82237600922722
"diabetes","MICE.RF.10.IMP.M",8,"Brier",0.161730527151887
"diabetes","MICE.RF.10.IMP.M",8,"Misclassification",0.248366013071895
"diabetes","MICE.RF.10.IMP.M",8,"Calibration",0.0193764512832287
"diabetes","MICE.RF.10.Y.M.IMP.M",8,"AUC",0.825643983083429
"diabetes","MICE.RF.10.Y.M.IMP.M",8,"Brier",0.161174673729405
"diabetes","MICE.RF.10.Y.M.IMP.M",8,"Misclassification",0.254901960784314
"diabetes","MICE.RF.10.Y.M.IMP.M",8,"Calibration",0.0235129288695179
"diabetes","Mean.IMP",8,"AUC",0.809496347558631
"diabetes","Mean.IMP",8,"Brier",0.166171772848419
"diabetes","Mean.IMP",8,"Misclassification",0.261437908496732
"diabetes","Mean.IMP",8,"Calibration",0.017925738228461
"diabetes","Mean.IMP.M",8,"AUC",0.821991541714725
"diabetes","Mean.IMP.M",8,"Brier",0.161353058051165
"diabetes","Mean.IMP.M",8,"Misclassification",0.241830065359477
"diabetes","Mean.IMP.M",8,"Calibration",0.0205835341319421
"diabetes","05.IMP",8,"AUC",0.825451749327182
"diabetes","05.IMP",8,"Brier",0.159409918867617
"diabetes","05.IMP",8,"Misclassification",0.254901960784314
"diabetes","05.IMP",8,"Calibration",0.0189638281506284
"diabetes","05.IMP.M",8,"AUC",0.821991541714725
"diabetes","05.IMP.M",8,"Brier",0.161353058051165
"diabetes","05.IMP.M",8,"Misclassification",0.241830065359477
"diabetes","05.IMP.M",8,"Calibration",0.0205835341319421
"diabetes","PbP",8,"AUC",0.783737024221453
"diabetes","PbP",8,"Brier",0.172386278737906
"diabetes","PbP",8,"Misclassification",0.248366013071895
"diabetes","PbP",8,"Calibration",0.0152578429457215
"diabetes","SAEM",9,"AUC",0.848539487919221
"diabetes","SAEM",9,"Brier",0.157955990457607
"diabetes","SAEM",9,"Misclassification",0.222222222222222
"diabetes","SAEM",9,"Calibration",0.016397059192793
"diabetes","MICE.10.IMP",9,"AUC",0.855751893256401
"diabetes","MICE.10.IMP",9,"Brier",0.153708218842437
"diabetes","MICE.10.IMP",9,"Misclassification",0.215686274509804
"diabetes","MICE.10.IMP",9,"Calibration",0.0182224777050239
"diabetes","MICE.10.Y.M.IMP",9,"AUC",0.849981968986657
"diabetes","MICE.10.Y.M.IMP",9,"Brier",0.158230690520718
"diabetes","MICE.10.Y.M.IMP",9,"Misclassification",0.235294117647059
"diabetes","MICE.10.Y.M.IMP",9,"Calibration",0.017485967545825
"diabetes","MICE.RF.10.IMP",9,"AUC",0.857014064190407
"diabetes","MICE.RF.10.IMP",9,"Brier",0.153583820746333
"diabetes","MICE.RF.10.IMP",9,"Misclassification",0.215686274509804
"diabetes","MICE.RF.10.IMP",9,"Calibration",0.017476100170088
"diabetes","MICE.RF.10.Y.M.IMP",9,"AUC",0.854489722322395
"diabetes","MICE.RF.10.Y.M.IMP",9,"Brier",0.153769841625371
"diabetes","MICE.RF.10.Y.M.IMP",9,"Misclassification",0.209150326797386
"diabetes","MICE.RF.10.Y.M.IMP",9,"Calibration",0.0156095616686666
"diabetes","MICE.10.IMP.M",9,"AUC",0.849981968986657
"diabetes","MICE.10.IMP.M",9,"Brier",0.156852319880987
"diabetes","MICE.10.IMP.M",9,"Misclassification",0.235294117647059
"diabetes","MICE.10.IMP.M",9,"Calibration",0.0175680676391679
"diabetes","MICE.10.Y.M.IMP.M",9,"AUC",0.836278398846015
"diabetes","MICE.10.Y.M.IMP.M",9,"Brier",0.161803196093763
"diabetes","MICE.10.Y.M.IMP.M",9,"Misclassification",0.241830065359477
"diabetes","MICE.10.Y.M.IMP.M",9,"Calibration",0.0169491938868194
"diabetes","MICE.RF.10.IMP.M",9,"AUC",0.851063829787234
"diabetes","MICE.RF.10.IMP.M",9,"Brier",0.155560701974711
"diabetes","MICE.RF.10.IMP.M",9,"Misclassification",0.235294117647059
"diabetes","MICE.RF.10.IMP.M",9,"Calibration",0.0153444847688745
"diabetes","MICE.RF.10.Y.M.IMP.M",9,"AUC",0.84529390551749
"diabetes","MICE.RF.10.Y.M.IMP.M",9,"Brier",0.158211287865392
"diabetes","MICE.RF.10.Y.M.IMP.M",9,"Misclassification",0.241830065359477
"diabetes","MICE.RF.10.Y.M.IMP.M",9,"Calibration",0.0156135643959724
"diabetes","Mean.IMP",9,"AUC",0.851785070320952
"diabetes","Mean.IMP",9,"Brier",0.155602345437379
"diabetes","Mean.IMP",9,"Misclassification",0.222222222222222
"diabetes","Mean.IMP",9,"Calibration",0.016533582529607
"diabetes","Mean.IMP.M",9,"AUC",0.846375766318067
"diabetes","Mean.IMP.M",9,"Brier",0.158363273403444
"diabetes","Mean.IMP.M",9,"Misclassification",0.235294117647059
"diabetes","Mean.IMP.M",9,"Calibration",0.01705313111291
"diabetes","05.IMP",9,"AUC",0.850522899386946
"diabetes","05.IMP",9,"Brier",0.157374664012528
"diabetes","05.IMP",9,"Misclassification",0.235294117647059
"diabetes","05.IMP",9,"Calibration",0.0178288106379847
"diabetes","05.IMP.M",9,"AUC",0.846375766318067
"diabetes","05.IMP.M",9,"Brier",0.158363273403444
"diabetes","05.IMP.M",9,"Misclassification",0.235294117647059
"diabetes","05.IMP.M",9,"Calibration",0.01705313111291
"diabetes","PbP",9,"AUC",0.820140641904075
"diabetes","PbP",9,"Brier",0.182572750886606
"diabetes","PbP",9,"Misclassification",0.261437908496732
"diabetes","PbP",9,"Calibration",0.0275086292783664
"diabetes","SAEM",10,"AUC",0.879365079365079
"diabetes","SAEM",10,"Brier",0.148643874504889
"diabetes","SAEM",10,"Misclassification",0.222222222222222
"diabetes","SAEM",10,"Calibration",0.0209005122027036
"diabetes","MICE.10.IMP",10,"AUC",0.884832451499118
"diabetes","MICE.10.IMP",10,"Brier",0.14673489878567
"diabetes","MICE.10.IMP",10,"Misclassification",0.209150326797386
"diabetes","MICE.10.IMP",10,"Calibration",0.0202176252095733
"diabetes","MICE.10.Y.M.IMP",10,"AUC",0.883597883597884
"diabetes","MICE.10.Y.M.IMP",10,"Brier",0.147162114669534
"diabetes","MICE.10.Y.M.IMP",10,"Misclassification",0.209150326797386
"diabetes","MICE.10.Y.M.IMP",10,"Calibration",0.0207238182485391
"diabetes","MICE.RF.10.IMP",10,"AUC",0.88042328042328
"diabetes","MICE.RF.10.IMP",10,"Brier",0.14808404542682
"diabetes","MICE.RF.10.IMP",10,"Misclassification",0.202614379084967
"diabetes","MICE.RF.10.IMP",10,"Calibration",0.0210478463317977
"diabetes","MICE.RF.10.Y.M.IMP",10,"AUC",0.882363315696649
"diabetes","MICE.RF.10.Y.M.IMP",10,"Brier",0.147836370516754
"diabetes","MICE.RF.10.Y.M.IMP",10,"Misclassification",0.22875816993464
"diabetes","MICE.RF.10.Y.M.IMP",10,"Calibration",0.0221789125063546
"diabetes","MICE.10.IMP.M",10,"AUC",0.861022927689594
"diabetes","MICE.10.IMP.M",10,"Brier",0.154177333396011
"diabetes","MICE.10.IMP.M",10,"Misclassification",0.22875816993464
"diabetes","MICE.10.IMP.M",10,"Calibration",0.0232947378669011
"diabetes","MICE.10.Y.M.IMP.M",10,"AUC",0.862257495590829
"diabetes","MICE.10.Y.M.IMP.M",10,"Brier",0.153490347403285
"diabetes","MICE.10.Y.M.IMP.M",10,"Misclassification",0.209150326797386
"diabetes","MICE.10.Y.M.IMP.M",10,"Calibration",0.0234439016975961
"diabetes","MICE.RF.10.IMP.M",10,"AUC",0.862257495590829
"diabetes","MICE.RF.10.IMP.M",10,"Brier",0.153393394379592
"diabetes","MICE.RF.10.IMP.M",10,"Misclassification",0.222222222222222
"diabetes","MICE.RF.10.IMP.M",10,"Calibration",0.0232793045312377
"diabetes","MICE.RF.10.Y.M.IMP.M",10,"AUC",0.858024691358025
"diabetes","MICE.RF.10.Y.M.IMP.M",10,"Brier",0.154143084370876
"diabetes","MICE.RF.10.Y.M.IMP.M",10,"Misclassification",0.235294117647059
"diabetes","MICE.RF.10.Y.M.IMP.M",10,"Calibration",0.0220367056212748
"diabetes","Mean.IMP",10,"AUC",0.882539682539683
"diabetes","Mean.IMP",10,"Brier",0.14781956364834
"diabetes","Mean.IMP",10,"Misclassification",0.202614379084967
"diabetes","Mean.IMP",10,"Calibration",0.0204589612877373
"diabetes","Mean.IMP.M",10,"AUC",0.863492063492064
"diabetes","Mean.IMP.M",10,"Brier",0.153749295361661
"diabetes","Mean.IMP.M",10,"Misclassification",0.215686274509804
"diabetes","Mean.IMP.M",10,"Calibration",0.0240783684884391
"diabetes","05.IMP",10,"AUC",0.871428571428571
"diabetes","05.IMP",10,"Brier",0.150505318598613
"diabetes","05.IMP",10,"Misclassification",0.215686274509804
"diabetes","05.IMP",10,"Calibration",0.0268256356766658
"diabetes","05.IMP.M",10,"AUC",0.863492063492064
"diabetes","05.IMP.M",10,"Brier",0.153749295361661
"diabetes","05.IMP.M",10,"Misclassification",0.215686274509804
"diabetes","05.IMP.M",10,"Calibration",0.024078368488439
"diabetes","PbP",10,"AUC",0.869312169312169
"diabetes","PbP",10,"Brier",0.152453146438655
"diabetes","PbP",10,"Misclassification",0.248366013071895
"diabetes","PbP",10,"Calibration",0.0200035626165221
"diabetes","SAEM",11,"AUC",0.807184466019418
"diabetes","SAEM",11,"Brier",0.171477971746579
"diabetes","SAEM",11,"Misclassification",0.254901960784314
"diabetes","SAEM",11,"Calibration",0.0179811172404977
"diabetes","MICE.10.IMP",11,"AUC",0.806990291262136
"diabetes","MICE.10.IMP",11,"Brier",0.171323895102207
"diabetes","MICE.10.IMP",11,"Misclassification",0.26797385620915
"diabetes","MICE.10.IMP",11,"Calibration",0.0192270297860319
"diabetes","MICE.10.Y.M.IMP",11,"AUC",0.799417475728155
"diabetes","MICE.10.Y.M.IMP",11,"Brier",0.173350350181034
"diabetes","MICE.10.Y.M.IMP",11,"Misclassification",0.261437908496732
"diabetes","MICE.10.Y.M.IMP",11,"Calibration",0.0191440925145692
"diabetes","MICE.RF.10.IMP",11,"AUC",0.810679611650485
"diabetes","MICE.RF.10.IMP",11,"Brier",0.169122823384834
"diabetes","MICE.RF.10.IMP",11,"Misclassification",0.254901960784314
"diabetes","MICE.RF.10.IMP",11,"Calibration",0.0187080420877002
"diabetes","MICE.RF.10.Y.M.IMP",11,"AUC",0.804271844660194
"diabetes","MICE.RF.10.Y.M.IMP",11,"Brier",0.170710409140713
"diabetes","MICE.RF.10.Y.M.IMP",11,"Misclassification",0.254901960784314
"diabetes","MICE.RF.10.Y.M.IMP",11,"Calibration",0.0205930972586955
"diabetes","MICE.10.IMP.M",11,"AUC",0.812427184466019
"diabetes","MICE.10.IMP.M",11,"Brier",0.167405532612415
"diabetes","MICE.10.IMP.M",11,"Misclassification",0.26797385620915
"diabetes","MICE.10.IMP.M",11,"Calibration",0.0157081838155304
"diabetes","MICE.10.Y.M.IMP.M",11,"AUC",0.81126213592233
"diabetes","MICE.10.Y.M.IMP.M",11,"Brier",0.169288518564805
"diabetes","MICE.10.Y.M.IMP.M",11,"Misclassification",0.26797385620915
"diabetes","MICE.10.Y.M.IMP.M",11,"Calibration",0.0167770630502929
"diabetes","MICE.RF.10.IMP.M",11,"AUC",0.812233009708738
"diabetes","MICE.RF.10.IMP.M",11,"Brier",0.168406355224205
"diabetes","MICE.RF.10.IMP.M",11,"Misclassification",0.26797385620915
"diabetes","MICE.RF.10.IMP.M",11,"Calibration",0.0175981115159383
"diabetes","MICE.RF.10.Y.M.IMP.M",11,"AUC",0.808543689320388
"diabetes","MICE.RF.10.Y.M.IMP.M",11,"Brier",0.169189706018052
"diabetes","MICE.RF.10.Y.M.IMP.M",11,"Misclassification",0.26797385620915
"diabetes","MICE.RF.10.Y.M.IMP.M",11,"Calibration",0.017013532518349
"diabetes","Mean.IMP",11,"AUC",0.800970873786408
"diabetes","Mean.IMP",11,"Brier",0.17275346782849
"diabetes","Mean.IMP",11,"Misclassification",0.261437908496732
"diabetes","Mean.IMP",11,"Calibration",0.0182785749753815
"diabetes","Mean.IMP.M",11,"AUC",0.807184466019418
"diabetes","Mean.IMP.M",11,"Brier",0.170121230059142
"diabetes","Mean.IMP.M",11,"Misclassification",0.261437908496732
"diabetes","Mean.IMP.M",11,"Calibration",0.0177260116777555
"diabetes","05.IMP",11,"AUC",0.813398058252427
"diabetes","05.IMP",11,"Brier",0.166447151522343
"diabetes","05.IMP",11,"Misclassification",0.261437908496732
"diabetes","05.IMP",11,"Calibration",0.0144638890815645
"diabetes","05.IMP.M",11,"AUC",0.807184466019418
"diabetes","05.IMP.M",11,"Brier",0.170121230059142
"diabetes","05.IMP.M",11,"Misclassification",0.261437908496732
"diabetes","05.IMP.M",11,"Calibration",0.0177260116777555
"diabetes","PbP",11,"AUC",0.781941747572816
"diabetes","PbP",11,"Brier",0.188299203887726
"diabetes","PbP",11,"Misclassification",0.274509803921569
"diabetes","PbP",11,"Calibration",0.0257377199640128
"diabetes","SAEM",12,"AUC",0.820324005891016
"diabetes","SAEM",12,"Brier",0.162289518090349
"diabetes","SAEM",12,"Misclassification",0.241830065359477
"diabetes","SAEM",12,"Calibration",0.0159429590324988
"diabetes","MICE.10.IMP",12,"AUC",0.821244477172312
"diabetes","MICE.10.IMP",12,"Brier",0.16224018196921
"diabetes","MICE.10.IMP",12,"Misclassification",0.235294117647059
"diabetes","MICE.10.IMP",12,"Calibration",0.017255417491943
"diabetes","MICE.10.Y.M.IMP",12,"AUC",0.818298969072165
"diabetes","MICE.10.Y.M.IMP",12,"Brier",0.162850801413476
"diabetes","MICE.10.Y.M.IMP",12,"Misclassification",0.22875816993464
"diabetes","MICE.10.Y.M.IMP",12,"Calibration",0.0179677009748197
"diabetes","MICE.RF.10.IMP",12,"AUC",0.820692194403535
"diabetes","MICE.RF.10.IMP",12,"Brier",0.161803554186105
"diabetes","MICE.RF.10.IMP",12,"Misclassification",0.22875816993464
"diabetes","MICE.RF.10.IMP",12,"Calibration",0.0145861202039654
"diabetes","MICE.RF.10.Y.M.IMP",12,"AUC",0.820139911634757
"diabetes","MICE.RF.10.Y.M.IMP",12,"Brier",0.161944659345685
"diabetes","MICE.RF.10.Y.M.IMP",12,"Misclassification",0.235294117647059
"diabetes","MICE.RF.10.Y.M.IMP",12,"Calibration",0.0146364483119842
"diabetes","MICE.10.IMP.M",12,"AUC",0.811855670103093
"diabetes","MICE.10.IMP.M",12,"Brier",0.165614078140123
"diabetes","MICE.10.IMP.M",12,"Misclassification",0.235294117647059
"diabetes","MICE.10.IMP.M",12,"Calibration",0.0153095628717279
"diabetes","MICE.10.Y.M.IMP.M",12,"AUC",0.812776141384389
"diabetes","MICE.10.Y.M.IMP.M",12,"Brier",0.165735431021308
"diabetes","MICE.10.Y.M.IMP.M",12,"Misclassification",0.235294117647059
"diabetes","MICE.10.Y.M.IMP.M",12,"Calibration",0.0171832207043914
"diabetes","MICE.RF.10.IMP.M",12,"AUC",0.810567010309278
"diabetes","MICE.RF.10.IMP.M",12,"Brier",0.165766772892619
"diabetes","MICE.RF.10.IMP.M",12,"Misclassification",0.235294117647059
"diabetes","MICE.RF.10.IMP.M",12,"Calibration",0.0167474991829424
"diabetes","MICE.RF.10.Y.M.IMP.M",12,"AUC",0.80798969072165
"diabetes","MICE.RF.10.Y.M.IMP.M",12,"Brier",0.166802675449115
"diabetes","MICE.RF.10.Y.M.IMP.M",12,"Misclassification",0.235294117647059
"diabetes","MICE.RF.10.Y.M.IMP.M",12,"Calibration",0.0156728902016823
"diabetes","Mean.IMP",12,"AUC",0.818851251840943
"diabetes","Mean.IMP",12,"Brier",0.162564745774414
"diabetes","Mean.IMP",12,"Misclassification",0.235294117647059
"diabetes","Mean.IMP",12,"Calibration",0.0164256771201324
"diabetes","Mean.IMP.M",12,"AUC",0.811855670103093
"diabetes","Mean.IMP.M",12,"Brier",0.166048444886443
"diabetes","Mean.IMP.M",12,"Misclassification",0.235294117647059
"diabetes","Mean.IMP.M",12,"Calibration",0.0173098228779252
"diabetes","05.IMP",12,"AUC",0.801178203240059
"diabetes","05.IMP",12,"Brier",0.167933551466187
"diabetes","05.IMP",12,"Misclassification",0.241830065359477
"diabetes","05.IMP",12,"Calibration",0.0148217643710241
"diabetes","05.IMP.M",12,"AUC",0.811855670103093
"diabetes","05.IMP.M",12,"Brier",0.166048444886443
"diabetes","05.IMP.M",12,"Misclassification",0.235294117647059
"diabetes","05.IMP.M",12,"Calibration",0.0173098228779252
"diabetes","PbP",12,"AUC",0.796759941089838
"diabetes","PbP",12,"Brier",0.173878696900869
"diabetes","PbP",12,"Misclassification",0.254901960784314
"diabetes","PbP",12,"Calibration",0.0177252098650295
"diabetes","SAEM",13,"AUC",0.909056603773585
"diabetes","SAEM",13,"Brier",0.12464365735979
"diabetes","SAEM",13,"Misclassification",0.169934640522876
"diabetes","SAEM",13,"Calibration",0.0205959925422291
"diabetes","MICE.10.IMP",13,"AUC",0.90811320754717
"diabetes","MICE.10.IMP",13,"Brier",0.124770544231809
"diabetes","MICE.10.IMP",13,"Misclassification",0.176470588235294
"diabetes","MICE.10.IMP",13,"Calibration",0.0205050144905009
"diabetes","MICE.10.Y.M.IMP",13,"AUC",0.907735849056604
"diabetes","MICE.10.Y.M.IMP",13,"Brier",0.125202885965092
"diabetes","MICE.10.Y.M.IMP",13,"Misclassification",0.176470588235294
"diabetes","MICE.10.Y.M.IMP",13,"Calibration",0.0194537059512058
"diabetes","MICE.RF.10.IMP",13,"AUC",0.908867924528302
"diabetes","MICE.RF.10.IMP",13,"Brier",0.124407450197176
"diabetes","MICE.RF.10.IMP",13,"Misclassification",0.176470588235294
"diabetes","MICE.RF.10.IMP",13,"Calibration",0.0197114068034833
"diabetes","MICE.RF.10.Y.M.IMP",13,"AUC",0.907735849056604
"diabetes","MICE.RF.10.Y.M.IMP",13,"Brier",0.125611550753796
"diabetes","MICE.RF.10.Y.M.IMP",13,"Misclassification",0.169934640522876
"diabetes","MICE.RF.10.Y.M.IMP",13,"Calibration",0.0206389424272148
"diabetes","MICE.10.IMP.M",13,"AUC",0.905471698113207
"diabetes","MICE.10.IMP.M",13,"Brier",0.126474028916341
"diabetes","MICE.10.IMP.M",13,"Misclassification",0.183006535947712
"diabetes","MICE.10.IMP.M",13,"Calibration",0.0182378569546785
"diabetes","MICE.10.Y.M.IMP.M",13,"AUC",0.905283018867925
"diabetes","MICE.10.Y.M.IMP.M",13,"Brier",0.12607835863288
"diabetes","MICE.10.Y.M.IMP.M",13,"Misclassification",0.183006535947712
"diabetes","MICE.10.Y.M.IMP.M",13,"Calibration",0.0180755013508989
"diabetes","MICE.RF.10.IMP.M",13,"AUC",0.904339622641509
"diabetes","MICE.RF.10.IMP.M",13,"Brier",0.126737896461811
"diabetes","MICE.RF.10.IMP.M",13,"Misclassification",0.183006535947712
"diabetes","MICE.RF.10.IMP.M",13,"Calibration",0.0166848199727484
"diabetes","MICE.RF.10.Y.M.IMP.M",13,"AUC",0.90188679245283
"diabetes","MICE.RF.10.Y.M.IMP.M",13,"Brier",0.127745053139891
"diabetes","MICE.RF.10.Y.M.IMP.M",13,"Misclassification",0.196078431372549
"diabetes","MICE.RF.10.Y.M.IMP.M",13,"Calibration",0.0179361982329972
"diabetes","Mean.IMP",13,"AUC",0.908490566037736
"diabetes","Mean.IMP",13,"Brier",0.124582191438204
"diabetes","Mean.IMP",13,"Misclassification",0.176470588235294
"diabetes","Mean.IMP",13,"Calibration",0.0202077292350216
"diabetes","Mean.IMP.M",13,"AUC",0.903584905660377
"diabetes","Mean.IMP.M",13,"Brier",0.126609349538975
"diabetes","Mean.IMP.M",13,"Misclassification",0.183006535947712
"diabetes","Mean.IMP.M",13,"Calibration",0.0167690264633581
"diabetes","05.IMP",13,"AUC",0.906981132075472
"diabetes","05.IMP",13,"Brier",0.126841187011335
"diabetes","05.IMP",13,"Misclassification",0.176470588235294
"diabetes","05.IMP",13,"Calibration",0.0230760117012519
"diabetes","05.IMP.M",13,"AUC",0.903584905660377
"diabetes","05.IMP.M",13,"Brier",0.126609349538975
"diabetes","05.IMP.M",13,"Misclassification",0.183006535947712
"diabetes","05.IMP.M",13,"Calibration",0.016769026463358
"diabetes","PbP",13,"AUC",0.88
"diabetes","PbP",13,"Brier",0.134279056517278
"diabetes","PbP",13,"Misclassification",0.183006535947712
"diabetes","PbP",13,"Calibration",0.0181775717883421
"diabetes","SAEM",14,"AUC",0.823300970873786
"diabetes","SAEM",14,"Brier",0.162487829817573
"diabetes","SAEM",14,"Misclassification",0.274509803921569
"diabetes","SAEM",14,"Calibration",0.0170554853398206
"diabetes","MICE.10.IMP",14,"AUC",0.82368932038835
"diabetes","MICE.10.IMP",14,"Brier",0.16197803711093
"diabetes","MICE.10.IMP",14,"Misclassification",0.26797385620915
"diabetes","MICE.10.IMP",14,"Calibration",0.0173918262936142
"diabetes","MICE.10.Y.M.IMP",14,"AUC",0.817281553398058
"diabetes","MICE.10.Y.M.IMP",14,"Brier",0.164485610068215
"diabetes","MICE.10.Y.M.IMP",14,"Misclassification",0.26797385620915
"diabetes","MICE.10.Y.M.IMP",14,"Calibration",0.0155864968166762
"diabetes","MICE.RF.10.IMP",14,"AUC",0.82252427184466
"diabetes","MICE.RF.10.IMP",14,"Brier",0.163213454618277
"diabetes","MICE.RF.10.IMP",14,"Misclassification",0.26797385620915
"diabetes","MICE.RF.10.IMP",14,"Calibration",0.0191541542854701
"diabetes","MICE.RF.10.Y.M.IMP",14,"AUC",0.821553398058252
"diabetes","MICE.RF.10.Y.M.IMP",14,"Brier",0.163226349006255
"diabetes","MICE.RF.10.Y.M.IMP",14,"Misclassification",0.254901960784314
"diabetes","MICE.RF.10.Y.M.IMP",14,"Calibration",0.0186835139510858
"diabetes","MICE.10.IMP.M",14,"AUC",0.824660194174757
"diabetes","MICE.10.IMP.M",14,"Brier",0.160267420075549
"diabetes","MICE.10.IMP.M",14,"Misclassification",0.235294117647059
"diabetes","MICE.10.IMP.M",14,"Calibration",0.0159329523054458
"diabetes","MICE.10.Y.M.IMP.M",14,"AUC",0.82368932038835
"diabetes","MICE.10.Y.M.IMP.M",14,"Brier",0.160299677345076
"diabetes","MICE.10.Y.M.IMP.M",14,"Misclassification",0.235294117647059
"diabetes","MICE.10.Y.M.IMP.M",14,"Calibration",0.0157481415706302
"diabetes","MICE.RF.10.IMP.M",14,"AUC",0.826796116504854
"diabetes","MICE.RF.10.IMP.M",14,"Brier",0.159990116857963
"diabetes","MICE.RF.10.IMP.M",14,"Misclassification",0.235294117647059
"diabetes","MICE.RF.10.IMP.M",14,"Calibration",0.0174395426723271
"diabetes","MICE.RF.10.Y.M.IMP.M",14,"AUC",0.825631067961165
"diabetes","MICE.RF.10.Y.M.IMP.M",14,"Brier",0.160187474867262
"diabetes","MICE.RF.10.Y.M.IMP.M",14,"Misclassification",0.241830065359477
"diabetes","MICE.RF.10.Y.M.IMP.M",14,"Calibration",0.014992074769901
"diabetes","Mean.IMP",14,"AUC",0.819805825242718
"diabetes","Mean.IMP",14,"Brier",0.164510518375003
"diabetes","Mean.IMP",14,"Misclassification",0.261437908496732
"diabetes","Mean.IMP",14,"Calibration",0.019856681472286
"diabetes","Mean.IMP.M",14,"AUC",0.820388349514563
"diabetes","Mean.IMP.M",14,"Brier",0.161871359948991
"diabetes","Mean.IMP.M",14,"Misclassification",0.241830065359477
"diabetes","Mean.IMP.M",14,"Calibration",0.0145490755120206
"diabetes","05.IMP",14,"AUC",0.81378640776699
"diabetes","05.IMP",14,"Brier",0.161005045848985
"diabetes","05.IMP",14,"Misclassification",0.235294117647059
"diabetes","05.IMP",14,"Calibration",0.0137196875026199
"diabetes","05.IMP.M",14,"AUC",0.820388349514563
"diabetes","05.IMP.M",14,"Brier",0.161871359948991
"diabetes","05.IMP.M",14,"Misclassification",0.241830065359477
"diabetes","05.IMP.M",14,"Calibration",0.0145490755120204
"diabetes","PbP",14,"AUC",0.830970873786408
"diabetes","PbP",14,"Brier",0.157953502993733
"diabetes","PbP",14,"Misclassification",0.209150326797386
"diabetes","PbP",14,"Calibration",0.0166962852659275
"diabetes","SAEM",15,"AUC",0.851844660194175
"diabetes","SAEM",15,"Brier",0.149798556062322
"diabetes","SAEM",15,"Misclassification",0.222222222222222
"diabetes","SAEM",15,"Calibration",0.0166597449823348
"diabetes","MICE.10.IMP",15,"AUC",0.85378640776699
"diabetes","MICE.10.IMP",15,"Brier",0.148967250970653
"diabetes","MICE.10.IMP",15,"Misclassification",0.22875816993464
"diabetes","MICE.10.IMP",15,"Calibration",0.0169502611681964
"diabetes","MICE.10.Y.M.IMP",15,"AUC",0.852815533980583
"diabetes","MICE.10.Y.M.IMP",15,"Brier",0.148577835142551
"diabetes","MICE.10.Y.M.IMP",15,"Misclassification",0.222222222222222
"diabetes","MICE.10.Y.M.IMP",15,"Calibration",0.0163140205257951
"diabetes","MICE.RF.10.IMP",15,"AUC",0.852233009708738
"diabetes","MICE.RF.10.IMP",15,"Brier",0.148673646362216
"diabetes","MICE.RF.10.IMP",15,"Misclassification",0.22875816993464
"diabetes","MICE.RF.10.IMP",15,"Calibration",0.0154014395605979
"diabetes","MICE.RF.10.Y.M.IMP",15,"AUC",0.853592233009709
"diabetes","MICE.RF.10.Y.M.IMP",15,"Brier",0.148352456782787
"diabetes","MICE.RF.10.Y.M.IMP",15,"Misclassification",0.222222222222222
"diabetes","MICE.RF.10.Y.M.IMP",15,"Calibration",0.0164740553997414
"diabetes","MICE.10.IMP.M",15,"AUC",0.860388349514563
"diabetes","MICE.10.IMP.M",15,"Brier",0.145357335557539
"diabetes","MICE.10.IMP.M",15,"Misclassification",0.209150326797386
"diabetes","MICE.10.IMP.M",15,"Calibration",0.0181604217042784
"diabetes","MICE.10.Y.M.IMP.M",15,"AUC",0.857281553398058
"diabetes","MICE.10.Y.M.IMP.M",15,"Brier",0.146190453159407
"diabetes","MICE.10.Y.M.IMP.M",15,"Misclassification",0.209150326797386
"diabetes","MICE.10.Y.M.IMP.M",15,"Calibration",0.01780576595119
"diabetes","MICE.RF.10.IMP.M",15,"AUC",0.860388349514563
"diabetes","MICE.RF.10.IMP.M",15,"Brier",0.145582181271614
"diabetes","MICE.RF.10.IMP.M",15,"Misclassification",0.209150326797386
"diabetes","MICE.RF.10.IMP.M",15,"Calibration",0.0202514934409262
"diabetes","MICE.RF.10.Y.M.IMP.M",15,"AUC",0.858834951456311
"diabetes","MICE.RF.10.Y.M.IMP.M",15,"Brier",0.146811841334562
"diabetes","MICE.RF.10.Y.M.IMP.M",15,"Misclassification",0.222222222222222
"diabetes","MICE.RF.10.Y.M.IMP.M",15,"Calibration",0.0191826227846275
"diabetes","Mean.IMP",15,"AUC",0.852233009708738
"diabetes","Mean.IMP",15,"Brier",0.149776864893443
"diabetes","Mean.IMP",15,"Misclassification",0.235294117647059
"diabetes","Mean.IMP",15,"Calibration",0.0165518331389992
"diabetes","Mean.IMP.M",15,"AUC",0.857669902912621
"diabetes","Mean.IMP.M",15,"Brier",0.146070796489672
"diabetes","Mean.IMP.M",15,"Misclassification",0.215686274509804
"diabetes","Mean.IMP.M",15,"Calibration",0.0165678987437909
"diabetes","05.IMP",15,"AUC",0.838252427184466
"diabetes","05.IMP",15,"Brier",0.152131302592978
"diabetes","05.IMP",15,"Misclassification",0.222222222222222
"diabetes","05.IMP",15,"Calibration",0.0155237206182293
"diabetes","05.IMP.M",15,"AUC",0.857669902912621
"diabetes","05.IMP.M",15,"Brier",0.146070796489672
"diabetes","05.IMP.M",15,"Misclassification",0.215686274509804
"diabetes","05.IMP.M",15,"Calibration",0.0165678987437909
"diabetes","PbP",15,"AUC",0.862330097087379
"diabetes","PbP",15,"Brier",0.144225967771803
"diabetes","PbP",15,"Misclassification",0.196078431372549
"diabetes","PbP",15,"Calibration",0.0179715939684101
"globwarm","SAEM",1,"AUC",0.706435792212992
"globwarm","SAEM",1,"Brier",0.218611169866078
"globwarm","SAEM",1,"Misclassification",0.36
"globwarm","SAEM",1,"Calibration",0.0189488825373533
"globwarm","MICE.10.IMP",1,"AUC",0.703633269942949
"globwarm","MICE.10.IMP",1,"Brier",0.217313950760004
"globwarm","MICE.10.IMP",1,"Misclassification",0.35
"globwarm","MICE.10.IMP",1,"Calibration",0.0128608147147631
"globwarm","MICE.10.Y.M.IMP",1,"AUC",0.706135521969773
"globwarm","MICE.10.Y.M.IMP",1,"Brier",0.217863482816367
"globwarm","MICE.10.Y.M.IMP",1,"Misclassification",0.36
"globwarm","MICE.10.Y.M.IMP",1,"Calibration",0.0162854629078388
"globwarm","MICE.RF.10.IMP",1,"AUC",0.703533179861876
"globwarm","MICE.RF.10.IMP",1,"Brier",0.219324541398185
"globwarm","MICE.RF.10.IMP",1,"Misclassification",0.35
"globwarm","MICE.RF.10.IMP",1,"Calibration",0.0186490744502727
"globwarm","MICE.RF.10.Y.M.IMP",1,"AUC",0.705635071564408
"globwarm","MICE.RF.10.Y.M.IMP",1,"Brier",0.218655118135446
"globwarm","MICE.RF.10.Y.M.IMP",1,"Misclassification",0.355
"globwarm","MICE.RF.10.Y.M.IMP",1,"Calibration",0.0199941847323513
"globwarm","MICE.10.IMP.M",1,"AUC",0.712341106996297
"globwarm","MICE.10.IMP.M",1,"Brier",0.216379724685249
"globwarm","MICE.10.IMP.M",1,"Misclassification",0.37
"globwarm","MICE.10.IMP.M",1,"Calibration",0.019656245882214
"globwarm","MICE.10.Y.M.IMP.M",1,"AUC",0.708137323591232
"globwarm","MICE.10.Y.M.IMP.M",1,"Brier",0.217127320013075
"globwarm","MICE.10.Y.M.IMP.M",1,"Misclassification",0.37
"globwarm","MICE.10.Y.M.IMP.M",1,"Calibration",0.0173834801326254
"globwarm","MICE.RF.10.IMP.M",1,"AUC",0.709038134320889
"globwarm","MICE.RF.10.IMP.M",1,"Brier",0.217615330032751
"globwarm","MICE.RF.10.IMP.M",1,"Misclassification",0.375
"globwarm","MICE.RF.10.IMP.M",1,"Calibration",0.0210442356859216
"globwarm","MICE.RF.10.Y.M.IMP.M",1,"AUC",0.709038134320889
"globwarm","MICE.RF.10.Y.M.IMP.M",1,"Brier",0.217692501532881
"globwarm","MICE.RF.10.Y.M.IMP.M",1,"Misclassification",0.37
"globwarm","MICE.RF.10.Y.M.IMP.M",1,"Calibration",0.0198517348434303
"globwarm","Mean.IMP",1,"AUC",0.714543088779902
"globwarm","Mean.IMP",1,"Brier",0.213948817182789
"globwarm","Mean.IMP",1,"Misclassification",0.355
"globwarm","Mean.IMP",1,"Calibration",0.0125541269984796
"globwarm","Mean.IMP.M",1,"AUC",0.715243719347413
"globwarm","Mean.IMP.M",1,"Brier",0.213868458967764
"globwarm","Mean.IMP.M",1,"Misclassification",0.355
"globwarm","Mean.IMP.M",1,"Calibration",0.0153545935179799
"globwarm","05.IMP",1,"AUC",0.711140026023421
"globwarm","05.IMP",1,"Brier",0.215164394575426
"globwarm","05.IMP",1,"Misclassification",0.4
"globwarm","05.IMP",1,"Calibration",0.0222279499340638
"globwarm","05.IMP.M",1,"AUC",0.715243719347413
"globwarm","05.IMP.M",1,"Brier",0.213868458967764
"globwarm","05.IMP.M",1,"Misclassification",0.355
"globwarm","05.IMP.M",1,"Calibration",0.0153545935179799
"globwarm","PbP",1,"AUC",0.686617956160545
"globwarm","PbP",1,"Brier",0.221533545638782
"globwarm","PbP",1,"Misclassification",0.385
"globwarm","PbP",1,"Calibration",0.0179511097819558
"globwarm","SAEM",2,"AUC",0.694402267435975
"globwarm","SAEM",2,"Brier",0.21998862198826
"globwarm","SAEM",2,"Misclassification",0.4
"globwarm","SAEM",2,"Calibration",0.0196195743692127
"globwarm","MICE.10.IMP",2,"AUC",0.697439012045754
"globwarm","MICE.10.IMP",2,"Brier",0.219293492190406
"globwarm","MICE.10.IMP",2,"Misclassification",0.39
"globwarm","MICE.10.IMP",2,"Calibration",0.0207028679024131
"globwarm","MICE.10.Y.M.IMP",2,"AUC",0.695110841178257
"globwarm","MICE.10.Y.M.IMP",2,"Brier",0.220617587577278
"globwarm","MICE.10.Y.M.IMP",2,"Misclassification",0.39
"globwarm","MICE.10.Y.M.IMP",2,"Calibration",0.0195662850786075
"globwarm","MICE.RF.10.IMP",2,"AUC",0.693491244053042
"globwarm","MICE.RF.10.IMP",2,"Brier",0.220152601994999
"globwarm","MICE.RF.10.IMP",2,"Misclassification",0.39
"globwarm","MICE.RF.10.IMP",2,"Calibration",0.0187309871983838
"globwarm","MICE.RF.10.Y.M.IMP",2,"AUC",0.698451260249013
"globwarm","MICE.RF.10.Y.M.IMP",2,"Brier",0.219090455990972
"globwarm","MICE.RF.10.Y.M.IMP",2,"Misclassification",0.38
"globwarm","MICE.RF.10.Y.M.IMP",2,"Calibration",0.0196971287712068
"globwarm","MICE.10.IMP.M",2,"AUC",0.701589229679117
"globwarm","MICE.10.IMP.M",2,"Brier",0.218409817216205
"globwarm","MICE.10.IMP.M",2,"Misclassification",0.385
"globwarm","MICE.10.IMP.M",2,"Calibration",0.0217286179034271
"globwarm","MICE.10.Y.M.IMP.M",2,"AUC",0.701184330397814
"globwarm","MICE.10.Y.M.IMP.M",2,"Brier",0.218966628723147
"globwarm","MICE.10.Y.M.IMP.M",2,"Misclassification",0.41
"globwarm","MICE.10.Y.M.IMP.M",2,"Calibration",0.0207134250752067
"globwarm","MICE.RF.10.IMP.M",2,"AUC",0.697135337584776
"globwarm","MICE.RF.10.IMP.M",2,"Brier",0.219973226421086
"globwarm","MICE.RF.10.IMP.M",2,"Misclassification",0.4
"globwarm","MICE.RF.10.IMP.M",2,"Calibration",0.0225419077397675
"globwarm","MICE.RF.10.Y.M.IMP.M",2,"AUC",0.697641461686406
"globwarm","MICE.RF.10.Y.M.IMP.M",2,"Brier",0.219283601544418
"globwarm","MICE.RF.10.Y.M.IMP.M",2,"Misclassification",0.4
"globwarm","MICE.RF.10.Y.M.IMP.M",2,"Calibration",0.0193052012842577
"globwarm","Mean.IMP",2,"AUC",0.698147585788035
"globwarm","Mean.IMP",2,"Brier",0.219111782857769
"globwarm","Mean.IMP",2,"Misclassification",0.36
"globwarm","Mean.IMP",2,"Calibration",0.0222323185720548
"globwarm","Mean.IMP.M",2,"AUC",0.698046360967709
"globwarm","Mean.IMP.M",2,"Brier",0.21873914632644
"globwarm","Mean.IMP.M",2,"Misclassification",0.36
"globwarm","Mean.IMP.M",2,"Calibration",0.0199116807666378
"globwarm","05.IMP",2,"AUC",0.700981880757162
"globwarm","05.IMP",2,"Brier",0.218165363238211
"globwarm","05.IMP",2,"Misclassification",0.42
"globwarm","05.IMP",2,"Calibration",0.0214745535949559
"globwarm","05.IMP.M",2,"AUC",0.698046360967709
"globwarm","05.IMP.M",2,"Brier",0.21873914632644
"globwarm","05.IMP.M",2,"Misclassification",0.36
"globwarm","05.IMP.M",2,"Calibration",0.0199116807666378
"globwarm","PbP",2,"AUC",0.715861929345075
"globwarm","PbP",2,"Brier",0.211404773951674
"globwarm","PbP",2,"Misclassification",0.335
"globwarm","PbP",2,"Calibration",0.0188005399503816
"globwarm","SAEM",3,"AUC",0.718397745571659
"globwarm","SAEM",3,"Brier",0.218317091056979
"globwarm","SAEM",3,"Misclassification",0.365
"globwarm","SAEM",3,"Calibration",0.0205555780675164
"globwarm","MICE.10.IMP",3,"AUC",0.722725442834139
"globwarm","MICE.10.IMP",3,"Brier",0.217926174066567
"globwarm","MICE.10.IMP",3,"Misclassification",0.36
"globwarm","MICE.10.IMP",3,"Calibration",0.0213327519519589
"globwarm","MICE.10.Y.M.IMP",3,"AUC",0.713868760064412
"globwarm","MICE.10.Y.M.IMP",3,"Brier",0.219582153021026
"globwarm","MICE.10.Y.M.IMP",3,"Misclassification",0.36
"globwarm","MICE.10.Y.M.IMP",3,"Calibration",0.0194418155758998
"globwarm","MICE.RF.10.IMP",3,"AUC",0.72091384863124
"globwarm","MICE.RF.10.IMP",3,"Brier",0.218210810927588
"globwarm","MICE.RF.10.IMP",3,"Misclassification",0.365
"globwarm","MICE.RF.10.IMP",3,"Calibration",0.0200681985295788
"globwarm","MICE.RF.10.Y.M.IMP",3,"AUC",0.719605475040258
"globwarm","MICE.RF.10.Y.M.IMP",3,"Brier",0.218344886824945
"globwarm","MICE.RF.10.Y.M.IMP",3,"Misclassification",0.365
"globwarm","MICE.RF.10.Y.M.IMP",3,"Calibration",0.0202107575485959
"globwarm","MICE.10.IMP.M",3,"AUC",0.723128019323672
"globwarm","MICE.10.IMP.M",3,"Brier",0.216991942226663
"globwarm","MICE.10.IMP.M",3,"Misclassification",0.37
"globwarm","MICE.10.IMP.M",3,"Calibration",0.0206033687034119
"globwarm","MICE.10.Y.M.IMP.M",3,"AUC",0.723027375201288
"globwarm","MICE.10.Y.M.IMP.M",3,"Brier",0.217683723529638
"globwarm","MICE.10.Y.M.IMP.M",3,"Misclassification",0.355
"globwarm","MICE.10.Y.M.IMP.M",3,"Calibration",0.023525390989926
"globwarm","MICE.RF.10.IMP.M",3,"AUC",0.724838969404187
"globwarm","MICE.RF.10.IMP.M",3,"Brier",0.217280924697136
"globwarm","MICE.RF.10.IMP.M",3,"Misclassification",0.37
"globwarm","MICE.RF.10.IMP.M",3,"Calibration",0.0218506199141993
"globwarm","MICE.RF.10.Y.M.IMP.M",3,"AUC",0.718397745571659
"globwarm","MICE.RF.10.Y.M.IMP.M",3,"Brier",0.218238993595225
"globwarm","MICE.RF.10.Y.M.IMP.M",3,"Misclassification",0.365
"globwarm","MICE.RF.10.Y.M.IMP.M",3,"Calibration",0.0212594645317709
"globwarm","Mean.IMP",3,"AUC",0.724738325281804
"globwarm","Mean.IMP",3,"Brier",0.216831727117634
"globwarm","Mean.IMP",3,"Misclassification",0.33
"globwarm","Mean.IMP",3,"Calibration",0.0193283272069451
"globwarm","Mean.IMP.M",3,"AUC",0.727053140096618
"globwarm","Mean.IMP.M",3,"Brier",0.21668265774073
"globwarm","Mean.IMP.M",3,"Misclassification",0.345
"globwarm","Mean.IMP.M",3,"Calibration",0.0207721231603682
"globwarm","05.IMP",3,"AUC",0.721819645732689
"globwarm","05.IMP",3,"Brier",0.217850898056997
"globwarm","05.IMP",3,"Misclassification",0.36
"globwarm","05.IMP",3,"Calibration",0.0250401362081916
"globwarm","05.IMP.M",3,"AUC",0.727053140096618
"globwarm","05.IMP.M",3,"Brier",0.21668265774073
"globwarm","05.IMP.M",3,"Misclassification",0.345
"globwarm","05.IMP.M",3,"Calibration",0.0207721231603682
"globwarm","PbP",3,"AUC",0.703200483091787
"globwarm","PbP",3,"Brier",0.223094732777481
"globwarm","PbP",3,"Misclassification",0.375
"globwarm","PbP",3,"Calibration",0.0190394395302383
"globwarm","SAEM",4,"AUC",0.728791516606643
"globwarm","SAEM",4,"Brier",0.215484569658189
"globwarm","SAEM",4,"Misclassification",0.335
"globwarm","SAEM",4,"Calibration",0.0203239820427261
"globwarm","MICE.10.IMP",4,"AUC",0.733093237294918
"globwarm","MICE.10.IMP",4,"Brier",0.214563139555614
"globwarm","MICE.10.IMP",4,"Misclassification",0.32
"globwarm","MICE.10.IMP",4,"Calibration",0.0244080169004918
"globwarm","MICE.10.Y.M.IMP",4,"AUC",0.727490996398559
"globwarm","MICE.10.Y.M.IMP",4,"Brier",0.215173810824545
"globwarm","MICE.10.Y.M.IMP",4,"Misclassification",0.33
"globwarm","MICE.10.Y.M.IMP",4,"Calibration",0.0191657048164391
"globwarm","MICE.RF.10.IMP",4,"AUC",0.72999199679872
"globwarm","MICE.RF.10.IMP",4,"Brier",0.215381718743591
"globwarm","MICE.RF.10.IMP",4,"Misclassification",0.335
"globwarm","MICE.RF.10.IMP",4,"Calibration",0.0200975307094028
"globwarm","MICE.RF.10.Y.M.IMP",4,"AUC",0.73219287715086
"globwarm","MICE.RF.10.Y.M.IMP",4,"Brier",0.215202646607023
"globwarm","MICE.RF.10.Y.M.IMP",4,"Misclassification",0.34
"globwarm","MICE.RF.10.Y.M.IMP",4,"Calibration",0.022141397045773
"globwarm","MICE.10.IMP.M",4,"AUC",0.726490596238495
"globwarm","MICE.10.IMP.M",4,"Brier",0.215957356783771
"globwarm","MICE.10.IMP.M",4,"Misclassification",0.36
"globwarm","MICE.10.IMP.M",4,"Calibration",0.0212176286756218
"globwarm","MICE.10.Y.M.IMP.M",4,"AUC",0.728291316526611
"globwarm","MICE.10.Y.M.IMP.M",4,"Brier",0.215708716838532
"globwarm","MICE.10.Y.M.IMP.M",4,"Misclassification",0.35
"globwarm","MICE.10.Y.M.IMP.M",4,"Calibration",0.0202878087236588
"globwarm","MICE.RF.10.IMP.M",4,"AUC",0.728091236494598
"globwarm","MICE.RF.10.IMP.M",4,"Brier",0.215366735277258
"globwarm","MICE.RF.10.IMP.M",4,"Misclassification",0.355
"globwarm","MICE.RF.10.IMP.M",4,"Calibration",0.0238285847849939
"globwarm","MICE.RF.10.Y.M.IMP.M",4,"AUC",0.730492196878751
"globwarm","MICE.RF.10.Y.M.IMP.M",4,"Brier",0.215094381764879
"globwarm","MICE.RF.10.Y.M.IMP.M",4,"Misclassification",0.35
"globwarm","MICE.RF.10.Y.M.IMP.M",4,"Calibration",0.0209719428003347
"globwarm","Mean.IMP",4,"AUC",0.735594237695078
"globwarm","Mean.IMP",4,"Brier",0.211765302162976
"globwarm","Mean.IMP",4,"Misclassification",0.335
"globwarm","Mean.IMP",4,"Calibration",0.0154281644288197
"globwarm","Mean.IMP.M",4,"AUC",0.736194477791116
"globwarm","Mean.IMP.M",4,"Brier",0.21218881247904
"globwarm","Mean.IMP.M",4,"Misclassification",0.34
"globwarm","Mean.IMP.M",4,"Calibration",0.0176063827190839
"globwarm","05.IMP",4,"AUC",0.728891556622649
"globwarm","05.IMP",4,"Brier",0.214966186669049
"globwarm","05.IMP",4,"Misclassification",0.355
"globwarm","05.IMP",4,"Calibration",0.0218372330125064
"globwarm","05.IMP.M",4,"AUC",0.736194477791116
"globwarm","05.IMP.M",4,"Brier",0.21218881247904
"globwarm","05.IMP.M",4,"Misclassification",0.34
"globwarm","05.IMP.M",4,"Calibration",0.017606382719084
"globwarm","PbP",4,"AUC",0.745498199279712
"globwarm","PbP",4,"Brier",0.201879409312018
"globwarm","PbP",4,"Misclassification",0.33
"globwarm","PbP",4,"Calibration",0.0155120325367463
"globwarm","SAEM",5,"AUC",0.60281517747858
"globwarm","SAEM",5,"Brier",0.257126684404744
"globwarm","SAEM",5,"Misclassification",0.445
"globwarm","SAEM",5,"Calibration",0.0291675750556753
"globwarm","MICE.10.IMP",5,"AUC",0.604141166870665
"globwarm","MICE.10.IMP",5,"Brier",0.256359060522344
"globwarm","MICE.10.IMP",5,"Misclassification",0.445
"globwarm","MICE.10.IMP",5,"Calibration",0.0286776026148423
"globwarm","MICE.10.Y.M.IMP",5,"AUC",0.604345165238678
"globwarm","MICE.10.Y.M.IMP",5,"Brier",0.256019343826227
"globwarm","MICE.10.Y.M.IMP",5,"Misclassification",0.435
"globwarm","MICE.10.Y.M.IMP",5,"Calibration",0.0282953178522006
"globwarm","MICE.RF.10.IMP",5,"AUC",0.603835169318645
"globwarm","MICE.RF.10.IMP",5,"Brier",0.256620714609614
"globwarm","MICE.RF.10.IMP",5,"Misclassification",0.44
"globwarm","MICE.RF.10.IMP",5,"Calibration",0.0298792785094827
"globwarm","MICE.RF.10.Y.M.IMP",5,"AUC",0.601081191350469
"globwarm","MICE.RF.10.Y.M.IMP",5,"Brier",0.256754017418199
"globwarm","MICE.RF.10.Y.M.IMP",5,"Misclassification",0.455
"globwarm","MICE.RF.10.Y.M.IMP",5,"Calibration",0.0284356387174368
"globwarm","MICE.10.IMP.M",5,"AUC",0.608221134230926
"globwarm","MICE.10.IMP.M",5,"Brier",0.255633332154104
"globwarm","MICE.10.IMP.M",5,"Misclassification",0.445
"globwarm","MICE.10.IMP.M",5,"Calibration",0.0316891126309369
"globwarm","MICE.10.Y.M.IMP.M",5,"AUC",0.609547123623011
"globwarm","MICE.10.Y.M.IMP.M",5,"Brier",0.255353335348229
"globwarm","MICE.10.Y.M.IMP.M",5,"Misclassification",0.44
"globwarm","MICE.10.Y.M.IMP.M",5,"Calibration",0.0282911420668309
"globwarm","MICE.RF.10.IMP.M",5,"AUC",0.608323133414933
"globwarm","MICE.RF.10.IMP.M",5,"Brier",0.254679731908606
"globwarm","MICE.RF.10.IMP.M",5,"Misclassification",0.435
"globwarm","MICE.RF.10.IMP.M",5,"Calibration",0.0288753262828353
"globwarm","MICE.RF.10.Y.M.IMP.M",5,"AUC",0.607711138310894
"globwarm","MICE.RF.10.Y.M.IMP.M",5,"Brier",0.255199476969909
"globwarm","MICE.RF.10.Y.M.IMP.M",5,"Misclassification",0.455
"globwarm","MICE.RF.10.Y.M.IMP.M",5,"Calibration",0.0317277255574796
"globwarm","Mean.IMP",5,"AUC",0.6078131374949
"globwarm","Mean.IMP",5,"Brier",0.253040724405874
"globwarm","Mean.IMP",5,"Misclassification",0.43
"globwarm","Mean.IMP",5,"Calibration",0.028186743845372
"globwarm","Mean.IMP.M",5,"AUC",0.608527131782946
"globwarm","Mean.IMP.M",5,"Brier",0.25266468986625
"globwarm","Mean.IMP.M",5,"Misclassification",0.43
"globwarm","Mean.IMP.M",5,"Calibration",0.0278107093057474
"globwarm","05.IMP",5,"AUC",0.614647082823337
"globwarm","05.IMP",5,"Brier",0.253532147816396
"globwarm","05.IMP",5,"Misclassification",0.445
"globwarm","05.IMP",5,"Calibration",0.0302776375483387
"globwarm","05.IMP.M",5,"AUC",0.608527131782946
"globwarm","05.IMP.M",5,"Brier",0.25266468986625
"globwarm","05.IMP.M",5,"Misclassification",0.43
"globwarm","05.IMP.M",5,"Calibration",0.0278107093057474
"globwarm","PbP",5,"AUC",0.62749898000816
"globwarm","PbP",5,"Brier",0.246084634713841
"globwarm","PbP",5,"Misclassification",0.39
"globwarm","PbP",5,"Calibration",0.029399807920797
"globwarm","SAEM",6,"AUC",0.716044439995996
"globwarm","SAEM",6,"Brier",0.213231311841033
"globwarm","SAEM",6,"Misclassification",0.365
"globwarm","SAEM",6,"Calibration",0.015785869579621
"globwarm","MICE.10.IMP",6,"AUC",0.723651286157542
"globwarm","MICE.10.IMP",6,"Brier",0.210983103598317
"globwarm","MICE.10.IMP",6,"Misclassification",0.35
"globwarm","MICE.10.IMP",6,"Calibration",0.0151559948815166
"globwarm","MICE.10.Y.M.IMP",6,"AUC",0.717445701131018
"globwarm","MICE.10.Y.M.IMP",6,"Brier",0.212238792070663
"globwarm","MICE.10.Y.M.IMP",6,"Misclassification",0.34
"globwarm","MICE.10.Y.M.IMP",6,"Calibration",0.0172060226471036
"globwarm","MICE.RF.10.IMP",6,"AUC",0.718646782103894
"globwarm","MICE.RF.10.IMP",6,"Brier",0.21240843820551
"globwarm","MICE.RF.10.IMP",6,"Misclassification",0.37
"globwarm","MICE.RF.10.IMP",6,"Calibration",0.0176030409530536
"globwarm","MICE.RF.10.Y.M.IMP",6,"AUC",0.720448403563207
"globwarm","MICE.RF.10.Y.M.IMP",6,"Brier",0.212135107007577
"globwarm","MICE.RF.10.Y.M.IMP",6,"Misclassification",0.38
"globwarm","MICE.RF.10.Y.M.IMP",6,"Calibration",0.0166990924679823
"globwarm","MICE.10.IMP.M",6,"AUC",0.721649484536082
"globwarm","MICE.10.IMP.M",6,"Brier",0.211548088865675
"globwarm","MICE.10.IMP.M",6,"Misclassification",0.34
"globwarm","MICE.10.IMP.M",6,"Calibration",0.0168238814852181
"globwarm","MICE.10.Y.M.IMP.M",6,"AUC",0.731158042238014
"globwarm","MICE.10.Y.M.IMP.M",6,"Brier",0.209092161804539
"globwarm","MICE.10.Y.M.IMP.M",6,"Misclassification",0.335
"globwarm","MICE.10.Y.M.IMP.M",6,"Calibration",0.0179498727210739
"globwarm","MICE.RF.10.IMP.M",6,"AUC",0.718947052347112
"globwarm","MICE.RF.10.IMP.M",6,"Brier",0.21292143652869
"globwarm","MICE.RF.10.IMP.M",6,"Misclassification",0.365
"globwarm","MICE.RF.10.IMP.M",6,"Calibration",0.0182720852051063
"globwarm","MICE.RF.10.Y.M.IMP.M",6,"AUC",0.725552997697928
"globwarm","MICE.RF.10.Y.M.IMP.M",6,"Brier",0.211635590659679
"globwarm","MICE.RF.10.Y.M.IMP.M",6,"Misclassification",0.375
"globwarm","MICE.RF.10.Y.M.IMP.M",6,"Calibration",0.0193597539871452
"globwarm","Mean.IMP",6,"AUC",0.72325092583325
"globwarm","Mean.IMP",6,"Brier",0.210837900345673
"globwarm","Mean.IMP",6,"Misclassification",0.34
"globwarm","Mean.IMP",6,"Calibration",0.0173536661114391
"globwarm","Mean.IMP.M",6,"AUC",0.724351916725053
"globwarm","Mean.IMP.M",6,"Brier",0.210596117010776
"globwarm","Mean.IMP.M",6,"Misclassification",0.335
"globwarm","Mean.IMP.M",6,"Calibration",0.0170644349831265
"globwarm","05.IMP",6,"AUC",0.72325092583325
"globwarm","05.IMP",6,"Brier",0.210722682482586
"globwarm","05.IMP",6,"Misclassification",0.38
"globwarm","05.IMP",6,"Calibration",0.0147987505402113
"globwarm","05.IMP.M",6,"AUC",0.724351916725053
"globwarm","05.IMP.M",6,"Brier",0.210596117010776
"globwarm","05.IMP.M",6,"Misclassification",0.335
"globwarm","05.IMP.M",6,"Calibration",0.0170644349831265
"globwarm","PbP",6,"AUC",0.734260834751276
"globwarm","PbP",6,"Brier",0.204389019221732
"globwarm","PbP",6,"Misclassification",0.31
"globwarm","PbP",6,"Calibration",0.0153588614427937
"globwarm","SAEM",7,"AUC",0.697944862155388
"globwarm","SAEM",7,"Brier",0.222181258395608
"globwarm","SAEM",7,"Misclassification",0.365
"globwarm","SAEM",7,"Calibration",0.0159374428819811
"globwarm","MICE.10.IMP",7,"AUC",0.696140350877193
"globwarm","MICE.10.IMP",7,"Brier",0.222061443710965
"globwarm","MICE.10.IMP",7,"Misclassification",0.35
"globwarm","MICE.10.IMP",7,"Calibration",0.0152863374233911
"globwarm","MICE.10.Y.M.IMP",7,"AUC",0.697644110275689
"globwarm","MICE.10.Y.M.IMP",7,"Brier",0.222166711784781
"globwarm","MICE.10.Y.M.IMP",7,"Misclassification",0.355
"globwarm","MICE.10.Y.M.IMP",7,"Calibration",0.0157918366599056
"globwarm","MICE.RF.10.IMP",7,"AUC",0.69734335839599
"globwarm","MICE.RF.10.IMP",7,"Brier",0.221963745712703
"globwarm","MICE.RF.10.IMP",7,"Misclassification",0.355
"globwarm","MICE.RF.10.IMP",7,"Calibration",0.016425731181538
"globwarm","MICE.RF.10.Y.M.IMP",7,"AUC",0.700050125313283
"globwarm","MICE.RF.10.Y.M.IMP",7,"Brier",0.221420137763081
"globwarm","MICE.RF.10.Y.M.IMP",7,"Misclassification",0.36
"globwarm","MICE.RF.10.Y.M.IMP",7,"Calibration",0.0137798058727495
"globwarm","MICE.10.IMP.M",7,"AUC",0.698847117794486
"globwarm","MICE.10.IMP.M",7,"Brier",0.221966552882698
"globwarm","MICE.10.IMP.M",7,"Misclassification",0.375
"globwarm","MICE.10.IMP.M",7,"Calibration",0.0162077426891048
"globwarm","MICE.10.Y.M.IMP.M",7,"AUC",0.700751879699248
"globwarm","MICE.10.Y.M.IMP.M",7,"Brier",0.221095598710548
"globwarm","MICE.10.Y.M.IMP.M",7,"Misclassification",0.365
"globwarm","MICE.10.Y.M.IMP.M",7,"Calibration",0.0159116345265834
"globwarm","MICE.RF.10.IMP.M",7,"AUC",0.69984962406015
"globwarm","MICE.RF.10.IMP.M",7,"Brier",0.222365333873369
"globwarm","MICE.RF.10.IMP.M",7,"Misclassification",0.385
"globwarm","MICE.RF.10.IMP.M",7,"Calibration",0.0184450472634273
"globwarm","MICE.RF.10.Y.M.IMP.M",7,"AUC",0.698245614035088
"globwarm","MICE.RF.10.Y.M.IMP.M",7,"Brier",0.221901801104958
"globwarm","MICE.RF.10.Y.M.IMP.M",7,"Misclassification",0.365
"globwarm","MICE.RF.10.Y.M.IMP.M",7,"Calibration",0.0173895794677364
"globwarm","Mean.IMP",7,"AUC",0.707869674185464
"globwarm","Mean.IMP",7,"Brier",0.217841234350059
"globwarm","Mean.IMP",7,"Misclassification",0.34
"globwarm","Mean.IMP",7,"Calibration",0.0138242723330965
"globwarm","Mean.IMP.M",7,"AUC",0.706967418546366
"globwarm","Mean.IMP.M",7,"Brier",0.217660341774903
"globwarm","Mean.IMP.M",7,"Misclassification",0.35
"globwarm","Mean.IMP.M",7,"Calibration",0.0137452110923813
"globwarm","05.IMP",7,"AUC",0.701353383458647
"globwarm","05.IMP",7,"Brier",0.220347680003547
"globwarm","05.IMP",7,"Misclassification",0.37
"globwarm","05.IMP",7,"Calibration",0.0190689516425256
"globwarm","05.IMP.M",7,"AUC",0.706967418546366
"globwarm","05.IMP.M",7,"Brier",0.217660341774903
"globwarm","05.IMP.M",7,"Misclassification",0.35
"globwarm","05.IMP.M",7,"Calibration",0.0137452110923812
"globwarm","PbP",7,"AUC",0.707067669172932
"globwarm","PbP",7,"Brier",0.215454259913899
"globwarm","PbP",7,"Misclassification",0.33
"globwarm","PbP",7,"Calibration",0.0149040340611461
"globwarm","SAEM",8,"AUC",0.723504616619831
"globwarm","SAEM",8,"Brier",0.214569336240808
"globwarm","SAEM",8,"Misclassification",0.38
"globwarm","SAEM",8,"Calibration",0.0205443057157772
"globwarm","MICE.10.IMP",8,"AUC",0.726013649136893
"globwarm","MICE.10.IMP",8,"Brier",0.213637633825629
"globwarm","MICE.10.IMP",8,"Misclassification",0.37
"globwarm","MICE.10.IMP",8,"Calibration",0.0179691007909143
"globwarm","MICE.10.Y.M.IMP",8,"AUC",0.726214371738258
"globwarm","MICE.10.Y.M.IMP",8,"Brier",0.21359174082587
"globwarm","MICE.10.Y.M.IMP",8,"Misclassification",0.365
"globwarm","MICE.10.Y.M.IMP",8,"Calibration",0.0190883067599364
"globwarm","MICE.RF.10.IMP",8,"AUC",0.726415094339623
"globwarm","MICE.RF.10.IMP",8,"Brier",0.21367366099983
"globwarm","MICE.RF.10.IMP",8,"Misclassification",0.37
"globwarm","MICE.RF.10.IMP",8,"Calibration",0.0228407278265603
"globwarm","MICE.RF.10.Y.M.IMP",8,"AUC",0.725511842633481
"globwarm","MICE.RF.10.Y.M.IMP",8,"Brier",0.214248875552457
"globwarm","MICE.RF.10.Y.M.IMP",8,"Misclassification",0.355
"globwarm","MICE.RF.10.Y.M.IMP",8,"Calibration",0.019700897525342
"globwarm","MICE.10.IMP.M",8,"AUC",0.729626655961461
"globwarm","MICE.10.IMP.M",8,"Brier",0.2128835197277
"globwarm","MICE.10.IMP.M",8,"Misclassification",0.375
"globwarm","MICE.10.IMP.M",8,"Calibration",0.0240573193757646
"globwarm","MICE.10.Y.M.IMP.M",8,"AUC",0.729024488157367
"globwarm","MICE.10.Y.M.IMP.M",8,"Brier",0.212620169926185
"globwarm","MICE.10.Y.M.IMP.M",8,"Misclassification",0.38
"globwarm","MICE.10.Y.M.IMP.M",8,"Calibration",0.0190283238637506
"globwarm","MICE.RF.10.IMP.M",8,"AUC",0.728924126856684
"globwarm","MICE.RF.10.IMP.M",8,"Brier",0.213028946998711
"globwarm","MICE.RF.10.IMP.M",8,"Misclassification",0.37
"globwarm","MICE.RF.10.IMP.M",8,"Calibration",0.0226563416347267
"globwarm","MICE.RF.10.Y.M.IMP.M",8,"AUC",0.729526294660779
"globwarm","MICE.RF.10.Y.M.IMP.M",8,"Brier",0.212752456756897
"globwarm","MICE.RF.10.Y.M.IMP.M",8,"Misclassification",0.355
"globwarm","MICE.RF.10.Y.M.IMP.M",8,"Calibration",0.023976516907273
"globwarm","Mean.IMP",8,"AUC",0.738659173022882
"globwarm","Mean.IMP",8,"Brier",0.210864436793691
"globwarm","Mean.IMP",8,"Misclassification",0.325
"globwarm","Mean.IMP",8,"Calibration",0.0240297244015637
"globwarm","Mean.IMP.M",8,"AUC",0.738659173022882
"globwarm","Mean.IMP.M",8,"Brier",0.210773884244574
"globwarm","Mean.IMP.M",8,"Misclassification",0.325
"globwarm","Mean.IMP.M",8,"Calibration",0.0241328531711281
"globwarm","05.IMP",8,"AUC",0.733139301485347
"globwarm","05.IMP",8,"Brier",0.211155198080696
"globwarm","05.IMP",8,"Misclassification",0.37
"globwarm","05.IMP",8,"Calibration",0.0208670220467618
"globwarm","05.IMP.M",8,"AUC",0.738659173022882
"globwarm","05.IMP.M",8,"Brier",0.210773884244574
"globwarm","05.IMP.M",8,"Misclassification",0.325
"globwarm","05.IMP.M",8,"Calibration",0.024132853171128
"globwarm","PbP",8,"AUC",0.719389803291851
"globwarm","PbP",8,"Brier",0.213806366636448
"globwarm","PbP",8,"Misclassification",0.345
"globwarm","PbP",8,"Calibration",0.0201598804492643
"globwarm","SAEM",9,"AUC",0.695739348370927
"globwarm","SAEM",9,"Brier",0.223104418957166
"globwarm","SAEM",9,"Misclassification",0.375
"globwarm","SAEM",9,"Calibration",0.0154724041224074
"globwarm","MICE.10.IMP",9,"AUC",0.69984962406015
"globwarm","MICE.10.IMP",9,"Brier",0.221457681511026
"globwarm","MICE.10.IMP",9,"Misclassification",0.36
"globwarm","MICE.10.IMP",9,"Calibration",0.0173568755746165
"globwarm","MICE.10.Y.M.IMP",9,"AUC",0.700451127819549
"globwarm","MICE.10.Y.M.IMP",9,"Brier",0.221477487984198
"globwarm","MICE.10.Y.M.IMP",9,"Misclassification",0.365
"globwarm","MICE.10.Y.M.IMP",9,"Calibration",0.0177844199161301
"globwarm","MICE.RF.10.IMP",9,"AUC",0.692832080200501
"globwarm","MICE.RF.10.IMP",9,"Brier",0.223004885966773
"globwarm","MICE.RF.10.IMP",9,"Misclassification",0.375
"globwarm","MICE.RF.10.IMP",9,"Calibration",0.0156876793683266
"globwarm","MICE.RF.10.Y.M.IMP",9,"AUC",0.693834586466165
"globwarm","MICE.RF.10.Y.M.IMP",9,"Brier",0.222897744589108
"globwarm","MICE.RF.10.Y.M.IMP",9,"Misclassification",0.385
"globwarm","MICE.RF.10.Y.M.IMP",9,"Calibration",0.0160644766257247
"globwarm","MICE.10.IMP.M",9,"AUC",0.691829573934837
"globwarm","MICE.10.IMP.M",9,"Brier",0.222095752978817
"globwarm","MICE.10.IMP.M",9,"Misclassification",0.39
"globwarm","MICE.10.IMP.M",9,"Calibration",0.0158059699770084
"globwarm","MICE.10.Y.M.IMP.M",9,"AUC",0.693734335839599
"globwarm","MICE.10.Y.M.IMP.M",9,"Brier",0.222217458174568
"globwarm","MICE.10.Y.M.IMP.M",9,"Misclassification",0.395
"globwarm","MICE.10.Y.M.IMP.M",9,"Calibration",0.0164669708451334
"globwarm","MICE.RF.10.IMP.M",9,"AUC",0.694035087719298
"globwarm","MICE.RF.10.IMP.M",9,"Brier",0.223018352645727
"globwarm","MICE.RF.10.IMP.M",9,"Misclassification",0.395
"globwarm","MICE.RF.10.IMP.M",9,"Calibration",0.0209138124490811
"globwarm","MICE.RF.10.Y.M.IMP.M",9,"AUC",0.693533834586466
"globwarm","MICE.RF.10.Y.M.IMP.M",9,"Brier",0.222652738640123
"globwarm","MICE.RF.10.Y.M.IMP.M",9,"Misclassification",0.395
"globwarm","MICE.RF.10.Y.M.IMP.M",9,"Calibration",0.0176517347455712
"globwarm","Mean.IMP",9,"AUC",0.703659147869674
"globwarm","Mean.IMP",9,"Brier",0.219966321511951
"globwarm","Mean.IMP",9,"Misclassification",0.36
"globwarm","Mean.IMP",9,"Calibration",0.0170425304615128
"globwarm","Mean.IMP.M",9,"AUC",0.700050125313283
"globwarm","Mean.IMP.M",9,"Brier",0.219872444134343
"globwarm","Mean.IMP.M",9,"Misclassification",0.385
"globwarm","Mean.IMP.M",9,"Calibration",0.0154725369080215
"globwarm","05.IMP",9,"AUC",0.692431077694236
"globwarm","05.IMP",9,"Brier",0.222459667530053
"globwarm","05.IMP",9,"Misclassification",0.39
"globwarm","05.IMP",9,"Calibration",0.0183928076130095
"globwarm","05.IMP.M",9,"AUC",0.700050125313283
"globwarm","05.IMP.M",9,"Brier",0.219872444134343
"globwarm","05.IMP.M",9,"Misclassification",0.385
"globwarm","05.IMP.M",9,"Calibration",0.0154725369080215
"globwarm","PbP",9,"AUC",0.696741854636591
"globwarm","PbP",9,"Brier",0.219514961478615
"globwarm","PbP",9,"Misclassification",0.34
"globwarm","PbP",9,"Calibration",0.0174272286270407
"globwarm","SAEM",10,"AUC",0.674869947979192
"globwarm","SAEM",10,"Brier",0.229117079735436
"globwarm","SAEM",10,"Misclassification",0.375
"globwarm","SAEM",10,"Calibration",0.0145073839791995
"globwarm","MICE.10.IMP",10,"AUC",0.67296918767507
"globwarm","MICE.10.IMP",10,"Brier",0.227774496015873
"globwarm","MICE.10.IMP",10,"Misclassification",0.375
"globwarm","MICE.10.IMP",10,"Calibration",0.0133824520762366
"globwarm","MICE.10.Y.M.IMP",10,"AUC",0.674269707883153
"globwarm","MICE.10.Y.M.IMP",10,"Brier",0.227130043103123
"globwarm","MICE.10.Y.M.IMP",10,"Misclassification",0.385
"globwarm","MICE.10.Y.M.IMP",10,"Calibration",0.0145386931382707
"globwarm","MICE.RF.10.IMP",10,"AUC",0.675270108043217
"globwarm","MICE.RF.10.IMP",10,"Brier",0.227378474745788
"globwarm","MICE.RF.10.IMP",10,"Misclassification",0.365
"globwarm","MICE.RF.10.IMP",10,"Calibration",0.0158367131291857
"globwarm","MICE.RF.10.Y.M.IMP",10,"AUC",0.674169667867147
"globwarm","MICE.RF.10.Y.M.IMP",10,"Brier",0.227585643594085
"globwarm","MICE.RF.10.Y.M.IMP",10,"Misclassification",0.37
"globwarm","MICE.RF.10.Y.M.IMP",10,"Calibration",0.0145357166134355
"globwarm","MICE.10.IMP.M",10,"AUC",0.680172068827531
"globwarm","MICE.10.IMP.M",10,"Brier",0.228270349608897
"globwarm","MICE.10.IMP.M",10,"Misclassification",0.385
"globwarm","MICE.10.IMP.M",10,"Calibration",0.0164381047544339
"globwarm","MICE.10.Y.M.IMP.M",10,"AUC",0.68187274909964
"globwarm","MICE.10.Y.M.IMP.M",10,"Brier",0.227764235843018
"globwarm","MICE.10.Y.M.IMP.M",10,"Misclassification",0.37
"globwarm","MICE.10.Y.M.IMP.M",10,"Calibration",0.0159195830830332
"globwarm","MICE.RF.10.IMP.M",10,"AUC",0.681772709083633
"globwarm","MICE.RF.10.IMP.M",10,"Brier",0.227878847328207
"globwarm","MICE.RF.10.IMP.M",10,"Misclassification",0.385
"globwarm","MICE.RF.10.IMP.M",10,"Calibration",0.0186643980828028
"globwarm","MICE.RF.10.Y.M.IMP.M",10,"AUC",0.680172068827531
"globwarm","MICE.RF.10.Y.M.IMP.M",10,"Brier",0.228099977353767
"globwarm","MICE.RF.10.Y.M.IMP.M",10,"Misclassification",0.38
"globwarm","MICE.RF.10.Y.M.IMP.M",10,"Calibration",0.0168574144247054
"globwarm","Mean.IMP",10,"AUC",0.674469787915166
"globwarm","Mean.IMP",10,"Brier",0.22546238899603
"globwarm","Mean.IMP",10,"Misclassification",0.365
"globwarm","Mean.IMP",10,"Calibration",0.0152767465339165
"globwarm","Mean.IMP.M",10,"AUC",0.673769507803121
"globwarm","Mean.IMP.M",10,"Brier",0.226080691081971
"globwarm","Mean.IMP.M",10,"Misclassification",0.365
"globwarm","Mean.IMP.M",10,"Calibration",0.0154937022838231
"globwarm","05.IMP",10,"AUC",0.678871548619448
"globwarm","05.IMP",10,"Brier",0.228616531498068
"globwarm","05.IMP",10,"Misclassification",0.38
"globwarm","05.IMP",10,"Calibration",0.0195299983942359
"globwarm","05.IMP.M",10,"AUC",0.673769507803121
"globwarm","05.IMP.M",10,"Brier",0.226080691081971
"globwarm","05.IMP.M",10,"Misclassification",0.365
"globwarm","05.IMP.M",10,"Calibration",0.0154937022838231
"globwarm","PbP",10,"AUC",0.671968787515006
"globwarm","PbP",10,"Brier",0.227901240552541
"globwarm","PbP",10,"Misclassification",0.355
"globwarm","PbP",10,"Calibration",0.0192156151988337
"globwarm","SAEM",11,"AUC",0.677092731829574
"globwarm","SAEM",11,"Brier",0.228916223719273
"globwarm","SAEM",11,"Misclassification",0.395
"globwarm","SAEM",11,"Calibration",0.0146701657322116
"globwarm","MICE.10.IMP",11,"AUC",0.68952380952381
"globwarm","MICE.10.IMP",11,"Brier",0.223991402198606
"globwarm","MICE.10.IMP",11,"Misclassification",0.37
"globwarm","MICE.10.IMP",11,"Calibration",0.0106607054432189
"globwarm","MICE.10.Y.M.IMP",11,"AUC",0.690025062656642
"globwarm","MICE.10.Y.M.IMP",11,"Brier",0.2232076103306
"globwarm","MICE.10.Y.M.IMP",11,"Misclassification",0.37
"globwarm","MICE.10.Y.M.IMP",11,"Calibration",0.0112317179885262
"globwarm","MICE.RF.10.IMP",11,"AUC",0.68812030075188
"globwarm","MICE.RF.10.IMP",11,"Brier",0.22386225455868
"globwarm","MICE.RF.10.IMP",11,"Misclassification",0.37
"globwarm","MICE.RF.10.IMP",11,"Calibration",0.0122386837667268
"globwarm","MICE.RF.10.Y.M.IMP",11,"AUC",0.68952380952381
"globwarm","MICE.RF.10.Y.M.IMP",11,"Brier",0.223487810581768
"globwarm","MICE.RF.10.Y.M.IMP",11,"Misclassification",0.37
"globwarm","MICE.RF.10.Y.M.IMP",11,"Calibration",0.0116285901453421
"globwarm","MICE.10.IMP.M",11,"AUC",0.689824561403509
"globwarm","MICE.10.IMP.M",11,"Brier",0.223027985054516
"globwarm","MICE.10.IMP.M",11,"Misclassification",0.365
"globwarm","MICE.10.IMP.M",11,"Calibration",0.0110287456458343
"globwarm","MICE.10.Y.M.IMP.M",11,"AUC",0.696641604010025
"globwarm","MICE.10.Y.M.IMP.M",11,"Brier",0.221322226421982
"globwarm","MICE.10.Y.M.IMP.M",11,"Misclassification",0.37
"globwarm","MICE.10.Y.M.IMP.M",11,"Calibration",0.0137733035577817
"globwarm","MICE.RF.10.IMP.M",11,"AUC",0.69062656641604
"globwarm","MICE.RF.10.IMP.M",11,"Brier",0.223262474329042
"globwarm","MICE.RF.10.IMP.M",11,"Misclassification",0.375
"globwarm","MICE.RF.10.IMP.M",11,"Calibration",0.0103259317694343
"globwarm","MICE.RF.10.Y.M.IMP.M",11,"AUC",0.693333333333333
"globwarm","MICE.RF.10.Y.M.IMP.M",11,"Brier",0.222385525199437
"globwarm","MICE.RF.10.Y.M.IMP.M",11,"Misclassification",0.375
"globwarm","MICE.RF.10.Y.M.IMP.M",11,"Calibration",0.0115834675371386
"globwarm","Mean.IMP",11,"AUC",0.682005012531328
"globwarm","Mean.IMP",11,"Brier",0.229844310309009
"globwarm","Mean.IMP",11,"Misclassification",0.365
"globwarm","Mean.IMP",11,"Calibration",0.0182044954941941
"globwarm","Mean.IMP.M",11,"AUC",0.682606516290727
"globwarm","Mean.IMP.M",11,"Brier",0.229403544478612
"globwarm","Mean.IMP.M",11,"Misclassification",0.355
"globwarm","Mean.IMP.M",11,"Calibration",0.0170982197122961
"globwarm","05.IMP",11,"AUC",0.691528822055138
"globwarm","05.IMP",11,"Brier",0.222352995286332
"globwarm","05.IMP",11,"Misclassification",0.365
"globwarm","05.IMP",11,"Calibration",0.0146739720751608
"globwarm","05.IMP.M",11,"AUC",0.682606516290727
"globwarm","05.IMP.M",11,"Brier",0.229403544478612
"globwarm","05.IMP.M",11,"Misclassification",0.355
"globwarm","05.IMP.M",11,"Calibration",0.0170982197122961
"globwarm","PbP",11,"AUC",0.71719298245614
"globwarm","PbP",11,"Brier",0.212708897986959
"globwarm","PbP",11,"Misclassification",0.335
"globwarm","PbP",11,"Calibration",0.0198553846303973
"globwarm","SAEM",12,"AUC",0.704970497049705
"globwarm","SAEM",12,"Brier",0.218300567429066
"globwarm","SAEM",12,"Misclassification",0.375
"globwarm","SAEM",12,"Calibration",0.0194067182227168
"globwarm","MICE.10.IMP",12,"AUC",0.713771377137714
"globwarm","MICE.10.IMP",12,"Brier",0.215711476997229
"globwarm","MICE.10.IMP",12,"Misclassification",0.36
"globwarm","MICE.10.IMP",12,"Calibration",0.016525426936179
"globwarm","MICE.10.Y.M.IMP",12,"AUC",0.706670667066707
"globwarm","MICE.10.Y.M.IMP",12,"Brier",0.216559458122647
"globwarm","MICE.10.Y.M.IMP",12,"Misclassification",0.375
"globwarm","MICE.10.Y.M.IMP",12,"Calibration",0.017885471450711
"globwarm","MICE.RF.10.IMP",12,"AUC",0.71947194719472
"globwarm","MICE.RF.10.IMP",12,"Brier",0.214935111368658
"globwarm","MICE.RF.10.IMP",12,"Misclassification",0.355
"globwarm","MICE.RF.10.IMP",12,"Calibration",0.0175236292696762
"globwarm","MICE.RF.10.Y.M.IMP",12,"AUC",0.710971097109711
"globwarm","MICE.RF.10.Y.M.IMP",12,"Brier",0.216352298562947
"globwarm","MICE.RF.10.Y.M.IMP",12,"Misclassification",0.38
"globwarm","MICE.RF.10.Y.M.IMP",12,"Calibration",0.0154505128486611
"globwarm","MICE.10.IMP.M",12,"AUC",0.713771377137714
"globwarm","MICE.10.IMP.M",12,"Brier",0.215749893042665
"globwarm","MICE.10.IMP.M",12,"Misclassification",0.375
"globwarm","MICE.10.IMP.M",12,"Calibration",0.016466205218933
"globwarm","MICE.10.Y.M.IMP.M",12,"AUC",0.713971397139714
"globwarm","MICE.10.Y.M.IMP.M",12,"Brier",0.214547945232998
"globwarm","MICE.10.Y.M.IMP.M",12,"Misclassification",0.37
"globwarm","MICE.10.Y.M.IMP.M",12,"Calibration",0.0179915849266372
"globwarm","MICE.RF.10.IMP.M",12,"AUC",0.713271327132713
"globwarm","MICE.RF.10.IMP.M",12,"Brier",0.216917611752057
"globwarm","MICE.RF.10.IMP.M",12,"Misclassification",0.385
"globwarm","MICE.RF.10.IMP.M",12,"Calibration",0.0195630029987418
"globwarm","MICE.RF.10.Y.M.IMP.M",12,"AUC",0.716371637163716
"globwarm","MICE.RF.10.Y.M.IMP.M",12,"Brier",0.215390439134407
"globwarm","MICE.RF.10.Y.M.IMP.M",12,"Misclassification",0.385
"globwarm","MICE.RF.10.Y.M.IMP.M",12,"Calibration",0.0184545527316533
"globwarm","Mean.IMP",12,"AUC",0.709070907090709
"globwarm","Mean.IMP",12,"Brier",0.216890080547891
"globwarm","Mean.IMP",12,"Misclassification",0.365
"globwarm","Mean.IMP",12,"Calibration",0.015497788233943
"globwarm","Mean.IMP.M",12,"AUC",0.708370837083708
"globwarm","Mean.IMP.M",12,"Brier",0.216712146490427
"globwarm","Mean.IMP.M",12,"Misclassification",0.375
"globwarm","Mean.IMP.M",12,"Calibration",0.014895330108702
"globwarm","05.IMP",12,"AUC",0.709270927092709
"globwarm","05.IMP",12,"Brier",0.216355561327833
"globwarm","05.IMP",12,"Misclassification",0.39
"globwarm","05.IMP",12,"Calibration",0.0167448807897328
"globwarm","05.IMP.M",12,"AUC",0.708370837083708
"globwarm","05.IMP.M",12,"Brier",0.216712146490427
"globwarm","05.IMP.M",12,"Misclassification",0.375
"globwarm","05.IMP.M",12,"Calibration",0.014895330108702
"globwarm","PbP",12,"AUC",0.728372837283728
"globwarm","PbP",12,"Brier",0.204789350356826
"globwarm","PbP",12,"Misclassification",0.33
"globwarm","PbP",12,"Calibration",0.0192894789654324
"globwarm","SAEM",13,"AUC",0.725190076030412
"globwarm","SAEM",13,"Brier",0.214229463568086
"globwarm","SAEM",13,"Misclassification",0.395
"globwarm","SAEM",13,"Calibration",0.0257236262089881
"globwarm","MICE.10.IMP",13,"AUC",0.729391756702681
"globwarm","MICE.10.IMP",13,"Brier",0.213232195144471
"globwarm","MICE.10.IMP",13,"Misclassification",0.395
"globwarm","MICE.10.IMP",13,"Calibration",0.0208609216931954
"globwarm","MICE.10.Y.M.IMP",13,"AUC",0.728291316526611
"globwarm","MICE.10.Y.M.IMP",13,"Brier",0.212994235316488
"globwarm","MICE.10.Y.M.IMP",13,"Misclassification",0.385
"globwarm","MICE.10.Y.M.IMP",13,"Calibration",0.0227938786797093
"globwarm","MICE.RF.10.IMP",13,"AUC",0.7296918767507
"globwarm","MICE.RF.10.IMP",13,"Brier",0.213361771772066
"globwarm","MICE.RF.10.IMP",13,"Misclassification",0.395
"globwarm","MICE.RF.10.IMP",13,"Calibration",0.0226627379556406
"globwarm","MICE.RF.10.Y.M.IMP",13,"AUC",0.729391756702681
"globwarm","MICE.RF.10.Y.M.IMP",13,"Brier",0.213161546469308
"globwarm","MICE.RF.10.Y.M.IMP",13,"Misclassification",0.38
"globwarm","MICE.RF.10.Y.M.IMP",13,"Calibration",0.0236564704632919
"globwarm","MICE.10.IMP.M",13,"AUC",0.727090836334534
"globwarm","MICE.10.IMP.M",13,"Brier",0.213377531090222
"globwarm","MICE.10.IMP.M",13,"Misclassification",0.385
"globwarm","MICE.10.IMP.M",13,"Calibration",0.0234218270050188
"globwarm","MICE.10.Y.M.IMP.M",13,"AUC",0.726990796318527
"globwarm","MICE.10.Y.M.IMP.M",13,"Brier",0.21288678982111
"globwarm","MICE.10.Y.M.IMP.M",13,"Misclassification",0.385
"globwarm","MICE.10.Y.M.IMP.M",13,"Calibration",0.0215612465188224
"globwarm","MICE.RF.10.IMP.M",13,"AUC",0.73109243697479
"globwarm","MICE.RF.10.IMP.M",13,"Brier",0.212365697638147
"globwarm","MICE.RF.10.IMP.M",13,"Misclassification",0.375
"globwarm","MICE.RF.10.IMP.M",13,"Calibration",0.024575474881823
"globwarm","MICE.RF.10.Y.M.IMP.M",13,"AUC",0.728791516606643
"globwarm","MICE.RF.10.Y.M.IMP.M",13,"Brier",0.212586763697416
"globwarm","MICE.RF.10.Y.M.IMP.M",13,"Misclassification",0.37
"globwarm","MICE.RF.10.Y.M.IMP.M",13,"Calibration",0.0223893301785543
"globwarm","Mean.IMP",13,"AUC",0.724189675870348
"globwarm","Mean.IMP",13,"Brier",0.214015850612599
"globwarm","Mean.IMP",13,"Misclassification",0.35
"globwarm","Mean.IMP",13,"Calibration",0.0160092808985784
"globwarm","Mean.IMP.M",13,"AUC",0.724989995998399
"globwarm","Mean.IMP.M",13,"Brier",0.213628389064315
"globwarm","Mean.IMP.M",13,"Misclassification",0.36
"globwarm","Mean.IMP.M",13,"Calibration",0.0164856388198806
"globwarm","05.IMP",13,"AUC",0.723689475790316
"globwarm","05.IMP",13,"Brier",0.212338490109339
"globwarm","05.IMP",13,"Misclassification",0.37
"globwarm","05.IMP",13,"Calibration",0.0184829206427143
"globwarm","05.IMP.M",13,"AUC",0.724989995998399
"globwarm","05.IMP.M",13,"Brier",0.213628389064315
"globwarm","05.IMP.M",13,"Misclassification",0.36
"globwarm","05.IMP.M",13,"Calibration",0.0164856388198805
"globwarm","PbP",13,"AUC",0.736694677871149
"globwarm","PbP",13,"Brier",0.204231373481567
"globwarm","PbP",13,"Misclassification",0.335
"globwarm","PbP",13,"Calibration",0.0134912257610322
"globwarm","SAEM",14,"AUC",0.7167
"globwarm","SAEM",14,"Brier",0.215854110736348
"globwarm","SAEM",14,"Misclassification",0.365
"globwarm","SAEM",14,"Calibration",0.0178572203926492
"globwarm","MICE.10.IMP",14,"AUC",0.7211
"globwarm","MICE.10.IMP",14,"Brier",0.214066418094492
"globwarm","MICE.10.IMP",14,"Misclassification",0.35
"globwarm","MICE.10.IMP",14,"Calibration",0.0135010765769388
"globwarm","MICE.10.Y.M.IMP",14,"AUC",0.7227
"globwarm","MICE.10.Y.M.IMP",14,"Brier",0.213259912204349
"globwarm","MICE.10.Y.M.IMP",14,"Misclassification",0.35
"globwarm","MICE.10.Y.M.IMP",14,"Calibration",0.0161150931531753
"globwarm","MICE.RF.10.IMP",14,"AUC",0.7205
"globwarm","MICE.RF.10.IMP",14,"Brier",0.214653291096994
"globwarm","MICE.RF.10.IMP",14,"Misclassification",0.365
"globwarm","MICE.RF.10.IMP",14,"Calibration",0.0163512502806678
"globwarm","MICE.RF.10.Y.M.IMP",14,"AUC",0.7239
"globwarm","MICE.RF.10.Y.M.IMP",14,"Brier",0.213875232150933
"globwarm","MICE.RF.10.Y.M.IMP",14,"Misclassification",0.355
"globwarm","MICE.RF.10.Y.M.IMP",14,"Calibration",0.0167303106717028
"globwarm","MICE.10.IMP.M",14,"AUC",0.7283
"globwarm","MICE.10.IMP.M",14,"Brier",0.211803971661341
"globwarm","MICE.10.IMP.M",14,"Misclassification",0.365
"globwarm","MICE.10.IMP.M",14,"Calibration",0.0158616447478742
"globwarm","MICE.10.Y.M.IMP.M",14,"AUC",0.7271
"globwarm","MICE.10.Y.M.IMP.M",14,"Brier",0.212693276603067
"globwarm","MICE.10.Y.M.IMP.M",14,"Misclassification",0.37
"globwarm","MICE.10.Y.M.IMP.M",14,"Calibration",0.0159096622274595
"globwarm","MICE.RF.10.IMP.M",14,"AUC",0.7324
"globwarm","MICE.RF.10.IMP.M",14,"Brier",0.211663495255756
"globwarm","MICE.RF.10.IMP.M",14,"Misclassification",0.37
"globwarm","MICE.RF.10.IMP.M",14,"Calibration",0.01800193059503
"globwarm","MICE.RF.10.Y.M.IMP.M",14,"AUC",0.7257
"globwarm","MICE.RF.10.Y.M.IMP.M",14,"Brier",0.213283506721903
"globwarm","MICE.RF.10.Y.M.IMP.M",14,"Misclassification",0.375
"globwarm","MICE.RF.10.Y.M.IMP.M",14,"Calibration",0.0179375641340247
"globwarm","Mean.IMP",14,"AUC",0.7319
"globwarm","Mean.IMP",14,"Brier",0.209655789250065
"globwarm","Mean.IMP",14,"Misclassification",0.36
"globwarm","Mean.IMP",14,"Calibration",0.015895843242677
"globwarm","Mean.IMP.M",14,"AUC",0.7314
"globwarm","Mean.IMP.M",14,"Brier",0.209468885701662
"globwarm","Mean.IMP.M",14,"Misclassification",0.37
"globwarm","Mean.IMP.M",14,"Calibration",0.0187596115381624
"globwarm","05.IMP",14,"AUC",0.7314
"globwarm","05.IMP",14,"Brier",0.211528497213711
"globwarm","05.IMP",14,"Misclassification",0.37
"globwarm","05.IMP",14,"Calibration",0.0171023826928592
"globwarm","05.IMP.M",14,"AUC",0.7314
"globwarm","05.IMP.M",14,"Brier",0.209468885701662
"globwarm","05.IMP.M",14,"Misclassification",0.37
"globwarm","05.IMP.M",14,"Calibration",0.0187596115381624
"globwarm","PbP",14,"AUC",0.7073
"globwarm","PbP",14,"Brier",0.221930640088951
"globwarm","PbP",14,"Misclassification",0.35
"globwarm","PbP",14,"Calibration",0.0167722774152973
"globwarm","SAEM",15,"AUC",0.6374
"globwarm","SAEM",15,"Brier",0.241246223981867
"globwarm","SAEM",15,"Misclassification",0.45
"globwarm","SAEM",15,"Calibration",0.0253361312299068
"globwarm","MICE.10.IMP",15,"AUC",0.6437
"globwarm","MICE.10.IMP",15,"Brier",0.238760883362602
"globwarm","MICE.10.IMP",15,"Misclassification",0.44
"globwarm","MICE.10.IMP",15,"Calibration",0.0218074704184766
"globwarm","MICE.10.Y.M.IMP",15,"AUC",0.6461
"globwarm","MICE.10.Y.M.IMP",15,"Brier",0.238713578105432
"globwarm","MICE.10.Y.M.IMP",15,"Misclassification",0.44
"globwarm","MICE.10.Y.M.IMP",15,"Calibration",0.0250350066768609
"globwarm","MICE.RF.10.IMP",15,"AUC",0.6417
"globwarm","MICE.RF.10.IMP",15,"Brier",0.23940696196176
"globwarm","MICE.RF.10.IMP",15,"Misclassification",0.43
"globwarm","MICE.RF.10.IMP",15,"Calibration",0.0215267536284265
"globwarm","MICE.RF.10.Y.M.IMP",15,"AUC",0.647
"globwarm","MICE.RF.10.Y.M.IMP",15,"Brier",0.237956228190955
"globwarm","MICE.RF.10.Y.M.IMP",15,"Misclassification",0.44
"globwarm","MICE.RF.10.Y.M.IMP",15,"Calibration",0.0217759264447465
"globwarm","MICE.10.IMP.M",15,"AUC",0.65
"globwarm","MICE.10.IMP.M",15,"Brier",0.237039331838145
"globwarm","MICE.10.IMP.M",15,"Misclassification",0.435
"globwarm","MICE.10.IMP.M",15,"Calibration",0.02331061685943
"globwarm","MICE.10.Y.M.IMP.M",15,"AUC",0.6403
"globwarm","MICE.10.Y.M.IMP.M",15,"Brier",0.238990538019287
"globwarm","MICE.10.Y.M.IMP.M",15,"Misclassification",0.455
"globwarm","MICE.10.Y.M.IMP.M",15,"Calibration",0.0206917289739265
"globwarm","MICE.RF.10.IMP.M",15,"AUC",0.6444
"globwarm","MICE.RF.10.IMP.M",15,"Brier",0.237948434525598
"globwarm","MICE.RF.10.IMP.M",15,"Misclassification",0.455
"globwarm","MICE.RF.10.IMP.M",15,"Calibration",0.0215667205873627
"globwarm","MICE.RF.10.Y.M.IMP.M",15,"AUC",0.6469
"globwarm","MICE.RF.10.Y.M.IMP.M",15,"Brier",0.238248335059493
"globwarm","MICE.RF.10.Y.M.IMP.M",15,"Misclassification",0.465
"globwarm","MICE.RF.10.Y.M.IMP.M",15,"Calibration",0.023411641511106
"globwarm","Mean.IMP",15,"AUC",0.6362
"globwarm","Mean.IMP",15,"Brier",0.240610929453891
"globwarm","Mean.IMP",15,"Misclassification",0.425
"globwarm","Mean.IMP",15,"Calibration",0.0254241162670781
"globwarm","Mean.IMP.M",15,"AUC",0.6352
"globwarm","Mean.IMP.M",15,"Brier",0.240199622568171
"globwarm","Mean.IMP.M",15,"Misclassification",0.43
"globwarm","Mean.IMP.M",15,"Calibration",0.0230260004166081
"globwarm","05.IMP",15,"AUC",0.6488
"globwarm","05.IMP",15,"Brier",0.237605157445914
"globwarm","05.IMP",15,"Misclassification",0.445
"globwarm","05.IMP",15,"Calibration",0.0274857761490918
"globwarm","05.IMP.M",15,"AUC",0.6352
"globwarm","05.IMP.M",15,"Brier",0.240199622568171
"globwarm","05.IMP.M",15,"Misclassification",0.43
"globwarm","05.IMP.M",15,"Calibration",0.0230260004166081
"globwarm","PbP",15,"AUC",0.6509
"globwarm","PbP",15,"Brier",0.236588701976024
"globwarm","PbP",15,"Misclassification",0.405
"globwarm","PbP",15,"Calibration",0.0246690678467124
"housevotes84","SAEM",1,"AUC",0.5
"housevotes84","SAEM",1,"Brier",0.256837098692033
"housevotes84","SAEM",1,"Misclassification",0.459770114942529
"housevotes84","SAEM",1,"Calibration",NA
"housevotes84","MICE.10.IMP",1,"AUC",0.993617021276596
"housevotes84","MICE.10.IMP",1,"Brier",0.0307620499836139
"housevotes84","MICE.10.IMP",1,"Misclassification",0.0344827586206896
"housevotes84","MICE.10.IMP",1,"Calibration",0.0113312891735427
"housevotes84","MICE.10.Y.M.IMP",1,"AUC",0.984042553191489
"housevotes84","MICE.10.Y.M.IMP",1,"Brier",0.0546270604049448
"housevotes84","MICE.10.Y.M.IMP",1,"Misclassification",0.0689655172413793
"housevotes84","MICE.10.Y.M.IMP",1,"Calibration",0.0143971753474735
"housevotes84","MICE.RF.10.IMP",1,"AUC",0.994148936170213
"housevotes84","MICE.RF.10.IMP",1,"Brier",0.031940656444553
"housevotes84","MICE.RF.10.IMP",1,"Misclassification",0.0344827586206896
"housevotes84","MICE.RF.10.IMP",1,"Calibration",0.012893037396934
"housevotes84","MICE.RF.10.Y.M.IMP",1,"AUC",0.989893617021277
"housevotes84","MICE.RF.10.Y.M.IMP",1,"Brier",0.0349428339748577
"housevotes84","MICE.RF.10.Y.M.IMP",1,"Misclassification",0.0459770114942529
"housevotes84","MICE.RF.10.Y.M.IMP",1,"Calibration",0.00820998827649474
"housevotes84","MICE.10.IMP.M",1,"AUC",0.988297872340426
"housevotes84","MICE.10.IMP.M",1,"Brier",0.054070708724962
"housevotes84","MICE.10.IMP.M",1,"Misclassification",0.103448275862069
"housevotes84","MICE.10.IMP.M",1,"Calibration",0.0266412416403225
"housevotes84","MICE.10.Y.M.IMP.M",1,"AUC",0.979255319148936
"housevotes84","MICE.10.Y.M.IMP.M",1,"Brier",0.0757943487780024
"housevotes84","MICE.10.Y.M.IMP.M",1,"Misclassification",0.103448275862069
"housevotes84","MICE.10.Y.M.IMP.M",1,"Calibration",0.0394688607283764
"housevotes84","MICE.RF.10.IMP.M",1,"AUC",0.989893617021277
"housevotes84","MICE.RF.10.IMP.M",1,"Brier",0.0437208177590383
"housevotes84","MICE.RF.10.IMP.M",1,"Misclassification",0.0459770114942529
"housevotes84","MICE.RF.10.IMP.M",1,"Calibration",0.0127958040754039
"housevotes84","MICE.RF.10.Y.M.IMP.M",1,"AUC",0.986702127659574
"housevotes84","MICE.RF.10.Y.M.IMP.M",1,"Brier",0.0591602833119505
"housevotes84","MICE.RF.10.Y.M.IMP.M",1,"Misclassification",0.0919540229885057
"housevotes84","MICE.RF.10.Y.M.IMP.M",1,"Calibration",0.020572434379274
"housevotes84","Mean.IMP",1,"AUC",0.988297872340426
"housevotes84","Mean.IMP",1,"Brier",0.0376228497437695
"housevotes84","Mean.IMP",1,"Misclassification",0.0459770114942529
"housevotes84","Mean.IMP",1,"Calibration",0.0119660352938516
"housevotes84","Mean.IMP.M",1,"AUC",0.940425531914894
"housevotes84","Mean.IMP.M",1,"Brier",0.0885270008948543
"housevotes84","Mean.IMP.M",1,"Misclassification",0.0919540229885057
"housevotes84","Mean.IMP.M",1,"Calibration",0.0270941575023809
"housevotes84","05.IMP",1,"AUC",0.5
"housevotes84","05.IMP",1,"Brier",0.256837098692033
"housevotes84","05.IMP",1,"Misclassification",0.459770114942529
"housevotes84","05.IMP",1,"Calibration",NA
"housevotes84","05.IMP.M",1,"AUC",0.5
"housevotes84","05.IMP.M",1,"Brier",0.256837098692033
"housevotes84","05.IMP.M",1,"Misclassification",0.459770114942529
"housevotes84","05.IMP.M",1,"Calibration",NA
"housevotes84","PbP",1,"AUC",0.90718085106383
"housevotes84","PbP",1,"Brier",0.151342494126789
"housevotes84","PbP",1,"Misclassification",0.183908045977011
"housevotes84","PbP",1,"Calibration",0.058652399508626
"housevotes84","SAEM",2,"AUC",0.5
"housevotes84","SAEM",2,"Brier",0.223023186682521
"housevotes84","SAEM",2,"Misclassification",0.310344827586207
"housevotes84","SAEM",2,"Calibration",NA
"housevotes84","MICE.10.IMP",2,"AUC",0.994444444444444
"housevotes84","MICE.10.IMP",2,"Brier",0.0218371723069473
"housevotes84","MICE.10.IMP",2,"Misclassification",0.0344827586206896
"housevotes84","MICE.10.IMP",2,"Calibration",0.00603257460579787
"housevotes84","MICE.10.Y.M.IMP",2,"AUC",0.993827160493827
"housevotes84","MICE.10.Y.M.IMP",2,"Brier",0.0145669068471347
"housevotes84","MICE.10.Y.M.IMP",2,"Misclassification",0.0114942528735632
"housevotes84","MICE.10.Y.M.IMP",2,"Calibration",0.00411758605298632
"housevotes84","MICE.RF.10.IMP",2,"AUC",0.994444444444444
"housevotes84","MICE.RF.10.IMP",2,"Brier",0.0211285390522969
"housevotes84","MICE.RF.10.IMP",2,"Misclassification",0.0344827586206896
"housevotes84","MICE.RF.10.IMP",2,"Calibration",0.0053239413511475
"housevotes84","MICE.RF.10.Y.M.IMP",2,"AUC",0.991358024691358
"housevotes84","MICE.RF.10.Y.M.IMP",2,"Brier",0.0250662185478789
"housevotes84","MICE.RF.10.Y.M.IMP",2,"Misclassification",0.0344827586206896
"housevotes84","MICE.RF.10.Y.M.IMP",2,"Calibration",0.00695406250468839
"housevotes84","MICE.10.IMP.M",2,"AUC",0.991358024691358
"housevotes84","MICE.10.IMP.M",2,"Brier",0.0450668130665099
"housevotes84","MICE.10.IMP.M",2,"Misclassification",0.0689655172413793
"housevotes84","MICE.10.IMP.M",2,"Calibration",0.020162598507123
"housevotes84","MICE.10.Y.M.IMP.M",2,"AUC",0.994444444444444
"housevotes84","MICE.10.Y.M.IMP.M",2,"Brier",0.0320577481231768
"housevotes84","MICE.10.Y.M.IMP.M",2,"Misclassification",0.0344827586206896
"housevotes84","MICE.10.Y.M.IMP.M",2,"Calibration",0.014816368812832
"housevotes84","MICE.RF.10.IMP.M",2,"AUC",0.992592592592593
"housevotes84","MICE.RF.10.IMP.M",2,"Brier",0.0361033896925023
"housevotes84","MICE.RF.10.IMP.M",2,"Misclassification",0.0804597701149425
"housevotes84","MICE.RF.10.IMP.M",2,"Calibration",0.0188620103821575
"housevotes84","MICE.RF.10.Y.M.IMP.M",2,"AUC",0.991666666666667
"housevotes84","MICE.RF.10.Y.M.IMP.M",2,"Brier",0.0395402298970272
"housevotes84","MICE.RF.10.Y.M.IMP.M",2,"Misclassification",0.0459770114942529
"housevotes84","MICE.RF.10.Y.M.IMP.M",2,"Calibration",0.012829775600366
"housevotes84","Mean.IMP",2,"AUC",0.988271604938272
"housevotes84","Mean.IMP",2,"Brier",0.0352762947637801
"housevotes84","Mean.IMP",2,"Misclassification",0.0459770114942529
"housevotes84","Mean.IMP",2,"Calibration",0.00864794227335867
"housevotes84","Mean.IMP.M",2,"AUC",0.955555555555555
"housevotes84","Mean.IMP.M",2,"Brier",0.0574712643949187
"housevotes84","Mean.IMP.M",2,"Misclassification",0.0574712643678161
"housevotes84","Mean.IMP.M",2,"Calibration",0.0152596116006262
"housevotes84","05.IMP",2,"AUC",0.5
"housevotes84","05.IMP",2,"Brier",0.223023186682521
"housevotes84","05.IMP",2,"Misclassification",0.310344827586207
"housevotes84","05.IMP",2,"Calibration",NA
"housevotes84","05.IMP.M",2,"AUC",0.5
"housevotes84","05.IMP.M",2,"Brier",0.223023186682521
"housevotes84","05.IMP.M",2,"Misclassification",0.310344827586207
"housevotes84","05.IMP.M",2,"Calibration",NA
"housevotes84","PbP",2,"AUC",0.943827160493827
"housevotes84","PbP",2,"Brier",0.0787616001744495
"housevotes84","PbP",2,"Misclassification",0.0689655172413793
"housevotes84","PbP",2,"Calibration",0.0269690440715486
"housevotes84","SAEM",3,"AUC",0.5
"housevotes84","SAEM",3,"Brier",0.238109393579073
"housevotes84","SAEM",3,"Misclassification",0.390804597701149
"housevotes84","SAEM",3,"Calibration",NA
"housevotes84","MICE.10.IMP",3,"AUC",0.996115427302997
"housevotes84","MICE.10.IMP",3,"Brier",0.020709724809466
"housevotes84","MICE.10.IMP",3,"Misclassification",0.0229885057471264
"housevotes84","MICE.10.IMP",3,"Calibration",0.00538405431138167
"housevotes84","MICE.10.Y.M.IMP",3,"AUC",0.997780244173141
"housevotes84","MICE.10.Y.M.IMP",3,"Brier",0.0210453446571992
"housevotes84","MICE.10.Y.M.IMP",3,"Misclassification",0.0229885057471264
"housevotes84","MICE.10.Y.M.IMP",3,"Calibration",0.00763538297137543
"housevotes84","MICE.RF.10.IMP",3,"AUC",0.996670366259711
"housevotes84","MICE.RF.10.IMP",3,"Brier",0.0194309329265649
"housevotes84","MICE.RF.10.IMP",3,"Misclassification",0.0344827586206896
"housevotes84","MICE.RF.10.IMP",3,"Calibration",0.00448840419093267
"housevotes84","MICE.RF.10.Y.M.IMP",3,"AUC",0.996115427302997
"housevotes84","MICE.RF.10.Y.M.IMP",3,"Brier",0.0219222410994305
"housevotes84","MICE.RF.10.Y.M.IMP",3,"Misclassification",0.0229885057471264
"housevotes84","MICE.RF.10.Y.M.IMP",3,"Calibration",0.00563871619521591
"housevotes84","MICE.10.IMP.M",3,"AUC",0.999445061043285
"housevotes84","MICE.10.IMP.M",3,"Brier",0.0188200364718486
"housevotes84","MICE.10.IMP.M",3,"Misclassification",0.0229885057471264
"housevotes84","MICE.10.IMP.M",3,"Calibration",0.013072910035067
"housevotes84","MICE.10.Y.M.IMP.M",3,"AUC",1
"housevotes84","MICE.10.Y.M.IMP.M",3,"Brier",0.0286293065425835
"housevotes84","MICE.10.Y.M.IMP.M",3,"Misclassification",0.0344827586206896
"housevotes84","MICE.10.Y.M.IMP.M",3,"Calibration",0.0286293065425835
"housevotes84","MICE.RF.10.IMP.M",3,"AUC",0.998335183129856
"housevotes84","MICE.RF.10.IMP.M",3,"Brier",0.0198521211111713
"housevotes84","MICE.RF.10.IMP.M",3,"Misclassification",0.0229885057471264
"housevotes84","MICE.RF.10.IMP.M",3,"Calibration",0.0112314314559988
"housevotes84","MICE.RF.10.Y.M.IMP.M",3,"AUC",1
"housevotes84","MICE.RF.10.Y.M.IMP.M",3,"Brier",0.0139512100449487
"housevotes84","MICE.RF.10.Y.M.IMP.M",3,"Misclassification",0.0229885057471264
"housevotes84","MICE.RF.10.Y.M.IMP.M",3,"Calibration",0.0139512100449487
"housevotes84","Mean.IMP",3,"AUC",0.992230854605993
"housevotes84","Mean.IMP",3,"Brier",0.0385366996167227
"housevotes84","Mean.IMP",3,"Misclassification",0.0344827586206896
"housevotes84","Mean.IMP",3,"Calibration",0.0136324850573358
"housevotes84","Mean.IMP.M",3,"AUC",0.981132075471698
"housevotes84","Mean.IMP.M",3,"Brier",0.0229885057471264
"housevotes84","Mean.IMP.M",3,"Misclassification",0.0229885057471264
"housevotes84","Mean.IMP.M",3,"Calibration",0.00127713920817369
"housevotes84","05.IMP",3,"AUC",0.5
"housevotes84","05.IMP",3,"Brier",0.238109393579073
"housevotes84","05.IMP",3,"Misclassification",0.390804597701149
"housevotes84","05.IMP",3,"Calibration",NA
"housevotes84","05.IMP.M",3,"AUC",0.5
"housevotes84","05.IMP.M",3,"Brier",0.238109393579073
"housevotes84","05.IMP.M",3,"Misclassification",0.390804597701149
"housevotes84","05.IMP.M",3,"Calibration",NA
"housevotes84","PbP",3,"AUC",0.992230854605993
"housevotes84","PbP",3,"Brier",0.0405041484550216
"housevotes84","PbP",3,"Misclassification",0.0344827586206896
"housevotes84","PbP",3,"Calibration",0.020580776807512
"housevotes84","SAEM",4,"AUC",0.5
"housevotes84","SAEM",4,"Brier",0.218787158145065
"housevotes84","SAEM",4,"Misclassification",0.275862068965517
"housevotes84","SAEM",4,"Calibration",NA
"housevotes84","MICE.10.IMP",4,"AUC",0.999338624338624
"housevotes84","MICE.10.IMP",4,"Brier",0.0238090705863854
"housevotes84","MICE.10.IMP",4,"Misclassification",0.0344827586206896
"housevotes84","MICE.10.IMP",4,"Calibration",0.0180619441496038
"housevotes84","MICE.10.Y.M.IMP",4,"AUC",0.998677248677249
"housevotes84","MICE.10.Y.M.IMP",4,"Brier",0.0267789156965405
"housevotes84","MICE.10.Y.M.IMP",4,"Misclassification",0.0344827586206896
"housevotes84","MICE.10.Y.M.IMP",4,"Calibration",0.0191160804474983
"housevotes84","MICE.RF.10.IMP",4,"AUC",0.998677248677249
"housevotes84","MICE.RF.10.IMP",4,"Brier",0.024439681689528
"housevotes84","MICE.RF.10.IMP",4,"Misclassification",0.0344827586206896
"housevotes84","MICE.RF.10.IMP",4,"Calibration",0.0167768464404858
"housevotes84","MICE.RF.10.Y.M.IMP",4,"AUC",0.999338624338624
"housevotes84","MICE.RF.10.Y.M.IMP",4,"Brier",0.0207524740507473
"housevotes84","MICE.RF.10.Y.M.IMP",4,"Misclassification",0.0229885057471264
"housevotes84","MICE.RF.10.Y.M.IMP",4,"Calibration",0.0150053476139657
"housevotes84","MICE.10.IMP.M",4,"AUC",1
"housevotes84","MICE.10.IMP.M",4,"Brier",0.0228690763768679
"housevotes84","MICE.10.IMP.M",4,"Misclassification",0.0229885057471264
"housevotes84","MICE.10.IMP.M",4,"Calibration",0.0228690763768679
"housevotes84","MICE.10.Y.M.IMP.M",4,"AUC",0.992063492063492
"housevotes84","MICE.10.Y.M.IMP.M",4,"Brier",0.0313976158834289
"housevotes84","MICE.10.Y.M.IMP.M",4,"Misclassification",0.0344827586206896
"housevotes84","MICE.10.Y.M.IMP.M",4,"Calibration",0.0203631331248082
"housevotes84","MICE.RF.10.IMP.M",4,"AUC",0.998015873015873
"housevotes84","MICE.RF.10.IMP.M",4,"Brier",0.0265616613279062
"housevotes84","MICE.RF.10.IMP.M",4,"Misclassification",0.0344827586206896
"housevotes84","MICE.RF.10.IMP.M",4,"Calibration",0.0179409716727338
"housevotes84","MICE.RF.10.Y.M.IMP.M",4,"AUC",0.990079365079365
"housevotes84","MICE.RF.10.Y.M.IMP.M",4,"Brier",0.0241328899910777
"housevotes84","MICE.RF.10.Y.M.IMP.M",4,"Misclassification",0.0229885057471264
"housevotes84","MICE.RF.10.Y.M.IMP.M",4,"Calibration",0.00547555199340985
"housevotes84","Mean.IMP",4,"AUC",0.999338624338624
"housevotes84","Mean.IMP",4,"Brier",0.0258181337971036
"housevotes84","Mean.IMP",4,"Misclassification",0.0344827586206896
"housevotes84","Mean.IMP",4,"Calibration",0.020071007360322
"housevotes84","Mean.IMP.M",4,"AUC",0.984126984126984
"housevotes84","Mean.IMP.M",4,"Brier",0.0344815897090503
"housevotes84","Mean.IMP.M",4,"Misclassification",0.0344827586206896
"housevotes84","Mean.IMP.M",4,"Calibration",0.0132614305578567
"housevotes84","05.IMP",4,"AUC",0.5
"housevotes84","05.IMP",4,"Brier",0.218787158145065
"housevotes84","05.IMP",4,"Misclassification",0.275862068965517
"housevotes84","05.IMP",4,"Calibration",NA
"housevotes84","05.IMP.M",4,"AUC",0.5
"housevotes84","05.IMP.M",4,"Brier",0.218787158145065
"housevotes84","05.IMP.M",4,"Misclassification",0.275862068965517
"housevotes84","05.IMP.M",4,"Calibration",NA
"housevotes84","PbP",4,"AUC",0.963293650793651
"housevotes84","PbP",4,"Brier",0.0679787226803587
"housevotes84","PbP",4,"Misclassification",0.0689655172413793
"housevotes84","PbP",4,"Calibration",0.014239358596167
"housevotes84","SAEM",5,"AUC",0.5
"housevotes84","SAEM",5,"Brier",0.243757431629013
"housevotes84","SAEM",5,"Misclassification",0.413793103448276
"housevotes84","SAEM",5,"Calibration",NA
"housevotes84","MICE.10.IMP",5,"AUC",0.995098039215686
"housevotes84","MICE.10.IMP",5,"Brier",0.0277213049061038
"housevotes84","MICE.10.IMP",5,"Misclassification",0.0229885057471264
"housevotes84","MICE.10.IMP",5,"Calibration",0.00933050030840267
"housevotes84","MICE.10.Y.M.IMP",5,"AUC",0.984749455337691
"housevotes84","MICE.10.Y.M.IMP",5,"Brier",0.0438007070381849
"housevotes84","MICE.10.Y.M.IMP",5,"Misclassification",0.0574712643678161
"housevotes84","MICE.10.Y.M.IMP",5,"Calibration",0.0115689062719014
"housevotes84","MICE.RF.10.IMP",5,"AUC",0.995098039215686
"housevotes84","MICE.RF.10.IMP",5,"Brier",0.0277851441933008
"housevotes84","MICE.RF.10.IMP",5,"Misclassification",0.0229885057471264
"housevotes84","MICE.RF.10.IMP",5,"Calibration",0.00939433959559961
"housevotes84","MICE.RF.10.Y.M.IMP",5,"AUC",0.995642701525054
"housevotes84","MICE.RF.10.Y.M.IMP",5,"Brier",0.0289363927840741
"housevotes84","MICE.RF.10.Y.M.IMP",5,"Misclassification",0.0344827586206896
"housevotes84","MICE.RF.10.Y.M.IMP",5,"Calibration",0.0111203008300511
"housevotes84","MICE.10.IMP.M",5,"AUC",0.985838779956427
"housevotes84","MICE.10.IMP.M",5,"Brier",0.0730279634173766
"housevotes84","MICE.10.IMP.M",5,"Misclassification",0.103448275862069
"housevotes84","MICE.10.IMP.M",5,"Calibration",0.0388644895987303
"housevotes84","MICE.10.Y.M.IMP.M",5,"AUC",0.9880174291939
"housevotes84","MICE.10.Y.M.IMP.M",5,"Brier",0.0572313789156064
"housevotes84","MICE.10.Y.M.IMP.M",5,"Misclassification",0.0574712643678161
"housevotes84","MICE.10.Y.M.IMP.M",5,"Calibration",0.0241169837322457
"housevotes84","MICE.RF.10.IMP.M",5,"AUC",0.986928104575163
"housevotes84","MICE.RF.10.IMP.M",5,"Brier",0.0587666577811369
"housevotes84","MICE.RF.10.IMP.M",5,"Misclassification",0.0804597701149425
"housevotes84","MICE.RF.10.IMP.M",5,"Calibration",0.0257206807696426
"housevotes84","MICE.RF.10.Y.M.IMP.M",5,"AUC",0.9880174291939
"housevotes84","MICE.RF.10.Y.M.IMP.M",5,"Brier",0.0548829092176025
"housevotes84","MICE.RF.10.Y.M.IMP.M",5,"Misclassification",0.0689655172413793
"housevotes84","MICE.RF.10.Y.M.IMP.M",5,"Calibration",0.0217685140342418
"housevotes84","Mean.IMP",5,"AUC",0.99400871459695
"housevotes84","Mean.IMP",5,"Brier",0.0343762392794909
"housevotes84","Mean.IMP",5,"Misclassification",0.0459770114942529
"housevotes84","Mean.IMP",5,"Calibration",0.0113877335323645
"housevotes84","Mean.IMP.M",5,"AUC",0.993464052287582
"housevotes84","Mean.IMP.M",5,"Brier",0.0689655162001293
"housevotes84","Mean.IMP.M",5,"Misclassification",0.0689655172413793
"housevotes84","Mean.IMP.M",5,"Calibration",0.0459770104530029
"housevotes84","05.IMP",5,"AUC",0.5
"housevotes84","05.IMP",5,"Brier",0.243757431629013
"housevotes84","05.IMP",5,"Misclassification",0.413793103448276
"housevotes84","05.IMP",5,"Calibration",NA
"housevotes84","05.IMP.M",5,"AUC",0.5
"housevotes84","05.IMP.M",5,"Brier",0.243757431629013
"housevotes84","05.IMP.M",5,"Misclassification",0.413793103448276
"housevotes84","05.IMP.M",5,"Calibration",NA
"housevotes84","PbP",5,"AUC",0.938453159041394
"housevotes84","PbP",5,"Brier",0.0880521551051079
"housevotes84","PbP",5,"Misclassification",0.103448275862069
"housevotes84","PbP",5,"Calibration",0.00999239540590473
"housevotes84","SAEM",6,"AUC",0.5
"housevotes84","SAEM",6,"Brier",0.233055885850178
"housevotes84","SAEM",6,"Misclassification",0.367816091954023
"housevotes84","SAEM",6,"Calibration",NA
"housevotes84","MICE.10.IMP",6,"AUC",0.984659090909091
"housevotes84","MICE.10.IMP",6,"Brier",0.0379556114333216
"housevotes84","MICE.10.IMP",6,"Misclassification",0.0459770114942529
"housevotes84","MICE.10.IMP",6,"Calibration",0.0108409636290186
"housevotes84","MICE.10.Y.M.IMP",6,"AUC",0.992613636363636
"housevotes84","MICE.10.Y.M.IMP",6,"Brier",0.0325790894450376
"housevotes84","MICE.10.Y.M.IMP",6,"Misclassification",0.0459770114942529
"housevotes84","MICE.10.Y.M.IMP",6,"Calibration",0.0108677229060849
"housevotes84","MICE.RF.10.IMP",6,"AUC",0.984090909090909
"housevotes84","MICE.RF.10.IMP",6,"Brier",0.0428357937905592
"housevotes84","MICE.RF.10.IMP",6,"Misclassification",0.0459770114942529
"housevotes84","MICE.RF.10.IMP",6,"Calibration",0.00816146428864352
"housevotes84","MICE.RF.10.Y.M.IMP",6,"AUC",0.985795454545455
"housevotes84","MICE.RF.10.Y.M.IMP",6,"Brier",0.0438009559907848
"housevotes84","MICE.RF.10.Y.M.IMP",6,"Misclassification",0.0459770114942529
"housevotes84","MICE.RF.10.Y.M.IMP",6,"Calibration",0.0120001897072599
"housevotes84","MICE.10.IMP.M",6,"AUC",0.988920454545455
"housevotes84","MICE.10.IMP.M",6,"Brier",0.0476929645054147
"housevotes84","MICE.10.IMP.M",6,"Misclassification",0.0804597701149425
"housevotes84","MICE.10.IMP.M",6,"Calibration",0.0169458380686331
"housevotes84","MICE.10.Y.M.IMP.M",6,"AUC",0.989204545454546
"housevotes84","MICE.10.Y.M.IMP.M",6,"Brier",0.0487494686257019
"housevotes84","MICE.10.Y.M.IMP.M",6,"Misclassification",0.0574712643678161
"housevotes84","MICE.10.Y.M.IMP.M",6,"Calibration",0.0170034368796702
"housevotes84","MICE.RF.10.IMP.M",6,"AUC",0.988068181818182
"housevotes84","MICE.RF.10.IMP.M",6,"Brier",0.0388422550602643
"housevotes84","MICE.RF.10.IMP.M",6,"Misclassification",0.0459770114942529
"housevotes84","MICE.RF.10.IMP.M",6,"Calibration",0.0120223316886168
"housevotes84","MICE.RF.10.Y.M.IMP.M",6,"AUC",0.976704545454545
"housevotes84","MICE.RF.10.Y.M.IMP.M",6,"Brier",0.049810906751183
"housevotes84","MICE.RF.10.Y.M.IMP.M",6,"Misclassification",0.0574712643678161
"housevotes84","MICE.RF.10.Y.M.IMP.M",6,"Calibration",0.0178568837626772
"housevotes84","Mean.IMP",6,"AUC",0.985795454545455
"housevotes84","Mean.IMP",6,"Brier",0.0436573148235954
"housevotes84","Mean.IMP",6,"Misclassification",0.0459770114942529
"housevotes84","Mean.IMP",6,"Calibration",0.0109161096685972
"housevotes84","Mean.IMP.M",6,"AUC",0.932954545454545
"housevotes84","Mean.IMP.M",6,"Brier",0.0689654590645381
"housevotes84","Mean.IMP.M",6,"Misclassification",0.0689655172413793
"housevotes84","Mean.IMP.M",6,"Calibration",0.0148246147401565
"housevotes84","05.IMP",6,"AUC",0.5
"housevotes84","05.IMP",6,"Brier",0.233055885850178
"housevotes84","05.IMP",6,"Misclassification",0.367816091954023
"housevotes84","05.IMP",6,"Calibration",NA
"housevotes84","05.IMP.M",6,"AUC",0.5
"housevotes84","05.IMP.M",6,"Brier",0.233055885850178
"housevotes84","05.IMP.M",6,"Misclassification",0.367816091954023
"housevotes84","05.IMP.M",6,"Calibration",NA
"housevotes84","PbP",6,"AUC",0.946590909090909
"housevotes84","PbP",6,"Brier",0.0778533823027221
"housevotes84","PbP",6,"Misclassification",0.114942528735632
"housevotes84","PbP",6,"Calibration",0.00339668352660404
"housevotes84","SAEM",7,"AUC",0.5
"housevotes84","SAEM",7,"Brier",0.223023186682521
"housevotes84","SAEM",7,"Misclassification",0.310344827586207
"housevotes84","SAEM",7,"Calibration",NA
"housevotes84","MICE.10.IMP",7,"AUC",0.996913580246914
"housevotes84","MICE.10.IMP",7,"Brier",0.0364678485560395
"housevotes84","MICE.10.IMP",7,"Misclassification",0.0459770114942529
"housevotes84","MICE.10.IMP",7,"Calibration",0.0226747451077637
"housevotes84","MICE.10.Y.M.IMP",7,"AUC",0.988888888888889
"housevotes84","MICE.10.Y.M.IMP",7,"Brier",0.0387590865355084
"housevotes84","MICE.10.Y.M.IMP",7,"Misclassification",0.0574712643678161
"housevotes84","MICE.10.Y.M.IMP",7,"Calibration",0.0203682819378072
"housevotes84","MICE.RF.10.IMP",7,"AUC",0.999382716049383
"housevotes84","MICE.RF.10.IMP",7,"Brier",0.0339884714610924
"housevotes84","MICE.RF.10.IMP",7,"Misclassification",0.0459770114942529
"housevotes84","MICE.RF.10.IMP",7,"Calibration",0.0282413450243108
"housevotes84","MICE.RF.10.Y.M.IMP",7,"AUC",0.994444444444444
"housevotes84","MICE.RF.10.Y.M.IMP",7,"Brier",0.0348614399558786
"housevotes84","MICE.RF.10.Y.M.IMP",7,"Misclassification",0.0344827586206896
"housevotes84","MICE.RF.10.Y.M.IMP",7,"Calibration",0.0153212100708211
"housevotes84","MICE.10.IMP.M",7,"AUC",0.981481481481482
"housevotes84","MICE.10.IMP.M",7,"Brier",0.0656425402803797
"housevotes84","MICE.10.IMP.M",7,"Misclassification",0.103448275862069
"housevotes84","MICE.10.IMP.M",7,"Calibration",0.026712600488371
"housevotes84","MICE.10.Y.M.IMP.M",7,"AUC",0.97962962962963
"housevotes84","MICE.10.Y.M.IMP.M",7,"Brier",0.0548806563008857
"housevotes84","MICE.10.Y.M.IMP.M",7,"Misclassification",0.0574712643678161
"housevotes84","MICE.10.Y.M.IMP.M",7,"Calibration",0.0258713514295119
"housevotes84","MICE.RF.10.IMP.M",7,"AUC",0.984876543209877
"housevotes84","MICE.RF.10.IMP.M",7,"Brier",0.0500137266058727
"housevotes84","MICE.RF.10.IMP.M",7,"Misclassification",0.0459770114942529
"housevotes84","MICE.RF.10.IMP.M",7,"Calibration",0.0192939674378377
"housevotes84","MICE.RF.10.Y.M.IMP.M",7,"AUC",0.977160493827161
"housevotes84","MICE.RF.10.Y.M.IMP.M",7,"Brier",0.0532640319440217
"housevotes84","MICE.RF.10.Y.M.IMP.M",7,"Misclassification",0.0459770114942529
"housevotes84","MICE.RF.10.Y.M.IMP.M",7,"Calibration",0.0167889361585811
"housevotes84","Mean.IMP",7,"AUC",0.988271604938272
"housevotes84","Mean.IMP",7,"Brier",0.0325415278636878
"housevotes84","Mean.IMP",7,"Misclassification",0.0344827586206896
"housevotes84","Mean.IMP",7,"Calibration",0.0140605722630567
"housevotes84","Mean.IMP.M",7,"AUC",0.956172839506173
"housevotes84","Mean.IMP.M",7,"Brier",0.0791232881065306
"housevotes84","Mean.IMP.M",7,"Misclassification",0.0804597701149425
"housevotes84","Mean.IMP.M",7,"Calibration",0.0251744560709354
"housevotes84","05.IMP",7,"AUC",0.5
"housevotes84","05.IMP",7,"Brier",0.223023186682521
"housevotes84","05.IMP",7,"Misclassification",0.310344827586207
"housevotes84","05.IMP",7,"Calibration",NA
"housevotes84","05.IMP.M",7,"AUC",0.5
"housevotes84","05.IMP.M",7,"Brier",0.223023186682521
"housevotes84","05.IMP.M",7,"Misclassification",0.310344827586207
"housevotes84","05.IMP.M",7,"Calibration",NA
"housevotes84","PbP",7,"AUC",0.913271604938272
"housevotes84","PbP",7,"Brier",0.11933685042583
"housevotes84","PbP",7,"Misclassification",0.103448275862069
"housevotes84","PbP",7,"Calibration",0.0417834842517741
"housevotes84","SAEM",8,"AUC",0.5
"housevotes84","SAEM",8,"Brier",0.223023186682521
"housevotes84","SAEM",8,"Misclassification",0.310344827586207
"housevotes84","SAEM",8,"Calibration",NA
"housevotes84","MICE.10.IMP",8,"AUC",0.999382716049383
"housevotes84","MICE.10.IMP",8,"Brier",0.0139524653791736
"housevotes84","MICE.10.IMP",8,"Misclassification",0.0229885057471264
"housevotes84","MICE.10.IMP",8,"Calibration",0.00820533894239196
"housevotes84","MICE.10.Y.M.IMP",8,"AUC",0.998148148148148
"housevotes84","MICE.10.Y.M.IMP",8,"Brier",0.0171903435104781
"housevotes84","MICE.10.Y.M.IMP",8,"Misclassification",0.0114942528735632
"housevotes84","MICE.10.Y.M.IMP",8,"Calibration",0.0085696538553057
"housevotes84","MICE.RF.10.IMP",8,"AUC",0.998148148148148
"housevotes84","MICE.RF.10.IMP",8,"Brier",0.0157986622040078
"housevotes84","MICE.RF.10.IMP",8,"Misclassification",0.0229885057471264
"housevotes84","MICE.RF.10.IMP",8,"Calibration",0.00717797254883543
"housevotes84","MICE.RF.10.Y.M.IMP",8,"AUC",1
"housevotes84","MICE.RF.10.Y.M.IMP",8,"Brier",0.010988629135962
"housevotes84","MICE.RF.10.Y.M.IMP",8,"Misclassification",0.0114942528735632
"housevotes84","MICE.RF.10.Y.M.IMP",8,"Calibration",0.010988629135962
"housevotes84","MICE.10.IMP.M",8,"AUC",0.996913580246914
"housevotes84","MICE.10.IMP.M",8,"Brier",0.0268488145810031
"housevotes84","MICE.10.IMP.M",8,"Misclassification",0.0344827586206896
"housevotes84","MICE.10.IMP.M",8,"Calibration",0.0130557111327273
"housevotes84","MICE.10.Y.M.IMP.M",8,"AUC",0.994444444444444
"housevotes84","MICE.10.Y.M.IMP.M",8,"Brier",0.0416421797367252
"housevotes84","MICE.10.Y.M.IMP.M",8,"Misclassification",0.0574712643678161
"housevotes84","MICE.10.Y.M.IMP.M",8,"Calibration",0.0215272372079895
"housevotes84","MICE.RF.10.IMP.M",8,"AUC",0.998765432098765
"housevotes84","MICE.RF.10.IMP.M",8,"Brier",0.0156335802108872
"housevotes84","MICE.RF.10.IMP.M",8,"Misclassification",0.0229885057471264
"housevotes84","MICE.RF.10.IMP.M",8,"Calibration",0.00797074496184505
"housevotes84","MICE.RF.10.Y.M.IMP.M",8,"AUC",0.998765432098765
"housevotes84","MICE.RF.10.Y.M.IMP.M",8,"Brier",0.0270273645247207
"housevotes84","MICE.RF.10.Y.M.IMP.M",8,"Misclassification",0.0459770114942529
"housevotes84","MICE.RF.10.Y.M.IMP.M",8,"Calibration",0.0193645292756785
"housevotes84","Mean.IMP",8,"AUC",0.999382716049383
"housevotes84","Mean.IMP",8,"Brier",0.0174110833300001
"housevotes84","Mean.IMP",8,"Misclassification",0.0229885057471264
"housevotes84","Mean.IMP",8,"Calibration",0.0116639568932185
"housevotes84","Mean.IMP.M",8,"AUC",0.973148148148148
"housevotes84","Mean.IMP.M",8,"Brier",0.057471266257961
"housevotes84","Mean.IMP.M",8,"Misclassification",0.0574712643678161
"housevotes84","Mean.IMP.M",8,"Calibration",0.0264367834993403
"housevotes84","05.IMP",8,"AUC",0.5
"housevotes84","05.IMP",8,"Brier",0.223023186682521
"housevotes84","05.IMP",8,"Misclassification",0.310344827586207
"housevotes84","05.IMP",8,"Calibration",NA
"housevotes84","05.IMP.M",8,"AUC",0.5
"housevotes84","05.IMP.M",8,"Brier",0.223023186682521
"housevotes84","05.IMP.M",8,"Misclassification",0.310344827586207
"housevotes84","05.IMP.M",8,"Calibration",NA
"housevotes84","PbP",8,"AUC",0.94320987654321
"housevotes84","PbP",8,"Brier",0.0849061106063533
"housevotes84","PbP",8,"Misclassification",0.114942528735632
"housevotes84","PbP",8,"Calibration",0.00875668531899702
"housevotes84","SAEM",9,"AUC",0.5
"housevotes84","SAEM",9,"Brier",0.228596908442331
"housevotes84","SAEM",9,"Misclassification",0.344827586206897
"housevotes84","SAEM",9,"Calibration",NA
"housevotes84","MICE.10.IMP",9,"AUC",0.990643274853801
"housevotes84","MICE.10.IMP",9,"Brier",0.0284869590511055
"housevotes84","MICE.10.IMP",9,"Misclassification",0.0344827586206896
"housevotes84","MICE.10.IMP",9,"Calibration",0.0176688386995166
"housevotes84","MICE.10.Y.M.IMP",9,"AUC",0.987719298245614
"housevotes84","MICE.10.Y.M.IMP",9,"Brier",0.0314760899300115
"housevotes84","MICE.10.Y.M.IMP",9,"Misclassification",0.0574712643678161
"housevotes84","MICE.10.Y.M.IMP",9,"Calibration",0.00733815889552877
"housevotes84","MICE.RF.10.IMP",9,"AUC",0.992397660818714
"housevotes84","MICE.RF.10.IMP",9,"Brier",0.0306388270577894
"housevotes84","MICE.RF.10.IMP",9,"Misclassification",0.0344827586206896
"housevotes84","MICE.RF.10.IMP",9,"Calibration",0.0126311642225403
"housevotes84","MICE.RF.10.Y.M.IMP",9,"AUC",0.985380116959064
"housevotes84","MICE.RF.10.Y.M.IMP",9,"Brier",0.0376004073857225
"housevotes84","MICE.RF.10.Y.M.IMP",9,"Misclassification",0.0689655172413793
"housevotes84","MICE.RF.10.Y.M.IMP",9,"Calibration",0.0175493218173955
"housevotes84","MICE.10.IMP.M",9,"AUC",0.993567251461988
"housevotes84","MICE.10.IMP.M",9,"Brier",0.0448452478630517
"housevotes84","MICE.10.IMP.M",9,"Misclassification",0.0574712643678161
"housevotes84","MICE.10.IMP.M",9,"Calibration",0.02696529894862
"housevotes84","MICE.10.Y.M.IMP.M",9,"AUC",0.984210526315789
"housevotes84","MICE.10.Y.M.IMP.M",9,"Brier",0.0439847889517156
"housevotes84","MICE.10.Y.M.IMP.M",9,"Misclassification",0.0574712643678161
"housevotes84","MICE.10.Y.M.IMP.M",9,"Calibration",0.0103108851628693
"housevotes84","MICE.RF.10.IMP.M",9,"AUC",0.989473684210526
"housevotes84","MICE.RF.10.IMP.M",9,"Brier",0.0519046920982362
"housevotes84","MICE.RF.10.IMP.M",9,"Misclassification",0.0804597701149425
"housevotes84","MICE.RF.10.IMP.M",9,"Calibration",0.0248110960391228
"housevotes84","MICE.RF.10.Y.M.IMP.M",9,"AUC",0.984502923976608
"housevotes84","MICE.RF.10.Y.M.IMP.M",9,"Brier",0.0499060165879525
"housevotes84","MICE.RF.10.Y.M.IMP.M",9,"Misclassification",0.0574712643678161
"housevotes84","MICE.RF.10.Y.M.IMP.M",9,"Calibration",0.017749475810722
"housevotes84","Mean.IMP",9,"AUC",0.976608187134503
"housevotes84","Mean.IMP",9,"Brier",0.0379722380679142
"housevotes84","Mean.IMP",9,"Misclassification",0.0574712643678161
"housevotes84","Mean.IMP",9,"Calibration",0.0115486682436309
"housevotes84","Mean.IMP.M",9,"AUC",0.955263157894737
"housevotes84","Mean.IMP.M",9,"Brier",0.0764234478901296
"housevotes84","Mean.IMP.M",9,"Misclassification",0.0804597701149425
"housevotes84","Mean.IMP.M",9,"Calibration",0.0338881814324494
"housevotes84","05.IMP",9,"AUC",0.5
"housevotes84","05.IMP",9,"Brier",0.228596908442331
"housevotes84","05.IMP",9,"Misclassification",0.344827586206897
"housevotes84","05.IMP",9,"Calibration",NA
"housevotes84","05.IMP.M",9,"AUC",0.5
"housevotes84","05.IMP.M",9,"Brier",0.228596908442331
"housevotes84","05.IMP.M",9,"Misclassification",0.344827586206897
"housevotes84","05.IMP.M",9,"Calibration",NA
"housevotes84","PbP",9,"AUC",0.932163742690059
"housevotes84","PbP",9,"Brier",0.0995170630067133
"housevotes84","PbP",9,"Misclassification",0.103448275862069
"housevotes84","PbP",9,"Calibration",0.0233726790583366
"housevotes84","SAEM",10,"AUC",0.5
"housevotes84","SAEM",10,"Brier",0.256837098692033
"housevotes84","SAEM",10,"Misclassification",0.459770114942529
"housevotes84","SAEM",10,"Calibration",NA
"housevotes84","MICE.10.IMP",10,"AUC",0.988297872340426
"housevotes84","MICE.10.IMP",10,"Brier",0.0418324982821426
"housevotes84","MICE.10.IMP",10,"Misclassification",0.0459770114942529
"housevotes84","MICE.10.IMP",10,"Calibration",0.0107980155235219
"housevotes84","MICE.10.Y.M.IMP",10,"AUC",0.979787234042553
"housevotes84","MICE.10.Y.M.IMP",10,"Brier",0.0642154089408853
"housevotes84","MICE.10.Y.M.IMP",10,"Misclassification",0.0804597701149425
"housevotes84","MICE.10.Y.M.IMP",10,"Calibration",0.0182383974466325
"housevotes84","MICE.RF.10.IMP",10,"AUC",0.992021276595745
"housevotes84","MICE.RF.10.IMP",10,"Brier",0.034322227690948
"housevotes84","MICE.RF.10.IMP",10,"Misclassification",0.0459770114942529
"housevotes84","MICE.RF.10.IMP",10,"Calibration",0.0159314230932469
"housevotes84","MICE.RF.10.Y.M.IMP",10,"AUC",0.988031914893617
"housevotes84","MICE.RF.10.Y.M.IMP",10,"Brier",0.0441198149350089
"housevotes84","MICE.RF.10.Y.M.IMP",10,"Misclassification",0.0574712643678161
"housevotes84","MICE.RF.10.Y.M.IMP",10,"Calibration",0.0124467625723013
"housevotes84","MICE.10.IMP.M",10,"AUC",0.949202127659574
"housevotes84","MICE.10.IMP.M",10,"Brier",0.0608698304910944
"housevotes84","MICE.10.IMP.M",10,"Misclassification",0.0804597701149425
"housevotes84","MICE.10.IMP.M",10,"Calibration",0.0100774236642048
"housevotes84","MICE.10.Y.M.IMP.M",10,"AUC",0.966223404255319
"housevotes84","MICE.10.Y.M.IMP.M",10,"Brier",0.0567351140809895
"housevotes84","MICE.10.Y.M.IMP.M",10,"Misclassification",0.0804597701149425
"housevotes84","MICE.10.Y.M.IMP.M",10,"Calibration",0.00792544562416787
"housevotes84","MICE.RF.10.IMP.M",10,"AUC",0.970744680851064
"housevotes84","MICE.RF.10.IMP.M",10,"Brier",0.0506939007736094
"housevotes84","MICE.RF.10.IMP.M",10,"Misclassification",0.0689655172413793
"housevotes84","MICE.RF.10.IMP.M",10,"Calibration",0.0144783749029111
"housevotes84","MICE.RF.10.Y.M.IMP.M",10,"AUC",0.960106382978724
"housevotes84","MICE.RF.10.Y.M.IMP.M",10,"Brier",0.0456530696580528
"housevotes84","MICE.RF.10.Y.M.IMP.M",10,"Misclassification",0.0574712643678161
"housevotes84","MICE.RF.10.Y.M.IMP.M",10,"Calibration",0.00682803772957257
"housevotes84","Mean.IMP",10,"AUC",0.993882978723404
"housevotes84","Mean.IMP",10,"Brier",0.030672127244829
"housevotes84","Mean.IMP",10,"Misclassification",0.0459770114942529
"housevotes84","Mean.IMP",10,"Calibration",0.00768362149770253
"housevotes84","Mean.IMP.M",10,"AUC",0.949734042553191
"housevotes84","Mean.IMP.M",10,"Brier",0.0735454726547327
"housevotes84","Mean.IMP.M",10,"Misclassification",0.0804597701149425
"housevotes84","Mean.IMP.M",10,"Calibration",0.0213566149304847
"housevotes84","05.IMP",10,"AUC",0.5
"housevotes84","05.IMP",10,"Brier",0.256837098692033
"housevotes84","05.IMP",10,"Misclassification",0.459770114942529
"housevotes84","05.IMP",10,"Calibration",NA
"housevotes84","05.IMP.M",10,"AUC",0.5
"housevotes84","05.IMP.M",10,"Brier",0.256837098692033
"housevotes84","05.IMP.M",10,"Misclassification",0.459770114942529
"housevotes84","05.IMP.M",10,"Calibration",NA
"housevotes84","PbP",10,"AUC",0.889627659574468
"housevotes84","PbP",10,"Brier",0.147300544147454
"housevotes84","PbP",10,"Misclassification",0.183908045977011
"housevotes84","PbP",10,"Calibration",0.036576144442545
"housevotes84","SAEM",11,"AUC",0.5
"housevotes84","SAEM",11,"Brier",0.243757431629013
"housevotes84","SAEM",11,"Misclassification",0.413793103448276
"housevotes84","SAEM",11,"Calibration",NA
"housevotes84","MICE.10.IMP",11,"AUC",0.996732026143791
"housevotes84","MICE.10.IMP",11,"Brier",0.027503907092992
"housevotes84","MICE.10.IMP",11,"Misclassification",0.0459770114942529
"housevotes84","MICE.10.IMP",11,"Calibration",0.0112203821887775
"housevotes84","MICE.10.Y.M.IMP",11,"AUC",0.998366013071895
"housevotes84","MICE.10.Y.M.IMP",11,"Brier",0.0216479315549554
"housevotes84","MICE.10.Y.M.IMP",11,"Misclassification",0.0229885057471264
"housevotes84","MICE.10.Y.M.IMP",11,"Calibration",0.013027241899783
"housevotes84","MICE.RF.10.IMP",11,"AUC",0.996187363834423
"housevotes84","MICE.RF.10.IMP",11,"Brier",0.0268743152099994
"housevotes84","MICE.RF.10.IMP",11,"Misclassification",0.0344827586206896
"housevotes84","MICE.RF.10.IMP",11,"Calibration",0.0100160776621066
"housevotes84","MICE.RF.10.Y.M.IMP",11,"AUC",0.99400871459695
"housevotes84","MICE.RF.10.Y.M.IMP",11,"Brier",0.0281424039706624
"housevotes84","MICE.RF.10.Y.M.IMP",11,"Misclassification",0.0459770114942529
"housevotes84","MICE.RF.10.Y.M.IMP",11,"Calibration",0.0176060055032294
"housevotes84","MICE.10.IMP.M",11,"AUC",0.990740740740741
"housevotes84","MICE.10.IMP.M",11,"Brier",0.0456685103632336
"housevotes84","MICE.10.IMP.M",11,"Misclassification",0.0459770114942529
"housevotes84","MICE.10.IMP.M",11,"Calibration",0.0177538962417229
"housevotes84","MICE.10.Y.M.IMP.M",11,"AUC",0.96677559912854
"housevotes84","MICE.10.Y.M.IMP.M",11,"Brier",0.0364423437853376
"housevotes84","MICE.10.Y.M.IMP.M",11,"Misclassification",0.0459770114942529
"housevotes84","MICE.10.Y.M.IMP.M",11,"Calibration",0.00859088489939593
"housevotes84","MICE.RF.10.IMP.M",11,"AUC",0.977941176470588
"housevotes84","MICE.RF.10.IMP.M",11,"Brier",0.0463157129534429
"housevotes84","MICE.RF.10.IMP.M",11,"Misclassification",0.0574712643678161
"housevotes84","MICE.RF.10.IMP.M",11,"Calibration",0.012082829395222
"housevotes84","MICE.RF.10.Y.M.IMP.M",11,"AUC",0.966230936819172
"housevotes84","MICE.RF.10.Y.M.IMP.M",11,"Brier",0.0416166330030499
"housevotes84","MICE.RF.10.Y.M.IMP.M",11,"Misclassification",0.0574712643678161
"housevotes84","MICE.RF.10.Y.M.IMP.M",11,"Calibration",0.0118494653048477
"housevotes84","Mean.IMP",11,"AUC",0.992374727668845
"housevotes84","Mean.IMP",11,"Brier",0.0294208841688205
"housevotes84","Mean.IMP",11,"Misclassification",0.0344827586206896
"housevotes84","Mean.IMP",11,"Calibration",0.0112216504523454
"housevotes84","Mean.IMP.M",11,"AUC",0.955610021786492
"housevotes84","Mean.IMP.M",11,"Brier",0.0580328157495263
"housevotes84","Mean.IMP.M",11,"Misclassification",0.0574712643678161
"housevotes84","Mean.IMP.M",11,"Calibration",0.0178766118002189
"housevotes84","05.IMP",11,"AUC",0.5
"housevotes84","05.IMP",11,"Brier",0.243757431629013
"housevotes84","05.IMP",11,"Misclassification",0.413793103448276
"housevotes84","05.IMP",11,"Calibration",NA
"housevotes84","05.IMP.M",11,"AUC",0.5
"housevotes84","05.IMP.M",11,"Brier",0.243757431629013
"housevotes84","05.IMP.M",11,"Misclassification",0.413793103448276
"housevotes84","05.IMP.M",11,"Calibration",NA
"housevotes84","PbP",11,"AUC",0.934095860566449
"housevotes84","PbP",11,"Brier",0.0897535774171763
"housevotes84","PbP",11,"Misclassification",0.126436781609195
"housevotes84","PbP",11,"Calibration",0.00467438961566548
"housevotes84","SAEM",12,"AUC",0.5
"housevotes84","SAEM",12,"Brier",0.235508323424495
"housevotes84","SAEM",12,"Misclassification",0.379310344827586
"housevotes84","SAEM",12,"Calibration",NA
"housevotes84","MICE.10.IMP",12,"AUC",0.98989898989899
"housevotes84","MICE.10.IMP",12,"Brier",0.0358251747279645
"housevotes84","MICE.10.IMP",12,"Misclassification",0.0574712643678161
"housevotes84","MICE.10.IMP",12,"Calibration",0.0102823905644907
"housevotes84","MICE.10.Y.M.IMP",12,"AUC",0.9668911335578
"housevotes84","MICE.10.Y.M.IMP",12,"Brier",0.0550015761839683
"housevotes84","MICE.10.Y.M.IMP",12,"Misclassification",0.0574712643678161
"housevotes84","MICE.10.Y.M.IMP",12,"Calibration",0.0196612526153451
"housevotes84","MICE.RF.10.IMP",12,"AUC",0.986531986531987
"housevotes84","MICE.RF.10.IMP",12,"Brier",0.0479248378787872
"housevotes84","MICE.RF.10.IMP",12,"Misclassification",0.0689655172413793
"housevotes84","MICE.RF.10.IMP",12,"Calibration",0.0161240715952623
"housevotes84","MICE.RF.10.Y.M.IMP",12,"AUC",0.973063973063973
"housevotes84","MICE.RF.10.Y.M.IMP",12,"Brier",0.0567728042201309
"housevotes84","MICE.RF.10.Y.M.IMP",12,"Misclassification",0.0804597701149425
"housevotes84","MICE.RF.10.Y.M.IMP",12,"Calibration",0.0267196489795693
"housevotes84","MICE.10.IMP.M",12,"AUC",0.947811447811448
"housevotes84","MICE.10.IMP.M",12,"Brier",0.0673066999292085
"housevotes84","MICE.10.IMP.M",12,"Misclassification",0.0804597701149425
"housevotes84","MICE.10.IMP.M",12,"Calibration",0.0350879608139177
"housevotes84","MICE.10.Y.M.IMP.M",12,"AUC",0.971941638608305
"housevotes84","MICE.10.Y.M.IMP.M",12,"Brier",0.0827337948629359
"housevotes84","MICE.10.Y.M.IMP.M",12,"Misclassification",0.114942528735632
"housevotes84","MICE.10.Y.M.IMP.M",12,"Calibration",0.052953230599613
"housevotes84","MICE.RF.10.IMP.M",12,"AUC",0.971380471380471
"housevotes84","MICE.RF.10.IMP.M",12,"Brier",0.067923092915069
"housevotes84","MICE.RF.10.IMP.M",12,"Misclassification",0.103448275862069
"housevotes84","MICE.RF.10.IMP.M",12,"Calibration",0.0375782653288621
"housevotes84","MICE.RF.10.Y.M.IMP.M",12,"AUC",0.964927048260382
"housevotes84","MICE.RF.10.Y.M.IMP.M",12,"Brier",0.071174400284007
"housevotes84","MICE.RF.10.Y.M.IMP.M",12,"Misclassification",0.0919540229885057
"housevotes84","MICE.RF.10.Y.M.IMP.M",12,"Calibration",0.0396835280730536
"housevotes84","Mean.IMP",12,"AUC",0.960718294051627
"housevotes84","Mean.IMP",12,"Brier",0.0522759621715473
"housevotes84","Mean.IMP",12,"Misclassification",0.0689655172413793
"housevotes84","Mean.IMP",12,"Calibration",0.00893652078113145
"housevotes84","Mean.IMP.M",12,"AUC",0.946127946127946
"housevotes84","Mean.IMP.M",12,"Brier",0.0734851057498658
"housevotes84","Mean.IMP.M",12,"Misclassification",0.0689655172413793
"housevotes84","Mean.IMP.M",12,"Calibration",0.040817229161844
"housevotes84","05.IMP",12,"AUC",0.5
"housevotes84","05.IMP",12,"Brier",0.235508323424495
"housevotes84","05.IMP",12,"Misclassification",0.379310344827586
"housevotes84","05.IMP",12,"Calibration",NA
"housevotes84","05.IMP.M",12,"AUC",0.5
"housevotes84","05.IMP.M",12,"Brier",0.235508323424495
"housevotes84","05.IMP.M",12,"Misclassification",0.379310344827586
"housevotes84","05.IMP.M",12,"Calibration",NA
"housevotes84","PbP",12,"AUC",0.948372615039282
"housevotes84","PbP",12,"Brier",0.100984864883346
"housevotes84","PbP",12,"Misclassification",0.103448275862069
"housevotes84","PbP",12,"Calibration",0.0434302245247127
"housevotes84","SAEM",13,"AUC",0.5
"housevotes84","SAEM",13,"Brier",0.240859096313912
"housevotes84","SAEM",13,"Misclassification",0.402298850574713
"housevotes84","SAEM",13,"Calibration",NA
"housevotes84","MICE.10.IMP",13,"AUC",0.994505494505495
"housevotes84","MICE.10.IMP",13,"Brier",0.0451794817163281
"housevotes84","MICE.10.IMP",13,"Misclassification",0.0689655172413793
"housevotes84","MICE.10.IMP",13,"Calibration",0.0287591204683807
"housevotes84","MICE.10.Y.M.IMP",13,"AUC",0.993406593406593
"housevotes84","MICE.10.Y.M.IMP",13,"Brier",0.0410331773332844
"housevotes84","MICE.10.Y.M.IMP",13,"Misclassification",0.0689655172413793
"housevotes84","MICE.10.Y.M.IMP",13,"Calibration",0.0194814531953534
"housevotes84","MICE.RF.10.IMP",13,"AUC",0.992857142857143
"housevotes84","MICE.RF.10.IMP",13,"Brier",0.0506462470728834
"housevotes84","MICE.RF.10.IMP",13,"Misclassification",0.0689655172413793
"housevotes84","MICE.RF.10.IMP",13,"Calibration",0.0266998869196267
"housevotes84","MICE.RF.10.Y.M.IMP",13,"AUC",0.973076923076923
"housevotes84","MICE.RF.10.Y.M.IMP",13,"Brier",0.0489013303152336
"housevotes84","MICE.RF.10.Y.M.IMP",13,"Misclassification",0.0689655172413793
"housevotes84","MICE.RF.10.Y.M.IMP",13,"Calibration",0.021274072515562
"housevotes84","MICE.10.IMP.M",13,"AUC",0.988461538461539
"housevotes84","MICE.10.IMP.M",13,"Brier",0.0492248358995888
"housevotes84","MICE.10.IMP.M",13,"Misclassification",0.0689655172413793
"housevotes84","MICE.10.IMP.M",13,"Calibration",0.0147420772788991
"housevotes84","MICE.10.Y.M.IMP.M",13,"AUC",0.98021978021978
"housevotes84","MICE.10.Y.M.IMP.M",13,"Brier",0.0545322686965902
"housevotes84","MICE.10.Y.M.IMP.M",13,"Misclassification",0.0574712643678161
"housevotes84","MICE.10.Y.M.IMP.M",13,"Calibration",0.0146731659898791
"housevotes84","MICE.RF.10.IMP.M",13,"AUC",0.987362637362637
"housevotes84","MICE.RF.10.IMP.M",13,"Brier",0.0628494922284485
"housevotes84","MICE.RF.10.IMP.M",13,"Misclassification",0.0804597701149425
"housevotes84","MICE.RF.10.IMP.M",13,"Calibration",0.0302824424200194
"housevotes84","MICE.RF.10.Y.M.IMP.M",13,"AUC",0.98489010989011
"housevotes84","MICE.RF.10.Y.M.IMP.M",13,"Brier",0.0708943058936813
"housevotes84","MICE.RF.10.Y.M.IMP.M",13,"Misclassification",0.0919540229885057
"housevotes84","MICE.RF.10.Y.M.IMP.M",13,"Calibration",0.0340169112576659
"housevotes84","Mean.IMP",13,"AUC",0.974175824175824
"housevotes84","Mean.IMP",13,"Brier",0.046160102932678
"housevotes84","Mean.IMP",13,"Misclassification",0.0574712643678161
"housevotes84","Mean.IMP",13,"Calibration",0.0177269510875479
"housevotes84","Mean.IMP.M",13,"AUC",0.950824175824176
"housevotes84","Mean.IMP.M",13,"Brier",0.0918758019010243
"housevotes84","Mean.IMP.M",13,"Misclassification",0.0919540229885057
"housevotes84","Mean.IMP.M",13,"Calibration",0.0400727609354218
"housevotes84","05.IMP",13,"AUC",0.5
"housevotes84","05.IMP",13,"Brier",0.240859096313912
"housevotes84","05.IMP",13,"Misclassification",0.402298850574713
"housevotes84","05.IMP",13,"Calibration",NA
"housevotes84","05.IMP.M",13,"AUC",0.5
"housevotes84","05.IMP.M",13,"Brier",0.240859096313912
"housevotes84","05.IMP.M",13,"Misclassification",0.402298850574713
"housevotes84","05.IMP.M",13,"Calibration",NA
"housevotes84","PbP",13,"AUC",0.954945054945055
"housevotes84","PbP",13,"Brier",0.0775628924635097
"housevotes84","PbP",13,"Misclassification",0.0804597701149425
"housevotes84","PbP",13,"Calibration",0.0144083586193207
"housevotes84","SAEM",14,"AUC",0.5
"housevotes84","SAEM",14,"Brier",0.240859096313912
"housevotes84","SAEM",14,"Misclassification",0.402298850574713
"housevotes84","SAEM",14,"Calibration",NA
"housevotes84","MICE.10.IMP",14,"AUC",0.993956043956044
"housevotes84","MICE.10.IMP",14,"Brier",0.0347296200349574
"housevotes84","MICE.10.IMP",14,"Misclassification",0.0459770114942529
"housevotes84","MICE.10.IMP",14,"Calibration",0.0170093135215474
"housevotes84","MICE.10.Y.M.IMP",14,"AUC",0.996153846153846
"housevotes84","MICE.10.Y.M.IMP",14,"Brier",0.0451203717268018
"housevotes84","MICE.10.Y.M.IMP",14,"Misclassification",0.0574712643678161
"housevotes84","MICE.10.Y.M.IMP",14,"Calibration",0.0297947012287175
"housevotes84","MICE.RF.10.IMP",14,"AUC",0.995604395604396
"housevotes84","MICE.RF.10.IMP",14,"Brier",0.0347131211870812
"housevotes84","MICE.RF.10.IMP",14,"Misclassification",0.0344827586206896
"housevotes84","MICE.RF.10.IMP",14,"Calibration",0.0244960075216916
"housevotes84","MICE.RF.10.Y.M.IMP",14,"AUC",0.993406593406593
"housevotes84","MICE.RF.10.Y.M.IMP",14,"Brier",0.0470859141466256
"housevotes84","MICE.RF.10.Y.M.IMP",14,"Misclassification",0.0574712643678161
"housevotes84","MICE.RF.10.Y.M.IMP",14,"Calibration",0.0257394445242939
"housevotes84","MICE.10.IMP.M",14,"AUC",0.98956043956044
"housevotes84","MICE.10.IMP.M",14,"Brier",0.0441736656904605
"housevotes84","MICE.10.IMP.M",14,"Misclassification",0.0574712643678161
"housevotes84","MICE.10.IMP.M",14,"Calibration",0.0181747603812103
"housevotes84","MICE.10.Y.M.IMP.M",14,"AUC",0.988186813186813
"housevotes84","MICE.10.Y.M.IMP.M",14,"Brier",0.0486200063358996
"housevotes84","MICE.10.Y.M.IMP.M",14,"Misclassification",0.0459770114942529
"housevotes84","MICE.10.Y.M.IMP.M",14,"Calibration",0.028833471032123
"housevotes84","MICE.RF.10.IMP.M",14,"AUC",0.996703296703297
"housevotes84","MICE.RF.10.IMP.M",14,"Brier",0.0447531520062995
"housevotes84","MICE.RF.10.IMP.M",14,"Misclassification",0.0459770114942529
"housevotes84","MICE.RF.10.IMP.M",14,"Calibration",0.0284696271020849
"housevotes84","MICE.RF.10.Y.M.IMP.M",14,"AUC",0.985164835164835
"housevotes84","MICE.RF.10.Y.M.IMP.M",14,"Brier",0.0501354533515403
"housevotes84","MICE.RF.10.Y.M.IMP.M",14,"Misclassification",0.0574712643678161
"housevotes84","MICE.RF.10.Y.M.IMP.M",14,"Calibration",0.0236747253821916
"housevotes84","Mean.IMP",14,"AUC",0.990659340659341
"housevotes84","Mean.IMP",14,"Brier",0.0317878987515142
"housevotes84","Mean.IMP",14,"Misclassification",0.0344827586206896
"housevotes84","Mean.IMP",14,"Calibration",0.00699315326711358
"housevotes84","Mean.IMP.M",14,"AUC",0.979120879120879
"housevotes84","Mean.IMP.M",14,"Brier",0.0459770112625393
"housevotes84","Mean.IMP.M",14,"Misclassification",0.0459770114942529
"housevotes84","Mean.IMP.M",14,"Calibration",0.0166028094745444
"housevotes84","05.IMP",14,"AUC",0.5
"housevotes84","05.IMP",14,"Brier",0.240859096313912
"housevotes84","05.IMP",14,"Misclassification",0.402298850574713
"housevotes84","05.IMP",14,"Calibration",NA
"housevotes84","05.IMP.M",14,"AUC",0.5
"housevotes84","05.IMP.M",14,"Brier",0.240859096313912
"housevotes84","05.IMP.M",14,"Misclassification",0.402298850574713
"housevotes84","05.IMP.M",14,"Calibration",NA
"housevotes84","PbP",14,"AUC",0.929945054945055
"housevotes84","PbP",14,"Brier",0.123254498266492
"housevotes84","PbP",14,"Misclassification",0.126436781609195
"housevotes84","PbP",14,"Calibration",0.0474969225089164
"housevotes84","SAEM",15,"AUC",0.5
"housevotes84","SAEM",15,"Brier",0.243757431629013
"housevotes84","SAEM",15,"Misclassification",0.413793103448276
"housevotes84","SAEM",15,"Calibration",NA
"housevotes84","MICE.10.IMP",15,"AUC",0.979847494553377
"housevotes84","MICE.10.IMP",15,"Brier",0.0714186495386347
"housevotes84","MICE.10.IMP",15,"Misclassification",0.0919540229885057
"housevotes84","MICE.10.IMP",15,"Calibration",0.0287257102939713
"housevotes84","MICE.10.Y.M.IMP",15,"AUC",0.9880174291939
"housevotes84","MICE.10.Y.M.IMP",15,"Brier",0.0550743841569301
"housevotes84","MICE.10.Y.M.IMP",15,"Misclassification",0.0919540229885057
"housevotes84","MICE.10.Y.M.IMP",15,"Calibration",0.0198253420113363
"housevotes84","MICE.RF.10.IMP",15,"AUC",0.980392156862745
"housevotes84","MICE.RF.10.IMP",15,"Brier",0.0667435047128112
"housevotes84","MICE.RF.10.IMP",15,"Misclassification",0.0919540229885057
"housevotes84","MICE.RF.10.IMP",15,"Calibration",0.0202191478436267
"housevotes84","MICE.RF.10.Y.M.IMP",15,"AUC",0.968954248366013
"housevotes84","MICE.RF.10.Y.M.IMP",15,"Brier",0.0720185521793825
"housevotes84","MICE.RF.10.Y.M.IMP",15,"Misclassification",0.0919540229885057
"housevotes84","MICE.RF.10.Y.M.IMP",15,"Calibration",0.018310287264221
"housevotes84","MICE.10.IMP.M",15,"AUC",0.966230936819172
"housevotes84","MICE.10.IMP.M",15,"Brier",0.0769889060036431
"housevotes84","MICE.10.IMP.M",15,"Misclassification",0.103448275862069
"housevotes84","MICE.10.IMP.M",15,"Calibration",0.0298487855876606
"housevotes84","MICE.10.Y.M.IMP.M",15,"AUC",0.969226579520697
"housevotes84","MICE.10.Y.M.IMP.M",15,"Brier",0.0769490099988332
"housevotes84","MICE.10.Y.M.IMP.M",15,"Misclassification",0.0919540229885057
"housevotes84","MICE.10.Y.M.IMP.M",15,"Calibration",0.0268486633467624
"housevotes84","MICE.RF.10.IMP.M",15,"AUC",0.976579520697168
"housevotes84","MICE.RF.10.IMP.M",15,"Brier",0.0881987694811238
"housevotes84","MICE.RF.10.IMP.M",15,"Misclassification",0.114942528735632
"housevotes84","MICE.RF.10.IMP.M",15,"Calibration",0.0391566238872541
"housevotes84","MICE.RF.10.Y.M.IMP.M",15,"AUC",0.971949891067538
"housevotes84","MICE.RF.10.Y.M.IMP.M",15,"Brier",0.0717955751180786
"housevotes84","MICE.RF.10.Y.M.IMP.M",15,"Misclassification",0.0919540229885057
"housevotes84","MICE.RF.10.Y.M.IMP.M",15,"Calibration",0.0264462639580557
"housevotes84","Mean.IMP",15,"AUC",0.979302832244009
"housevotes84","Mean.IMP",15,"Brier",0.0624196749918031
"housevotes84","Mean.IMP",15,"Misclassification",0.103448275862069
"housevotes84","Mean.IMP",15,"Calibration",0.0202740811220713
"housevotes84","Mean.IMP.M",15,"AUC",0.949618736383442
"housevotes84","Mean.IMP.M",15,"Brier",0.106649888389217
"housevotes84","Mean.IMP.M",15,"Misclassification",0.114942528735632
"housevotes84","Mean.IMP.M",15,"Calibration",0.0462224871473092
"housevotes84","05.IMP",15,"AUC",0.5
"housevotes84","05.IMP",15,"Brier",0.243757431629013
"housevotes84","05.IMP",15,"Misclassification",0.413793103448276
"housevotes84","05.IMP",15,"Calibration",NA
"housevotes84","05.IMP.M",15,"AUC",0.5
"housevotes84","05.IMP.M",15,"Brier",0.243757431629013
"housevotes84","05.IMP.M",15,"Misclassification",0.413793103448276
"housevotes84","05.IMP.M",15,"Calibration",NA
"housevotes84","PbP",15,"AUC",0.920751633986928
"housevotes84","PbP",15,"Brier",0.123542985729975
"housevotes84","PbP",15,"Misclassification",0.149425287356322
"housevotes84","PbP",15,"Calibration",0.0291000438022464
"oceanbuoys","SAEM",1,"AUC",0.837842846553002
"oceanbuoys","SAEM",1,"Brier",0.163597860204854
"oceanbuoys","SAEM",1,"Misclassification",0.231292517006803
"oceanbuoys","SAEM",1,"Calibration",0.0169406058945386
"oceanbuoys","MICE.10.IMP",1,"AUC",0.84006671608599
"oceanbuoys","MICE.10.IMP",1,"Brier",0.163851080247175
"oceanbuoys","MICE.10.IMP",1,"Misclassification",0.238095238095238
"oceanbuoys","MICE.10.IMP",1,"Calibration",0.0194204221741032
"oceanbuoys","MICE.10.Y.M.IMP",1,"AUC",0.840808005930319
"oceanbuoys","MICE.10.Y.M.IMP",1,"Brier",0.16357720977847
"oceanbuoys","MICE.10.Y.M.IMP",1,"Misclassification",0.238095238095238
"oceanbuoys","MICE.10.Y.M.IMP",1,"Calibration",0.0187988588776705
"oceanbuoys","MICE.RF.10.IMP",1,"AUC",0.836360266864344
"oceanbuoys","MICE.RF.10.IMP",1,"Brier",0.163022158128009
"oceanbuoys","MICE.RF.10.IMP",1,"Misclassification",0.224489795918367
"oceanbuoys","MICE.RF.10.IMP",1,"Calibration",0.0167479485884937
"oceanbuoys","MICE.RF.10.Y.M.IMP",1,"AUC",0.840993328391401
"oceanbuoys","MICE.RF.10.Y.M.IMP",1,"Brier",0.162803574635802
"oceanbuoys","MICE.RF.10.Y.M.IMP",1,"Misclassification",0.231292517006803
"oceanbuoys","MICE.RF.10.Y.M.IMP",1,"Calibration",0.0178488658232924
"oceanbuoys","MICE.10.IMP.M",1,"AUC",0.821163825055597
"oceanbuoys","MICE.10.IMP.M",1,"Brier",0.169675628794024
"oceanbuoys","MICE.10.IMP.M",1,"Misclassification",0.244897959183674
"oceanbuoys","MICE.10.IMP.M",1,"Calibration",0.0167330158514106
"oceanbuoys","MICE.10.Y.M.IMP.M",1,"AUC",0.825796886582654
"oceanbuoys","MICE.10.Y.M.IMP.M",1,"Brier",0.168112461382259
"oceanbuoys","MICE.10.Y.M.IMP.M",1,"Misclassification",0.251700680272109
"oceanbuoys","MICE.10.Y.M.IMP.M",1,"Calibration",0.0200946335614759
"oceanbuoys","MICE.RF.10.IMP.M",1,"AUC",0.820793180133432
"oceanbuoys","MICE.RF.10.IMP.M",1,"Brier",0.168031251887006
"oceanbuoys","MICE.RF.10.IMP.M",1,"Misclassification",0.244897959183674
"oceanbuoys","MICE.RF.10.IMP.M",1,"Calibration",0.0191838627170357
"oceanbuoys","MICE.RF.10.Y.M.IMP.M",1,"AUC",0.825426241660489
"oceanbuoys","MICE.RF.10.Y.M.IMP.M",1,"Brier",0.166600261601985
"oceanbuoys","MICE.RF.10.Y.M.IMP.M",1,"Misclassification",0.231292517006803
"oceanbuoys","MICE.RF.10.Y.M.IMP.M",1,"Calibration",0.0173994329451633
"oceanbuoys","Mean.IMP",1,"AUC",0.834692364714603
"oceanbuoys","Mean.IMP",1,"Brier",0.162953527736799
"oceanbuoys","Mean.IMP",1,"Misclassification",0.210884353741497
"oceanbuoys","Mean.IMP",1,"Calibration",0.0197093359473313
"oceanbuoys","Mean.IMP.M",1,"AUC",0.821163825055597
"oceanbuoys","Mean.IMP.M",1,"Brier",0.166411315573282
"oceanbuoys","Mean.IMP.M",1,"Misclassification",0.238095238095238
"oceanbuoys","Mean.IMP.M",1,"Calibration",0.0185255128128982
"oceanbuoys","05.IMP",1,"AUC",0.748146775389177
"oceanbuoys","05.IMP",1,"Brier",0.196563022477927
"oceanbuoys","05.IMP",1,"Misclassification",0.333333333333333
"oceanbuoys","05.IMP",1,"Calibration",0.0129618767056082
"oceanbuoys","05.IMP.M",1,"AUC",0.821163825055597
"oceanbuoys","05.IMP.M",1,"Brier",0.166411315573303
"oceanbuoys","05.IMP.M",1,"Misclassification",0.238095238095238
"oceanbuoys","05.IMP.M",1,"Calibration",0.0185255128129191
"oceanbuoys","PbP",1,"AUC",0.83358042994811
"oceanbuoys","PbP",1,"Brier",0.164258107352715
"oceanbuoys","PbP",1,"Misclassification",0.244897959183674
"oceanbuoys","PbP",1,"Calibration",0.0170373142735789
"oceanbuoys","SAEM",2,"AUC",0.785555555555556
"oceanbuoys","SAEM",2,"Brier",0.185820687755559
"oceanbuoys","SAEM",2,"Misclassification",0.272108843537415
"oceanbuoys","SAEM",2,"Calibration",0.0142765358729302
"oceanbuoys","MICE.10.IMP",2,"AUC",0.787222222222222
"oceanbuoys","MICE.10.IMP",2,"Brier",0.184996764026404
"oceanbuoys","MICE.10.IMP",2,"Misclassification",0.26530612244898
"oceanbuoys","MICE.10.IMP",2,"Calibration",0.0126623087925822
"oceanbuoys","MICE.10.Y.M.IMP",2,"AUC",0.786111111111111
"oceanbuoys","MICE.10.Y.M.IMP",2,"Brier",0.185698926743705
"oceanbuoys","MICE.10.Y.M.IMP",2,"Misclassification",0.26530612244898
"oceanbuoys","MICE.10.Y.M.IMP",2,"Calibration",0.0172814449768838
"oceanbuoys","MICE.RF.10.IMP",2,"AUC",0.797777777777778
"oceanbuoys","MICE.RF.10.IMP",2,"Brier",0.181417410956927
"oceanbuoys","MICE.RF.10.IMP",2,"Misclassification",0.26530612244898
"oceanbuoys","MICE.RF.10.IMP",2,"Calibration",0.0127396412587491
"oceanbuoys","MICE.RF.10.Y.M.IMP",2,"AUC",0.79537037037037
"oceanbuoys","MICE.RF.10.Y.M.IMP",2,"Brier",0.182363915287193
"oceanbuoys","MICE.RF.10.Y.M.IMP",2,"Misclassification",0.272108843537415
"oceanbuoys","MICE.RF.10.Y.M.IMP",2,"Calibration",0.0138363743676748
"oceanbuoys","MICE.10.IMP.M",2,"AUC",0.811296296296296
"oceanbuoys","MICE.10.IMP.M",2,"Brier",0.17716068194966
"oceanbuoys","MICE.10.IMP.M",2,"Misclassification",0.26530612244898
"oceanbuoys","MICE.10.IMP.M",2,"Calibration",0.0198542466388915
"oceanbuoys","MICE.10.Y.M.IMP.M",2,"AUC",0.814259259259259
"oceanbuoys","MICE.10.Y.M.IMP.M",2,"Brier",0.176841037656956
"oceanbuoys","MICE.10.Y.M.IMP.M",2,"Misclassification",0.272108843537415
"oceanbuoys","MICE.10.Y.M.IMP.M",2,"Calibration",0.0173334564168524
"oceanbuoys","MICE.RF.10.IMP.M",2,"AUC",0.812777777777778
"oceanbuoys","MICE.RF.10.IMP.M",2,"Brier",0.176613271964712
"oceanbuoys","MICE.RF.10.IMP.M",2,"Misclassification",0.27891156462585
"oceanbuoys","MICE.RF.10.IMP.M",2,"Calibration",0.0201554762695371
"oceanbuoys","MICE.RF.10.Y.M.IMP.M",2,"AUC",0.811666666666667
"oceanbuoys","MICE.RF.10.Y.M.IMP.M",2,"Brier",0.176606736733649
"oceanbuoys","MICE.RF.10.Y.M.IMP.M",2,"Misclassification",0.27891156462585
"oceanbuoys","MICE.RF.10.Y.M.IMP.M",2,"Calibration",0.0166235743337299
"oceanbuoys","Mean.IMP",2,"AUC",0.804074074074074
"oceanbuoys","Mean.IMP",2,"Brier",0.182114796369133
"oceanbuoys","Mean.IMP",2,"Misclassification",0.244897959183674
"oceanbuoys","Mean.IMP",2,"Calibration",0.0184393032886051
"oceanbuoys","Mean.IMP.M",2,"AUC",0.816481481481481
"oceanbuoys","Mean.IMP.M",2,"Brier",0.17451646305784
"oceanbuoys","Mean.IMP.M",2,"Misclassification",0.258503401360544
"oceanbuoys","Mean.IMP.M",2,"Calibration",0.0186191629860665
"oceanbuoys","05.IMP",2,"AUC",0.761851851851852
"oceanbuoys","05.IMP",2,"Brier",0.199340868433241
"oceanbuoys","05.IMP",2,"Misclassification",0.272108843537415
"oceanbuoys","05.IMP",2,"Calibration",0.0180117037707426
"oceanbuoys","05.IMP.M",2,"AUC",0.816481481481481
"oceanbuoys","05.IMP.M",2,"Brier",0.174516463057861
"oceanbuoys","05.IMP.M",2,"Misclassification",0.258503401360544
"oceanbuoys","05.IMP.M",2,"Calibration",0.0186191629860881
"oceanbuoys","PbP",2,"AUC",0.821666666666667
"oceanbuoys","PbP",2,"Brier",0.170940444628805
"oceanbuoys","PbP",2,"Misclassification",0.258503401360544
"oceanbuoys","PbP",2,"Calibration",0.0128079717815102
"oceanbuoys","SAEM",3,"AUC",0.795872420262664
"oceanbuoys","SAEM",3,"Brier",0.186348005874103
"oceanbuoys","SAEM",3,"Misclassification",0.285714285714286
"oceanbuoys","SAEM",3,"Calibration",0.0178910260125612
"oceanbuoys","MICE.10.IMP",3,"AUC",0.804878048780488
"oceanbuoys","MICE.10.IMP",3,"Brier",0.181525649571905
"oceanbuoys","MICE.10.IMP",3,"Misclassification",0.26530612244898
"oceanbuoys","MICE.10.IMP",3,"Calibration",0.0190428954008962
"oceanbuoys","MICE.10.Y.M.IMP",3,"AUC",0.799624765478424
"oceanbuoys","MICE.10.Y.M.IMP",3,"Brier",0.183765402031062
"oceanbuoys","MICE.10.Y.M.IMP",3,"Misclassification",0.272108843537415
"oceanbuoys","MICE.10.Y.M.IMP",3,"Calibration",0.0170432956591823
"oceanbuoys","MICE.RF.10.IMP",3,"AUC",0.813508442776736
"oceanbuoys","MICE.RF.10.IMP",3,"Brier",0.177674738906124
"oceanbuoys","MICE.RF.10.IMP",3,"Misclassification",0.27891156462585
"oceanbuoys","MICE.RF.10.IMP",3,"Calibration",0.0174535955037083
"oceanbuoys","MICE.RF.10.Y.M.IMP",3,"AUC",0.806191369606004
"oceanbuoys","MICE.RF.10.Y.M.IMP",3,"Brier",0.181362906400838
"oceanbuoys","MICE.RF.10.Y.M.IMP",3,"Misclassification",0.27891156462585
"oceanbuoys","MICE.RF.10.Y.M.IMP",3,"Calibration",0.0173473434657071
"oceanbuoys","MICE.10.IMP.M",3,"AUC",0.832082551594747
"oceanbuoys","MICE.10.IMP.M",3,"Brier",0.171942047361771
"oceanbuoys","MICE.10.IMP.M",3,"Misclassification",0.272108843537415
"oceanbuoys","MICE.10.IMP.M",3,"Calibration",0.0215405466481325
"oceanbuoys","MICE.10.Y.M.IMP.M",3,"AUC",0.832082551594747
"oceanbuoys","MICE.10.Y.M.IMP.M",3,"Brier",0.172044930984729
"oceanbuoys","MICE.10.Y.M.IMP.M",3,"Misclassification",0.272108843537415
"oceanbuoys","MICE.10.Y.M.IMP.M",3,"Calibration",0.0261084163579801
"oceanbuoys","MICE.RF.10.IMP.M",3,"AUC",0.835459662288931
"oceanbuoys","MICE.RF.10.IMP.M",3,"Brier",0.171092207583184
"oceanbuoys","MICE.RF.10.IMP.M",3,"Misclassification",0.244897959183674
"oceanbuoys","MICE.RF.10.IMP.M",3,"Calibration",0.0248397672130961
"oceanbuoys","MICE.RF.10.Y.M.IMP.M",3,"AUC",0.836210131332083
"oceanbuoys","MICE.RF.10.Y.M.IMP.M",3,"Brier",0.170966273842069
"oceanbuoys","MICE.RF.10.Y.M.IMP.M",3,"Misclassification",0.258503401360544
"oceanbuoys","MICE.RF.10.Y.M.IMP.M",3,"Calibration",0.0259539978694087
"oceanbuoys","Mean.IMP",3,"AUC",0.830018761726079
"oceanbuoys","Mean.IMP",3,"Brier",0.169573042362851
"oceanbuoys","Mean.IMP",3,"Misclassification",0.244897959183674
"oceanbuoys","Mean.IMP",3,"Calibration",0.0202602763207614
"oceanbuoys","Mean.IMP.M",3,"AUC",0.842213883677298
"oceanbuoys","Mean.IMP.M",3,"Brier",0.168058780137867
"oceanbuoys","Mean.IMP.M",3,"Misclassification",0.238095238095238
"oceanbuoys","Mean.IMP.M",3,"Calibration",0.0243073914705118
"oceanbuoys","05.IMP",3,"AUC",0.789868667917448
"oceanbuoys","05.IMP",3,"Brier",0.19408800231468
"oceanbuoys","05.IMP",3,"Misclassification",0.272108843537415
"oceanbuoys","05.IMP",3,"Calibration",0.0280207095967269
"oceanbuoys","05.IMP.M",3,"AUC",0.842213883677298
"oceanbuoys","05.IMP.M",3,"Brier",0.168058780137865
"oceanbuoys","05.IMP.M",3,"Misclassification",0.238095238095238
"oceanbuoys","05.IMP.M",3,"Calibration",0.0243073914705103
"oceanbuoys","PbP",3,"AUC",0.833958724202627
"oceanbuoys","PbP",3,"Brier",0.170428523185125
"oceanbuoys","PbP",3,"Misclassification",0.238095238095238
"oceanbuoys","PbP",3,"Calibration",0.0198524099559505
"oceanbuoys","SAEM",4,"AUC",0.735555555555556
"oceanbuoys","SAEM",4,"Brier",0.211908876095628
"oceanbuoys","SAEM",4,"Misclassification",0.340136054421769
"oceanbuoys","SAEM",4,"Calibration",0.0184485317722886
"oceanbuoys","MICE.10.IMP",4,"AUC",0.731111111111111
"oceanbuoys","MICE.10.IMP",4,"Brier",0.213290726217766
"oceanbuoys","MICE.10.IMP",4,"Misclassification",0.340136054421769
"oceanbuoys","MICE.10.IMP",4,"Calibration",0.0172242948463985
"oceanbuoys","MICE.10.Y.M.IMP",4,"AUC",0.734814814814815
"oceanbuoys","MICE.10.Y.M.IMP",4,"Brier",0.210570727877172
"oceanbuoys","MICE.10.Y.M.IMP",4,"Misclassification",0.346938775510204
"oceanbuoys","MICE.10.Y.M.IMP",4,"Calibration",0.0182828689890146
"oceanbuoys","MICE.RF.10.IMP",4,"AUC",0.742962962962963
"oceanbuoys","MICE.RF.10.IMP",4,"Brier",0.207089785264144
"oceanbuoys","MICE.RF.10.IMP",4,"Misclassification",0.333333333333333
"oceanbuoys","MICE.RF.10.IMP",4,"Calibration",0.0200648350051304
"oceanbuoys","MICE.RF.10.Y.M.IMP",4,"AUC",0.742777777777778
"oceanbuoys","MICE.RF.10.Y.M.IMP",4,"Brier",0.207078587274121
"oceanbuoys","MICE.RF.10.Y.M.IMP",4,"Misclassification",0.346938775510204
"oceanbuoys","MICE.RF.10.Y.M.IMP",4,"Calibration",0.0203848954783883
"oceanbuoys","MICE.10.IMP.M",4,"AUC",0.79
"oceanbuoys","MICE.10.IMP.M",4,"Brier",0.192339861621081
"oceanbuoys","MICE.10.IMP.M",4,"Misclassification",0.299319727891156
"oceanbuoys","MICE.10.IMP.M",4,"Calibration",0.0157596524478348
"oceanbuoys","MICE.10.Y.M.IMP.M",4,"AUC",0.787777777777778
"oceanbuoys","MICE.10.Y.M.IMP.M",4,"Brier",0.192659283293369
"oceanbuoys","MICE.10.Y.M.IMP.M",4,"Misclassification",0.299319727891156
"oceanbuoys","MICE.10.Y.M.IMP.M",4,"Calibration",0.0161011651725732
"oceanbuoys","MICE.RF.10.IMP.M",4,"AUC",0.788703703703704
"oceanbuoys","MICE.RF.10.IMP.M",4,"Brier",0.19274907457252
"oceanbuoys","MICE.RF.10.IMP.M",4,"Misclassification",0.306122448979592
"oceanbuoys","MICE.RF.10.IMP.M",4,"Calibration",0.0188589443577547
"oceanbuoys","MICE.RF.10.Y.M.IMP.M",4,"AUC",0.790185185185185
"oceanbuoys","MICE.RF.10.Y.M.IMP.M",4,"Brier",0.192443873714112
"oceanbuoys","MICE.RF.10.Y.M.IMP.M",4,"Misclassification",0.299319727891156
"oceanbuoys","MICE.RF.10.Y.M.IMP.M",4,"Calibration",0.0191940802551826
"oceanbuoys","Mean.IMP",4,"AUC",0.766111111111111
"oceanbuoys","Mean.IMP",4,"Brier",0.195661925502774
"oceanbuoys","Mean.IMP",4,"Misclassification",0.27891156462585
"oceanbuoys","Mean.IMP",4,"Calibration",0.0163688047456997
"oceanbuoys","Mean.IMP.M",4,"AUC",0.787037037037037
"oceanbuoys","Mean.IMP.M",4,"Brier",0.19256996369328
"oceanbuoys","Mean.IMP.M",4,"Misclassification",0.306122448979592
"oceanbuoys","Mean.IMP.M",4,"Calibration",0.016849021969937
"oceanbuoys","05.IMP",4,"AUC",0.756666666666667
"oceanbuoys","05.IMP",4,"Brier",0.210358234985104
"oceanbuoys","05.IMP",4,"Misclassification",0.326530612244898
"oceanbuoys","05.IMP",4,"Calibration",0.0215452373169854
"oceanbuoys","05.IMP.M",4,"AUC",0.787037037037037
"oceanbuoys","05.IMP.M",4,"Brier",0.192569963693258
"oceanbuoys","05.IMP.M",4,"Misclassification",0.306122448979592
"oceanbuoys","05.IMP.M",4,"Calibration",0.0168490219699153
"oceanbuoys","PbP",4,"AUC",0.810555555555556
"oceanbuoys","PbP",4,"Brier",0.181374549845046
"oceanbuoys","PbP",4,"Misclassification",0.292517006802721
"oceanbuoys","PbP",4,"Calibration",0.0164544806553738
"oceanbuoys","SAEM",5,"AUC",0.823045267489712
"oceanbuoys","SAEM",5,"Brier",0.178240861500517
"oceanbuoys","SAEM",5,"Misclassification",0.285714285714286
"oceanbuoys","SAEM",5,"Calibration",0.0259626286850015
"oceanbuoys","MICE.10.IMP",5,"AUC",0.822858211747101
"oceanbuoys","MICE.10.IMP",5,"Brier",0.178931759538285
"oceanbuoys","MICE.10.IMP",5,"Misclassification",0.292517006802721
"oceanbuoys","MICE.10.IMP",5,"Calibration",0.0217574901191172
"oceanbuoys","MICE.10.Y.M.IMP",5,"AUC",0.822484100261878
"oceanbuoys","MICE.10.Y.M.IMP",5,"Brier",0.178963308847688
"oceanbuoys","MICE.10.Y.M.IMP",5,"Misclassification",0.27891156462585
"oceanbuoys","MICE.10.Y.M.IMP",5,"Calibration",0.0266323865836197
"oceanbuoys","MICE.RF.10.IMP",5,"AUC",0.827160493827161
"oceanbuoys","MICE.RF.10.IMP",5,"Brier",0.175338546122869
"oceanbuoys","MICE.RF.10.IMP",5,"Misclassification",0.27891156462585
"oceanbuoys","MICE.RF.10.IMP",5,"Calibration",0.0209086575980378
"oceanbuoys","MICE.RF.10.Y.M.IMP",5,"AUC",0.823980546202768
"oceanbuoys","MICE.RF.10.Y.M.IMP",5,"Brier",0.177085262629451
"oceanbuoys","MICE.RF.10.Y.M.IMP",5,"Misclassification",0.285714285714286
"oceanbuoys","MICE.RF.10.Y.M.IMP",5,"Calibration",0.0208905095959622
"oceanbuoys","MICE.10.IMP.M",5,"AUC",0.848110736999626
"oceanbuoys","MICE.10.IMP.M",5,"Brier",0.164764726448809
"oceanbuoys","MICE.10.IMP.M",5,"Misclassification",0.258503401360544
"oceanbuoys","MICE.10.IMP.M",5,"Calibration",0.0240955347028833
"oceanbuoys","MICE.10.Y.M.IMP.M",5,"AUC",0.847736625514403
"oceanbuoys","MICE.10.Y.M.IMP.M",5,"Brier",0.164856981251943
"oceanbuoys","MICE.10.Y.M.IMP.M",5,"Misclassification",0.244897959183674
"oceanbuoys","MICE.10.Y.M.IMP.M",5,"Calibration",0.0206959835195168
"oceanbuoys","MICE.RF.10.IMP.M",5,"AUC",0.844182566404789
"oceanbuoys","MICE.RF.10.IMP.M",5,"Brier",0.166657113759694
"oceanbuoys","MICE.RF.10.IMP.M",5,"Misclassification",0.251700680272109
"oceanbuoys","MICE.RF.10.IMP.M",5,"Calibration",0.0225435004664351
"oceanbuoys","MICE.RF.10.Y.M.IMP.M",5,"AUC",0.844556677890011
"oceanbuoys","MICE.RF.10.Y.M.IMP.M",5,"Brier",0.165852155782547
"oceanbuoys","MICE.RF.10.Y.M.IMP.M",5,"Misclassification",0.231292517006803
"oceanbuoys","MICE.RF.10.Y.M.IMP.M",5,"Calibration",0.0206655370737604
"oceanbuoys","Mean.IMP",5,"AUC",0.815188926300037
"oceanbuoys","Mean.IMP",5,"Brier",0.180420696858265
"oceanbuoys","Mean.IMP",5,"Misclassification",0.244897959183674
"oceanbuoys","Mean.IMP",5,"Calibration",0.0259355487617593
"oceanbuoys","Mean.IMP.M",5,"AUC",0.842686120463898
"oceanbuoys","Mean.IMP.M",5,"Brier",0.165823787047263
"oceanbuoys","Mean.IMP.M",5,"Misclassification",0.244897959183674
"oceanbuoys","Mean.IMP.M",5,"Calibration",0.0186319542351294
"oceanbuoys","05.IMP",5,"AUC",0.79105873550318
"oceanbuoys","05.IMP",5,"Brier",0.187886600353775
"oceanbuoys","05.IMP",5,"Misclassification",0.299319727891156
"oceanbuoys","05.IMP",5,"Calibration",0.0183802056633937
"oceanbuoys","05.IMP.M",5,"AUC",0.842686120463898
"oceanbuoys","05.IMP.M",5,"Brier",0.165823787047114
"oceanbuoys","05.IMP.M",5,"Misclassification",0.244897959183674
"oceanbuoys","05.IMP.M",5,"Calibration",0.0186319542349803
"oceanbuoys","PbP",5,"AUC",0.859708193041526
"oceanbuoys","PbP",5,"Brier",0.154311118887736
"oceanbuoys","PbP",5,"Misclassification",0.251700680272109
"oceanbuoys","PbP",5,"Calibration",0.0186806725840548
"oceanbuoys","SAEM",6,"AUC",0.820222634508349
"oceanbuoys","SAEM",6,"Brier",0.176170088170675
"oceanbuoys","SAEM",6,"Misclassification",0.299319727891156
"oceanbuoys","SAEM",6,"Calibration",0.0289704968717047
"oceanbuoys","MICE.10.IMP",6,"AUC",0.826159554730983
"oceanbuoys","MICE.10.IMP",6,"Brier",0.173525537374779
"oceanbuoys","MICE.10.IMP",6,"Misclassification",0.299319727891156
"oceanbuoys","MICE.10.IMP",6,"Calibration",0.0274870529073418
"oceanbuoys","MICE.10.Y.M.IMP",6,"AUC",0.824675324675325
"oceanbuoys","MICE.10.Y.M.IMP",6,"Brier",0.175217551323513
"oceanbuoys","MICE.10.Y.M.IMP",6,"Misclassification",0.292517006802721
"oceanbuoys","MICE.10.Y.M.IMP",6,"Calibration",0.0249481273628736
"oceanbuoys","MICE.RF.10.IMP",6,"AUC",0.828571428571429
"oceanbuoys","MICE.RF.10.IMP",6,"Brier",0.171325794451283
"oceanbuoys","MICE.RF.10.IMP",6,"Misclassification",0.306122448979592
"oceanbuoys","MICE.RF.10.IMP",6,"Calibration",0.025829826443574
"oceanbuoys","MICE.RF.10.Y.M.IMP",6,"AUC",0.827458256029685
"oceanbuoys","MICE.RF.10.Y.M.IMP",6,"Brier",0.171651027185151
"oceanbuoys","MICE.RF.10.Y.M.IMP",6,"Misclassification",0.306122448979592
"oceanbuoys","MICE.RF.10.Y.M.IMP",6,"Calibration",0.0261109932600241
"oceanbuoys","MICE.10.IMP.M",6,"AUC",0.866975881261596
"oceanbuoys","MICE.10.IMP.M",6,"Brier",0.149479162740932
"oceanbuoys","MICE.10.IMP.M",6,"Misclassification",0.197278911564626
"oceanbuoys","MICE.10.IMP.M",6,"Calibration",0.0194389126526623
"oceanbuoys","MICE.10.Y.M.IMP.M",6,"AUC",0.868831168831169
"oceanbuoys","MICE.10.Y.M.IMP.M",6,"Brier",0.147875799943759
"oceanbuoys","MICE.10.Y.M.IMP.M",6,"Misclassification",0.197278911564626
"oceanbuoys","MICE.10.Y.M.IMP.M",6,"Calibration",0.0198130586822604
"oceanbuoys","MICE.RF.10.IMP.M",6,"AUC",0.872170686456401
"oceanbuoys","MICE.RF.10.IMP.M",6,"Brier",0.147366136643545
"oceanbuoys","MICE.RF.10.IMP.M",6,"Misclassification",0.197278911564626
"oceanbuoys","MICE.RF.10.IMP.M",6,"Calibration",0.0203746947942036
"oceanbuoys","MICE.RF.10.Y.M.IMP.M",6,"AUC",0.872356215213358
"oceanbuoys","MICE.RF.10.Y.M.IMP.M",6,"Brier",0.146722408663662
"oceanbuoys","MICE.RF.10.Y.M.IMP.M",6,"Misclassification",0.183673469387755
"oceanbuoys","MICE.RF.10.Y.M.IMP.M",6,"Calibration",0.0195737485385393
"oceanbuoys","Mean.IMP",6,"AUC",0.836363636363636
"oceanbuoys","Mean.IMP",6,"Brier",0.163350848934927
"oceanbuoys","Mean.IMP",6,"Misclassification",0.224489795918367
"oceanbuoys","Mean.IMP",6,"Calibration",0.0194004116171424
"oceanbuoys","Mean.IMP.M",6,"AUC",0.875881261595547
"oceanbuoys","Mean.IMP.M",6,"Brier",0.145156122019999
"oceanbuoys","Mean.IMP.M",6,"Misclassification",0.19047619047619
"oceanbuoys","Mean.IMP.M",6,"Calibration",0.0185539571225158
"oceanbuoys","05.IMP",6,"AUC",0.833766233766234
"oceanbuoys","05.IMP",6,"Brier",0.16733017373273
"oceanbuoys","05.IMP",6,"Misclassification",0.217687074829932
"oceanbuoys","05.IMP",6,"Calibration",0.0244715773027052
"oceanbuoys","05.IMP.M",6,"AUC",0.875881261595547
"oceanbuoys","05.IMP.M",6,"Brier",0.145156122020028
"oceanbuoys","05.IMP.M",6,"Misclassification",0.19047619047619
"oceanbuoys","05.IMP.M",6,"Calibration",0.0185539571225454
"oceanbuoys","PbP",6,"AUC",0.892115027829314
"oceanbuoys","PbP",6,"Brier",0.135729651203385
"oceanbuoys","PbP",6,"Misclassification",0.183673469387755
"oceanbuoys","PbP",6,"Calibration",0.015525299621482
"oceanbuoys","SAEM",7,"AUC",0.775186567164179
"oceanbuoys","SAEM",7,"Brier",0.191151839195425
"oceanbuoys","SAEM",7,"Misclassification",0.299319727891156
"oceanbuoys","SAEM",7,"Calibration",0.0212806155223583
"oceanbuoys","MICE.10.IMP",7,"AUC",0.777425373134328
"oceanbuoys","MICE.10.IMP",7,"Brier",0.190511373222424
"oceanbuoys","MICE.10.IMP",7,"Misclassification",0.299319727891156
"oceanbuoys","MICE.10.IMP",7,"Calibration",0.0225472024087975
"oceanbuoys","MICE.10.Y.M.IMP",7,"AUC",0.782649253731343
"oceanbuoys","MICE.10.Y.M.IMP",7,"Brier",0.189526098095848
"oceanbuoys","MICE.10.Y.M.IMP",7,"Misclassification",0.306122448979592
"oceanbuoys","MICE.10.Y.M.IMP",7,"Calibration",0.0242956418291496
"oceanbuoys","MICE.RF.10.IMP",7,"AUC",0.7875
"oceanbuoys","MICE.RF.10.IMP",7,"Brier",0.18633178849306
"oceanbuoys","MICE.RF.10.IMP",7,"Misclassification",0.299319727891156
"oceanbuoys","MICE.RF.10.IMP",7,"Calibration",0.0213223055736544
"oceanbuoys","MICE.RF.10.Y.M.IMP",7,"AUC",0.785074626865672
"oceanbuoys","MICE.RF.10.Y.M.IMP",7,"Brier",0.18755488262253
"oceanbuoys","MICE.RF.10.Y.M.IMP",7,"Misclassification",0.306122448979592
"oceanbuoys","MICE.RF.10.Y.M.IMP",7,"Calibration",0.0236688793980331
"oceanbuoys","MICE.10.IMP.M",7,"AUC",0.802611940298507
"oceanbuoys","MICE.10.IMP.M",7,"Brier",0.180575112660784
"oceanbuoys","MICE.10.IMP.M",7,"Misclassification",0.26530612244898
"oceanbuoys","MICE.10.IMP.M",7,"Calibration",0.0124329077766406
"oceanbuoys","MICE.10.Y.M.IMP.M",7,"AUC",0.801305970149254
"oceanbuoys","MICE.10.Y.M.IMP.M",7,"Brier",0.181913260758347
"oceanbuoys","MICE.10.Y.M.IMP.M",7,"Misclassification",0.26530612244898
"oceanbuoys","MICE.10.Y.M.IMP.M",7,"Calibration",0.0138548733822322
"oceanbuoys","MICE.RF.10.IMP.M",7,"AUC",0.803171641791045
"oceanbuoys","MICE.RF.10.IMP.M",7,"Brier",0.180444440366077
"oceanbuoys","MICE.RF.10.IMP.M",7,"Misclassification",0.26530612244898
"oceanbuoys","MICE.RF.10.IMP.M",7,"Calibration",0.0155057084630593
"oceanbuoys","MICE.RF.10.Y.M.IMP.M",7,"AUC",0.808022388059702
"oceanbuoys","MICE.RF.10.Y.M.IMP.M",7,"Brier",0.177717165416646
"oceanbuoys","MICE.RF.10.Y.M.IMP.M",7,"Misclassification",0.258503401360544
"oceanbuoys","MICE.RF.10.Y.M.IMP.M",7,"Calibration",0.0155293261677649
"oceanbuoys","Mean.IMP",7,"AUC",0.786753731343284
"oceanbuoys","Mean.IMP",7,"Brier",0.185984261813174
"oceanbuoys","Mean.IMP",7,"Misclassification",0.258503401360544
"oceanbuoys","Mean.IMP",7,"Calibration",0.0251410443708369
"oceanbuoys","Mean.IMP.M",7,"AUC",0.802798507462687
"oceanbuoys","Mean.IMP.M",7,"Brier",0.180483008670829
"oceanbuoys","Mean.IMP.M",7,"Misclassification",0.258503401360544
"oceanbuoys","Mean.IMP.M",7,"Calibration",0.0164559149556331
"oceanbuoys","05.IMP",7,"AUC",0.739925373134328
"oceanbuoys","05.IMP",7,"Brier",0.202069459264366
"oceanbuoys","05.IMP",7,"Misclassification",0.333333333333333
"oceanbuoys","05.IMP",7,"Calibration",0.0129319451268522
"oceanbuoys","05.IMP.M",7,"AUC",0.802798507462687
"oceanbuoys","05.IMP.M",7,"Brier",0.180483008670815
"oceanbuoys","05.IMP.M",7,"Misclassification",0.258503401360544
"oceanbuoys","05.IMP.M",7,"Calibration",0.0164559149556193
"oceanbuoys","PbP",7,"AUC",0.814365671641791
"oceanbuoys","PbP",7,"Brier",0.173942132204945
"oceanbuoys","PbP",7,"Misclassification",0.26530612244898
"oceanbuoys","PbP",7,"Calibration",0.0151159369841916
"oceanbuoys","SAEM",8,"AUC",0.768460111317254
"oceanbuoys","SAEM",8,"Brier",0.191869899857843
"oceanbuoys","SAEM",8,"Misclassification",0.299319727891156
"oceanbuoys","SAEM",8,"Calibration",0.033656571236351
"oceanbuoys","MICE.10.IMP",8,"AUC",0.771057513914657
"oceanbuoys","MICE.10.IMP",8,"Brier",0.190500534665316
"oceanbuoys","MICE.10.IMP",8,"Misclassification",0.299319727891156
"oceanbuoys","MICE.10.IMP",8,"Calibration",0.0396104041770308
"oceanbuoys","MICE.10.Y.M.IMP",8,"AUC",0.776066790352505
"oceanbuoys","MICE.10.Y.M.IMP",8,"Brier",0.189504236299267
"oceanbuoys","MICE.10.Y.M.IMP",8,"Misclassification",0.299319727891156
"oceanbuoys","MICE.10.Y.M.IMP",8,"Calibration",0.0371448715007157
"oceanbuoys","MICE.RF.10.IMP",8,"AUC",0.78126159554731
"oceanbuoys","MICE.RF.10.IMP",8,"Brier",0.185890421719798
"oceanbuoys","MICE.RF.10.IMP",8,"Misclassification",0.299319727891156
"oceanbuoys","MICE.RF.10.IMP",8,"Calibration",0.0357866160522061
"oceanbuoys","MICE.RF.10.Y.M.IMP",8,"AUC",0.782745825602968
"oceanbuoys","MICE.RF.10.Y.M.IMP",8,"Brier",0.187648027409062
"oceanbuoys","MICE.RF.10.Y.M.IMP",8,"Misclassification",0.292517006802721
"oceanbuoys","MICE.RF.10.Y.M.IMP",8,"Calibration",0.0384914088583699
"oceanbuoys","MICE.10.IMP.M",8,"AUC",0.824118738404453
"oceanbuoys","MICE.10.IMP.M",8,"Brier",0.160761537091814
"oceanbuoys","MICE.10.IMP.M",8,"Misclassification",0.210884353741497
"oceanbuoys","MICE.10.IMP.M",8,"Calibration",0.0185747699118237
"oceanbuoys","MICE.10.Y.M.IMP.M",8,"AUC",0.825231910946197
"oceanbuoys","MICE.10.Y.M.IMP.M",8,"Brier",0.161003633016528
"oceanbuoys","MICE.10.Y.M.IMP.M",8,"Misclassification",0.210884353741497
"oceanbuoys","MICE.10.Y.M.IMP.M",8,"Calibration",0.0185352313630129
"oceanbuoys","MICE.RF.10.IMP.M",8,"AUC",0.825602968460111
"oceanbuoys","MICE.RF.10.IMP.M",8,"Brier",0.160969377699104
"oceanbuoys","MICE.RF.10.IMP.M",8,"Misclassification",0.210884353741497
"oceanbuoys","MICE.RF.10.IMP.M",8,"Calibration",0.020449958108608
"oceanbuoys","MICE.RF.10.Y.M.IMP.M",8,"AUC",0.824118738404453
"oceanbuoys","MICE.RF.10.Y.M.IMP.M",8,"Brier",0.161370635487148
"oceanbuoys","MICE.RF.10.Y.M.IMP.M",8,"Misclassification",0.210884353741497
"oceanbuoys","MICE.RF.10.Y.M.IMP.M",8,"Calibration",0.0186777578787371
"oceanbuoys","Mean.IMP",8,"AUC",0.803153988868275
"oceanbuoys","Mean.IMP",8,"Brier",0.17742262761398
"oceanbuoys","Mean.IMP",8,"Misclassification",0.272108843537415
"oceanbuoys","Mean.IMP",8,"Calibration",0.0277915928638979
"oceanbuoys","Mean.IMP.M",8,"AUC",0.820593692022263
"oceanbuoys","Mean.IMP.M",8,"Brier",0.161345428808581
"oceanbuoys","Mean.IMP.M",8,"Misclassification",0.204081632653061
"oceanbuoys","Mean.IMP.M",8,"Calibration",0.0191761100817969
"oceanbuoys","05.IMP",8,"AUC",0.790909090909091
"oceanbuoys","05.IMP",8,"Brier",0.18124967257476
"oceanbuoys","05.IMP",8,"Misclassification",0.26530612244898
"oceanbuoys","05.IMP",8,"Calibration",0.0178497908829529
"oceanbuoys","05.IMP.M",8,"AUC",0.820593692022263
"oceanbuoys","05.IMP.M",8,"Brier",0.16134542880857
"oceanbuoys","05.IMP.M",8,"Misclassification",0.204081632653061
"oceanbuoys","05.IMP.M",8,"Calibration",0.0191761100817857
"oceanbuoys","PbP",8,"AUC",0.846382189239332
"oceanbuoys","PbP",8,"Brier",0.155124281628232
"oceanbuoys","PbP",8,"Misclassification",0.210884353741497
"oceanbuoys","PbP",8,"Calibration",0.0157854773234413
"oceanbuoys","SAEM",9,"AUC",0.7831347728965
"oceanbuoys","SAEM",9,"Brier",0.188384038022109
"oceanbuoys","SAEM",9,"Misclassification",0.312925170068027
"oceanbuoys","SAEM",9,"Calibration",0.0188781404249751
"oceanbuoys","MICE.10.IMP",9,"AUC",0.785740878629933
"oceanbuoys","MICE.10.IMP",9,"Brier",0.187217891107143
"oceanbuoys","MICE.10.IMP",9,"Misclassification",0.306122448979592
"oceanbuoys","MICE.10.IMP",9,"Calibration",0.0171912569847642
"oceanbuoys","MICE.10.Y.M.IMP",9,"AUC",0.786485480268057
"oceanbuoys","MICE.10.Y.M.IMP",9,"Brier",0.187493495838223
"oceanbuoys","MICE.10.Y.M.IMP",9,"Misclassification",0.312925170068027
"oceanbuoys","MICE.10.Y.M.IMP",9,"Calibration",0.019389628384337
"oceanbuoys","MICE.RF.10.IMP",9,"AUC",0.792814594192107
"oceanbuoys","MICE.RF.10.IMP",9,"Brier",0.185180460941761
"oceanbuoys","MICE.RF.10.IMP",9,"Misclassification",0.306122448979592
"oceanbuoys","MICE.RF.10.IMP",9,"Calibration",0.0138672928173688
"oceanbuoys","MICE.RF.10.Y.M.IMP",9,"AUC",0.793745346239762
"oceanbuoys","MICE.RF.10.Y.M.IMP",9,"Brier",0.184474118396679
"oceanbuoys","MICE.RF.10.Y.M.IMP",9,"Misclassification",0.299319727891156
"oceanbuoys","MICE.RF.10.Y.M.IMP",9,"Calibration",0.0165146402331192
"oceanbuoys","MICE.10.IMP.M",9,"AUC",0.853499627699181
"oceanbuoys","MICE.10.IMP.M",9,"Brier",0.158919759086973
"oceanbuoys","MICE.10.IMP.M",9,"Misclassification",0.244897959183674
"oceanbuoys","MICE.10.IMP.M",9,"Calibration",0.0187837046652043
"oceanbuoys","MICE.10.Y.M.IMP.M",9,"AUC",0.854802680565897
"oceanbuoys","MICE.10.Y.M.IMP.M",9,"Brier",0.15793602364454
"oceanbuoys","MICE.10.Y.M.IMP.M",9,"Misclassification",0.251700680272109
"oceanbuoys","MICE.10.Y.M.IMP.M",9,"Calibration",0.0239038324314976
"oceanbuoys","MICE.RF.10.IMP.M",9,"AUC",0.851079672375279
"oceanbuoys","MICE.RF.10.IMP.M",9,"Brier",0.158109324971939
"oceanbuoys","MICE.RF.10.IMP.M",9,"Misclassification",0.238095238095238
"oceanbuoys","MICE.RF.10.IMP.M",9,"Calibration",0.0166112952607294
"oceanbuoys","MICE.RF.10.Y.M.IMP.M",9,"AUC",0.850707371556217
"oceanbuoys","MICE.RF.10.Y.M.IMP.M",9,"Brier",0.158268271855618
"oceanbuoys","MICE.RF.10.Y.M.IMP.M",9,"Misclassification",0.238095238095238
"oceanbuoys","MICE.RF.10.Y.M.IMP.M",9,"Calibration",0.0155264603457052
"oceanbuoys","Mean.IMP",9,"AUC",0.823529411764706
"oceanbuoys","Mean.IMP",9,"Brier",0.170620051814249
"oceanbuoys","Mean.IMP",9,"Misclassification",0.217687074829932
"oceanbuoys","Mean.IMP",9,"Calibration",0.0206710335561606
"oceanbuoys","Mean.IMP.M",9,"AUC",0.852382725241996
"oceanbuoys","Mean.IMP.M",9,"Brier",0.1557334769387
"oceanbuoys","Mean.IMP.M",9,"Misclassification",0.224489795918367
"oceanbuoys","Mean.IMP.M",9,"Calibration",0.0133007895780415
"oceanbuoys","05.IMP",9,"AUC",0.804914370811616
"oceanbuoys","05.IMP",9,"Brier",0.185306029210378
"oceanbuoys","05.IMP",9,"Misclassification",0.251700680272109
"oceanbuoys","05.IMP",9,"Calibration",0.0213171170206067
"oceanbuoys","05.IMP.M",9,"AUC",0.852382725241996
"oceanbuoys","05.IMP.M",9,"Brier",0.1557334769387
"oceanbuoys","05.IMP.M",9,"Misclassification",0.224489795918367
"oceanbuoys","05.IMP.M",9,"Calibration",0.0133007895780417
"oceanbuoys","PbP",9,"AUC",0.866902457185406
"oceanbuoys","PbP",9,"Brier",0.15096539822248
"oceanbuoys","PbP",9,"Misclassification",0.244897959183674
"oceanbuoys","PbP",9,"Calibration",0.0146661815661201
"oceanbuoys","SAEM",10,"AUC",0.855077835433655
"oceanbuoys","SAEM",10,"Brier",0.15995753672001
"oceanbuoys","SAEM",10,"Misclassification",0.231292517006803
"oceanbuoys","SAEM",10,"Calibration",0.0173853706516029
"oceanbuoys","MICE.10.IMP",10,"AUC",0.853039288361749
"oceanbuoys","MICE.10.IMP",10,"Brier",0.160594868617855
"oceanbuoys","MICE.10.IMP",10,"Misclassification",0.224489795918367
"oceanbuoys","MICE.10.IMP",10,"Calibration",0.0180375631711831
"oceanbuoys","MICE.10.Y.M.IMP",10,"AUC",0.851000741289844
"oceanbuoys","MICE.10.Y.M.IMP",10,"Brier",0.160124644015569
"oceanbuoys","MICE.10.Y.M.IMP",10,"Misclassification",0.224489795918367
"oceanbuoys","MICE.10.Y.M.IMP",10,"Calibration",0.0171441644386084
"oceanbuoys","MICE.RF.10.IMP",10,"AUC",0.8587842846553
"oceanbuoys","MICE.RF.10.IMP",10,"Brier",0.157075284686767
"oceanbuoys","MICE.RF.10.IMP",10,"Misclassification",0.224489795918367
"oceanbuoys","MICE.RF.10.IMP",10,"Calibration",0.0158305328177658
"oceanbuoys","MICE.RF.10.Y.M.IMP",10,"AUC",0.858228317272053
"oceanbuoys","MICE.RF.10.Y.M.IMP",10,"Brier",0.157259405391354
"oceanbuoys","MICE.RF.10.Y.M.IMP",10,"Misclassification",0.224489795918367
"oceanbuoys","MICE.RF.10.Y.M.IMP",10,"Calibration",0.0162055718496562
"oceanbuoys","MICE.10.IMP.M",10,"AUC",0.871386212008895
"oceanbuoys","MICE.10.IMP.M",10,"Brier",0.151159943550628
"oceanbuoys","MICE.10.IMP.M",10,"Misclassification",0.238095238095238
"oceanbuoys","MICE.10.IMP.M",10,"Calibration",0.0200728428206706
"oceanbuoys","MICE.10.Y.M.IMP.M",10,"AUC",0.872127501853225
"oceanbuoys","MICE.10.Y.M.IMP.M",10,"Brier",0.150293840751338
"oceanbuoys","MICE.10.Y.M.IMP.M",10,"Misclassification",0.244897959183674
"oceanbuoys","MICE.10.Y.M.IMP.M",10,"Calibration",0.0190959545307979
"oceanbuoys","MICE.RF.10.IMP.M",10,"AUC",0.871200889547813
"oceanbuoys","MICE.RF.10.IMP.M",10,"Brier",0.14994403144184
"oceanbuoys","MICE.RF.10.IMP.M",10,"Misclassification",0.224489795918367
"oceanbuoys","MICE.RF.10.IMP.M",10,"Calibration",0.0188935399565662
"oceanbuoys","MICE.RF.10.Y.M.IMP.M",10,"AUC",0.87008895478132
"oceanbuoys","MICE.RF.10.Y.M.IMP.M",10,"Brier",0.149881602943734
"oceanbuoys","MICE.RF.10.Y.M.IMP.M",10,"Misclassification",0.224489795918367
"oceanbuoys","MICE.RF.10.Y.M.IMP.M",10,"Calibration",0.0166525115513775
"oceanbuoys","Mean.IMP",10,"AUC",0.840622683469236
"oceanbuoys","Mean.IMP",10,"Brier",0.16189114897843
"oceanbuoys","Mean.IMP",10,"Misclassification",0.217687074829932
"oceanbuoys","Mean.IMP",10,"Calibration",0.020156736674737
"oceanbuoys","Mean.IMP.M",10,"AUC",0.873795404002965
"oceanbuoys","Mean.IMP.M",10,"Brier",0.147424644767262
"oceanbuoys","Mean.IMP.M",10,"Misclassification",0.217687074829932
"oceanbuoys","Mean.IMP.M",10,"Calibration",0.0178467330164816
"oceanbuoys","05.IMP",10,"AUC",0.783172720533729
"oceanbuoys","05.IMP",10,"Brier",0.186719207515574
"oceanbuoys","05.IMP",10,"Misclassification",0.299319727891156
"oceanbuoys","05.IMP",10,"Calibration",0.017781943370584
"oceanbuoys","05.IMP.M",10,"AUC",0.873795404002965
"oceanbuoys","05.IMP.M",10,"Brier",0.147424644767265
"oceanbuoys","05.IMP.M",10,"Misclassification",0.217687074829932
"oceanbuoys","05.IMP.M",10,"Calibration",0.017846733016484
"oceanbuoys","PbP",10,"AUC",0.890752409191994
"oceanbuoys","PbP",10,"Brier",0.138287943327397
"oceanbuoys","PbP",10,"Misclassification",0.210884353741497
"oceanbuoys","PbP",10,"Calibration",0.0173493102582225
"oceanbuoys","SAEM",11,"AUC",0.815
"oceanbuoys","SAEM",11,"Brier",0.175181306907645
"oceanbuoys","SAEM",11,"Misclassification",0.285714285714286
"oceanbuoys","SAEM",11,"Calibration",0.0155580731974078
"oceanbuoys","MICE.10.IMP",11,"AUC",0.820925925925926
"oceanbuoys","MICE.10.IMP",11,"Brier",0.173294634619607
"oceanbuoys","MICE.10.IMP",11,"Misclassification",0.27891156462585
"oceanbuoys","MICE.10.IMP",11,"Calibration",0.0161965643030062
"oceanbuoys","MICE.10.Y.M.IMP",11,"AUC",0.821296296296296
"oceanbuoys","MICE.10.Y.M.IMP",11,"Brier",0.173350530675826
"oceanbuoys","MICE.10.Y.M.IMP",11,"Misclassification",0.272108843537415
"oceanbuoys","MICE.10.Y.M.IMP",11,"Calibration",0.0147647412414864
"oceanbuoys","MICE.RF.10.IMP",11,"AUC",0.829814814814815
"oceanbuoys","MICE.RF.10.IMP",11,"Brier",0.169636165631035
"oceanbuoys","MICE.RF.10.IMP",11,"Misclassification",0.27891156462585
"oceanbuoys","MICE.RF.10.IMP",11,"Calibration",0.016411262350675
"oceanbuoys","MICE.RF.10.Y.M.IMP",11,"AUC",0.828148148148148
"oceanbuoys","MICE.RF.10.Y.M.IMP",11,"Brier",0.169593345033648
"oceanbuoys","MICE.RF.10.Y.M.IMP",11,"Misclassification",0.285714285714286
"oceanbuoys","MICE.RF.10.Y.M.IMP",11,"Calibration",0.0171429929985779
"oceanbuoys","MICE.10.IMP.M",11,"AUC",0.839814814814815
"oceanbuoys","MICE.10.IMP.M",11,"Brier",0.168554465955878
"oceanbuoys","MICE.10.IMP.M",11,"Misclassification",0.26530612244898
"oceanbuoys","MICE.10.IMP.M",11,"Calibration",0.0176276527841668
"oceanbuoys","MICE.10.Y.M.IMP.M",11,"AUC",0.842777777777778
"oceanbuoys","MICE.10.Y.M.IMP.M",11,"Brier",0.166217064965294
"oceanbuoys","MICE.10.Y.M.IMP.M",11,"Misclassification",0.258503401360544
"oceanbuoys","MICE.10.Y.M.IMP.M",11,"Calibration",0.0180954209252827
"oceanbuoys","MICE.RF.10.IMP.M",11,"AUC",0.846666666666667
"oceanbuoys","MICE.RF.10.IMP.M",11,"Brier",0.164645445520068
"oceanbuoys","MICE.RF.10.IMP.M",11,"Misclassification",0.258503401360544
"oceanbuoys","MICE.RF.10.IMP.M",11,"Calibration",0.0200074163157124
"oceanbuoys","MICE.RF.10.Y.M.IMP.M",11,"AUC",0.849074074074074
"oceanbuoys","MICE.RF.10.Y.M.IMP.M",11,"Brier",0.162650827493355
"oceanbuoys","MICE.RF.10.Y.M.IMP.M",11,"Misclassification",0.258503401360544
"oceanbuoys","MICE.RF.10.Y.M.IMP.M",11,"Calibration",0.0213683885918681
"oceanbuoys","Mean.IMP",11,"AUC",0.850925925925926
"oceanbuoys","Mean.IMP",11,"Brier",0.159672550168371
"oceanbuoys","Mean.IMP",11,"Misclassification",0.217687074829932
"oceanbuoys","Mean.IMP",11,"Calibration",0.0206800472660932
"oceanbuoys","Mean.IMP.M",11,"AUC",0.847962962962963
"oceanbuoys","Mean.IMP.M",11,"Brier",0.164846731568403
"oceanbuoys","Mean.IMP.M",11,"Misclassification",0.258503401360544
"oceanbuoys","Mean.IMP.M",11,"Calibration",0.0220331240110035
"oceanbuoys","05.IMP",11,"AUC",0.809814814814815
"oceanbuoys","05.IMP",11,"Brier",0.17810641474211
"oceanbuoys","05.IMP",11,"Misclassification",0.27891156462585
"oceanbuoys","05.IMP",11,"Calibration",0.0150446088231616
"oceanbuoys","05.IMP.M",11,"AUC",0.847962962962963
"oceanbuoys","05.IMP.M",11,"Brier",0.164846731568421
"oceanbuoys","05.IMP.M",11,"Misclassification",0.258503401360544
"oceanbuoys","05.IMP.M",11,"Calibration",0.0220331240110208
"oceanbuoys","PbP",11,"AUC",0.855
"oceanbuoys","PbP",11,"Brier",0.156450350342187
"oceanbuoys","PbP",11,"Misclassification",0.258503401360544
"oceanbuoys","PbP",11,"Calibration",0.0181807582257684
"oceanbuoys","SAEM",12,"AUC",0.802866716306776
"oceanbuoys","SAEM",12,"Brier",0.183056867097071
"oceanbuoys","SAEM",12,"Misclassification",0.306122448979592
"oceanbuoys","SAEM",12,"Calibration",0.0163673585708281
"oceanbuoys","MICE.10.IMP",12,"AUC",0.79951600893522
"oceanbuoys","MICE.10.IMP",12,"Brier",0.183969528691865
"oceanbuoys","MICE.10.IMP",12,"Misclassification",0.299319727891156
"oceanbuoys","MICE.10.IMP",12,"Calibration",0.0159879332672318
"oceanbuoys","MICE.10.Y.M.IMP",12,"AUC",0.802122114668652
"oceanbuoys","MICE.10.Y.M.IMP",12,"Brier",0.183096320855592
"oceanbuoys","MICE.10.Y.M.IMP",12,"Misclassification",0.285714285714286
"oceanbuoys","MICE.10.Y.M.IMP",12,"Calibration",0.0209662307243011
"oceanbuoys","MICE.RF.10.IMP",12,"AUC",0.813104988830975
"oceanbuoys","MICE.RF.10.IMP",12,"Brier",0.178782191660946
"oceanbuoys","MICE.RF.10.IMP",12,"Misclassification",0.285714285714286
"oceanbuoys","MICE.RF.10.IMP",12,"Calibration",0.0163573306094479
"oceanbuoys","MICE.RF.10.Y.M.IMP",12,"AUC",0.812546537602383
"oceanbuoys","MICE.RF.10.Y.M.IMP",12,"Brier",0.179535556845704
"oceanbuoys","MICE.RF.10.Y.M.IMP",12,"Misclassification",0.285714285714286
"oceanbuoys","MICE.RF.10.Y.M.IMP",12,"Calibration",0.0188710423412323
"oceanbuoys","MICE.10.IMP.M",12,"AUC",0.845867460908414
"oceanbuoys","MICE.10.IMP.M",12,"Brier",0.163808277886668
"oceanbuoys","MICE.10.IMP.M",12,"Misclassification",0.251700680272109
"oceanbuoys","MICE.10.IMP.M",12,"Calibration",0.0182996375244343
"oceanbuoys","MICE.10.Y.M.IMP.M",12,"AUC",0.847356664184661
"oceanbuoys","MICE.10.Y.M.IMP.M",12,"Brier",0.164019133092617
"oceanbuoys","MICE.10.Y.M.IMP.M",12,"Misclassification",0.251700680272109
"oceanbuoys","MICE.10.Y.M.IMP.M",12,"Calibration",0.0210541556982156
"oceanbuoys","MICE.RF.10.IMP.M",12,"AUC",0.85126582278481
"oceanbuoys","MICE.RF.10.IMP.M",12,"Brier",0.161524281107652
"oceanbuoys","MICE.RF.10.IMP.M",12,"Misclassification",0.251700680272109
"oceanbuoys","MICE.RF.10.IMP.M",12,"Calibration",0.019791165394944
"oceanbuoys","MICE.RF.10.Y.M.IMP.M",12,"AUC",0.853499627699181
"oceanbuoys","MICE.RF.10.Y.M.IMP.M",12,"Brier",0.160465459618302
"oceanbuoys","MICE.RF.10.Y.M.IMP.M",12,"Misclassification",0.258503401360544
"oceanbuoys","MICE.RF.10.Y.M.IMP.M",12,"Calibration",0.0211125372780464
"oceanbuoys","Mean.IMP",12,"AUC",0.83265078183172
"oceanbuoys","Mean.IMP",12,"Brier",0.169104178703356
"oceanbuoys","Mean.IMP",12,"Misclassification",0.224489795918367
"oceanbuoys","Mean.IMP",12,"Calibration",0.0211611799737688
"oceanbuoys","Mean.IMP.M",12,"AUC",0.850148920327625
"oceanbuoys","Mean.IMP.M",12,"Brier",0.161602082926276
"oceanbuoys","Mean.IMP.M",12,"Misclassification",0.258503401360544
"oceanbuoys","Mean.IMP.M",12,"Calibration",0.0193626735158601
"oceanbuoys","05.IMP",12,"AUC",0.785927029039464
"oceanbuoys","05.IMP",12,"Brier",0.188840197887279
"oceanbuoys","05.IMP",12,"Misclassification",0.319727891156463
"oceanbuoys","05.IMP",12,"Calibration",0.0158801640339225
"oceanbuoys","05.IMP.M",12,"AUC",0.850148920327625
"oceanbuoys","05.IMP.M",12,"Brier",0.161602082926239
"oceanbuoys","05.IMP.M",12,"Misclassification",0.258503401360544
"oceanbuoys","05.IMP.M",12,"Calibration",0.0193626735158232
"oceanbuoys","PbP",12,"AUC",0.867274758004468
"oceanbuoys","PbP",12,"Brier",0.153450302268813
"oceanbuoys","PbP",12,"Misclassification",0.244897959183674
"oceanbuoys","PbP",12,"Calibration",0.0220754373964114
"oceanbuoys","SAEM",13,"AUC",0.834278155706727
"oceanbuoys","SAEM",13,"Brier",0.168009147365182
"oceanbuoys","SAEM",13,"Misclassification",0.251700680272109
"oceanbuoys","SAEM",13,"Calibration",0.0242166303583796
"oceanbuoys","MICE.10.IMP",13,"AUC",0.8354119425548
"oceanbuoys","MICE.10.IMP",13,"Brier",0.167118342986447
"oceanbuoys","MICE.10.IMP",13,"Misclassification",0.251700680272109
"oceanbuoys","MICE.10.IMP",13,"Calibration",0.0194610116556466
"oceanbuoys","MICE.10.Y.M.IMP",13,"AUC",0.836545729402872
"oceanbuoys","MICE.10.Y.M.IMP",13,"Brier",0.167108522741348
"oceanbuoys","MICE.10.Y.M.IMP",13,"Misclassification",0.258503401360544
"oceanbuoys","MICE.10.Y.M.IMP",13,"Calibration",0.0218456346213174
"oceanbuoys","MICE.RF.10.IMP",13,"AUC",0.839191232048375
"oceanbuoys","MICE.RF.10.IMP",13,"Brier",0.163745119191182
"oceanbuoys","MICE.RF.10.IMP",13,"Misclassification",0.251700680272109
"oceanbuoys","MICE.RF.10.IMP",13,"Calibration",0.0209150107938947
"oceanbuoys","MICE.RF.10.Y.M.IMP",13,"AUC",0.8354119425548
"oceanbuoys","MICE.RF.10.Y.M.IMP",13,"Brier",0.165993991917685
"oceanbuoys","MICE.RF.10.Y.M.IMP",13,"Misclassification",0.244897959183674
"oceanbuoys","MICE.RF.10.Y.M.IMP",13,"Calibration",0.0207048517305861
"oceanbuoys","MICE.10.IMP.M",13,"AUC",0.853174603174603
"oceanbuoys","MICE.10.IMP.M",13,"Brier",0.15197375770659
"oceanbuoys","MICE.10.IMP.M",13,"Misclassification",0.204081632653061
"oceanbuoys","MICE.10.IMP.M",13,"Calibration",0.0225509915326715
"oceanbuoys","MICE.10.Y.M.IMP.M",13,"AUC",0.857898715041572
"oceanbuoys","MICE.10.Y.M.IMP.M",13,"Brier",0.151253763250719
"oceanbuoys","MICE.10.Y.M.IMP.M",13,"Misclassification",0.224489795918367
"oceanbuoys","MICE.10.Y.M.IMP.M",13,"Calibration",0.0248981781350259
"oceanbuoys","MICE.RF.10.IMP.M",13,"AUC",0.857331821617536
"oceanbuoys","MICE.RF.10.IMP.M",13,"Brier",0.151730301313451
"oceanbuoys","MICE.RF.10.IMP.M",13,"Misclassification",0.204081632653061
"oceanbuoys","MICE.RF.10.IMP.M",13,"Calibration",0.0211233870053482
"oceanbuoys","MICE.RF.10.Y.M.IMP.M",13,"AUC",0.856953892668178
"oceanbuoys","MICE.RF.10.Y.M.IMP.M",13,"Brier",0.151667471878235
"oceanbuoys","MICE.RF.10.Y.M.IMP.M",13,"Misclassification",0.210884353741497
"oceanbuoys","MICE.RF.10.Y.M.IMP.M",13,"Calibration",0.0208630647294969
"oceanbuoys","Mean.IMP",13,"AUC",0.846938775510204
"oceanbuoys","Mean.IMP",13,"Brier",0.157280805162688
"oceanbuoys","Mean.IMP",13,"Misclassification",0.210884353741497
"oceanbuoys","Mean.IMP",13,"Calibration",0.0206744986315692
"oceanbuoys","Mean.IMP.M",13,"AUC",0.855820105820106
"oceanbuoys","Mean.IMP.M",13,"Brier",0.151065707553855
"oceanbuoys","Mean.IMP.M",13,"Misclassification",0.210884353741497
"oceanbuoys","Mean.IMP.M",13,"Calibration",0.0234555751818183
"oceanbuoys","05.IMP",13,"AUC",0.84750566893424
"oceanbuoys","05.IMP",13,"Brier",0.166527256247318
"oceanbuoys","05.IMP",13,"Misclassification",0.217687074829932
"oceanbuoys","05.IMP",13,"Calibration",0.0298540714538324
"oceanbuoys","05.IMP.M",13,"AUC",0.855820105820106
"oceanbuoys","05.IMP.M",13,"Brier",0.151065707553835
"oceanbuoys","05.IMP.M",13,"Misclassification",0.210884353741497
"oceanbuoys","05.IMP.M",13,"Calibration",0.0234555751817982
"oceanbuoys","PbP",13,"AUC",0.86281179138322
"oceanbuoys","PbP",13,"Brier",0.150101141464329
"oceanbuoys","PbP",13,"Misclassification",0.204081632653061
"oceanbuoys","PbP",13,"Calibration",0.024557735337155
"oceanbuoys","SAEM",14,"AUC",0.87
"oceanbuoys","SAEM",14,"Brier",0.150833315525971
"oceanbuoys","SAEM",14,"Misclassification",0.217687074829932
"oceanbuoys","SAEM",14,"Calibration",0.0241959803500483
"oceanbuoys","MICE.10.IMP",14,"AUC",0.871481481481482
"oceanbuoys","MICE.10.IMP",14,"Brier",0.150150525557224
"oceanbuoys","MICE.10.IMP",14,"Misclassification",0.217687074829932
"oceanbuoys","MICE.10.IMP",14,"Calibration",0.0257491578726485
"oceanbuoys","MICE.10.Y.M.IMP",14,"AUC",0.866481481481482
"oceanbuoys","MICE.10.Y.M.IMP",14,"Brier",0.152493709729346
"oceanbuoys","MICE.10.Y.M.IMP",14,"Misclassification",0.224489795918367
"oceanbuoys","MICE.10.Y.M.IMP",14,"Calibration",0.0222517256571344
"oceanbuoys","MICE.RF.10.IMP",14,"AUC",0.876111111111111
"oceanbuoys","MICE.RF.10.IMP",14,"Brier",0.146680065227106
"oceanbuoys","MICE.RF.10.IMP",14,"Misclassification",0.217687074829932
"oceanbuoys","MICE.RF.10.IMP",14,"Calibration",0.0253065731733414
"oceanbuoys","MICE.RF.10.Y.M.IMP",14,"AUC",0.878148148148148
"oceanbuoys","MICE.RF.10.Y.M.IMP",14,"Brier",0.145164016837955
"oceanbuoys","MICE.RF.10.Y.M.IMP",14,"Misclassification",0.204081632653061
"oceanbuoys","MICE.RF.10.Y.M.IMP",14,"Calibration",0.0291699202316132
"oceanbuoys","MICE.10.IMP.M",14,"AUC",0.875555555555556
"oceanbuoys","MICE.10.IMP.M",14,"Brier",0.139073848445061
"oceanbuoys","MICE.10.IMP.M",14,"Misclassification",0.204081632653061
"oceanbuoys","MICE.10.IMP.M",14,"Calibration",0.016623580788339
"oceanbuoys","MICE.10.Y.M.IMP.M",14,"AUC",0.86962962962963
"oceanbuoys","MICE.10.Y.M.IMP.M",14,"Brier",0.140576017576819
"oceanbuoys","MICE.10.Y.M.IMP.M",14,"Misclassification",0.204081632653061
"oceanbuoys","MICE.10.Y.M.IMP.M",14,"Calibration",0.0140775199840212
"oceanbuoys","MICE.RF.10.IMP.M",14,"AUC",0.877037037037037
"oceanbuoys","MICE.RF.10.IMP.M",14,"Brier",0.138043041226929
"oceanbuoys","MICE.RF.10.IMP.M",14,"Misclassification",0.183673469387755
"oceanbuoys","MICE.RF.10.IMP.M",14,"Calibration",0.0142271966544893
"oceanbuoys","MICE.RF.10.Y.M.IMP.M",14,"AUC",0.874444444444444
"oceanbuoys","MICE.RF.10.Y.M.IMP.M",14,"Brier",0.1392363051721
"oceanbuoys","MICE.RF.10.Y.M.IMP.M",14,"Misclassification",0.183673469387755
"oceanbuoys","MICE.RF.10.Y.M.IMP.M",14,"Calibration",0.0135020432133485
"oceanbuoys","Mean.IMP",14,"AUC",0.882222222222222
"oceanbuoys","Mean.IMP",14,"Brier",0.139117413472048
"oceanbuoys","Mean.IMP",14,"Misclassification",0.17687074829932
"oceanbuoys","Mean.IMP",14,"Calibration",0.0212593639542376
"oceanbuoys","Mean.IMP.M",14,"AUC",0.874814814814815
"oceanbuoys","Mean.IMP.M",14,"Brier",0.139518834955026
"oceanbuoys","Mean.IMP.M",14,"Misclassification",0.17687074829932
"oceanbuoys","Mean.IMP.M",14,"Calibration",0.0131074156864635
"oceanbuoys","05.IMP",14,"AUC",0.854444444444444
"oceanbuoys","05.IMP",14,"Brier",0.162599067149397
"oceanbuoys","05.IMP",14,"Misclassification",0.251700680272109
"oceanbuoys","05.IMP",14,"Calibration",0.0243991262783873
"oceanbuoys","05.IMP.M",14,"AUC",0.874814814814815
"oceanbuoys","05.IMP.M",14,"Brier",0.139518834955047
"oceanbuoys","05.IMP.M",14,"Misclassification",0.17687074829932
"oceanbuoys","05.IMP.M",14,"Calibration",0.0131074156864848
"oceanbuoys","PbP",14,"AUC",0.87537037037037
"oceanbuoys","PbP",14,"Brier",0.140397906290531
"oceanbuoys","PbP",14,"Misclassification",0.19047619047619
"oceanbuoys","PbP",14,"Calibration",0.0134259053689502
"oceanbuoys","SAEM",15,"AUC",0.794074074074074
"oceanbuoys","SAEM",15,"Brier",0.186171717055474
"oceanbuoys","SAEM",15,"Misclassification",0.299319727891156
"oceanbuoys","SAEM",15,"Calibration",0.0217562072618125
"oceanbuoys","MICE.10.IMP",15,"AUC",0.795555555555556
"oceanbuoys","MICE.10.IMP",15,"Brier",0.184714375108788
"oceanbuoys","MICE.10.IMP",15,"Misclassification",0.299319727891156
"oceanbuoys","MICE.10.IMP",15,"Calibration",0.0227036881786591
"oceanbuoys","MICE.10.Y.M.IMP",15,"AUC",0.795925925925926
"oceanbuoys","MICE.10.Y.M.IMP",15,"Brier",0.185494095511752
"oceanbuoys","MICE.10.Y.M.IMP",15,"Misclassification",0.292517006802721
"oceanbuoys","MICE.10.Y.M.IMP",15,"Calibration",0.0232793957030672
"oceanbuoys","MICE.RF.10.IMP",15,"AUC",0.8
"oceanbuoys","MICE.RF.10.IMP",15,"Brier",0.182475852031534
"oceanbuoys","MICE.RF.10.IMP",15,"Misclassification",0.285714285714286
"oceanbuoys","MICE.RF.10.IMP",15,"Calibration",0.0223252442618785
"oceanbuoys","MICE.RF.10.Y.M.IMP",15,"AUC",0.800740740740741
"oceanbuoys","MICE.RF.10.Y.M.IMP",15,"Brier",0.183343385352397
"oceanbuoys","MICE.RF.10.Y.M.IMP",15,"Misclassification",0.285714285714286
"oceanbuoys","MICE.RF.10.Y.M.IMP",15,"Calibration",0.0219343782830429
"oceanbuoys","MICE.10.IMP.M",15,"AUC",0.819814814814815
"oceanbuoys","MICE.10.IMP.M",15,"Brier",0.166713639452025
"oceanbuoys","MICE.10.IMP.M",15,"Misclassification",0.238095238095238
"oceanbuoys","MICE.10.IMP.M",15,"Calibration",0.0176593226542951
"oceanbuoys","MICE.10.Y.M.IMP.M",15,"AUC",0.825555555555556
"oceanbuoys","MICE.10.Y.M.IMP.M",15,"Brier",0.166043218968069
"oceanbuoys","MICE.10.Y.M.IMP.M",15,"Misclassification",0.224489795918367
"oceanbuoys","MICE.10.Y.M.IMP.M",15,"Calibration",0.0160948528972542
"oceanbuoys","MICE.RF.10.IMP.M",15,"AUC",0.828518518518519
"oceanbuoys","MICE.RF.10.IMP.M",15,"Brier",0.163836999074075
"oceanbuoys","MICE.RF.10.IMP.M",15,"Misclassification",0.224489795918367
"oceanbuoys","MICE.RF.10.IMP.M",15,"Calibration",0.0217402680421179
"oceanbuoys","MICE.RF.10.Y.M.IMP.M",15,"AUC",0.829259259259259
"oceanbuoys","MICE.RF.10.Y.M.IMP.M",15,"Brier",0.163535883680072
"oceanbuoys","MICE.RF.10.Y.M.IMP.M",15,"Misclassification",0.224489795918367
"oceanbuoys","MICE.RF.10.Y.M.IMP.M",15,"Calibration",0.0168820917285089
"oceanbuoys","Mean.IMP",15,"AUC",0.821481481481481
"oceanbuoys","Mean.IMP",15,"Brier",0.172469210792205
"oceanbuoys","Mean.IMP",15,"Misclassification",0.251700680272109
"oceanbuoys","Mean.IMP",15,"Calibration",0.0193459367237109
"oceanbuoys","Mean.IMP.M",15,"AUC",0.828148148148148
"oceanbuoys","Mean.IMP.M",15,"Brier",0.163339405712548
"oceanbuoys","Mean.IMP.M",15,"Misclassification",0.217687074829932
"oceanbuoys","Mean.IMP.M",15,"Calibration",0.0133848751901377
"oceanbuoys","05.IMP",15,"AUC",0.794259259259259
"oceanbuoys","05.IMP",15,"Brier",0.178184173368899
"oceanbuoys","05.IMP",15,"Misclassification",0.251700680272109
"oceanbuoys","05.IMP",15,"Calibration",0.0182647654903079
"oceanbuoys","05.IMP.M",15,"AUC",0.828148148148148
"oceanbuoys","05.IMP.M",15,"Brier",0.163339405712664
"oceanbuoys","05.IMP.M",15,"Misclassification",0.217687074829932
"oceanbuoys","05.IMP.M",15,"Calibration",0.0133848751902542
"oceanbuoys","PbP",15,"AUC",0.846296296296296
"oceanbuoys","PbP",15,"Brier",0.157690894785645
"oceanbuoys","PbP",15,"Misclassification",0.210884353741497
"oceanbuoys","PbP",15,"Calibration",0.0151553436431726
"popmis","SAEM",1,"AUC",0.821198874484976
"popmis","SAEM",1,"Brier",0.17275929766565
"popmis","SAEM",1,"Misclassification",0.255
"popmis","SAEM",1,"Calibration",0.00982818643816757
"popmis","MICE.10.IMP",1,"AUC",0.815320068334841
"popmis","MICE.10.IMP",1,"Brier",0.176156673912617
"popmis","MICE.10.IMP",1,"Misclassification",0.2625
"popmis","MICE.10.IMP",1,"Calibration",0.00961610898285203
"popmis","MICE.10.Y.M.IMP",1,"AUC",0.81280775801427
"popmis","MICE.10.Y.M.IMP",1,"Brier",0.176536719891865
"popmis","MICE.10.Y.M.IMP",1,"Misclassification",0.26
"popmis","MICE.10.Y.M.IMP",1,"Calibration",0.0101763741632606
"popmis","MICE.RF.10.IMP",1,"AUC",0.841824942216863
"popmis","MICE.RF.10.IMP",1,"Brier",0.16355431914796
"popmis","MICE.RF.10.IMP",1,"Misclassification",0.2475
"popmis","MICE.RF.10.IMP",1,"Calibration",0.0114072809364414
"popmis","MICE.RF.10.Y.M.IMP",1,"AUC",0.827756004421666
"popmis","MICE.RF.10.Y.M.IMP",1,"Brier",0.169503829523305
"popmis","MICE.RF.10.Y.M.IMP",1,"Misclassification",0.27
"popmis","MICE.RF.10.Y.M.IMP",1,"Calibration",0.00930200991810196
"popmis","MICE.10.IMP.M",1,"AUC",0.804893980504472
"popmis","MICE.10.IMP.M",1,"Brier",0.179893377327582
"popmis","MICE.10.IMP.M",1,"Misclassification",0.265
"popmis","MICE.10.IMP.M",1,"Calibration",0.0104897613325134
"popmis","MICE.10.Y.M.IMP.M",1,"AUC",0.813737312832881
"popmis","MICE.10.Y.M.IMP.M",1,"Brier",0.176436549184506
"popmis","MICE.10.Y.M.IMP.M",1,"Misclassification",0.275
"popmis","MICE.10.Y.M.IMP.M",1,"Calibration",0.00909367522156168
"popmis","MICE.RF.10.IMP.M",1,"AUC",0.843608682544468
"popmis","MICE.RF.10.IMP.M",1,"Brier",0.162677128427873
"popmis","MICE.RF.10.IMP.M",1,"Misclassification",0.2375
"popmis","MICE.RF.10.IMP.M",1,"Calibration",0.0114612678710567
"popmis","MICE.RF.10.Y.M.IMP.M",1,"AUC",0.827002311325495
"popmis","MICE.RF.10.Y.M.IMP.M",1,"Brier",0.169987217896951
"popmis","MICE.RF.10.Y.M.IMP.M",1,"Misclassification",0.265
"popmis","MICE.RF.10.Y.M.IMP.M",1,"Calibration",0.0116142152868158
"popmis","Mean.IMP",1,"AUC",0.81368706662647
"popmis","Mean.IMP",1,"Brier",0.176219298847967
"popmis","Mean.IMP",1,"Misclassification",0.2675
"popmis","Mean.IMP",1,"Calibration",0.0103460938719394
"popmis","Mean.IMP.M",1,"AUC",0.815772284192543
"popmis","Mean.IMP.M",1,"Brier",0.175529608634726
"popmis","Mean.IMP.M",1,"Misclassification",0.2725
"popmis","Mean.IMP.M",1,"Calibration",0.0117448416196363
"popmis","05.IMP",1,"AUC",0.76241081298362
"popmis","05.IMP",1,"Brier",0.197317037205518
"popmis","05.IMP",1,"Misclassification",0.3025
"popmis","05.IMP",1,"Calibration",0.0104038101326281
"popmis","05.IMP.M",1,"AUC",0.815772284192543
"popmis","05.IMP.M",1,"Brier",0.175529608634727
"popmis","05.IMP.M",1,"Misclassification",0.2725
"popmis","05.IMP.M",1,"Calibration",0.0117448416196365
"popmis","PbP",1,"AUC",0.820319565872777
"popmis","PbP",1,"Brier",0.172621977268915
"popmis","PbP",1,"Misclassification",0.26
"popmis","PbP",1,"Calibration",0.0104906805473275
"popmis","SAEM",2,"AUC",0.825405162064826
"popmis","SAEM",2,"Brier",0.170996557138489
"popmis","SAEM",2,"Misclassification",0.26
"popmis","SAEM",2,"Calibration",0.00960086499224494
"popmis","MICE.10.IMP",2,"AUC",0.808523409363746
"popmis","MICE.10.IMP",2,"Brier",0.179795937561275
"popmis","MICE.10.IMP",2,"Misclassification",0.27
"popmis","MICE.10.IMP",2,"Calibration",0.00976822970829633
"popmis","MICE.10.Y.M.IMP",2,"AUC",0.817351940776311
"popmis","MICE.10.Y.M.IMP",2,"Brier",0.174610119673561
"popmis","MICE.10.Y.M.IMP",2,"Misclassification",0.2775
"popmis","MICE.10.Y.M.IMP",2,"Calibration",0.00980956308391295
"popmis","MICE.RF.10.IMP",2,"AUC",0.842887154861945
"popmis","MICE.RF.10.IMP",2,"Brier",0.163803431257129
"popmis","MICE.RF.10.IMP",2,"Misclassification",0.2375
"popmis","MICE.RF.10.IMP",2,"Calibration",0.0122989677559798
"popmis","MICE.RF.10.Y.M.IMP",2,"AUC",0.838185274109644
"popmis","MICE.RF.10.Y.M.IMP",2,"Brier",0.164084050511144
"popmis","MICE.RF.10.Y.M.IMP",2,"Misclassification",0.27
"popmis","MICE.RF.10.Y.M.IMP",2,"Calibration",0.0103461905450234
"popmis","MICE.10.IMP.M",2,"AUC",0.808448379351741
"popmis","MICE.10.IMP.M",2,"Brier",0.179724809168702
"popmis","MICE.10.IMP.M",2,"Misclassification",0.2625
"popmis","MICE.10.IMP.M",2,"Calibration",0.0105867541034872
"popmis","MICE.10.Y.M.IMP.M",2,"AUC",0.820453181272509
"popmis","MICE.10.Y.M.IMP.M",2,"Brier",0.172464558488055
"popmis","MICE.10.Y.M.IMP.M",2,"Misclassification",0.265
"popmis","MICE.10.Y.M.IMP.M",2,"Calibration",0.00785243450093123
"popmis","MICE.RF.10.IMP.M",2,"AUC",0.836184473789516
"popmis","MICE.RF.10.IMP.M",2,"Brier",0.166426006191838
"popmis","MICE.RF.10.IMP.M",2,"Misclassification",0.2575
"popmis","MICE.RF.10.IMP.M",2,"Calibration",0.0115142698189676
"popmis","MICE.RF.10.Y.M.IMP.M",2,"AUC",0.834033613445378
"popmis","MICE.RF.10.Y.M.IMP.M",2,"Brier",0.166088523554217
"popmis","MICE.RF.10.Y.M.IMP.M",2,"Misclassification",0.255
"popmis","MICE.RF.10.Y.M.IMP.M",2,"Calibration",0.00896791968091926
"popmis","Mean.IMP",2,"AUC",0.813775510204082
"popmis","Mean.IMP",2,"Brier",0.176054306701183
"popmis","Mean.IMP",2,"Misclassification",0.285
"popmis","Mean.IMP",2,"Calibration",0.00859853432813132
"popmis","Mean.IMP.M",2,"AUC",0.809948979591837
"popmis","Mean.IMP.M",2,"Brier",0.177005764413073
"popmis","Mean.IMP.M",2,"Misclassification",0.2825
"popmis","Mean.IMP.M",2,"Calibration",0.00862590947463154
"popmis","05.IMP",2,"AUC",0.746998799519808
"popmis","05.IMP",2,"Brier",0.204038738424495
"popmis","05.IMP",2,"Misclassification",0.305
"popmis","05.IMP",2,"Calibration",0.0097434139092385
"popmis","05.IMP.M",2,"AUC",0.809948979591837
"popmis","05.IMP.M",2,"Brier",0.177005764413073
"popmis","05.IMP.M",2,"Misclassification",0.2825
"popmis","05.IMP.M",2,"Calibration",0.00862590947463157
"popmis","PbP",2,"AUC",0.82390456182473
"popmis","PbP",2,"Brier",0.17117599871922
"popmis","PbP",2,"Misclassification",0.265
"popmis","PbP",2,"Calibration",0.00960336873773401
"popmis","SAEM",3,"AUC",0.81848655409631
"popmis","SAEM",3,"Brier",0.17406268657404
"popmis","SAEM",3,"Misclassification",0.275
"popmis","SAEM",3,"Calibration",0.00864089833810841
"popmis","MICE.10.IMP",3,"AUC",0.806128830519074
"popmis","MICE.10.IMP",3,"Brier",0.180872869239368
"popmis","MICE.10.IMP",3,"Misclassification",0.285
"popmis","MICE.10.IMP",3,"Calibration",0.012612968671793
"popmis","MICE.10.Y.M.IMP",3,"AUC",0.814083802376485
"popmis","MICE.10.Y.M.IMP",3,"Brier",0.176229655643528
"popmis","MICE.10.Y.M.IMP",3,"Misclassification",0.28
"popmis","MICE.10.Y.M.IMP",3,"Calibration",0.00907681009672204
"popmis","MICE.RF.10.IMP",3,"AUC",0.82801751094434
"popmis","MICE.RF.10.IMP",3,"Brier",0.170398730293728
"popmis","MICE.RF.10.IMP",3,"Misclassification",0.285
"popmis","MICE.RF.10.IMP",3,"Calibration",0.0143415284836921
"popmis","MICE.RF.10.Y.M.IMP",3,"AUC",0.820437773608505
"popmis","MICE.RF.10.Y.M.IMP",3,"Brier",0.172245734356788
"popmis","MICE.RF.10.Y.M.IMP",3,"Misclassification",0.2775
"popmis","MICE.RF.10.Y.M.IMP",3,"Calibration",0.00866045896017942
"popmis","MICE.10.IMP.M",3,"AUC",0.805803627267042
"popmis","MICE.10.IMP.M",3,"Brier",0.181523426903444
"popmis","MICE.10.IMP.M",3,"Misclassification",0.275
"popmis","MICE.10.IMP.M",3,"Calibration",0.0127852209982036
"popmis","MICE.10.Y.M.IMP.M",3,"AUC",0.820387742338962
"popmis","MICE.10.Y.M.IMP.M",3,"Brier",0.173575943217896
"popmis","MICE.10.Y.M.IMP.M",3,"Misclassification",0.28
"popmis","MICE.10.Y.M.IMP.M",3,"Calibration",0.00886884219840034
"popmis","MICE.RF.10.IMP.M",3,"AUC",0.830769230769231
"popmis","MICE.RF.10.IMP.M",3,"Brier",0.16887203541193
"popmis","MICE.RF.10.IMP.M",3,"Misclassification",0.2875
"popmis","MICE.RF.10.IMP.M",3,"Calibration",0.0145111680194998
"popmis","MICE.RF.10.Y.M.IMP.M",3,"AUC",0.826241400875547
"popmis","MICE.RF.10.Y.M.IMP.M",3,"Brier",0.169839621164319
"popmis","MICE.RF.10.Y.M.IMP.M",3,"Misclassification",0.275
"popmis","MICE.RF.10.Y.M.IMP.M",3,"Calibration",0.00776471007530194
"popmis","Mean.IMP",3,"AUC",0.811432145090682
"popmis","Mean.IMP",3,"Brier",0.176818941889652
"popmis","Mean.IMP",3,"Misclassification",0.275
"popmis","Mean.IMP",3,"Calibration",0.00951872396853237
"popmis","Mean.IMP.M",3,"AUC",0.812457786116323
"popmis","Mean.IMP.M",3,"Brier",0.176431175384207
"popmis","Mean.IMP.M",3,"Misclassification",0.2825
"popmis","Mean.IMP.M",3,"Calibration",0.010013635599317
"popmis","05.IMP",3,"AUC",0.750268918073796
"popmis","05.IMP",3,"Brier",0.203337494052954
"popmis","05.IMP",3,"Misclassification",0.305
"popmis","05.IMP",3,"Calibration",0.0111378456819143
"popmis","05.IMP.M",3,"AUC",0.812457786116323
"popmis","05.IMP.M",3,"Brier",0.176431175384207
"popmis","05.IMP.M",3,"Misclassification",0.2825
"popmis","05.IMP.M",3,"Calibration",0.0100136355993171
"popmis","PbP",3,"AUC",0.814709193245779
"popmis","PbP",3,"Brier",0.175064319410174
"popmis","PbP",3,"Misclassification",0.275
"popmis","PbP",3,"Calibration",0.00793065191036474
"popmis","SAEM",4,"AUC",0.834932386492408
"popmis","SAEM",4,"Brier",0.164480643062706
"popmis","SAEM",4,"Misclassification",0.24
"popmis","SAEM",4,"Calibration",0.009855248869199
"popmis","MICE.10.IMP",4,"AUC",0.825967616025786
"popmis","MICE.10.IMP",4,"Brier",0.171147250907114
"popmis","MICE.10.IMP",4,"Misclassification",0.26
"popmis","MICE.10.IMP",4,"Calibration",0.0113661279133633
"popmis","MICE.10.Y.M.IMP",4,"AUC",0.829744906952734
"popmis","MICE.10.Y.M.IMP",4,"Brier",0.167103326308269
"popmis","MICE.10.Y.M.IMP",4,"Misclassification",0.26
"popmis","MICE.10.Y.M.IMP",4,"Calibration",0.0108191080152408
"popmis","MICE.RF.10.IMP",4,"AUC",0.853214474578832
"popmis","MICE.RF.10.IMP",4,"Brier",0.157402359255584
"popmis","MICE.RF.10.IMP",4,"Misclassification",0.2225
"popmis","MICE.RF.10.IMP",4,"Calibration",0.0110299515637272
"popmis","MICE.RF.10.Y.M.IMP",4,"AUC",0.840396867366725
"popmis","MICE.RF.10.Y.M.IMP",4,"Brier",0.162039714924277
"popmis","MICE.RF.10.Y.M.IMP",4,"Misclassification",0.26
"popmis","MICE.RF.10.Y.M.IMP",4,"Calibration",0.00845436919201978
"popmis","MICE.10.IMP.M",4,"AUC",0.822215507038352
"popmis","MICE.10.IMP.M",4,"Brier",0.172207109721017
"popmis","MICE.10.IMP.M",4,"Misclassification",0.2625
"popmis","MICE.10.IMP.M",4,"Calibration",0.0119628658089332
"popmis","MICE.10.Y.M.IMP.M",4,"AUC",0.824859610687215
"popmis","MICE.10.Y.M.IMP.M",4,"Brier",0.16908559498497
"popmis","MICE.10.Y.M.IMP.M",4,"Misclassification",0.2675
"popmis","MICE.10.Y.M.IMP.M",4,"Calibration",0.0107567206262287
"popmis","MICE.RF.10.IMP.M",4,"AUC",0.85573266853013
"popmis","MICE.RF.10.IMP.M",4,"Brier",0.156161368809321
"popmis","MICE.RF.10.IMP.M",4,"Misclassification",0.2375
"popmis","MICE.RF.10.IMP.M",4,"Calibration",0.0105023586271098
"popmis","MICE.RF.10.Y.M.IMP.M",4,"AUC",0.844023066656594
"popmis","MICE.RF.10.Y.M.IMP.M",4,"Brier",0.160202774644155
"popmis","MICE.RF.10.Y.M.IMP.M",4,"Misclassification",0.2625
"popmis","MICE.RF.10.Y.M.IMP.M",4,"Calibration",0.0104046252735074
"popmis","Mean.IMP",4,"AUC",0.832464556420136
"popmis","Mean.IMP",4,"Brier",0.166900246778253
"popmis","Mean.IMP",4,"Misclassification",0.2625
"popmis","Mean.IMP",4,"Calibration",0.0107777658020564
"popmis","Mean.IMP.M",4,"AUC",0.825640250812118
"popmis","Mean.IMP.M",4,"Brier",0.16910996281115
"popmis","Mean.IMP.M",4,"Misclassification",0.2675
"popmis","Mean.IMP.M",4,"Calibration",0.0124533546754868
"popmis","05.IMP",4,"AUC",0.770542167157715
"popmis","05.IMP",4,"Brier",0.194033975152859
"popmis","05.IMP",4,"Misclassification",0.3175
"popmis","05.IMP",4,"Calibration",0.0106831064298376
"popmis","05.IMP.M",4,"AUC",0.825640250812118
"popmis","05.IMP.M",4,"Brier",0.16910996281115
"popmis","05.IMP.M",4,"Misclassification",0.2675
"popmis","05.IMP.M",4,"Calibration",0.0124533546754867
"popmis","PbP",4,"AUC",0.83216237314598
"popmis","PbP",4,"Brier",0.165589837796738
"popmis","PbP",4,"Misclassification",0.265
"popmis","PbP",4,"Calibration",0.0107075221153738
"popmis","SAEM",5,"AUC",0.819181918191819
"popmis","SAEM",5,"Brier",0.17439485371704
"popmis","SAEM",5,"Misclassification",0.2625
"popmis","SAEM",5,"Calibration",0.0126143550636385
"popmis","MICE.10.IMP",5,"AUC",0.810631063106311
"popmis","MICE.10.IMP",5,"Brier",0.178730518232646
"popmis","MICE.10.IMP",5,"Misclassification",0.2675
"popmis","MICE.10.IMP",5,"Calibration",0.0105152008159672
"popmis","MICE.10.Y.M.IMP",5,"AUC",0.81000600060006
"popmis","MICE.10.Y.M.IMP",5,"Brier",0.178295240476065
"popmis","MICE.10.Y.M.IMP",5,"Misclassification",0.26
"popmis","MICE.10.Y.M.IMP",5,"Calibration",0.0102621188570264
"popmis","MICE.RF.10.IMP",5,"AUC",0.836158615861586
"popmis","MICE.RF.10.IMP",5,"Brier",0.166796620207659
"popmis","MICE.RF.10.IMP",5,"Misclassification",0.2475
"popmis","MICE.RF.10.IMP",5,"Calibration",0.00869093145256097
"popmis","MICE.RF.10.Y.M.IMP",5,"AUC",0.824157415741574
"popmis","MICE.RF.10.Y.M.IMP",5,"Brier",0.171263898724851
"popmis","MICE.RF.10.Y.M.IMP",5,"Misclassification",0.2525
"popmis","MICE.RF.10.Y.M.IMP",5,"Calibration",0.00917214445351799
"popmis","MICE.10.IMP.M",5,"AUC",0.812056205620562
"popmis","MICE.10.IMP.M",5,"Brier",0.178194532661389
"popmis","MICE.10.IMP.M",5,"Misclassification",0.27
"popmis","MICE.10.IMP.M",5,"Calibration",0.00963919561357562
"popmis","MICE.10.Y.M.IMP.M",5,"AUC",0.821332133213321
"popmis","MICE.10.Y.M.IMP.M",5,"Brier",0.172947327152872
"popmis","MICE.10.Y.M.IMP.M",5,"Misclassification",0.2725
"popmis","MICE.10.Y.M.IMP.M",5,"Calibration",0.00936796207350724
"popmis","MICE.RF.10.IMP.M",5,"AUC",0.843034303430343
"popmis","MICE.RF.10.IMP.M",5,"Brier",0.163488723576036
"popmis","MICE.RF.10.IMP.M",5,"Misclassification",0.25
"popmis","MICE.RF.10.IMP.M",5,"Calibration",0.0130512770886446
"popmis","MICE.RF.10.Y.M.IMP.M",5,"AUC",0.827707770777078
"popmis","MICE.RF.10.Y.M.IMP.M",5,"Brier",0.16887106683853
"popmis","MICE.RF.10.Y.M.IMP.M",5,"Misclassification",0.26
"popmis","MICE.RF.10.Y.M.IMP.M",5,"Calibration",0.010574839046768
"popmis","Mean.IMP",5,"AUC",0.805180518051805
"popmis","Mean.IMP",5,"Brier",0.179892223489609
"popmis","Mean.IMP",5,"Misclassification",0.2775
"popmis","Mean.IMP",5,"Calibration",0.012388288228777
"popmis","Mean.IMP.M",5,"AUC",0.805305530553055
"popmis","Mean.IMP.M",5,"Brier",0.179228385690712
"popmis","Mean.IMP.M",5,"Misclassification",0.27
"popmis","Mean.IMP.M",5,"Calibration",0.0117743585372148
"popmis","05.IMP",5,"AUC",0.772127212721272
"popmis","05.IMP",5,"Brier",0.1951455238611
"popmis","05.IMP",5,"Misclassification",0.2925
"popmis","05.IMP",5,"Calibration",0.0104169259337589
"popmis","05.IMP.M",5,"AUC",0.805305530553055
"popmis","05.IMP.M",5,"Brier",0.179228385690712
"popmis","05.IMP.M",5,"Misclassification",0.27
"popmis","05.IMP.M",5,"Calibration",0.0117743585372147
"popmis","PbP",5,"AUC",0.817431743174317
"popmis","PbP",5,"Brier",0.174704007780078
"popmis","PbP",5,"Misclassification",0.2675
"popmis","PbP",5,"Calibration",0.0115941099932124
"popmis","SAEM",6,"AUC",0.84814062539181
"popmis","SAEM",6,"Brier",0.160823768713235
"popmis","SAEM",6,"Misclassification",0.235
"popmis","SAEM",6,"Calibration",0.0111599556590669
"popmis","MICE.10.IMP",6,"AUC",0.838135359462374
"popmis","MICE.10.IMP",6,"Brier",0.169177624686332
"popmis","MICE.10.IMP",6,"Misclassification",0.23
"popmis","MICE.10.IMP",6,"Calibration",0.0132953198765781
"popmis","MICE.10.Y.M.IMP",6,"AUC",0.838110283607914
"popmis","MICE.10.Y.M.IMP",6,"Brier",0.165561303713654
"popmis","MICE.10.Y.M.IMP",6,"Misclassification",0.2475
"popmis","MICE.10.Y.M.IMP",6,"Calibration",0.0103527189549172
"popmis","MICE.RF.10.IMP",6,"AUC",0.864239323954964
"popmis","MICE.RF.10.IMP",6,"Brier",0.156459133839024
"popmis","MICE.RF.10.IMP",6,"Misclassification",0.215
"popmis","MICE.RF.10.IMP",6,"Calibration",0.0142201035543146
"popmis","MICE.RF.10.Y.M.IMP",6,"AUC",0.852930113593621
"popmis","MICE.RF.10.Y.M.IMP",6,"Brier",0.158408758410163
"popmis","MICE.RF.10.Y.M.IMP",6,"Misclassification",0.23
"popmis","MICE.RF.10.Y.M.IMP",6,"Calibration",0.00982004645985612
"popmis","MICE.10.IMP.M",6,"AUC",0.831841319992979
"popmis","MICE.10.IMP.M",6,"Brier",0.172211875277762
"popmis","MICE.10.IMP.M",6,"Misclassification",0.245
"popmis","MICE.10.IMP.M",6,"Calibration",0.0130125676237275
"popmis","MICE.10.Y.M.IMP.M",6,"AUC",0.836906642593846
"popmis","MICE.10.Y.M.IMP.M",6,"Brier",0.165515819555544
"popmis","MICE.10.Y.M.IMP.M",6,"Misclassification",0.2475
"popmis","MICE.10.Y.M.IMP.M",6,"Calibration",0.0106929438846653
"popmis","MICE.RF.10.IMP.M",6,"AUC",0.859550139170992
"popmis","MICE.RF.10.IMP.M",6,"Brier",0.157812683563042
"popmis","MICE.RF.10.IMP.M",6,"Misclassification",0.2275
"popmis","MICE.RF.10.IMP.M",6,"Calibration",0.0139304505590706
"popmis","MICE.RF.10.Y.M.IMP.M",6,"AUC",0.846911908523283
"popmis","MICE.RF.10.Y.M.IMP.M",6,"Brier",0.16146725143249
"popmis","MICE.RF.10.Y.M.IMP.M",6,"Misclassification",0.2475
"popmis","MICE.RF.10.Y.M.IMP.M",6,"Calibration",0.00824896453783566
"popmis","Mean.IMP",6,"AUC",0.842197647884852
"popmis","Mean.IMP",6,"Brier",0.165186679975136
"popmis","Mean.IMP",6,"Misclassification",0.2425
"popmis","Mean.IMP",6,"Calibration",0.0120307629754687
"popmis","Mean.IMP.M",6,"AUC",0.8394894556032
"popmis","Mean.IMP.M",6,"Brier",0.16621003333782
"popmis","Mean.IMP.M",6,"Misclassification",0.2575
"popmis","Mean.IMP.M",6,"Calibration",0.0107008966781899
"popmis","05.IMP",6,"AUC",0.771884951979739
"popmis","05.IMP",6,"Brier",0.195251191453976
"popmis","05.IMP",6,"Misclassification",0.29
"popmis","05.IMP",6,"Calibration",0.0107273872812243
"popmis","05.IMP.M",6,"AUC",0.8394894556032
"popmis","05.IMP.M",6,"Brier",0.16621003333782
"popmis","05.IMP.M",6,"Misclassification",0.2575
"popmis","05.IMP.M",6,"Calibration",0.0107008966781898
"popmis","PbP",6,"AUC",0.843100378645402
"popmis","PbP",6,"Brier",0.163716456301493
"popmis","PbP",6,"Misclassification",0.235
"popmis","PbP",6,"Calibration",0.0128404488250218
"popmis","SAEM",7,"AUC",0.804195102368527
"popmis","SAEM",7,"Brier",0.182983153428083
"popmis","SAEM",7,"Misclassification",0.305
"popmis","SAEM",7,"Calibration",0.0152967992991604
"popmis","MICE.10.IMP",7,"AUC",0.798750501806503
"popmis","MICE.10.IMP",7,"Brier",0.184024844019854
"popmis","MICE.10.IMP",7,"Misclassification",0.2825
"popmis","MICE.10.IMP",7,"Calibration",0.0117607478905538
"popmis","MICE.10.Y.M.IMP",7,"AUC",0.795714572460859
"popmis","MICE.10.Y.M.IMP",7,"Brier",0.186271357585693
"popmis","MICE.10.Y.M.IMP",7,"Misclassification",0.2975
"popmis","MICE.10.Y.M.IMP",7,"Calibration",0.0131011252552437
"popmis","MICE.RF.10.IMP",7,"AUC",0.823790646326776
"popmis","MICE.RF.10.IMP",7,"Brier",0.172223427325239
"popmis","MICE.RF.10.IMP",7,"Misclassification",0.2825
"popmis","MICE.RF.10.IMP",7,"Calibration",0.0146065740381105
"popmis","MICE.RF.10.Y.M.IMP",7,"AUC",0.814482135688478
"popmis","MICE.RF.10.Y.M.IMP",7,"Brier",0.17808284747723
"popmis","MICE.RF.10.Y.M.IMP",7,"Misclassification",0.3
"popmis","MICE.RF.10.Y.M.IMP",7,"Calibration",0.0186859393406342
"popmis","MICE.10.IMP.M",7,"AUC",0.802915495784825
"popmis","MICE.10.IMP.M",7,"Brier",0.182469893218096
"popmis","MICE.10.IMP.M",7,"Misclassification",0.2875
"popmis","MICE.10.IMP.M",7,"Calibration",0.0140761580709405
"popmis","MICE.10.Y.M.IMP.M",7,"AUC",0.805800883179446
"popmis","MICE.10.Y.M.IMP.M",7,"Brier",0.181561702333674
"popmis","MICE.10.Y.M.IMP.M",7,"Misclassification",0.2875
"popmis","MICE.10.Y.M.IMP.M",7,"Calibration",0.0109037913420665
"popmis","MICE.RF.10.IMP.M",7,"AUC",0.822686672019269
"popmis","MICE.RF.10.IMP.M",7,"Brier",0.172658085875367
"popmis","MICE.RF.10.IMP.M",7,"Misclassification",0.27
"popmis","MICE.RF.10.IMP.M",7,"Calibration",0.0130698246891655
"popmis","MICE.RF.10.Y.M.IMP.M",7,"AUC",0.814682858289843
"popmis","MICE.RF.10.Y.M.IMP.M",7,"Brier",0.176216328782662
"popmis","MICE.RF.10.Y.M.IMP.M",7,"Misclassification",0.28
"popmis","MICE.RF.10.Y.M.IMP.M",7,"Calibration",0.0146148692877904
"popmis","Mean.IMP",7,"AUC",0.802739863508631
"popmis","Mean.IMP",7,"Brier",0.1823555620602
"popmis","Mean.IMP",7,"Misclassification",0.2775
"popmis","Mean.IMP",7,"Calibration",0.0160039622710999
"popmis","Mean.IMP.M",7,"AUC",0.803467482938579
"popmis","Mean.IMP.M",7,"Brier",0.181536941482551
"popmis","Mean.IMP.M",7,"Misclassification",0.28
"popmis","Mean.IMP.M",7,"Calibration",0.0135939845239687
"popmis","05.IMP",7,"AUC",0.77368526696106
"popmis","05.IMP",7,"Brier",0.194412209921728
"popmis","05.IMP",7,"Misclassification",0.31
"popmis","05.IMP",7,"Calibration",0.0135067278167248
"popmis","05.IMP.M",7,"AUC",0.803467482938579
"popmis","05.IMP.M",7,"Brier",0.181536941482551
"popmis","05.IMP.M",7,"Misclassification",0.28
"popmis","05.IMP.M",7,"Calibration",0.0135939845239688
"popmis","PbP",7,"AUC",0.801560618225612
"popmis","PbP",7,"Brier",0.183514086658084
"popmis","PbP",7,"Misclassification",0.305
"popmis","PbP",7,"Calibration",0.0158256184376998
"popmis","SAEM",8,"AUC",0.827620690517263
"popmis","SAEM",8,"Brier",0.169904967697836
"popmis","SAEM",8,"Misclassification",0.2475
"popmis","SAEM",8,"Calibration",0.0100027594486202
"popmis","MICE.10.IMP",8,"AUC",0.811620290507263
"popmis","MICE.10.IMP",8,"Brier",0.178967180099038
"popmis","MICE.10.IMP",8,"Misclassification",0.2775
"popmis","MICE.10.IMP",8,"Calibration",0.0126385323578904
"popmis","MICE.10.Y.M.IMP",8,"AUC",0.825345633640841
"popmis","MICE.10.Y.M.IMP",8,"Brier",0.171166075227912
"popmis","MICE.10.Y.M.IMP",8,"Misclassification",0.26
"popmis","MICE.10.Y.M.IMP",8,"Calibration",0.00953625955374138
"popmis","MICE.RF.10.IMP",8,"AUC",0.849946248656216
"popmis","MICE.RF.10.IMP",8,"Brier",0.160824830822746
"popmis","MICE.RF.10.IMP",8,"Misclassification",0.2425
"popmis","MICE.RF.10.IMP",8,"Calibration",0.0117042475551035
"popmis","MICE.RF.10.Y.M.IMP",8,"AUC",0.822695567389185
"popmis","MICE.RF.10.Y.M.IMP",8,"Brier",0.171868371320545
"popmis","MICE.RF.10.Y.M.IMP",8,"Misclassification",0.2575
"popmis","MICE.RF.10.Y.M.IMP",8,"Calibration",0.00911734153603044
"popmis","MICE.10.IMP.M",8,"AUC",0.808745218630466
"popmis","MICE.10.IMP.M",8,"Brier",0.179678466057713
"popmis","MICE.10.IMP.M",8,"Misclassification",0.28
"popmis","MICE.10.IMP.M",8,"Calibration",0.0115659236868308
"popmis","MICE.10.Y.M.IMP.M",8,"AUC",0.821995549888747
"popmis","MICE.10.Y.M.IMP.M",8,"Brier",0.172137607232055
"popmis","MICE.10.Y.M.IMP.M",8,"Misclassification",0.26
"popmis","MICE.10.Y.M.IMP.M",8,"Calibration",0.00905212335201358
"popmis","MICE.RF.10.IMP.M",8,"AUC",0.841971049276232
"popmis","MICE.RF.10.IMP.M",8,"Brier",0.164890179748325
"popmis","MICE.RF.10.IMP.M",8,"Misclassification",0.255
"popmis","MICE.RF.10.IMP.M",8,"Calibration",0.0118092976960408
"popmis","MICE.RF.10.Y.M.IMP.M",8,"AUC",0.831045776144404
"popmis","MICE.RF.10.Y.M.IMP.M",8,"Brier",0.168175011438125
"popmis","MICE.RF.10.Y.M.IMP.M",8,"Misclassification",0.2575
"popmis","MICE.RF.10.Y.M.IMP.M",8,"Calibration",0.0102450584407889
"popmis","Mean.IMP",8,"AUC",0.810070251756294
"popmis","Mean.IMP",8,"Brier",0.178807094267445
"popmis","Mean.IMP",8,"Misclassification",0.2625
"popmis","Mean.IMP",8,"Calibration",0.0127438018983978
"popmis","Mean.IMP.M",8,"AUC",0.811270281757044
"popmis","Mean.IMP.M",8,"Brier",0.177744141605079
"popmis","Mean.IMP.M",8,"Misclassification",0.2725
"popmis","Mean.IMP.M",8,"Calibration",0.0131893685877854
"popmis","05.IMP",8,"AUC",0.759018975474387
"popmis","05.IMP",8,"Brier",0.200625842122164
"popmis","05.IMP",8,"Misclassification",0.3125
"popmis","05.IMP",8,"Calibration",0.0120178757400676
"popmis","05.IMP.M",8,"AUC",0.811270281757044
"popmis","05.IMP.M",8,"Brier",0.177744141605079
"popmis","05.IMP.M",8,"Misclassification",0.2725
"popmis","05.IMP.M",8,"Calibration",0.0131893685877853
"popmis","PbP",8,"AUC",0.825270631765794
"popmis","PbP",8,"Brier",0.170919547641128
"popmis","PbP",8,"Misclassification",0.26
"popmis","PbP",8,"Calibration",0.0110486799395971
"popmis","SAEM",9,"AUC",0.834212697857018
"popmis","SAEM",9,"Brier",0.165988082385811
"popmis","SAEM",9,"Misclassification",0.2525
"popmis","SAEM",9,"Calibration",0.0100138548945823
"popmis","MICE.10.IMP",9,"AUC",0.831887174614288
"popmis","MICE.10.IMP",9,"Brier",0.170777802344815
"popmis","MICE.10.IMP",9,"Misclassification",0.25
"popmis","MICE.10.IMP",9,"Calibration",0.0134294295010615
"popmis","MICE.10.Y.M.IMP",9,"AUC",0.827861268785477
"popmis","MICE.10.Y.M.IMP",9,"Brier",0.169204795272562
"popmis","MICE.10.Y.M.IMP",9,"Misclassification",0.2575
"popmis","MICE.10.Y.M.IMP",9,"Calibration",0.00917581677024626
"popmis","MICE.RF.10.IMP",9,"AUC",0.860268560426096
"popmis","MICE.RF.10.IMP",9,"Brier",0.155763261606146
"popmis","MICE.RF.10.IMP",9,"Misclassification",0.2325
"popmis","MICE.RF.10.IMP",9,"Calibration",0.0127293023910189
"popmis","MICE.RF.10.Y.M.IMP",9,"AUC",0.839338851241529
"popmis","MICE.RF.10.Y.M.IMP",9,"Brier",0.163722345279427
"popmis","MICE.RF.10.Y.M.IMP",9,"Misclassification",0.2475
"popmis","MICE.RF.10.Y.M.IMP",9,"Calibration",0.0101781076724314
"popmis","MICE.10.IMP.M",9,"AUC",0.834062664099422
"popmis","MICE.10.IMP.M",9,"Brier",0.169921705106146
"popmis","MICE.10.IMP.M",9,"Misclassification",0.2575
"popmis","MICE.10.IMP.M",9,"Calibration",0.016982370837426
"popmis","MICE.10.Y.M.IMP.M",9,"AUC",0.825960841189268
"popmis","MICE.10.Y.M.IMP.M",9,"Brier",0.17069024791974
"popmis","MICE.10.Y.M.IMP.M",9,"Misclassification",0.275
"popmis","MICE.10.Y.M.IMP.M",9,"Calibration",0.0107173848663421
"popmis","MICE.RF.10.IMP.M",9,"AUC",0.866594983871371
"popmis","MICE.RF.10.IMP.M",9,"Brier",0.152836588199347
"popmis","MICE.RF.10.IMP.M",9,"Misclassification",0.23
"popmis","MICE.RF.10.IMP.M",9,"Calibration",0.0122178159529771
"popmis","MICE.RF.10.Y.M.IMP.M",9,"AUC",0.837188367382661
"popmis","MICE.RF.10.Y.M.IMP.M",9,"Brier",0.165429662867071
"popmis","MICE.RF.10.Y.M.IMP.M",9,"Misclassification",0.265
"popmis","MICE.RF.10.Y.M.IMP.M",9,"Calibration",0.0096621939426878
"popmis","Mean.IMP",9,"AUC",0.831862168988022
"popmis","Mean.IMP",9,"Brier",0.167531628638656
"popmis","Mean.IMP",9,"Misclassification",0.2525
"popmis","Mean.IMP",9,"Calibration",0.00824425816103586
"popmis","Mean.IMP.M",9,"AUC",0.829511640119027
"popmis","Mean.IMP.M",9,"Brier",0.168253638563139
"popmis","Mean.IMP.M",9,"Misclassification",0.27
"popmis","Mean.IMP.M",9,"Calibration",0.0111203889372498
"popmis","05.IMP",9,"AUC",0.773924132929909
"popmis","05.IMP",9,"Brier",0.193590866482369
"popmis","05.IMP",9,"Misclassification",0.2825
"popmis","05.IMP",9,"Calibration",0.0113206744316862
"popmis","05.IMP.M",9,"AUC",0.829511640119027
"popmis","05.IMP.M",9,"Brier",0.168253638563139
"popmis","05.IMP.M",9,"Misclassification",0.27
"popmis","05.IMP.M",9,"Calibration",0.0111203889372497
"popmis","PbP",9,"AUC",0.834862844139932
"popmis","PbP",9,"Brier",0.166130821296878
"popmis","PbP",9,"Misclassification",0.2525
"popmis","PbP",9,"Calibration",0.0105182603556965
"popmis","SAEM",10,"AUC",0.818211390251226
"popmis","SAEM",10,"Brier",0.174062231868751
"popmis","SAEM",10,"Misclassification",0.285
"popmis","SAEM",10,"Calibration",0.00961155771091116
"popmis","MICE.10.IMP",10,"AUC",0.81275648083275
"popmis","MICE.10.IMP",10,"Brier",0.176865572665869
"popmis","MICE.10.IMP",10,"Misclassification",0.255
"popmis","MICE.10.IMP",10,"Calibration",0.0102645567042549
"popmis","MICE.10.Y.M.IMP",10,"AUC",0.808777900110099
"popmis","MICE.10.Y.M.IMP",10,"Brier",0.178864488797517
"popmis","MICE.10.Y.M.IMP",10,"Misclassification",0.2925
"popmis","MICE.10.Y.M.IMP",10,"Calibration",0.0137438655482174
"popmis","MICE.RF.10.IMP",10,"AUC",0.835727154438995
"popmis","MICE.RF.10.IMP",10,"Brier",0.165695010195179
"popmis","MICE.RF.10.IMP",10,"Misclassification",0.2525
"popmis","MICE.RF.10.IMP",10,"Calibration",0.0115148487258604
"popmis","MICE.RF.10.Y.M.IMP",10,"AUC",0.825467921129016
"popmis","MICE.RF.10.Y.M.IMP",10,"Brier",0.170571749094323
"popmis","MICE.RF.10.Y.M.IMP",10,"Misclassification",0.28
"popmis","MICE.RF.10.Y.M.IMP",10,"Calibration",0.0129751473762517
"popmis","MICE.10.IMP.M",10,"AUC",0.812906615954359
"popmis","MICE.10.IMP.M",10,"Brier",0.1767680900171
"popmis","MICE.10.IMP.M",10,"Misclassification",0.255
"popmis","MICE.10.IMP.M",10,"Calibration",0.0105391545980932
"popmis","MICE.10.Y.M.IMP.M",10,"AUC",0.814257832048844
"popmis","MICE.10.Y.M.IMP.M",10,"Brier",0.176443677782489
"popmis","MICE.10.Y.M.IMP.M",10,"Misclassification",0.2625
"popmis","MICE.10.Y.M.IMP.M",10,"Calibration",0.0117815992701668
"popmis","MICE.RF.10.IMP.M",10,"AUC",0.841607446702032
"popmis","MICE.RF.10.IMP.M",10,"Brier",0.163288423778087
"popmis","MICE.RF.10.IMP.M",10,"Misclassification",0.2575
"popmis","MICE.RF.10.IMP.M",10,"Calibration",0.0146226828931629
"popmis","MICE.RF.10.Y.M.IMP.M",10,"AUC",0.822815533980582
"popmis","MICE.RF.10.Y.M.IMP.M",10,"Brier",0.171499177300246
"popmis","MICE.RF.10.Y.M.IMP.M",10,"Misclassification",0.2875
"popmis","MICE.RF.10.Y.M.IMP.M",10,"Calibration",0.0114888876082128
"popmis","Mean.IMP",10,"AUC",0.820238214392954
"popmis","Mean.IMP",10,"Brier",0.173225545273102
"popmis","Mean.IMP",10,"Misclassification",0.2825
"popmis","Mean.IMP",10,"Calibration",0.0108734678345384
"popmis","Mean.IMP.M",10,"AUC",0.819987989190271
"popmis","Mean.IMP.M",10,"Brier",0.172981256242298
"popmis","Mean.IMP.M",10,"Misclassification",0.2725
"popmis","Mean.IMP.M",10,"Calibration",0.0119087398617143
"popmis","05.IMP",10,"AUC",0.764638174356921
"popmis","05.IMP",10,"Brier",0.197006998159075
"popmis","05.IMP",10,"Misclassification",0.29
"popmis","05.IMP",10,"Calibration",0.00936733846748528
"popmis","05.IMP.M",10,"AUC",0.819987989190271
"popmis","05.IMP.M",10,"Brier",0.172981256242298
"popmis","05.IMP.M",10,"Misclassification",0.2725
"popmis","05.IMP.M",10,"Calibration",0.0119087398617143
"popmis","PbP",10,"AUC",0.82086377739966
"popmis","PbP",10,"Brier",0.173475115713387
"popmis","PbP",10,"Misclassification",0.2775
"popmis","PbP",10,"Calibration",0.0109539677787913
"popmis","SAEM",11,"AUC",0.813971089078937
"popmis","SAEM",11,"Brier",0.173642669496052
"popmis","SAEM",11,"Misclassification",0.2575
"popmis","SAEM",11,"Calibration",0.0100571686596793
"popmis","MICE.10.IMP",11,"AUC",0.819546406317011
"popmis","MICE.10.IMP",11,"Brier",0.173830419933725
"popmis","MICE.10.IMP",11,"Misclassification",0.255
"popmis","MICE.10.IMP",11,"Calibration",0.0108828665533981
"popmis","MICE.10.Y.M.IMP",11,"AUC",0.806100052978128
"popmis","MICE.10.Y.M.IMP",11,"Brier",0.177402768573024
"popmis","MICE.10.Y.M.IMP",11,"Misclassification",0.275
"popmis","MICE.10.Y.M.IMP",11,"Calibration",0.0112165615743166
"popmis","MICE.RF.10.IMP",11,"AUC",0.856202225081359
"popmis","MICE.RF.10.IMP",11,"Brier",0.156214328334942
"popmis","MICE.RF.10.IMP",11,"Misclassification",0.2175
"popmis","MICE.RF.10.IMP",11,"Calibration",0.0127452860645053
"popmis","MICE.RF.10.Y.M.IMP",11,"AUC",0.81684704457731
"popmis","MICE.RF.10.Y.M.IMP",11,"Brier",0.173297193479757
"popmis","MICE.RF.10.Y.M.IMP",11,"Misclassification",0.2725
"popmis","MICE.RF.10.Y.M.IMP",11,"Calibration",0.0128670132740121
"popmis","MICE.10.IMP.M",11,"AUC",0.815509977547365
"popmis","MICE.10.IMP.M",11,"Brier",0.175430738485873
"popmis","MICE.10.IMP.M",11,"Misclassification",0.27
"popmis","MICE.10.IMP.M",11,"Calibration",0.0111119735509979
"popmis","MICE.10.Y.M.IMP.M",11,"AUC",0.817376825853326
"popmis","MICE.10.Y.M.IMP.M",11,"Brier",0.172800647487188
"popmis","MICE.10.Y.M.IMP.M",11,"Misclassification",0.2725
"popmis","MICE.10.Y.M.IMP.M",11,"Calibration",0.0146217130637685
"popmis","MICE.RF.10.IMP.M",11,"AUC",0.848709604177704
"popmis","MICE.RF.10.IMP.M",11,"Brier",0.160606315520743
"popmis","MICE.RF.10.IMP.M",11,"Misclassification",0.2375
"popmis","MICE.RF.10.IMP.M",11,"Calibration",0.0135342568673685
"popmis","MICE.RF.10.Y.M.IMP.M",11,"AUC",0.818411160725548
"popmis","MICE.RF.10.Y.M.IMP.M",11,"Brier",0.171726570010395
"popmis","MICE.RF.10.Y.M.IMP.M",11,"Misclassification",0.2825
"popmis","MICE.RF.10.Y.M.IMP.M",11,"Calibration",0.0108693764474812
"popmis","Mean.IMP",11,"AUC",0.818991397361185
"popmis","Mean.IMP",11,"Brier",0.171014216225341
"popmis","Mean.IMP",11,"Misclassification",0.2425
"popmis","Mean.IMP",11,"Calibration",0.0104397593999171
"popmis","Mean.IMP.M",11,"AUC",0.816947955296551
"popmis","Mean.IMP.M",11,"Brier",0.171846346563809
"popmis","Mean.IMP.M",11,"Misclassification",0.27
"popmis","Mean.IMP.M",11,"Calibration",0.00846437520917157
"popmis","05.IMP",11,"AUC",0.760639773959989
"popmis","05.IMP",11,"Brier",0.197034790469602
"popmis","05.IMP",11,"Misclassification",0.3
"popmis","05.IMP",11,"Calibration",0.00955799895604595
"popmis","05.IMP.M",11,"AUC",0.816947955296551
"popmis","05.IMP.M",11,"Brier",0.171846346563809
"popmis","05.IMP.M",11,"Misclassification",0.27
"popmis","05.IMP.M",11,"Calibration",0.00846437520917157
"popmis","PbP",11,"AUC",0.804914352027044
"popmis","PbP",11,"Brier",0.177663442112762
"popmis","PbP",11,"Misclassification",0.2825
"popmis","PbP",11,"Calibration",0.00869878851492922
"popmis","SAEM",12,"AUC",0.784561087331982
"popmis","SAEM",12,"Brier",0.190714258779095
"popmis","SAEM",12,"Misclassification",0.3125
"popmis","SAEM",12,"Calibration",0.0114637998718719
"popmis","MICE.10.IMP",12,"AUC",0.768366248654602
"popmis","MICE.10.IMP",12,"Brier",0.195454830108063
"popmis","MICE.10.IMP",12,"Misclassification",0.305
"popmis","MICE.10.IMP",12,"Calibration",0.0103704641125132
"popmis","MICE.10.Y.M.IMP",12,"AUC",0.774098270381217
"popmis","MICE.10.Y.M.IMP",12,"Brier",0.196003913713637
"popmis","MICE.10.Y.M.IMP",12,"Misclassification",0.3025
"popmis","MICE.10.Y.M.IMP",12,"Calibration",0.0104304611839084
"popmis","MICE.RF.10.IMP",12,"AUC",0.800230282095567
"popmis","MICE.RF.10.IMP",12,"Brier",0.181226072488651
"popmis","MICE.RF.10.IMP",12,"Misclassification",0.275
"popmis","MICE.RF.10.IMP",12,"Calibration",0.00900540718250814
"popmis","MICE.RF.10.Y.M.IMP",12,"AUC",0.79202022477535
"popmis","MICE.RF.10.Y.M.IMP",12,"Brier",0.186050515226605
"popmis","MICE.RF.10.Y.M.IMP",12,"Misclassification",0.31
"popmis","MICE.RF.10.Y.M.IMP",12,"Calibration",0.0134021913086507
"popmis","MICE.10.IMP.M",12,"AUC",0.77184551075067
"popmis","MICE.10.IMP.M",12,"Brier",0.193776751250409
"popmis","MICE.10.IMP.M",12,"Misclassification",0.2975
"popmis","MICE.10.IMP.M",12,"Calibration",0.0104884260184868
"popmis","MICE.10.Y.M.IMP.M",12,"AUC",0.771294836174313
"popmis","MICE.10.Y.M.IMP.M",12,"Brier",0.197050662055044
"popmis","MICE.10.Y.M.IMP.M",12,"Misclassification",0.32
"popmis","MICE.10.Y.M.IMP.M",12,"Calibration",0.0141623885638295
"popmis","MICE.RF.10.IMP.M",12,"AUC",0.807589296888689
"popmis","MICE.RF.10.IMP.M",12,"Brier",0.178107683822909
"popmis","MICE.RF.10.IMP.M",12,"Misclassification",0.2825
"popmis","MICE.RF.10.IMP.M",12,"Calibration",0.0091370522634617
"popmis","MICE.RF.10.Y.M.IMP.M",12,"AUC",0.794323045731021
"popmis","MICE.RF.10.Y.M.IMP.M",12,"Brier",0.18553064108335
"popmis","MICE.RF.10.Y.M.IMP.M",12,"Misclassification",0.2875
"popmis","MICE.RF.10.Y.M.IMP.M",12,"Calibration",0.0121411807374948
"popmis","Mean.IMP",12,"AUC",0.770719130935396
"popmis","Mean.IMP",12,"Brier",0.194539510948442
"popmis","Mean.IMP",12,"Misclassification",0.3075
"popmis","Mean.IMP",12,"Calibration",0.0125085949072144
"popmis","Mean.IMP.M",12,"AUC",0.773447473154614
"popmis","Mean.IMP.M",12,"Brier",0.193116567294413
"popmis","Mean.IMP.M",12,"Misclassification",0.3075
"popmis","Mean.IMP.M",12,"Calibration",0.013499850813539
"popmis","05.IMP",12,"AUC",0.730870316137268
"popmis","05.IMP",12,"Brier",0.210676277222974
"popmis","05.IMP",12,"Misclassification",0.305
"popmis","05.IMP",12,"Calibration",0.0127831542783802
"popmis","05.IMP.M",12,"AUC",0.773447473154614
"popmis","05.IMP.M",12,"Brier",0.193116567294413
"popmis","05.IMP.M",12,"Misclassification",0.3075
"popmis","05.IMP.M",12,"Calibration",0.0134998508135389
"popmis","PbP",12,"AUC",0.786263172386173
"popmis","PbP",12,"Brier",0.189782268409137
"popmis","PbP",12,"Misclassification",0.3025
"popmis","PbP",12,"Calibration",0.012236069755267
"popmis","SAEM",13,"AUC",0.813353071055801
"popmis","SAEM",13,"Brier",0.176084800904251
"popmis","SAEM",13,"Misclassification",0.2725
"popmis","SAEM",13,"Calibration",0.00971956012829581
"popmis","MICE.10.IMP",13,"AUC",0.801811521477318
"popmis","MICE.10.IMP",13,"Brier",0.181735559424444
"popmis","MICE.10.IMP",13,"Misclassification",0.29
"popmis","MICE.10.IMP",13,"Calibration",0.0142579344715785
"popmis","MICE.10.Y.M.IMP",13,"AUC",0.813127258129265
"popmis","MICE.10.Y.M.IMP",13,"Brier",0.175813902463473
"popmis","MICE.10.Y.M.IMP",13,"Misclassification",0.2675
"popmis","MICE.10.Y.M.IMP",13,"Calibration",0.0105701140343217
"popmis","MICE.RF.10.IMP",13,"AUC",0.83209554395825
"popmis","MICE.RF.10.IMP",13,"Brier",0.167183956885883
"popmis","MICE.RF.10.IMP",13,"Misclassification",0.265
"popmis","MICE.RF.10.IMP",13,"Calibration",0.0150789286816713
"popmis","MICE.RF.10.Y.M.IMP",13,"AUC",0.815209755118426
"popmis","MICE.RF.10.Y.M.IMP",13,"Brier",0.174576531641181
"popmis","MICE.RF.10.Y.M.IMP",13,"Misclassification",0.2775
"popmis","MICE.RF.10.Y.M.IMP",13,"Calibration",0.0092409307712939
"popmis","MICE.10.IMP.M",13,"AUC",0.793933159373746
"popmis","MICE.10.IMP.M",13,"Brier",0.184778020194398
"popmis","MICE.10.IMP.M",13,"Misclassification",0.3
"popmis","MICE.10.IMP.M",13,"Calibration",0.0134656154778664
"popmis","MICE.10.Y.M.IMP.M",13,"AUC",0.805273986350863
"popmis","MICE.10.Y.M.IMP.M",13,"Brier",0.179342176879523
"popmis","MICE.10.Y.M.IMP.M",13,"Misclassification",0.28
"popmis","MICE.10.Y.M.IMP.M",13,"Calibration",0.00833159400368416
"popmis","MICE.RF.10.IMP.M",13,"AUC",0.830740666399037
"popmis","MICE.RF.10.IMP.M",13,"Brier",0.167487088885338
"popmis","MICE.RF.10.IMP.M",13,"Misclassification",0.2825
"popmis","MICE.RF.10.IMP.M",13,"Calibration",0.0139448964001021
"popmis","MICE.RF.10.Y.M.IMP.M",13,"AUC",0.815611200321156
"popmis","MICE.RF.10.Y.M.IMP.M",13,"Brier",0.174483458543881
"popmis","MICE.RF.10.Y.M.IMP.M",13,"Misclassification",0.28
"popmis","MICE.RF.10.Y.M.IMP.M",13,"Calibration",0.00952978454740844
"popmis","Mean.IMP",13,"AUC",0.795212765957447
"popmis","Mean.IMP",13,"Brier",0.183734362311481
"popmis","Mean.IMP",13,"Misclassification",0.2875
"popmis","Mean.IMP",13,"Calibration",0.00944823818722187
"popmis","Mean.IMP.M",13,"AUC",0.788062023283822
"popmis","Mean.IMP.M",13,"Brier",0.186353038637092
"popmis","Mean.IMP.M",13,"Misclassification",0.32
"popmis","Mean.IMP.M",13,"Calibration",0.0130678662111778
"popmis","05.IMP",13,"AUC",0.733716378964271
"popmis","05.IMP",13,"Brier",0.209118522002937
"popmis","05.IMP",13,"Misclassification",0.33
"popmis","05.IMP",13,"Calibration",0.00974198137705304
"popmis","05.IMP.M",13,"AUC",0.788062023283822
"popmis","05.IMP.M",13,"Brier",0.186353038637092
"popmis","05.IMP.M",13,"Misclassification",0.32
"popmis","05.IMP.M",13,"Calibration",0.0130678662111777
"popmis","PbP",13,"AUC",0.802488960256925
"popmis","PbP",13,"Brier",0.179706444346528
"popmis","PbP",13,"Misclassification",0.3
"popmis","PbP",13,"Calibration",0.0103229329588859
"popmis","SAEM",14,"AUC",0.810387301587302
"popmis","SAEM",14,"Brier",0.177975381658828
"popmis","SAEM",14,"Misclassification",0.28
"popmis","SAEM",14,"Calibration",0.0107757608420014
"popmis","MICE.10.IMP",14,"AUC",0.811606349206349
"popmis","MICE.10.IMP",14,"Brier",0.178751287429456
"popmis","MICE.10.IMP",14,"Misclassification",0.28
"popmis","MICE.10.IMP",14,"Calibration",0.012969652646539
"popmis","MICE.10.Y.M.IMP",14,"AUC",0.811326984126984
"popmis","MICE.10.Y.M.IMP",14,"Brier",0.176895048970722
"popmis","MICE.10.Y.M.IMP",14,"Misclassification",0.28
"popmis","MICE.10.Y.M.IMP",14,"Calibration",0.013639884587013
"popmis","MICE.RF.10.IMP",14,"AUC",0.823415873015873
"popmis","MICE.RF.10.IMP",14,"Brier",0.172338293921751
"popmis","MICE.RF.10.IMP",14,"Misclassification",0.2725
"popmis","MICE.RF.10.IMP",14,"Calibration",0.0137978803879165
"popmis","MICE.RF.10.Y.M.IMP",14,"AUC",0.811377777777778
"popmis","MICE.RF.10.Y.M.IMP",14,"Brier",0.17841153066429
"popmis","MICE.RF.10.Y.M.IMP",14,"Misclassification",0.2675
"popmis","MICE.RF.10.Y.M.IMP",14,"Calibration",0.0188095055789611
"popmis","MICE.10.IMP.M",14,"AUC",0.807111111111111
"popmis","MICE.10.IMP.M",14,"Brier",0.180275068064206
"popmis","MICE.10.IMP.M",14,"Misclassification",0.29
"popmis","MICE.10.IMP.M",14,"Calibration",0.013794333844861
"popmis","MICE.10.Y.M.IMP.M",14,"AUC",0.806628571428571
"popmis","MICE.10.Y.M.IMP.M",14,"Brier",0.179838180649387
"popmis","MICE.10.Y.M.IMP.M",14,"Misclassification",0.2825
"popmis","MICE.10.Y.M.IMP.M",14,"Calibration",0.0142030271488568
"popmis","MICE.RF.10.IMP.M",14,"AUC",0.835276190476191
"popmis","MICE.RF.10.IMP.M",14,"Brier",0.168474391806452
"popmis","MICE.RF.10.IMP.M",14,"Misclassification",0.2775
"popmis","MICE.RF.10.IMP.M",14,"Calibration",0.0161524172044645
"popmis","MICE.RF.10.Y.M.IMP.M",14,"AUC",0.822628571428571
"popmis","MICE.RF.10.Y.M.IMP.M",14,"Brier",0.172738557836386
"popmis","MICE.RF.10.Y.M.IMP.M",14,"Misclassification",0.2775
"popmis","MICE.RF.10.Y.M.IMP.M",14,"Calibration",0.0159473017749238
"popmis","Mean.IMP",14,"AUC",0.802209523809524
"popmis","Mean.IMP",14,"Brier",0.180634891903753
"popmis","Mean.IMP",14,"Misclassification",0.2975
"popmis","Mean.IMP",14,"Calibration",0.0148891552465268
"popmis","Mean.IMP.M",14,"AUC",0.802514285714286
"popmis","Mean.IMP.M",14,"Brier",0.179622594851341
"popmis","Mean.IMP.M",14,"Misclassification",0.295
"popmis","Mean.IMP.M",14,"Calibration",0.0164260538883854
"popmis","05.IMP",14,"AUC",0.760533333333333
"popmis","05.IMP",14,"Brier",0.198787148352779
"popmis","05.IMP",14,"Misclassification",0.3125
"popmis","05.IMP",14,"Calibration",0.0115394922549542
"popmis","05.IMP.M",14,"AUC",0.802514285714286
"popmis","05.IMP.M",14,"Brier",0.179622594851341
"popmis","05.IMP.M",14,"Misclassification",0.295
"popmis","05.IMP.M",14,"Calibration",0.0164260538883853
"popmis","PbP",14,"AUC",0.812952380952381
"popmis","PbP",14,"Brier",0.176371301067643
"popmis","PbP",14,"Misclassification",0.29
"popmis","PbP",14,"Calibration",0.0110622098320813
"popmis","SAEM",15,"AUC",0.797954539771449
"popmis","SAEM",15,"Brier",0.183406819535983
"popmis","SAEM",15,"Misclassification",0.275
"popmis","SAEM",15,"Calibration",0.0114176082807772
"popmis","MICE.10.IMP",15,"AUC",0.788302368032807
"popmis","MICE.10.IMP",15,"Brier",0.187698743221338
"popmis","MICE.10.IMP",15,"Misclassification",0.29
"popmis","MICE.10.IMP",15,"Calibration",0.00956120011504491
"popmis","MICE.10.Y.M.IMP",15,"AUC",0.791778150083769
"popmis","MICE.10.Y.M.IMP",15,"Brier",0.187703387647191
"popmis","MICE.10.Y.M.IMP",15,"Misclassification",0.2975
"popmis","MICE.10.Y.M.IMP",15,"Calibration",0.0106493546171204
"popmis","MICE.RF.10.IMP",15,"AUC",0.821434822835138
"popmis","MICE.RF.10.IMP",15,"Brier",0.173531711033431
"popmis","MICE.RF.10.IMP",15,"Misclassification",0.2625
"popmis","MICE.RF.10.IMP",15,"Calibration",0.0109927815136013
"popmis","MICE.RF.10.Y.M.IMP",15,"AUC",0.810307319146808
"popmis","MICE.RF.10.Y.M.IMP",15,"Brier",0.177351949754833
"popmis","MICE.RF.10.Y.M.IMP",15,"Misclassification",0.2875
"popmis","MICE.RF.10.Y.M.IMP",15,"Calibration",0.0161156339485136
"popmis","MICE.10.IMP.M",15,"AUC",0.787077092345778
"popmis","MICE.10.IMP.M",15,"Brier",0.188327815901433
"popmis","MICE.10.IMP.M",15,"Misclassification",0.3
"popmis","MICE.10.IMP.M",15,"Calibration",0.0129401007496719
"popmis","MICE.10.Y.M.IMP.M",15,"AUC",0.791753144457503
"popmis","MICE.10.Y.M.IMP.M",15,"Brier",0.186587768299274
"popmis","MICE.10.Y.M.IMP.M",15,"Misclassification",0.2925
"popmis","MICE.10.Y.M.IMP.M",15,"Calibration",0.0111504604863972
"popmis","MICE.RF.10.IMP.M",15,"AUC",0.816258658198095
"popmis","MICE.RF.10.IMP.M",15,"Brier",0.175891199171414
"popmis","MICE.RF.10.IMP.M",15,"Misclassification",0.275
"popmis","MICE.RF.10.IMP.M",15,"Calibration",0.0119186872277332
"popmis","MICE.RF.10.Y.M.IMP.M",15,"AUC",0.805306193893626
"popmis","MICE.RF.10.Y.M.IMP.M",15,"Brier",0.179478882137029
"popmis","MICE.RF.10.Y.M.IMP.M",15,"Misclassification",0.285
"popmis","MICE.RF.10.Y.M.IMP.M",15,"Calibration",0.0139885808279359
"popmis","Mean.IMP",15,"AUC",0.785526743517291
"popmis","Mean.IMP",15,"Brier",0.188399425835671
"popmis","Mean.IMP",15,"Misclassification",0.295
"popmis","Mean.IMP",15,"Calibration",0.0137783363678168
"popmis","Mean.IMP.M",15,"AUC",0.784151434072666
"popmis","Mean.IMP.M",15,"Brier",0.188257800662504
"popmis","Mean.IMP.M",15,"Misclassification",0.295
"popmis","Mean.IMP.M",15,"Calibration",0.0123613495046608
"popmis","05.IMP",15,"AUC",0.720087019579405
"popmis","05.IMP",15,"Brier",0.215230336292793
"popmis","05.IMP",15,"Misclassification",0.3275
"popmis","05.IMP",15,"Calibration",0.0100261393517512
"popmis","05.IMP.M",15,"AUC",0.784151434072666
"popmis","05.IMP.M",15,"Brier",0.188257800662504
"popmis","05.IMP.M",15,"Misclassification",0.295
"popmis","05.IMP.M",15,"Calibration",0.0123613495046608
"popmis","PbP",15,"AUC",0.79690430346828
"popmis","PbP",15,"Brier",0.183147115714879
"popmis","PbP",15,"Misclassification",0.2875
"popmis","PbP",15,"Calibration",0.0124299202924059
"pulplignin","SAEM",1,"AUC",0.855464159811986
"pulplignin","SAEM",1,"Brier",0.160357794849489
"pulplignin","SAEM",1,"Misclassification",0.25
"pulplignin","SAEM",1,"Calibration",0.0414214071631013
"pulplignin","MICE.10.IMP",1,"AUC",0.861339600470035
"pulplignin","MICE.10.IMP",1,"Brier",0.154816357112263
"pulplignin","MICE.10.IMP",1,"Misclassification",0.25
"pulplignin","MICE.10.IMP",1,"Calibration",0.0370121243080306
"pulplignin","MICE.10.Y.M.IMP",1,"AUC",0.854289071680376
"pulplignin","MICE.10.Y.M.IMP",1,"Brier",0.162977653157796
"pulplignin","MICE.10.Y.M.IMP",1,"Misclassification",0.266666666666667
"pulplignin","MICE.10.Y.M.IMP",1,"Calibration",0.0404776531577955
"pulplignin","MICE.RF.10.IMP",1,"AUC",0.849588719153937
"pulplignin","MICE.RF.10.IMP",1,"Brier",0.164733349338375
"pulplignin","MICE.RF.10.IMP",1,"Misclassification",0.233333333333333
"pulplignin","MICE.RF.10.IMP",1,"Calibration",0.0385693281743538
"pulplignin","MICE.RF.10.Y.M.IMP",1,"AUC",0.858989424206816
"pulplignin","MICE.RF.10.Y.M.IMP",1,"Brier",0.157458228151028
"pulplignin","MICE.RF.10.Y.M.IMP",1,"Misclassification",0.266666666666667
"pulplignin","MICE.RF.10.Y.M.IMP",1,"Calibration",0.0409502916430916
"pulplignin","MICE.10.IMP.M",1,"AUC",0.841363102232667
"pulplignin","MICE.10.IMP.M",1,"Brier",0.17527834117004
"pulplignin","MICE.10.IMP.M",1,"Misclassification",0.266666666666667
"pulplignin","MICE.10.IMP.M",1,"Calibration",0.0406697553114538
"pulplignin","MICE.10.Y.M.IMP.M",1,"AUC",0.848413631022327
"pulplignin","MICE.10.Y.M.IMP.M",1,"Brier",0.171382978236996
"pulplignin","MICE.10.Y.M.IMP.M",1,"Misclassification",0.3
"pulplignin","MICE.10.Y.M.IMP.M",1,"Calibration",0.0482949551489725
"pulplignin","MICE.RF.10.IMP.M",1,"AUC",0.849588719153937
"pulplignin","MICE.RF.10.IMP.M",1,"Brier",0.167845737284945
"pulplignin","MICE.RF.10.IMP.M",1,"Misclassification",0.3
"pulplignin","MICE.RF.10.IMP.M",1,"Calibration",0.0447901817293899
"pulplignin","MICE.RF.10.Y.M.IMP.M",1,"AUC",0.846063454759107
"pulplignin","MICE.RF.10.Y.M.IMP.M",1,"Brier",0.170899493024692
"pulplignin","MICE.RF.10.Y.M.IMP.M",1,"Misclassification",0.3
"pulplignin","MICE.RF.10.Y.M.IMP.M",1,"Calibration",0.0453439374691365
"pulplignin","Mean.IMP",1,"AUC",0.840188014101058
"pulplignin","Mean.IMP",1,"Brier",0.167957481175083
"pulplignin","Mean.IMP",1,"Misclassification",0.283333333333333
"pulplignin","Mean.IMP",1,"Calibration",0.0300606557782581
"pulplignin","Mean.IMP.M",1,"AUC",0.833137485311398
"pulplignin","Mean.IMP.M",1,"Brier",0.179311423397282
"pulplignin","Mean.IMP.M",1,"Misclassification",0.3
"pulplignin","Mean.IMP.M",1,"Calibration",0.0512979553838141
"pulplignin","05.IMP",1,"AUC",0.792009400705053
"pulplignin","05.IMP",1,"Brier",0.184899003239012
"pulplignin","05.IMP",1,"Misclassification",0.25
"pulplignin","05.IMP",1,"Calibration",0.0368856440491825
"pulplignin","05.IMP.M",1,"AUC",0.794359576968273
"pulplignin","05.IMP.M",1,"Brier",0.195569029289752
"pulplignin","05.IMP.M",1,"Misclassification",0.316666666666667
"pulplignin","05.IMP.M",1,"Calibration",0.0536738873946101
"pulplignin","PbP",1,"AUC",0.734430082256169
"pulplignin","PbP",1,"Brier",0.222211512653488
"pulplignin","PbP",1,"Misclassification",0.25
"pulplignin","PbP",1,"Calibration",0.051239290431266
"pulplignin","SAEM",2,"AUC",0.840909090909091
"pulplignin","SAEM",2,"Brier",0.184250133057436
"pulplignin","SAEM",2,"Misclassification",0.283333333333333
"pulplignin","SAEM",2,"Calibration",0.0495279108352135
"pulplignin","MICE.10.IMP",2,"AUC",0.855263157894737
"pulplignin","MICE.10.IMP",2,"Brier",0.1726545460105
"pulplignin","MICE.10.IMP",2,"Misclassification",0.233333333333333
"pulplignin","MICE.10.IMP",2,"Calibration",0.0524164507724052
"pulplignin","MICE.10.Y.M.IMP",2,"AUC",0.876794258373206
"pulplignin","MICE.10.Y.M.IMP",2,"Brier",0.161319502493301
"pulplignin","MICE.10.Y.M.IMP",2,"Misclassification",0.216666666666667
"pulplignin","MICE.10.Y.M.IMP",2,"Calibration",0.0490972802710783
"pulplignin","MICE.RF.10.IMP",2,"AUC",0.860047846889952
"pulplignin","MICE.RF.10.IMP",2,"Brier",0.169359771431061
"pulplignin","MICE.RF.10.IMP",2,"Misclassification",0.233333333333333
"pulplignin","MICE.RF.10.IMP",2,"Calibration",0.0497425465506784
"pulplignin","MICE.RF.10.Y.M.IMP",2,"AUC",0.861244019138756
"pulplignin","MICE.RF.10.Y.M.IMP",2,"Brier",0.165902687234264
"pulplignin","MICE.RF.10.Y.M.IMP",2,"Misclassification",0.233333333333333
"pulplignin","MICE.RF.10.Y.M.IMP",2,"Calibration",0.0487097047781237
"pulplignin","MICE.10.IMP.M",2,"AUC",0.854066985645933
"pulplignin","MICE.10.IMP.M",2,"Brier",0.173813309872863
"pulplignin","MICE.10.IMP.M",2,"Misclassification",0.216666666666667
"pulplignin","MICE.10.IMP.M",2,"Calibration",0.054610411322138
"pulplignin","MICE.10.Y.M.IMP.M",2,"AUC",0.864832535885168
"pulplignin","MICE.10.Y.M.IMP.M",2,"Brier",0.1691187471907
"pulplignin","MICE.10.Y.M.IMP.M",2,"Misclassification",0.233333333333333
"pulplignin","MICE.10.Y.M.IMP.M",2,"Calibration",0.0531187471907001
"pulplignin","MICE.RF.10.IMP.M",2,"AUC",0.855263157894737
"pulplignin","MICE.RF.10.IMP.M",2,"Brier",0.163286618223937
"pulplignin","MICE.RF.10.IMP.M",2,"Misclassification",0.216666666666667
"pulplignin","MICE.RF.10.IMP.M",2,"Calibration",0.0496502545875731
"pulplignin","MICE.RF.10.Y.M.IMP.M",2,"AUC",0.87200956937799
"pulplignin","MICE.RF.10.Y.M.IMP.M",2,"Brier",0.158641802482091
"pulplignin","MICE.RF.10.Y.M.IMP.M",2,"Misclassification",0.2
"pulplignin","MICE.RF.10.Y.M.IMP.M",2,"Calibration",0.0559751358154245
"pulplignin","Mean.IMP",2,"AUC",0.848086124401914
"pulplignin","Mean.IMP",2,"Brier",0.175894601083445
"pulplignin","Mean.IMP",2,"Misclassification",0.233333333333333
"pulplignin","Mean.IMP",2,"Calibration",0.0514793964050829
"pulplignin","Mean.IMP.M",2,"AUC",0.848086124401914
"pulplignin","Mean.IMP.M",2,"Brier",0.170531407020491
"pulplignin","Mean.IMP.M",2,"Misclassification",0.2
"pulplignin","Mean.IMP.M",2,"Calibration",0.0533937258610704
"pulplignin","05.IMP",2,"AUC",0.833732057416268
"pulplignin","05.IMP",2,"Brier",0.173007007978621
"pulplignin","05.IMP",2,"Misclassification",0.233333333333333
"pulplignin","05.IMP",2,"Calibration",0.0387477487193622
"pulplignin","05.IMP.M",2,"AUC",0.848086124401914
"pulplignin","05.IMP.M",2,"Brier",0.170531406932292
"pulplignin","05.IMP.M",2,"Misclassification",0.2
"pulplignin","05.IMP.M",2,"Calibration",0.0533937257728722
"pulplignin","PbP",2,"AUC",0.848086124401914
"pulplignin","PbP",2,"Brier",0.179472537894072
"pulplignin","PbP",2,"Misclassification",0.283333333333333
"pulplignin","PbP",2,"Calibration",0.0494460828676173
"pulplignin","SAEM",3,"AUC",0.897321428571429
"pulplignin","SAEM",3,"Brier",0.131203900038153
"pulplignin","SAEM",3,"Misclassification",0.2
"pulplignin","SAEM",3,"Calibration",0.0251324714667244
"pulplignin","MICE.10.IMP",3,"AUC",0.8828125
"pulplignin","MICE.10.IMP",3,"Brier",0.135662692218713
"pulplignin","MICE.10.IMP",3,"Misclassification",0.183333333333333
"pulplignin","MICE.10.IMP",3,"Calibration",0.0232743860804071
"pulplignin","MICE.10.Y.M.IMP",3,"AUC",0.870535714285714
"pulplignin","MICE.10.Y.M.IMP",3,"Brier",0.136623720845273
"pulplignin","MICE.10.Y.M.IMP",3,"Misclassification",0.216666666666667
"pulplignin","MICE.10.Y.M.IMP",3,"Calibration",0.0172784827500346
"pulplignin","MICE.RF.10.IMP",3,"AUC",0.910714285714286
"pulplignin","MICE.RF.10.IMP",3,"Brier",0.118345895960631
"pulplignin","MICE.RF.10.IMP",3,"Misclassification",0.166666666666667
"pulplignin","MICE.RF.10.IMP",3,"Calibration",0.0140601816749167
"pulplignin","MICE.RF.10.Y.M.IMP",3,"AUC",0.904017857142857
"pulplignin","MICE.RF.10.Y.M.IMP",3,"Brier",0.123525997398457
"pulplignin","MICE.RF.10.Y.M.IMP",3,"Misclassification",0.183333333333333
"pulplignin","MICE.RF.10.Y.M.IMP",3,"Calibration",0.0166171654896249
"pulplignin","MICE.10.IMP.M",3,"AUC",0.873883928571429
"pulplignin","MICE.10.IMP.M",3,"Brier",0.136169989890302
"pulplignin","MICE.10.IMP.M",3,"Misclassification",0.183333333333333
"pulplignin","MICE.10.IMP.M",3,"Calibration",0.0143644343347464
"pulplignin","MICE.10.Y.M.IMP.M",3,"AUC",0.868303571428571
"pulplignin","MICE.10.Y.M.IMP.M",3,"Brier",0.140213510808457
"pulplignin","MICE.10.Y.M.IMP.M",3,"Misclassification",0.183333333333333
"pulplignin","MICE.10.Y.M.IMP.M",3,"Calibration",0.0153481909431369
"pulplignin","MICE.RF.10.IMP.M",3,"AUC",0.892857142857143
"pulplignin","MICE.RF.10.IMP.M",3,"Brier",0.124321561177358
"pulplignin","MICE.RF.10.IMP.M",3,"Misclassification",0.2
"pulplignin","MICE.RF.10.IMP.M",3,"Calibration",0.0207651638709602
"pulplignin","MICE.RF.10.Y.M.IMP.M",3,"AUC",0.893973214285714
"pulplignin","MICE.RF.10.Y.M.IMP.M",3,"Brier",0.125576817079549
"pulplignin","MICE.RF.10.Y.M.IMP.M",3,"Misclassification",0.183333333333333
"pulplignin","MICE.RF.10.Y.M.IMP.M",3,"Calibration",0.021647535576738
"pulplignin","Mean.IMP",3,"AUC",0.916294642857143
"pulplignin","Mean.IMP",3,"Brier",0.119136051870094
"pulplignin","Mean.IMP",3,"Misclassification",0.166666666666667
"pulplignin","Mean.IMP",3,"Calibration",0.0147709725050142
"pulplignin","Mean.IMP.M",3,"AUC",0.892857142857143
"pulplignin","Mean.IMP.M",3,"Brier",0.124102585550375
"pulplignin","Mean.IMP.M",3,"Misclassification",0.166666666666667
"pulplignin","Mean.IMP.M",3,"Calibration",0.0197375061852958
"pulplignin","05.IMP",3,"AUC",0.872767857142857
"pulplignin","05.IMP",3,"Brier",0.137718433283891
"pulplignin","05.IMP",3,"Misclassification",0.15
"pulplignin","05.IMP",3,"Calibration",0.0235770191424768
"pulplignin","05.IMP.M",3,"AUC",0.892857142857143
"pulplignin","05.IMP.M",3,"Brier",0.12406454222876
"pulplignin","05.IMP.M",3,"Misclassification",0.166666666666667
"pulplignin","05.IMP.M",3,"Calibration",0.0196994628636807
"pulplignin","PbP",3,"AUC",0.900669642857143
"pulplignin","PbP",3,"Brier",0.115474362620419
"pulplignin","PbP",3,"Misclassification",0.133333333333333
"pulplignin","PbP",3,"Calibration",0.0173349856575123
"pulplignin","SAEM",4,"AUC",0.799777530589544
"pulplignin","SAEM",4,"Brier",0.185282756575383
"pulplignin","SAEM",4,"Misclassification",0.266666666666667
"pulplignin","SAEM",4,"Calibration",0.0314737636359548
"pulplignin","MICE.10.IMP",4,"AUC",0.793103448275862
"pulplignin","MICE.10.IMP",4,"Brier",0.19138395125312
"pulplignin","MICE.10.IMP",4,"Misclassification",0.266666666666667
"pulplignin","MICE.10.IMP",4,"Calibration",0.0365319976511662
"pulplignin","MICE.10.Y.M.IMP",4,"AUC",0.787541713014461
"pulplignin","MICE.10.Y.M.IMP",4,"Brier",0.19381388536793
"pulplignin","MICE.10.Y.M.IMP",4,"Misclassification",0.266666666666667
"pulplignin","MICE.10.Y.M.IMP",4,"Calibration",0.0386246301786748
"pulplignin","MICE.RF.10.IMP",4,"AUC",0.807563959955506
"pulplignin","MICE.RF.10.IMP",4,"Brier",0.180427714257946
"pulplignin","MICE.RF.10.IMP",4,"Misclassification",0.233333333333333
"pulplignin","MICE.RF.10.IMP",4,"Calibration",0.0291711005013327
"pulplignin","MICE.RF.10.Y.M.IMP",4,"AUC",0.812013348164627
"pulplignin","MICE.RF.10.Y.M.IMP",4,"Brier",0.181421211442586
"pulplignin","MICE.RF.10.Y.M.IMP",4,"Misclassification",0.283333333333333
"pulplignin","MICE.RF.10.Y.M.IMP",4,"Calibration",0.0310867011816055
"pulplignin","MICE.10.IMP.M",4,"AUC",0.816462736373749
"pulplignin","MICE.10.IMP.M",4,"Brier",0.17998239560595
"pulplignin","MICE.10.IMP.M",4,"Misclassification",0.266666666666667
"pulplignin","MICE.10.IMP.M",4,"Calibration",0.0295550451785995
"pulplignin","MICE.10.Y.M.IMP.M",4,"AUC",0.813125695216908
"pulplignin","MICE.10.Y.M.IMP.M",4,"Brier",0.179804045802029
"pulplignin","MICE.10.Y.M.IMP.M",4,"Misclassification",0.283333333333333
"pulplignin","MICE.10.Y.M.IMP.M",4,"Calibration",0.0282961092940929
"pulplignin","MICE.RF.10.IMP.M",4,"AUC",0.828698553948832
"pulplignin","MICE.RF.10.IMP.M",4,"Brier",0.171002647297413
"pulplignin","MICE.RF.10.IMP.M",4,"Misclassification",0.25
"pulplignin","MICE.RF.10.IMP.M",4,"Calibration",0.030276151570917
"pulplignin","MICE.RF.10.Y.M.IMP.M",4,"AUC",0.830923248053393
"pulplignin","MICE.RF.10.Y.M.IMP.M",4,"Brier",0.170339552968019
"pulplignin","MICE.RF.10.Y.M.IMP.M",4,"Misclassification",0.233333333333333
"pulplignin","MICE.RF.10.Y.M.IMP.M",4,"Calibration",0.0280740407025067
"pulplignin","Mean.IMP",4,"AUC",0.818687430478309
"pulplignin","Mean.IMP",4,"Brier",0.178990517119399
"pulplignin","Mean.IMP",4,"Misclassification",0.216666666666667
"pulplignin","Mean.IMP",4,"Calibration",0.0366400897689715
"pulplignin","Mean.IMP.M",4,"AUC",0.829810901001112
"pulplignin","Mean.IMP.M",4,"Brier",0.169546065458072
"pulplignin","Mean.IMP.M",4,"Misclassification",0.216666666666667
"pulplignin","Mean.IMP.M",4,"Calibration",0.0295961460963883
"pulplignin","05.IMP",4,"AUC",0.719688542825362
"pulplignin","05.IMP",4,"Brier",0.221851099329517
"pulplignin","05.IMP",4,"Misclassification",0.283333333333333
"pulplignin","05.IMP",4,"Calibration",0.0641183665967841
"pulplignin","05.IMP.M",4,"AUC",0.81979977753059
"pulplignin","05.IMP.M",4,"Brier",0.178302887496913
"pulplignin","05.IMP.M",4,"Misclassification",0.233333333333333
"pulplignin","05.IMP.M",4,"Calibration",0.0356743967066579
"pulplignin","PbP",4,"AUC",0.794215795328142
"pulplignin","PbP",4,"Brier",0.21471708806901
"pulplignin","PbP",4,"Misclassification",0.266666666666667
"pulplignin","PbP",4,"Calibration",0.0546792092811314
"pulplignin","SAEM",5,"AUC",0.841517857142857
"pulplignin","SAEM",5,"Brier",0.16014704851553
"pulplignin","SAEM",5,"Misclassification",0.266666666666667
"pulplignin","SAEM",5,"Calibration",0.0333613342298153
"pulplignin","MICE.10.IMP",5,"AUC",0.8515625
"pulplignin","MICE.10.IMP",5,"Brier",0.15719396627268
"pulplignin","MICE.10.IMP",5,"Misclassification",0.216666666666667
"pulplignin","MICE.10.IMP",5,"Calibration",0.0257887375145099
"pulplignin","MICE.10.Y.M.IMP",5,"AUC",0.848214285714286
"pulplignin","MICE.10.Y.M.IMP",5,"Brier",0.163895383189943
"pulplignin","MICE.10.Y.M.IMP",5,"Misclassification",0.25
"pulplignin","MICE.10.Y.M.IMP",5,"Calibration",0.0353768646714241
"pulplignin","MICE.RF.10.IMP",5,"AUC",0.861607142857143
"pulplignin","MICE.RF.10.IMP",5,"Brier",0.150506401378873
"pulplignin","MICE.RF.10.IMP",5,"Misclassification",0.2
"pulplignin","MICE.RF.10.IMP",5,"Calibration",0.0334925124899842
"pulplignin","MICE.RF.10.Y.M.IMP",5,"AUC",0.872767857142857
"pulplignin","MICE.RF.10.Y.M.IMP",5,"Brier",0.1459239874422
"pulplignin","MICE.RF.10.Y.M.IMP",5,"Misclassification",0.233333333333333
"pulplignin","MICE.RF.10.Y.M.IMP",5,"Calibration",0.0269068934251065
"pulplignin","MICE.10.IMP.M",5,"AUC",0.84375
"pulplignin","MICE.10.IMP.M",5,"Brier",0.159571077749744
"pulplignin","MICE.10.IMP.M",5,"Misclassification",0.2
"pulplignin","MICE.10.IMP.M",5,"Calibration",0.0343858925645591
"pulplignin","MICE.10.Y.M.IMP.M",5,"AUC",0.844866071428571
"pulplignin","MICE.10.Y.M.IMP.M",5,"Brier",0.15920572003519
"pulplignin","MICE.10.Y.M.IMP.M",5,"Misclassification",0.2
"pulplignin","MICE.10.Y.M.IMP.M",5,"Calibration",0.0316159121822244
"pulplignin","MICE.RF.10.IMP.M",5,"AUC",0.859375
"pulplignin","MICE.RF.10.IMP.M",5,"Brier",0.156007538645283
"pulplignin","MICE.RF.10.IMP.M",5,"Misclassification",0.2
"pulplignin","MICE.RF.10.IMP.M",5,"Calibration",0.0289326228203677
"pulplignin","MICE.RF.10.Y.M.IMP.M",5,"AUC",0.856026785714286
"pulplignin","MICE.RF.10.Y.M.IMP.M",5,"Brier",0.155347513348384
"pulplignin","MICE.RF.10.Y.M.IMP.M",5,"Misclassification",0.2
"pulplignin","MICE.RF.10.Y.M.IMP.M",5,"Calibration",0.0308969638978341
"pulplignin","Mean.IMP",5,"AUC",0.852678571428571
"pulplignin","Mean.IMP",5,"Brier",0.160057815202843
"pulplignin","Mean.IMP",5,"Misclassification",0.216666666666667
"pulplignin","Mean.IMP",5,"Calibration",0.0344859197780069
"pulplignin","Mean.IMP.M",5,"AUC",0.841517857142857
"pulplignin","Mean.IMP.M",5,"Brier",0.164795929373938
"pulplignin","Mean.IMP.M",5,"Misclassification",0.216666666666667
"pulplignin","Mean.IMP.M",5,"Calibration",0.0363237071517156
"pulplignin","05.IMP",5,"AUC",0.777901785714286
"pulplignin","05.IMP",5,"Brier",0.196032472550259
"pulplignin","05.IMP",5,"Misclassification",0.283333333333333
"pulplignin","05.IMP",5,"Calibration",0.0349506012052299
"pulplignin","05.IMP.M",5,"AUC",0.841517857142857
"pulplignin","05.IMP.M",5,"Brier",0.164795929373941
"pulplignin","05.IMP.M",5,"Misclassification",0.216666666666667
"pulplignin","05.IMP.M",5,"Calibration",0.0363237071517185
"pulplignin","PbP",5,"AUC",0.694196428571429
"pulplignin","PbP",5,"Brier",0.255976180533946
"pulplignin","PbP",5,"Misclassification",0.3
"pulplignin","PbP",5,"Calibration",0.0636684882262538
"pulplignin","SAEM",6,"AUC",0.81705948372615
"pulplignin","SAEM",6,"Brier",0.174730158394487
"pulplignin","SAEM",6,"Misclassification",0.25
"pulplignin","SAEM",6,"Calibration",0.0407023806167095
"pulplignin","MICE.10.IMP",6,"AUC",0.842873176206509
"pulplignin","MICE.10.IMP",6,"Brier",0.159828651741922
"pulplignin","MICE.10.IMP",6,"Misclassification",0.266666666666667
"pulplignin","MICE.10.IMP",6,"Calibration",0.0450717072974779
"pulplignin","MICE.10.Y.M.IMP",6,"AUC",0.855218855218855
"pulplignin","MICE.10.Y.M.IMP",6,"Brier",0.153530935510459
"pulplignin","MICE.10.Y.M.IMP",6,"Misclassification",0.233333333333333
"pulplignin","MICE.10.Y.M.IMP",6,"Calibration",0.0395626815422055
"pulplignin","MICE.RF.10.IMP",6,"AUC",0.835016835016835
"pulplignin","MICE.RF.10.IMP",6,"Brier",0.166502209104608
"pulplignin","MICE.RF.10.IMP",6,"Misclassification",0.216666666666667
"pulplignin","MICE.RF.10.IMP",6,"Calibration",0.0367204630728619
"pulplignin","MICE.RF.10.Y.M.IMP",6,"AUC",0.830527497194164
"pulplignin","MICE.RF.10.Y.M.IMP",6,"Brier",0.168583578664962
"pulplignin","MICE.RF.10.Y.M.IMP",6,"Misclassification",0.233333333333333
"pulplignin","MICE.RF.10.Y.M.IMP",6,"Calibration",0.0432637133450964
"pulplignin","MICE.10.IMP.M",6,"AUC",0.827160493827161
"pulplignin","MICE.10.IMP.M",6,"Brier",0.163059375722136
"pulplignin","MICE.10.IMP.M",6,"Misclassification",0.216666666666667
"pulplignin","MICE.10.IMP.M",6,"Calibration",0.0332516834144436
"pulplignin","MICE.10.Y.M.IMP.M",6,"AUC",0.808080808080808
"pulplignin","MICE.10.Y.M.IMP.M",6,"Brier",0.167606795740573
"pulplignin","MICE.10.Y.M.IMP.M",6,"Misclassification",0.233333333333333
"pulplignin","MICE.10.Y.M.IMP.M",6,"Calibration",0.0320909227247003
"pulplignin","MICE.RF.10.IMP.M",6,"AUC",0.815937149270483
"pulplignin","MICE.RF.10.IMP.M",6,"Brier",0.17029412248648
"pulplignin","MICE.RF.10.IMP.M",6,"Misclassification",0.216666666666667
"pulplignin","MICE.RF.10.IMP.M",6,"Calibration",0.0342941224864798
"pulplignin","MICE.RF.10.Y.M.IMP.M",6,"AUC",0.819304152637486
"pulplignin","MICE.RF.10.Y.M.IMP.M",6,"Brier",0.167814116510763
"pulplignin","MICE.RF.10.Y.M.IMP.M",6,"Misclassification",0.233333333333333
"pulplignin","MICE.RF.10.Y.M.IMP.M",6,"Calibration",0.0315045927012392
"pulplignin","Mean.IMP",6,"AUC",0.801346801346801
"pulplignin","Mean.IMP",6,"Brier",0.194612376224225
"pulplignin","Mean.IMP",6,"Misclassification",0.266666666666667
"pulplignin","Mean.IMP",6,"Calibration",0.0500299055547981
"pulplignin","Mean.IMP.M",6,"AUC",0.785634118967452
"pulplignin","Mean.IMP.M",6,"Brier",0.194579566653052
"pulplignin","Mean.IMP.M",6,"Misclassification",0.25
"pulplignin","Mean.IMP.M",6,"Calibration",0.0430126150861006
"pulplignin","05.IMP",6,"AUC",0.801346801346801
"pulplignin","05.IMP",6,"Brier",0.178628710267874
"pulplignin","05.IMP",6,"Misclassification",0.233333333333333
"pulplignin","05.IMP",6,"Calibration",0.0292786390428028
"pulplignin","05.IMP.M",6,"AUC",0.748597081930415
"pulplignin","05.IMP.M",6,"Brier",0.211245653329103
"pulplignin","05.IMP.M",6,"Misclassification",0.266666666666667
"pulplignin","05.IMP.M",6,"Calibration",0.0469863940698434
"pulplignin","PbP",6,"AUC",0.647586980920314
"pulplignin","PbP",6,"Brier",0.311525383579092
"pulplignin","PbP",6,"Misclassification",0.383333333333333
"pulplignin","PbP",6,"Calibration",0.103326730380438
"pulplignin","SAEM",7,"AUC",0.908482142857143
"pulplignin","SAEM",7,"Brier",0.114313686315497
"pulplignin","SAEM",7,"Misclassification",0.116666666666667
"pulplignin","SAEM",7,"Calibration",0.031032245534056
"pulplignin","MICE.10.IMP",7,"AUC",0.919642857142857
"pulplignin","MICE.10.IMP",7,"Brier",0.114373877682273
"pulplignin","MICE.10.IMP",7,"Misclassification",0.133333333333333
"pulplignin","MICE.10.IMP",7,"Calibration",0.0258024491108448
"pulplignin","MICE.10.Y.M.IMP",7,"AUC",0.911830357142857
"pulplignin","MICE.10.Y.M.IMP",7,"Brier",0.114895256513138
"pulplignin","MICE.10.Y.M.IMP",7,"Misclassification",0.116666666666667
"pulplignin","MICE.10.Y.M.IMP",7,"Calibration",0.0329607327036139
"pulplignin","MICE.RF.10.IMP",7,"AUC",0.917410714285714
"pulplignin","MICE.RF.10.IMP",7,"Brier",0.115689112017299
"pulplignin","MICE.RF.10.IMP",7,"Misclassification",0.15
"pulplignin","MICE.RF.10.IMP",7,"Calibration",0.0294721808003675
"pulplignin","MICE.RF.10.Y.M.IMP",7,"AUC",0.920758928571429
"pulplignin","MICE.RF.10.Y.M.IMP",7,"Brier",0.110699019713068
"pulplignin","MICE.RF.10.Y.M.IMP",7,"Misclassification",0.1
"pulplignin","MICE.RF.10.Y.M.IMP",7,"Calibration",0.0291117181257663
"pulplignin","MICE.10.IMP.M",7,"AUC",0.922991071428571
"pulplignin","MICE.10.IMP.M",7,"Brier",0.114097863870706
"pulplignin","MICE.10.IMP.M",7,"Misclassification",0.166666666666667
"pulplignin","MICE.10.IMP.M",7,"Calibration",0.0251368249096668
"pulplignin","MICE.10.Y.M.IMP.M",7,"AUC",0.919642857142857
"pulplignin","MICE.10.Y.M.IMP.M",7,"Brier",0.112311073192041
"pulplignin","MICE.10.Y.M.IMP.M",7,"Misclassification",0.133333333333333
"pulplignin","MICE.10.Y.M.IMP.M",7,"Calibration",0.0219611453421134
"pulplignin","MICE.RF.10.IMP.M",7,"AUC",0.933035714285714
"pulplignin","MICE.RF.10.IMP.M",7,"Brier",0.107436587507044
"pulplignin","MICE.RF.10.IMP.M",7,"Misclassification",0.15
"pulplignin","MICE.RF.10.IMP.M",7,"Calibration",0.0302143652848221
"pulplignin","MICE.RF.10.Y.M.IMP.M",7,"AUC",0.930803571428571
"pulplignin","MICE.RF.10.Y.M.IMP.M",7,"Brier",0.108290204236574
"pulplignin","MICE.RF.10.Y.M.IMP.M",7,"Misclassification",0.133333333333333
"pulplignin","MICE.RF.10.Y.M.IMP.M",7,"Calibration",0.0213457597921295
"pulplignin","Mean.IMP",7,"AUC",0.918526785714286
"pulplignin","Mean.IMP",7,"Brier",0.111148231590107
"pulplignin","Mean.IMP",7,"Misclassification",0.133333333333333
"pulplignin","Mean.IMP",7,"Calibration",0.0211809113286693
"pulplignin","Mean.IMP.M",7,"AUC",0.933035714285714
"pulplignin","Mean.IMP.M",7,"Brier",0.107421810573074
"pulplignin","Mean.IMP.M",7,"Misclassification",0.133333333333333
"pulplignin","Mean.IMP.M",7,"Calibration",0.0240163271675904
"pulplignin","05.IMP",7,"AUC",0.845982142857143
"pulplignin","05.IMP",7,"Brier",0.162743911631341
"pulplignin","05.IMP",7,"Misclassification",0.2
"pulplignin","05.IMP",7,"Calibration",0.0324859751234049
"pulplignin","05.IMP.M",7,"AUC",0.890625
"pulplignin","05.IMP.M",7,"Brier",0.133834153732506
"pulplignin","05.IMP.M",7,"Misclassification",0.166666666666667
"pulplignin","05.IMP.M",7,"Calibration",0.0286154835138357
"pulplignin","PbP",7,"AUC",0.82421875
"pulplignin","PbP",7,"Brier",0.179482918877553
"pulplignin","PbP",7,"Misclassification",0.283333333333333
"pulplignin","PbP",7,"Calibration",0.0445068423225292
"pulplignin","SAEM",8,"AUC",0.824074074074074
"pulplignin","SAEM",8,"Brier",0.174215003358604
"pulplignin","SAEM",8,"Misclassification",0.25
"pulplignin","SAEM",8,"Calibration",0.0358552149988161
"pulplignin","MICE.10.IMP",8,"AUC",0.829861111111111
"pulplignin","MICE.10.IMP",8,"Brier",0.169773842544184
"pulplignin","MICE.10.IMP",8,"Misclassification",0.25
"pulplignin","MICE.10.IMP",8,"Calibration",0.0331510355266399
"pulplignin","MICE.10.Y.M.IMP",8,"AUC",0.836805555555556
"pulplignin","MICE.10.Y.M.IMP",8,"Brier",0.164030788614232
"pulplignin","MICE.10.Y.M.IMP",8,"Misclassification",0.2
"pulplignin","MICE.10.Y.M.IMP",8,"Calibration",0.0345466616301046
"pulplignin","MICE.RF.10.IMP",8,"AUC",0.834490740740741
"pulplignin","MICE.RF.10.IMP",8,"Brier",0.165670994328632
"pulplignin","MICE.RF.10.IMP",8,"Misclassification",0.233333333333333
"pulplignin","MICE.RF.10.IMP",8,"Calibration",0.0365539308365688
"pulplignin","MICE.RF.10.Y.M.IMP",8,"AUC",0.83912037037037
"pulplignin","MICE.RF.10.Y.M.IMP",8,"Brier",0.168397359504241
"pulplignin","MICE.RF.10.Y.M.IMP",8,"Misclassification",0.233333333333333
"pulplignin","MICE.RF.10.Y.M.IMP",8,"Calibration",0.0355928723247541
"pulplignin","MICE.10.IMP.M",8,"AUC",0.827546296296296
"pulplignin","MICE.10.IMP.M",8,"Brier",0.168396015665992
"pulplignin","MICE.10.IMP.M",8,"Misclassification",0.283333333333333
"pulplignin","MICE.10.IMP.M",8,"Calibration",0.0353715238179707
"pulplignin","MICE.10.Y.M.IMP.M",8,"AUC",0.834490740740741
"pulplignin","MICE.10.Y.M.IMP.M",8,"Brier",0.163640637342494
"pulplignin","MICE.10.Y.M.IMP.M",8,"Misclassification",0.233333333333333
"pulplignin","MICE.10.Y.M.IMP.M",8,"Calibration",0.0388210125228695
"pulplignin","MICE.RF.10.IMP.M",8,"AUC",0.84375
"pulplignin","MICE.RF.10.IMP.M",8,"Brier",0.161592872413584
"pulplignin","MICE.RF.10.IMP.M",8,"Misclassification",0.216666666666667
"pulplignin","MICE.RF.10.IMP.M",8,"Calibration",0.030628820126002
"pulplignin","MICE.RF.10.Y.M.IMP.M",8,"AUC",0.849537037037037
"pulplignin","MICE.RF.10.Y.M.IMP.M",8,"Brier",0.159752856853099
"pulplignin","MICE.RF.10.Y.M.IMP.M",8,"Misclassification",0.2
"pulplignin","MICE.RF.10.Y.M.IMP.M",8,"Calibration",0.0427694260538789
"pulplignin","Mean.IMP",8,"AUC",0.835648148148148
"pulplignin","Mean.IMP",8,"Brier",0.166451874206317
"pulplignin","Mean.IMP",8,"Misclassification",0.25
"pulplignin","Mean.IMP",8,"Calibration",0.0373348107142537
"pulplignin","Mean.IMP.M",8,"AUC",0.842592592592593
"pulplignin","Mean.IMP.M",8,"Brier",0.163167632715441
"pulplignin","Mean.IMP.M",8,"Misclassification",0.216666666666667
"pulplignin","Mean.IMP.M",8,"Calibration",0.0342092993821075
"pulplignin","05.IMP",8,"AUC",0.746527777777778
"pulplignin","05.IMP",8,"Brier",0.20615509364299
"pulplignin","05.IMP",8,"Misclassification",0.266666666666667
"pulplignin","05.IMP",8,"Calibration",0.0480267083406918
"pulplignin","05.IMP.M",8,"AUC",0.788194444444444
"pulplignin","05.IMP.M",8,"Brier",0.195445052543773
"pulplignin","05.IMP.M",8,"Misclassification",0.25
"pulplignin","05.IMP.M",8,"Calibration",0.0476189655872512
"pulplignin","PbP",8,"AUC",0.685185185185185
"pulplignin","PbP",8,"Brier",0.277620334831805
"pulplignin","PbP",8,"Misclassification",0.4
"pulplignin","PbP",8,"Calibration",0.0820116747010865
"pulplignin","SAEM",9,"AUC",0.801111111111111
"pulplignin","SAEM",9,"Brier",0.201851539163896
"pulplignin","SAEM",9,"Misclassification",0.266666666666667
"pulplignin","SAEM",9,"Calibration",0.0416300939424506
"pulplignin","MICE.10.IMP",9,"AUC",0.801111111111111
"pulplignin","MICE.10.IMP",9,"Brier",0.200768330711323
"pulplignin","MICE.10.IMP",9,"Misclassification",0.25
"pulplignin","MICE.10.IMP",9,"Calibration",0.0436916111346038
"pulplignin","MICE.10.Y.M.IMP",9,"AUC",0.794444444444445
"pulplignin","MICE.10.Y.M.IMP",9,"Brier",0.199712631686081
"pulplignin","MICE.10.Y.M.IMP",9,"Misclassification",0.266666666666667
"pulplignin","MICE.10.Y.M.IMP",9,"Calibration",0.0412383965814115
"pulplignin","MICE.RF.10.IMP",9,"AUC",0.787777777777778
"pulplignin","MICE.RF.10.IMP",9,"Brier",0.203197836804175
"pulplignin","MICE.RF.10.IMP",9,"Misclassification",0.266666666666667
"pulplignin","MICE.RF.10.IMP",9,"Calibration",0.0384756145819531
"pulplignin","MICE.RF.10.Y.M.IMP",9,"AUC",0.795555555555556
"pulplignin","MICE.RF.10.Y.M.IMP",9,"Brier",0.204788939730806
"pulplignin","MICE.RF.10.Y.M.IMP",9,"Misclassification",0.266666666666667
"pulplignin","MICE.RF.10.Y.M.IMP",9,"Calibration",0.0471494958413626
"pulplignin","MICE.10.IMP.M",9,"AUC",0.786666666666667
"pulplignin","MICE.10.IMP.M",9,"Brier",0.207953921566678
"pulplignin","MICE.10.IMP.M",9,"Misclassification",0.283333333333333
"pulplignin","MICE.10.IMP.M",9,"Calibration",0.0382978369105932
"pulplignin","MICE.10.Y.M.IMP.M",9,"AUC",0.771111111111111
"pulplignin","MICE.10.Y.M.IMP.M",9,"Brier",0.21427957971273
"pulplignin","MICE.10.Y.M.IMP.M",9,"Misclassification",0.266666666666667
"pulplignin","MICE.10.Y.M.IMP.M",9,"Calibration",0.0397425426756932
"pulplignin","MICE.RF.10.IMP.M",9,"AUC",0.787777777777778
"pulplignin","MICE.RF.10.IMP.M",9,"Brier",0.209364823782326
"pulplignin","MICE.RF.10.IMP.M",9,"Misclassification",0.283333333333333
"pulplignin","MICE.RF.10.IMP.M",9,"Calibration",0.0530156174331195
"pulplignin","MICE.RF.10.Y.M.IMP.M",9,"AUC",0.783333333333333
"pulplignin","MICE.RF.10.Y.M.IMP.M",9,"Brier",0.206840277095356
"pulplignin","MICE.RF.10.Y.M.IMP.M",9,"Misclassification",0.266666666666667
"pulplignin","MICE.RF.10.Y.M.IMP.M",9,"Calibration",0.0418433894514097
"pulplignin","Mean.IMP",9,"AUC",0.784444444444444
"pulplignin","Mean.IMP",9,"Brier",0.206899874882685
"pulplignin","Mean.IMP",9,"Misclassification",0.3
"pulplignin","Mean.IMP",9,"Calibration",0.0433180035376561
"pulplignin","Mean.IMP.M",9,"AUC",0.763333333333333
"pulplignin","Mean.IMP.M",9,"Brier",0.225008604284219
"pulplignin","Mean.IMP.M",9,"Misclassification",0.333333333333333
"pulplignin","Mean.IMP.M",9,"Calibration",0.0539290588296738
"pulplignin","05.IMP",9,"AUC",0.73
"pulplignin","05.IMP",9,"Brier",0.222597342171422
"pulplignin","05.IMP",9,"Misclassification",0.283333333333333
"pulplignin","05.IMP",9,"Calibration",0.0466363432937561
"pulplignin","05.IMP.M",9,"AUC",0.73
"pulplignin","05.IMP.M",9,"Brier",0.241664072337211
"pulplignin","05.IMP.M",9,"Misclassification",0.35
"pulplignin","05.IMP.M",9,"Calibration",0.0580845268826658
"pulplignin","PbP",9,"AUC",0.713888888888889
"pulplignin","PbP",9,"Brier",0.28705873556395
"pulplignin","PbP",9,"Misclassification",0.316666666666667
"pulplignin","PbP",9,"Calibration",0.101931841997159
"pulplignin","SAEM",10,"AUC",0.898148148148148
"pulplignin","SAEM",10,"Brier",0.126681788136452
"pulplignin","SAEM",10,"Misclassification",0.15
"pulplignin","SAEM",10,"Calibration",0.0297445586992228
"pulplignin","MICE.10.IMP",10,"AUC",0.896990740740741
"pulplignin","MICE.10.IMP",10,"Brier",0.127887529081455
"pulplignin","MICE.10.IMP",10,"Misclassification",0.15
"pulplignin","MICE.10.IMP",10,"Calibration",0.0260819735258998
"pulplignin","MICE.10.Y.M.IMP",10,"AUC",0.893518518518518
"pulplignin","MICE.10.Y.M.IMP",10,"Brier",0.130204378728316
"pulplignin","MICE.10.Y.M.IMP",10,"Misclassification",0.15
"pulplignin","MICE.10.Y.M.IMP",10,"Calibration",0.0280579140818513
"pulplignin","MICE.RF.10.IMP",10,"AUC",0.899305555555556
"pulplignin","MICE.RF.10.IMP",10,"Brier",0.12597699105744
"pulplignin","MICE.RF.10.IMP",10,"Misclassification",0.183333333333333
"pulplignin","MICE.RF.10.IMP",10,"Calibration",0.0254453589468601
"pulplignin","MICE.RF.10.Y.M.IMP",10,"AUC",0.886574074074074
"pulplignin","MICE.RF.10.Y.M.IMP",10,"Brier",0.13356809236099
"pulplignin","MICE.RF.10.Y.M.IMP",10,"Misclassification",0.183333333333333
"pulplignin","MICE.RF.10.Y.M.IMP",10,"Calibration",0.0250495738424717
"pulplignin","MICE.10.IMP.M",10,"AUC",0.884259259259259
"pulplignin","MICE.10.IMP.M",10,"Brier",0.134686207614744
"pulplignin","MICE.10.IMP.M",10,"Misclassification",0.15
"pulplignin","MICE.10.IMP.M",10,"Calibration",0.0241683920969287
"pulplignin","MICE.10.Y.M.IMP.M",10,"AUC",0.877314814814815
"pulplignin","MICE.10.Y.M.IMP.M",10,"Brier",0.137274820702433
"pulplignin","MICE.10.Y.M.IMP.M",10,"Misclassification",0.166666666666667
"pulplignin","MICE.10.Y.M.IMP.M",10,"Calibration",0.0198145032421154
"pulplignin","MICE.RF.10.IMP.M",10,"AUC",0.871527777777778
"pulplignin","MICE.RF.10.IMP.M",10,"Brier",0.140315254217902
"pulplignin","MICE.RF.10.IMP.M",10,"Misclassification",0.2
"pulplignin","MICE.RF.10.IMP.M",10,"Calibration",0.0225410376936855
"pulplignin","MICE.RF.10.Y.M.IMP.M",10,"AUC",0.866898148148148
"pulplignin","MICE.RF.10.Y.M.IMP.M",10,"Brier",0.143689508698789
"pulplignin","MICE.RF.10.Y.M.IMP.M",10,"Misclassification",0.2
"pulplignin","MICE.RF.10.Y.M.IMP.M",10,"Calibration",0.0223041810634616
"pulplignin","Mean.IMP",10,"AUC",0.890046296296296
"pulplignin","Mean.IMP",10,"Brier",0.125967676597661
"pulplignin","Mean.IMP",10,"Misclassification",0.166666666666667
"pulplignin","Mean.IMP",10,"Calibration",0.030365824745809
"pulplignin","Mean.IMP.M",10,"AUC",0.861111111111111
"pulplignin","Mean.IMP.M",10,"Brier",0.141394339432534
"pulplignin","Mean.IMP.M",10,"Misclassification",0.183333333333333
"pulplignin","Mean.IMP.M",10,"Calibration",0.0260280390662341
"pulplignin","05.IMP",10,"AUC",0.773148148148148
"pulplignin","05.IMP",10,"Brier",0.195039212945319
"pulplignin","05.IMP",10,"Misclassification",0.216666666666667
"pulplignin","05.IMP",10,"Calibration",0.0432778651313399
"pulplignin","05.IMP.M",10,"AUC",0.820601851851852
"pulplignin","05.IMP.M",10,"Brier",0.158024091254539
"pulplignin","05.IMP.M",10,"Misclassification",0.2
"pulplignin","05.IMP.M",10,"Calibration",0.0272874205178684
"pulplignin","PbP",10,"AUC",0.814236111111111
"pulplignin","PbP",10,"Brier",0.192347718052939
"pulplignin","PbP",10,"Misclassification",0.283333333333333
"pulplignin","PbP",10,"Calibration",0.0482008926561135
"pulplignin","SAEM",11,"AUC",0.842285714285714
"pulplignin","SAEM",11,"Brier",0.153068464562444
"pulplignin","SAEM",11,"Misclassification",0.2
"pulplignin","SAEM",11,"Calibration",0.0304479034979468
"pulplignin","MICE.10.IMP",11,"AUC",0.850285714285714
"pulplignin","MICE.10.IMP",11,"Brier",0.155227915803844
"pulplignin","MICE.10.IMP",11,"Misclassification",0.2
"pulplignin","MICE.10.IMP",11,"Calibration",0.0256445824705103
"pulplignin","MICE.10.Y.M.IMP",11,"AUC",0.844571428571429
"pulplignin","MICE.10.Y.M.IMP",11,"Brier",0.1562703126663
"pulplignin","MICE.10.Y.M.IMP",11,"Misclassification",0.183333333333333
"pulplignin","MICE.10.Y.M.IMP",11,"Calibration",0.0257437558897433
"pulplignin","MICE.RF.10.IMP",11,"AUC",0.856
"pulplignin","MICE.RF.10.IMP",11,"Brier",0.150524350163826
"pulplignin","MICE.RF.10.IMP",11,"Misclassification",0.183333333333333
"pulplignin","MICE.RF.10.IMP",11,"Calibration",0.0266751438146201
"pulplignin","MICE.RF.10.Y.M.IMP",11,"AUC",0.861714285714286
"pulplignin","MICE.RF.10.Y.M.IMP",11,"Brier",0.147442165589413
"pulplignin","MICE.RF.10.Y.M.IMP",11,"Misclassification",0.183333333333333
"pulplignin","MICE.RF.10.Y.M.IMP",11,"Calibration",0.0274640228171528
"pulplignin","MICE.10.IMP.M",11,"AUC",0.816
"pulplignin","MICE.10.IMP.M",11,"Brier",0.172850116195205
"pulplignin","MICE.10.IMP.M",11,"Misclassification",0.25
"pulplignin","MICE.10.IMP.M",11,"Calibration",0.0305559207392446
"pulplignin","MICE.10.Y.M.IMP.M",11,"AUC",0.813714285714286
"pulplignin","MICE.10.Y.M.IMP.M",11,"Brier",0.174900127971511
"pulplignin","MICE.10.Y.M.IMP.M",11,"Misclassification",0.25
"pulplignin","MICE.10.Y.M.IMP.M",11,"Calibration",0.0352941702037889
"pulplignin","MICE.RF.10.IMP.M",11,"AUC",0.817142857142857
"pulplignin","MICE.RF.10.IMP.M",11,"Brier",0.167005392602787
"pulplignin","MICE.RF.10.IMP.M",11,"Misclassification",0.25
"pulplignin","MICE.RF.10.IMP.M",11,"Calibration",0.0318445738893367
"pulplignin","MICE.RF.10.Y.M.IMP.M",11,"AUC",0.809142857142857
"pulplignin","MICE.RF.10.Y.M.IMP.M",11,"Brier",0.171999212924331
"pulplignin","MICE.RF.10.Y.M.IMP.M",11,"Misclassification",0.233333333333333
"pulplignin","MICE.RF.10.Y.M.IMP.M",11,"Calibration",0.0275316203317386
"pulplignin","Mean.IMP",11,"AUC",0.856
"pulplignin","Mean.IMP",11,"Brier",0.150151069517491
"pulplignin","Mean.IMP",11,"Misclassification",0.2
"pulplignin","Mean.IMP",11,"Calibration",0.0322037390701606
"pulplignin","Mean.IMP.M",11,"AUC",0.819428571428571
"pulplignin","Mean.IMP.M",11,"Brier",0.166684245322992
"pulplignin","Mean.IMP.M",11,"Misclassification",0.233333333333333
"pulplignin","Mean.IMP.M",11,"Calibration",0.0304288340675803
"pulplignin","05.IMP",11,"AUC",0.718857142857143
"pulplignin","05.IMP",11,"Brier",0.219544838350776
"pulplignin","05.IMP",11,"Misclassification",0.266666666666667
"pulplignin","05.IMP",11,"Calibration",0.0394308782368158
"pulplignin","05.IMP.M",11,"AUC",0.781714285714286
"pulplignin","05.IMP.M",11,"Brier",0.183326855510255
"pulplignin","05.IMP.M",11,"Misclassification",0.25
"pulplignin","05.IMP.M",11,"Calibration",0.0343864097667397
"pulplignin","PbP",11,"AUC",0.662857142857143
"pulplignin","PbP",11,"Brier",0.258379871567582
"pulplignin","PbP",11,"Misclassification",0.3
"pulplignin","PbP",11,"Calibration",0.0697886017263122
"pulplignin","SAEM",12,"AUC",0.892857142857143
"pulplignin","SAEM",12,"Brier",0.129696632060251
"pulplignin","SAEM",12,"Misclassification",0.166666666666667
"pulplignin","SAEM",12,"Calibration",0.0222759971396161
"pulplignin","MICE.10.IMP",12,"AUC",0.897321428571429
"pulplignin","MICE.10.IMP",12,"Brier",0.128096588356541
"pulplignin","MICE.10.IMP",12,"Misclassification",0.15
"pulplignin","MICE.10.IMP",12,"Calibration",0.0238637841237368
"pulplignin","MICE.10.Y.M.IMP",12,"AUC",0.897321428571429
"pulplignin","MICE.10.Y.M.IMP",12,"Brier",0.127104533330015
"pulplignin","MICE.10.Y.M.IMP",12,"Misclassification",0.15
"pulplignin","MICE.10.Y.M.IMP",12,"Calibration",0.0216812529067342
"pulplignin","MICE.RF.10.IMP",12,"AUC",0.910714285714286
"pulplignin","MICE.RF.10.IMP",12,"Brier",0.119421425354056
"pulplignin","MICE.RF.10.IMP",12,"Misclassification",0.133333333333333
"pulplignin","MICE.RF.10.IMP",12,"Calibration",0.0206805828632136
"pulplignin","MICE.RF.10.Y.M.IMP",12,"AUC",0.90625
"pulplignin","MICE.RF.10.Y.M.IMP",12,"Brier",0.122040022111316
"pulplignin","MICE.RF.10.Y.M.IMP",12,"Misclassification",0.133333333333333
"pulplignin","MICE.RF.10.Y.M.IMP",12,"Calibration",0.0296789110002045
"pulplignin","MICE.10.IMP.M",12,"AUC",0.880580357142857
"pulplignin","MICE.10.IMP.M",12,"Brier",0.14105460487692
"pulplignin","MICE.10.IMP.M",12,"Misclassification",0.216666666666667
"pulplignin","MICE.10.IMP.M",12,"Calibration",0.0271741334964485
"pulplignin","MICE.10.Y.M.IMP.M",12,"AUC",0.887276785714286
"pulplignin","MICE.10.Y.M.IMP.M",12,"Brier",0.139072419654372
"pulplignin","MICE.10.Y.M.IMP.M",12,"Misclassification",0.2
"pulplignin","MICE.10.Y.M.IMP.M",12,"Calibration",0.027169072456907
"pulplignin","MICE.RF.10.IMP.M",12,"AUC",0.881696428571429
"pulplignin","MICE.RF.10.IMP.M",12,"Brier",0.141153009829148
"pulplignin","MICE.RF.10.IMP.M",12,"Misclassification",0.233333333333333
"pulplignin","MICE.RF.10.IMP.M",12,"Calibration",0.0271216707978091
"pulplignin","MICE.RF.10.Y.M.IMP.M",12,"AUC",0.883928571428571
"pulplignin","MICE.RF.10.Y.M.IMP.M",12,"Brier",0.138156452079313
"pulplignin","MICE.RF.10.Y.M.IMP.M",12,"Misclassification",0.2
"pulplignin","MICE.RF.10.Y.M.IMP.M",12,"Calibration",0.0245453409682016
"pulplignin","Mean.IMP",12,"AUC",0.908482142857143
"pulplignin","Mean.IMP",12,"Brier",0.122411053751392
"pulplignin","Mean.IMP",12,"Misclassification",0.166666666666667
"pulplignin","Mean.IMP",12,"Calibration",0.0205948144351531
"pulplignin","Mean.IMP.M",12,"AUC",0.888392857142857
"pulplignin","Mean.IMP.M",12,"Brier",0.137847469192762
"pulplignin","Mean.IMP.M",12,"Misclassification",0.233333333333333
"pulplignin","Mean.IMP.M",12,"Calibration",0.0250696914149837
"pulplignin","05.IMP",12,"AUC",0.771205357142857
"pulplignin","05.IMP",12,"Brier",0.216643116341969
"pulplignin","05.IMP",12,"Misclassification",0.283333333333333
"pulplignin","05.IMP",12,"Calibration",0.0447996819985342
"pulplignin","05.IMP.M",12,"AUC",0.876116071428571
"pulplignin","05.IMP.M",12,"Brier",0.151356981969074
"pulplignin","05.IMP.M",12,"Misclassification",0.25
"pulplignin","05.IMP.M",12,"Calibration",0.0338966645087567
"pulplignin","PbP",12,"AUC",0.764508928571429
"pulplignin","PbP",12,"Brier",0.236253774595617
"pulplignin","PbP",12,"Misclassification",0.3
"pulplignin","PbP",12,"Calibration",0.0690414730083157
"pulplignin","SAEM",13,"AUC",0.858258928571429
"pulplignin","SAEM",13,"Brier",0.150061828486969
"pulplignin","SAEM",13,"Misclassification",0.2
"pulplignin","SAEM",13,"Calibration",0.0207436466687875
"pulplignin","MICE.10.IMP",13,"AUC",0.8671875
"pulplignin","MICE.10.IMP",13,"Brier",0.138447660338477
"pulplignin","MICE.10.IMP",13,"Misclassification",0.166666666666667
"pulplignin","MICE.10.IMP",13,"Calibration",0.0189051766783461
"pulplignin","MICE.10.Y.M.IMP",13,"AUC",0.869419642857143
"pulplignin","MICE.10.Y.M.IMP",13,"Brier",0.14065829806585
"pulplignin","MICE.10.Y.M.IMP",13,"Misclassification",0.15
"pulplignin","MICE.10.Y.M.IMP",13,"Calibration",0.0262760136835661
"pulplignin","MICE.RF.10.IMP",13,"AUC",0.878348214285714
"pulplignin","MICE.RF.10.IMP",13,"Brier",0.135036618557161
"pulplignin","MICE.RF.10.IMP",13,"Misclassification",0.15
"pulplignin","MICE.RF.10.IMP",13,"Calibration",0.0303591159771814
"pulplignin","MICE.RF.10.Y.M.IMP",13,"AUC",0.868303571428571
"pulplignin","MICE.RF.10.Y.M.IMP",13,"Brier",0.144159667126217
"pulplignin","MICE.RF.10.Y.M.IMP",13,"Misclassification",0.183333333333333
"pulplignin","MICE.RF.10.Y.M.IMP",13,"Calibration",0.0201192630858131
"pulplignin","MICE.10.IMP.M",13,"AUC",0.8671875
"pulplignin","MICE.10.IMP.M",13,"Brier",0.142183383078146
"pulplignin","MICE.10.IMP.M",13,"Misclassification",0.183333333333333
"pulplignin","MICE.10.IMP.M",13,"Calibration",0.0174214783162414
"pulplignin","MICE.10.Y.M.IMP.M",13,"AUC",0.871651785714286
"pulplignin","MICE.10.Y.M.IMP.M",13,"Brier",0.145604761096191
"pulplignin","MICE.10.Y.M.IMP.M",13,"Misclassification",0.166666666666667
"pulplignin","MICE.10.Y.M.IMP.M",13,"Calibration",0.0293878298792601
"pulplignin","MICE.RF.10.IMP.M",13,"AUC",0.856026785714286
"pulplignin","MICE.RF.10.IMP.M",13,"Brier",0.147902512263213
"pulplignin","MICE.RF.10.IMP.M",13,"Misclassification",0.2
"pulplignin","MICE.RF.10.IMP.M",13,"Calibration",0.0179507973114979
"pulplignin","MICE.RF.10.Y.M.IMP.M",13,"AUC",0.870535714285714
"pulplignin","MICE.RF.10.Y.M.IMP.M",13,"Brier",0.140461639984432
"pulplignin","MICE.RF.10.Y.M.IMP.M",13,"Misclassification",0.2
"pulplignin","MICE.RF.10.Y.M.IMP.M",13,"Calibration",0.0176838622066547
"pulplignin","Mean.IMP",13,"AUC",0.860491071428571
"pulplignin","Mean.IMP",13,"Brier",0.147283377562166
"pulplignin","Mean.IMP",13,"Misclassification",0.166666666666667
"pulplignin","Mean.IMP",13,"Calibration",0.0212985290773175
"pulplignin","Mean.IMP.M",13,"AUC",0.856026785714286
"pulplignin","Mean.IMP.M",13,"Brier",0.152530518820323
"pulplignin","Mean.IMP.M",13,"Misclassification",0.216666666666667
"pulplignin","Mean.IMP.M",13,"Calibration",0.0258169546067591
"pulplignin","05.IMP",13,"AUC",0.875
"pulplignin","05.IMP",13,"Brier",0.142888603656644
"pulplignin","05.IMP",13,"Misclassification",0.15
"pulplignin","05.IMP",13,"Calibration",0.0321834754515161
"pulplignin","05.IMP.M",13,"AUC",0.856026785714286
"pulplignin","05.IMP.M",13,"Brier",0.152528654558765
"pulplignin","05.IMP.M",13,"Misclassification",0.216666666666667
"pulplignin","05.IMP.M",13,"Calibration",0.0258150903452008
"pulplignin","PbP",13,"AUC",0.753348214285714
"pulplignin","PbP",13,"Brier",0.20813632466854
"pulplignin","PbP",13,"Misclassification",0.266666666666667
"pulplignin","PbP",13,"Calibration",0.0353702182259628
"pulplignin","SAEM",14,"AUC",0.800224466891134
"pulplignin","SAEM",14,"Brier",0.193076845761312
"pulplignin","SAEM",14,"Misclassification",0.3
"pulplignin","SAEM",14,"Calibration",0.0316910093754758
"pulplignin","MICE.10.IMP",14,"AUC",0.830527497194164
"pulplignin","MICE.10.IMP",14,"Brier",0.179158986659298
"pulplignin","MICE.10.IMP",14,"Misclassification",0.283333333333333
"pulplignin","MICE.10.IMP",14,"Calibration",0.0341589866592977
"pulplignin","MICE.10.Y.M.IMP",14,"AUC",0.819304152637486
"pulplignin","MICE.10.Y.M.IMP",14,"Brier",0.182990638998547
"pulplignin","MICE.10.Y.M.IMP",14,"Misclassification",0.283333333333333
"pulplignin","MICE.10.Y.M.IMP",14,"Calibration",0.0344100529179609
"pulplignin","MICE.RF.10.IMP",14,"AUC",0.827160493827161
"pulplignin","MICE.RF.10.IMP",14,"Brier",0.178962947909449
"pulplignin","MICE.RF.10.IMP",14,"Misclassification",0.266666666666667
"pulplignin","MICE.RF.10.IMP",14,"Calibration",0.0336393825858841
"pulplignin","MICE.RF.10.Y.M.IMP",14,"AUC",0.818181818181818
"pulplignin","MICE.RF.10.Y.M.IMP",14,"Brier",0.183251150544278
"pulplignin","MICE.RF.10.Y.M.IMP",14,"Misclassification",0.283333333333333
"pulplignin","MICE.RF.10.Y.M.IMP",14,"Calibration",0.0385541808473078
"pulplignin","MICE.10.IMP.M",14,"AUC",0.843995510662177
"pulplignin","MICE.10.IMP.M",14,"Brier",0.166524778512863
"pulplignin","MICE.10.IMP.M",14,"Misclassification",0.25
"pulplignin","MICE.10.IMP.M",14,"Calibration",0.028658478146563
"pulplignin","MICE.10.Y.M.IMP.M",14,"AUC",0.832772166105499
"pulplignin","MICE.10.Y.M.IMP.M",14,"Brier",0.169456901080841
"pulplignin","MICE.10.Y.M.IMP.M",14,"Misclassification",0.216666666666667
"pulplignin","MICE.10.Y.M.IMP.M",14,"Calibration",0.0289807106046504
"pulplignin","MICE.RF.10.IMP.M",14,"AUC",0.842873176206509
"pulplignin","MICE.RF.10.IMP.M",14,"Brier",0.163901505246394
"pulplignin","MICE.RF.10.IMP.M",14,"Misclassification",0.216666666666667
"pulplignin","MICE.RF.10.IMP.M",14,"Calibration",0.0306264469713361
"pulplignin","MICE.RF.10.Y.M.IMP.M",14,"AUC",0.835016835016835
"pulplignin","MICE.RF.10.Y.M.IMP.M",14,"Brier",0.167279068858072
"pulplignin","MICE.RF.10.Y.M.IMP.M",14,"Misclassification",0.216666666666667
"pulplignin","MICE.RF.10.Y.M.IMP.M",14,"Calibration",0.0283248204920589
"pulplignin","Mean.IMP",14,"AUC",0.793490460157127
"pulplignin","Mean.IMP",14,"Brier",0.198346508946646
"pulplignin","Mean.IMP",14,"Misclassification",0.3
"pulplignin","Mean.IMP",14,"Calibration",0.0389402289521307
"pulplignin","Mean.IMP.M",14,"AUC",0.815937149270483
"pulplignin","Mean.IMP.M",14,"Brier",0.183410768237203
"pulplignin","Mean.IMP.M",14,"Misclassification",0.233333333333333
"pulplignin","Mean.IMP.M",14,"Calibration",0.0324965136464775
"pulplignin","05.IMP",14,"AUC",0.793490460157127
"pulplignin","05.IMP",14,"Brier",0.182048874429553
"pulplignin","05.IMP",14,"Misclassification",0.25
"pulplignin","05.IMP",14,"Calibration",0.0241520490327279
"pulplignin","05.IMP.M",14,"AUC",0.815937149270483
"pulplignin","05.IMP.M",14,"Brier",0.183410768209849
"pulplignin","05.IMP.M",14,"Misclassification",0.233333333333333
"pulplignin","05.IMP.M",14,"Calibration",0.032496513619124
"pulplignin","PbP",14,"AUC",0.718294051627385
"pulplignin","PbP",14,"Brier",0.243710004118378
"pulplignin","PbP",14,"Misclassification",0.283333333333333
"pulplignin","PbP",14,"Calibration",0.0635365591423015
"pulplignin","SAEM",15,"AUC",0.840934371523915
"pulplignin","SAEM",15,"Brier",0.150717905519889
"pulplignin","SAEM",15,"Misclassification",0.183333333333333
"pulplignin","SAEM",15,"Calibration",0.0250302488782848
"pulplignin","MICE.10.IMP",15,"AUC",0.845383759733037
"pulplignin","MICE.10.IMP",15,"Brier",0.153856178930832
"pulplignin","MICE.10.IMP",15,"Misclassification",0.216666666666667
"pulplignin","MICE.10.IMP",15,"Calibration",0.0293323694070224
"pulplignin","MICE.10.Y.M.IMP",15,"AUC",0.844271412680756
"pulplignin","MICE.10.Y.M.IMP",15,"Brier",0.149715999883874
"pulplignin","MICE.10.Y.M.IMP",15,"Misclassification",0.183333333333333
"pulplignin","MICE.10.Y.M.IMP",15,"Calibration",0.0180962307641049
"pulplignin","MICE.RF.10.IMP",15,"AUC",0.863181312569522
"pulplignin","MICE.RF.10.IMP",15,"Brier",0.139858840153006
"pulplignin","MICE.RF.10.IMP",15,"Misclassification",0.166666666666667
"pulplignin","MICE.RF.10.IMP",15,"Calibration",0.0255731258672913
"pulplignin","MICE.RF.10.Y.M.IMP",15,"AUC",0.865406006674082
"pulplignin","MICE.RF.10.Y.M.IMP",15,"Brier",0.139623566977859
"pulplignin","MICE.RF.10.Y.M.IMP",15,"Misclassification",0.183333333333333
"pulplignin","MICE.RF.10.Y.M.IMP",15,"Calibration",0.0214978038520956
"pulplignin","MICE.10.IMP.M",15,"AUC",0.860956618464961
"pulplignin","MICE.10.IMP.M",15,"Brier",0.139201297084292
"pulplignin","MICE.10.IMP.M",15,"Misclassification",0.183333333333333
"pulplignin","MICE.10.IMP.M",15,"Calibration",0.0243203447033394
"pulplignin","MICE.10.Y.M.IMP.M",15,"AUC",0.859844271412681
"pulplignin","MICE.10.Y.M.IMP.M",15,"Brier",0.141272067153182
"pulplignin","MICE.10.Y.M.IMP.M",15,"Misclassification",0.183333333333333
"pulplignin","MICE.10.Y.M.IMP.M",15,"Calibration",0.0193673052484198
"pulplignin","MICE.RF.10.IMP.M",15,"AUC",0.864293659621802
"pulplignin","MICE.RF.10.IMP.M",15,"Brier",0.13211406508148
"pulplignin","MICE.RF.10.IMP.M",15,"Misclassification",0.15
"pulplignin","MICE.RF.10.IMP.M",15,"Calibration",0.0243903998578145
"pulplignin","MICE.RF.10.Y.M.IMP.M",15,"AUC",0.866518353726363
"pulplignin","MICE.RF.10.Y.M.IMP.M",15,"Brier",0.13774431042698
"pulplignin","MICE.RF.10.Y.M.IMP.M",15,"Misclassification",0.183333333333333
"pulplignin","MICE.RF.10.Y.M.IMP.M",15,"Calibration",0.0259329192038238
"pulplignin","Mean.IMP",15,"AUC",0.8587319243604
"pulplignin","Mean.IMP",15,"Brier",0.134082616325693
"pulplignin","Mean.IMP",15,"Misclassification",0.166666666666667
"pulplignin","Mean.IMP",15,"Calibration",0.0340139953331592
"pulplignin","Mean.IMP.M",15,"AUC",0.863181312569522
"pulplignin","Mean.IMP.M",15,"Brier",0.129743354978328
"pulplignin","Mean.IMP.M",15,"Misclassification",0.133333333333333
"pulplignin","Mean.IMP.M",15,"Calibration",0.0314073378017313
"pulplignin","05.IMP",15,"AUC",0.82091212458287
"pulplignin","05.IMP",15,"Brier",0.178001868238536
"pulplignin","05.IMP",15,"Misclassification",0.266666666666667
"pulplignin","05.IMP",15,"Calibration",0.0408175248041924
"pulplignin","05.IMP.M",15,"AUC",0.835372636262514
"pulplignin","05.IMP.M",15,"Brier",0.146385933237983
"pulplignin","05.IMP.M",15,"Misclassification",0.15
"pulplignin","05.IMP.M",15,"Calibration",0.0344370796224632
"pulplignin","PbP",15,"AUC",0.708008898776418
"pulplignin","PbP",15,"Brier",0.253949597293797
"pulplignin","PbP",15,"Misclassification",0.316666666666667
"pulplignin","PbP",15,"Calibration",0.0608014491456487
"selfreport","SAEM",1,"AUC",0.92424099120401
"selfreport","SAEM",1,"Brier",0.110165520521598
"selfreport","SAEM",1,"Misclassification",0.150485436893204
"selfreport","SAEM",1,"Calibration",0.0065529786912626
"selfreport","MICE.10.IMP",1,"AUC",0.925092216021943
"selfreport","MICE.10.IMP",1,"Brier",0.109607429772784
"selfreport","MICE.10.IMP",1,"Misclassification",0.160194174757282
"selfreport","MICE.10.IMP",1,"Calibration",0.00631295930245407
"selfreport","MICE.10.Y.M.IMP",1,"AUC",0.924808474415965
"selfreport","MICE.10.Y.M.IMP",1,"Brier",0.109869247598684
"selfreport","MICE.10.Y.M.IMP",1,"Misclassification",0.162621359223301
"selfreport","MICE.10.Y.M.IMP",1,"Calibration",0.00737592525756674
"selfreport","MICE.RF.10.IMP",1,"AUC",0.924311926605505
"selfreport","MICE.RF.10.IMP",1,"Brier",0.111153962525287
"selfreport","MICE.RF.10.IMP",1,"Misclassification",0.16747572815534
"selfreport","MICE.RF.10.IMP",1,"Calibration",0.00746496439889129
"selfreport","MICE.RF.10.Y.M.IMP",1,"AUC",0.923649862858224
"selfreport","MICE.RF.10.Y.M.IMP",1,"Brier",0.111112289086922
"selfreport","MICE.RF.10.Y.M.IMP",1,"Misclassification",0.162621359223301
"selfreport","MICE.RF.10.Y.M.IMP",1,"Calibration",0.00667582047644866
"selfreport","MICE.10.IMP.M",1,"AUC",0.924430152274662
"selfreport","MICE.10.IMP.M",1,"Brier",0.11015638435856
"selfreport","MICE.10.IMP.M",1,"Misclassification",0.16504854368932
"selfreport","MICE.10.IMP.M",1,"Calibration",0.00593493509948001
"selfreport","MICE.10.Y.M.IMP.M",1,"AUC",0.924382862006999
"selfreport","MICE.10.Y.M.IMP.M",1,"Brier",0.109270393223546
"selfreport","MICE.10.Y.M.IMP.M",1,"Misclassification",0.152912621359223
"selfreport","MICE.10.Y.M.IMP.M",1,"Calibration",0.00616128863359805
"selfreport","MICE.RF.10.IMP.M",1,"AUC",0.923720798259718
"selfreport","MICE.RF.10.IMP.M",1,"Brier",0.111364114071403
"selfreport","MICE.RF.10.IMP.M",1,"Misclassification",0.16747572815534
"selfreport","MICE.RF.10.IMP.M",1,"Calibration",0.00673458312286394
"selfreport","MICE.RF.10.Y.M.IMP.M",1,"AUC",0.921663671616381
"selfreport","MICE.RF.10.Y.M.IMP.M",1,"Brier",0.112340618791522
"selfreport","MICE.RF.10.Y.M.IMP.M",1,"Misclassification",0.160194174757282
"selfreport","MICE.RF.10.Y.M.IMP.M",1,"Calibration",0.00750613431335471
"selfreport","Mean.IMP",1,"AUC",0.924170055802516
"selfreport","Mean.IMP",1,"Brier",0.111046762652937
"selfreport","Mean.IMP",1,"Misclassification",0.162621359223301
"selfreport","Mean.IMP",1,"Calibration",0.00673523399132903
"selfreport","Mean.IMP.M",1,"AUC",0.924170055802516
"selfreport","Mean.IMP.M",1,"Brier",0.111046762652937
"selfreport","Mean.IMP.M",1,"Misclassification",0.162621359223301
"selfreport","Mean.IMP.M",1,"Calibration",0.00673523399132903
"selfreport","05.IMP",1,"AUC",0.923035089378606
"selfreport","05.IMP",1,"Brier",0.111449578699837
"selfreport","05.IMP",1,"Misclassification",0.157766990291262
"selfreport","05.IMP",1,"Calibration",0.00752310161353177
"selfreport","05.IMP.M",1,"AUC",0.923366121252246
"selfreport","05.IMP.M",1,"Brier",0.111296075961082
"selfreport","05.IMP.M",1,"Misclassification",0.157766990291262
"selfreport","05.IMP.M",1,"Calibration",0.00649867565244722
"selfreport","PbP",1,"AUC",0.924335571739336
"selfreport","PbP",1,"Brier",0.109785423353491
"selfreport","PbP",1,"Misclassification",0.155339805825243
"selfreport","PbP",1,"Calibration",0.00712181881972385
"selfreport","SAEM",2,"AUC",0.925307287611768
"selfreport","SAEM",2,"Brier",0.109074632825762
"selfreport","SAEM",2,"Misclassification",0.152912621359223
"selfreport","SAEM",2,"Calibration",0.00756015131706896
"selfreport","MICE.10.IMP",2,"AUC",0.925354471889966
"selfreport","MICE.10.IMP",2,"Brier",0.109113314648498
"selfreport","MICE.10.IMP",2,"Misclassification",0.157766990291262
"selfreport","MICE.10.IMP",2,"Calibration",0.0066451535318004
"selfreport","MICE.10.Y.M.IMP",2,"AUC",0.92712388232241
"selfreport","MICE.10.Y.M.IMP",2,"Brier",0.108131296320525
"selfreport","MICE.10.Y.M.IMP",2,"Misclassification",0.155339805825243
"selfreport","MICE.10.Y.M.IMP",2,"Calibration",0.00778211297553447
"selfreport","MICE.RF.10.IMP",2,"AUC",0.923632245735721
"selfreport","MICE.RF.10.IMP",2,"Brier",0.111158190351858
"selfreport","MICE.RF.10.IMP",2,"Misclassification",0.160194174757282
"selfreport","MICE.RF.10.IMP",2,"Calibration",0.00766596630171482
"selfreport","MICE.RF.10.Y.M.IMP",2,"AUC",0.92271215231085
"selfreport","MICE.RF.10.Y.M.IMP",2,"Brier",0.11081812166063
"selfreport","MICE.RF.10.Y.M.IMP",2,"Misclassification",0.160194174757282
"selfreport","MICE.RF.10.Y.M.IMP",2,"Calibration",0.00744907696732235
"selfreport","MICE.10.IMP.M",2,"AUC",0.924859036968882
"selfreport","MICE.10.IMP.M",2,"Brier",0.109879816971967
"selfreport","MICE.10.IMP.M",2,"Misclassification",0.152912621359223
"selfreport","MICE.10.IMP.M",2,"Calibration",0.00694014356102575
"selfreport","MICE.10.Y.M.IMP.M",2,"AUC",0.924505154882393
"selfreport","MICE.10.Y.M.IMP.M",2,"Brier",0.109605410857678
"selfreport","MICE.10.Y.M.IMP.M",2,"Misclassification",0.155339805825243
"selfreport","MICE.10.Y.M.IMP.M",2,"Calibration",0.00622678045465078
"selfreport","MICE.RF.10.IMP.M",2,"AUC",0.923136810814637
"selfreport","MICE.RF.10.IMP.M",2,"Brier",0.111275521287361
"selfreport","MICE.RF.10.IMP.M",2,"Misclassification",0.162621359223301
"selfreport","MICE.RF.10.IMP.M",2,"Calibration",0.00802871135661301
"selfreport","MICE.RF.10.Y.M.IMP.M",2,"AUC",0.922664968032652
"selfreport","MICE.RF.10.Y.M.IMP.M",2,"Brier",0.111500520911706
"selfreport","MICE.RF.10.Y.M.IMP.M",2,"Misclassification",0.157766990291262
"selfreport","MICE.RF.10.Y.M.IMP.M",2,"Calibration",0.00769712495197813
"selfreport","Mean.IMP",2,"AUC",0.922617783754453
"selfreport","Mean.IMP",2,"Brier",0.111885961774321
"selfreport","Mean.IMP",2,"Misclassification",0.160194174757282
"selfreport","Mean.IMP",2,"Calibration",0.00834916292158686
"selfreport","Mean.IMP.M",2,"AUC",0.922617783754453
"selfreport","Mean.IMP.M",2,"Brier",0.111885961774321
"selfreport","Mean.IMP.M",2,"Misclassification",0.160194174757282
"selfreport","Mean.IMP.M",2,"Calibration",0.00834916292158686
"selfreport","05.IMP",2,"AUC",0.92207516455517
"selfreport","05.IMP",2,"Brier",0.112270119017262
"selfreport","05.IMP",2,"Misclassification",0.157766990291262
"selfreport","05.IMP",2,"Calibration",0.00695493477612957
"selfreport","05.IMP.M",2,"AUC",0.922381862363461
"selfreport","05.IMP.M",2,"Brier",0.112169593918554
"selfreport","05.IMP.M",2,"Misclassification",0.157766990291262
"selfreport","05.IMP.M",2,"Calibration",0.00809648174300241
"selfreport","PbP",2,"AUC",0.926416118149433
"selfreport","PbP",2,"Brier",0.108826078413983
"selfreport","PbP",2,"Misclassification",0.155339805825243
"selfreport","PbP",2,"Calibration",0.0067391839494248
"selfreport","SAEM",3,"AUC",0.925730634635392
"selfreport","SAEM",3,"Brier",0.10809670941262
"selfreport","SAEM",3,"Misclassification",0.148058252427185
"selfreport","SAEM",3,"Calibration",0.00836797007531635
"selfreport","MICE.10.IMP",3,"AUC",0.92537595762792
"selfreport","MICE.10.IMP",3,"Brier",0.107943257547758
"selfreport","MICE.10.IMP",3,"Misclassification",0.160194174757282
"selfreport","MICE.10.IMP",3,"Calibration",0.00911023892604727
"selfreport","MICE.10.Y.M.IMP",3,"AUC",0.925683344367729
"selfreport","MICE.10.Y.M.IMP",3,"Brier",0.107595831865168
"selfreport","MICE.10.Y.M.IMP",3,"Misclassification",0.140776699029126
"selfreport","MICE.10.Y.M.IMP",3,"Calibration",0.00626867604349018
"selfreport","MICE.RF.10.IMP",3,"AUC",0.922704057504966
"selfreport","MICE.RF.10.IMP",3,"Brier",0.110563889462206
"selfreport","MICE.RF.10.IMP",3,"Misclassification",0.152912621359223
"selfreport","MICE.RF.10.IMP",3,"Calibration",0.00853192038972823
"selfreport","MICE.RF.10.Y.M.IMP",3,"AUC",0.918873545824269
"selfreport","MICE.RF.10.Y.M.IMP",3,"Brier",0.112317402367695
"selfreport","MICE.RF.10.Y.M.IMP",3,"Misclassification",0.162621359223301
"selfreport","MICE.RF.10.Y.M.IMP",3,"Calibration",0.00833461698950014
"selfreport","MICE.10.IMP.M",3,"AUC",0.924666603612976
"selfreport","MICE.10.IMP.M",3,"Brier",0.108920738110349
"selfreport","MICE.10.IMP.M",3,"Misclassification",0.150485436893204
"selfreport","MICE.10.IMP.M",3,"Calibration",0.00938785135962479
"selfreport","MICE.10.Y.M.IMP.M",3,"AUC",0.923815378795044
"selfreport","MICE.10.Y.M.IMP.M",3,"Brier",0.108728653578936
"selfreport","MICE.10.Y.M.IMP.M",3,"Misclassification",0.138349514563107
"selfreport","MICE.10.Y.M.IMP.M",3,"Calibration",0.00834227948814584
"selfreport","MICE.RF.10.IMP.M",3,"AUC",0.922893218575617
"selfreport","MICE.RF.10.IMP.M",3,"Brier",0.110337354097682
"selfreport","MICE.RF.10.IMP.M",3,"Misclassification",0.152912621359223
"selfreport","MICE.RF.10.IMP.M",3,"Calibration",0.00935866934627429
"selfreport","MICE.RF.10.Y.M.IMP.M",3,"AUC",0.92147451054573
"selfreport","MICE.RF.10.Y.M.IMP.M",3,"Brier",0.111331252593601
"selfreport","MICE.RF.10.Y.M.IMP.M",3,"Misclassification",0.160194174757282
"selfreport","MICE.RF.10.Y.M.IMP.M",3,"Calibration",0.00861252626006828
"selfreport","Mean.IMP",3,"AUC",0.922302090229831
"selfreport","Mean.IMP",3,"Brier",0.110715682187736
"selfreport","Mean.IMP",3,"Misclassification",0.150485436893204
"selfreport","Mean.IMP",3,"Calibration",0.00847806207989256
"selfreport","Mean.IMP.M",3,"AUC",0.922302090229831
"selfreport","Mean.IMP.M",3,"Brier",0.110715682187736
"selfreport","Mean.IMP.M",3,"Misclassification",0.150485436893204
"selfreport","Mean.IMP.M",3,"Calibration",0.00847806207989256
"selfreport","05.IMP",3,"AUC",0.922798638040291
"selfreport","05.IMP",3,"Brier",0.110446155745075
"selfreport","05.IMP",3,"Misclassification",0.155339805825243
"selfreport","05.IMP",3,"Calibration",0.00841180021581728
"selfreport","05.IMP.M",3,"AUC",0.922964153977112
"selfreport","05.IMP.M",3,"Brier",0.110345243142436
"selfreport","05.IMP.M",3,"Misclassification",0.155339805825243
"selfreport","05.IMP.M",3,"Calibration",0.00842474979602362
"selfreport","PbP",3,"AUC",0.926700085122482
"selfreport","PbP",3,"Brier",0.107451460758726
"selfreport","PbP",3,"Misclassification",0.145631067961165
"selfreport","PbP",3,"Calibration",0.00786222141974965
"selfreport","SAEM",4,"AUC",0.902603982561565
"selfreport","SAEM",4,"Brier",0.123900976019644
"selfreport","SAEM",4,"Misclassification",0.162621359223301
"selfreport","SAEM",4,"Calibration",0.00774662947914467
"selfreport","MICE.10.IMP",4,"AUC",0.904300695180865
"selfreport","MICE.10.IMP",4,"Brier",0.123828022066203
"selfreport","MICE.10.IMP",4,"Misclassification",0.169902912621359
"selfreport","MICE.10.IMP",4,"Calibration",0.00688300408436095
"selfreport","MICE.10.Y.M.IMP",4,"AUC",0.903900082479086
"selfreport","MICE.10.Y.M.IMP",4,"Brier",0.123815982005369
"selfreport","MICE.10.Y.M.IMP",4,"Misclassification",0.162621359223301
"selfreport","MICE.10.Y.M.IMP",4,"Calibration",0.00710204319561454
"selfreport","MICE.RF.10.IMP",4,"AUC",0.903829386119948
"selfreport","MICE.RF.10.IMP",4,"Brier",0.124390406002199
"selfreport","MICE.RF.10.IMP",4,"Misclassification",0.172330097087379
"selfreport","MICE.RF.10.IMP",4,"Calibration",0.00885780182064208
"selfreport","MICE.RF.10.Y.M.IMP",4,"AUC",0.901001531754448
"selfreport","MICE.RF.10.Y.M.IMP",4,"Brier",0.126913502093214
"selfreport","MICE.RF.10.Y.M.IMP",4,"Misclassification",0.186893203883495
"selfreport","MICE.RF.10.Y.M.IMP",4,"Calibration",0.00826681221043518
"selfreport","MICE.10.IMP.M",4,"AUC",0.904677742429598
"selfreport","MICE.10.IMP.M",4,"Brier",0.122966198105628
"selfreport","MICE.10.IMP.M",4,"Misclassification",0.16747572815534
"selfreport","MICE.10.IMP.M",4,"Calibration",0.00735389280373031
"selfreport","MICE.10.Y.M.IMP.M",4,"AUC",0.902886767998115
"selfreport","MICE.10.Y.M.IMP.M",4,"Brier",0.123610441950608
"selfreport","MICE.10.Y.M.IMP.M",4,"Misclassification",0.16747572815534
"selfreport","MICE.10.Y.M.IMP.M",4,"Calibration",0.00785155431967217
"selfreport","MICE.RF.10.IMP.M",4,"AUC",0.903805820666902
"selfreport","MICE.RF.10.IMP.M",4,"Brier",0.124578452015383
"selfreport","MICE.RF.10.IMP.M",4,"Misclassification",0.169902912621359
"selfreport","MICE.RF.10.IMP.M",4,"Calibration",0.00774257113274564
"selfreport","MICE.RF.10.Y.M.IMP.M",4,"AUC",0.900506657240485
"selfreport","MICE.RF.10.Y.M.IMP.M",4,"Brier",0.126836270652042
"selfreport","MICE.RF.10.Y.M.IMP.M",4,"Misclassification",0.179611650485437
"selfreport","MICE.RF.10.Y.M.IMP.M",4,"Calibration",0.00767397822656474
"selfreport","Mean.IMP",4,"AUC",0.904559915164369
"selfreport","Mean.IMP",4,"Brier",0.124347367042995
"selfreport","Mean.IMP",4,"Misclassification",0.16747572815534
"selfreport","Mean.IMP",4,"Calibration",0.00886874560235711
"selfreport","Mean.IMP.M",4,"AUC",0.904559915164369
"selfreport","Mean.IMP.M",4,"Brier",0.124347367042995
"selfreport","Mean.IMP.M",4,"Misclassification",0.16747572815534
"selfreport","Mean.IMP.M",4,"Calibration",0.00886874560235711
"selfreport","05.IMP",4,"AUC",0.903499469777306
"selfreport","05.IMP",4,"Brier",0.124451942563387
"selfreport","05.IMP",4,"Misclassification",0.169902912621359
"selfreport","05.IMP",4,"Calibration",0.00805228886252504
"selfreport","05.IMP.M",4,"AUC",0.903711558854719
"selfreport","05.IMP.M",4,"Brier",0.124371962630085
"selfreport","05.IMP.M",4,"Misclassification",0.169902912621359
"selfreport","05.IMP.M",4,"Calibration",0.00782121350985725
"selfreport","PbP",4,"AUC",0.904795569694827
"selfreport","PbP",4,"Brier",0.123117103705029
"selfreport","PbP",4,"Misclassification",0.172330097087379
"selfreport","PbP",4,"Calibration",0.0096818358078858
"selfreport","SAEM",5,"AUC",0.887949810606061
"selfreport","SAEM",5,"Brier",0.133987017749634
"selfreport","SAEM",5,"Misclassification",0.182038834951456
"selfreport","SAEM",5,"Calibration",0.00864538383367636
"selfreport","MICE.10.IMP",5,"AUC",0.886387310606061
"selfreport","MICE.10.IMP",5,"Brier",0.134887092330198
"selfreport","MICE.10.IMP",5,"Misclassification",0.182038834951456
"selfreport","MICE.10.IMP",5,"Calibration",0.00778346196613461
"selfreport","MICE.10.Y.M.IMP",5,"AUC",0.8890625
"selfreport","MICE.10.Y.M.IMP",5,"Brier",0.133093038612673
"selfreport","MICE.10.Y.M.IMP",5,"Misclassification",0.174757281553398
"selfreport","MICE.10.Y.M.IMP",5,"Calibration",0.00880135807614198
"selfreport","MICE.RF.10.IMP",5,"AUC",0.885629734848485
"selfreport","MICE.RF.10.IMP",5,"Brier",0.136310842869509
"selfreport","MICE.RF.10.IMP",5,"Misclassification",0.191747572815534
"selfreport","MICE.RF.10.IMP",5,"Calibration",0.00804173869831087
"selfreport","MICE.RF.10.Y.M.IMP",5,"AUC",0.88203125
"selfreport","MICE.RF.10.Y.M.IMP",5,"Brier",0.13842500218501
"selfreport","MICE.RF.10.Y.M.IMP",5,"Misclassification",0.196601941747573
"selfreport","MICE.RF.10.Y.M.IMP",5,"Calibration",0.00823000019749137
"selfreport","MICE.10.IMP.M",5,"AUC",0.886410984848485
"selfreport","MICE.10.IMP.M",5,"Brier",0.135361426854953
"selfreport","MICE.10.IMP.M",5,"Misclassification",0.186893203883495
"selfreport","MICE.10.IMP.M",5,"Calibration",0.0100752185600669
"selfreport","MICE.10.Y.M.IMP.M",5,"AUC",0.888967803030303
"selfreport","MICE.10.Y.M.IMP.M",5,"Brier",0.13338695681085
"selfreport","MICE.10.Y.M.IMP.M",5,"Misclassification",0.174757281553398
"selfreport","MICE.10.Y.M.IMP.M",5,"Calibration",0.01085720162571
"selfreport","MICE.RF.10.IMP.M",5,"AUC",0.88375946969697
"selfreport","MICE.RF.10.IMP.M",5,"Brier",0.137693319642555
"selfreport","MICE.RF.10.IMP.M",5,"Misclassification",0.191747572815534
"selfreport","MICE.RF.10.IMP.M",5,"Calibration",0.00788352612449914
"selfreport","MICE.RF.10.Y.M.IMP.M",5,"AUC",0.880279356060606
"selfreport","MICE.RF.10.Y.M.IMP.M",5,"Brier",0.139193738941138
"selfreport","MICE.RF.10.Y.M.IMP.M",5,"Misclassification",0.184466019417476
"selfreport","MICE.RF.10.Y.M.IMP.M",5,"Calibration",0.00937768369557168
"selfreport","Mean.IMP",5,"AUC",0.885203598484849
"selfreport","Mean.IMP",5,"Brier",0.136480590890026
"selfreport","Mean.IMP",5,"Misclassification",0.186893203883495
"selfreport","Mean.IMP",5,"Calibration",0.00771395915264181
"selfreport","Mean.IMP.M",5,"AUC",0.885203598484849
"selfreport","Mean.IMP.M",5,"Brier",0.136480590890026
"selfreport","Mean.IMP.M",5,"Misclassification",0.186893203883495
"selfreport","Mean.IMP.M",5,"Calibration",0.00771395915264181
"selfreport","05.IMP",5,"AUC",0.883380681818182
"selfreport","05.IMP",5,"Brier",0.137415453935267
"selfreport","05.IMP",5,"Misclassification",0.189320388349515
"selfreport","05.IMP",5,"Calibration",0.00833538206218365
"selfreport","05.IMP.M",5,"AUC",0.884161931818182
"selfreport","05.IMP.M",5,"Brier",0.137242584168502
"selfreport","05.IMP.M",5,"Misclassification",0.189320388349515
"selfreport","05.IMP.M",5,"Calibration",0.00809230992187371
"selfreport","PbP",5,"AUC",0.88922821969697
"selfreport","PbP",5,"Brier",0.133479514240792
"selfreport","PbP",5,"Misclassification",0.182038834951456
"selfreport","PbP",5,"Calibration",0.00913489092624496
"selfreport","SAEM",6,"AUC",0.915074961633809
"selfreport","SAEM",6,"Brier",0.118393637883297
"selfreport","SAEM",6,"Misclassification",0.160194174757282
"selfreport","SAEM",6,"Calibration",0.00863143255812401
"selfreport","MICE.10.IMP",6,"AUC",0.9134694841223
"selfreport","MICE.10.IMP",6,"Brier",0.118960556049782
"selfreport","MICE.10.IMP",6,"Misclassification",0.162621359223301
"selfreport","MICE.10.IMP",6,"Calibration",0.00896101143658239
"selfreport","MICE.10.Y.M.IMP",6,"AUC",0.912359815842285
"selfreport","MICE.10.Y.M.IMP",6,"Brier",0.12011705457174
"selfreport","MICE.10.Y.M.IMP",6,"Misclassification",0.16747572815534
"selfreport","MICE.10.Y.M.IMP",6,"Calibration",0.00869192686300195
"selfreport","MICE.RF.10.IMP",6,"AUC",0.91264313540314
"selfreport","MICE.RF.10.IMP",6,"Brier",0.120288190850964
"selfreport","MICE.RF.10.IMP",6,"Misclassification",0.160194174757282
"selfreport","MICE.RF.10.IMP",6,"Calibration",0.0106891995751432
"selfreport","MICE.RF.10.Y.M.IMP",6,"AUC",0.912855625073781
"selfreport","MICE.RF.10.Y.M.IMP",6,"Brier",0.119348728822469
"selfreport","MICE.RF.10.Y.M.IMP",6,"Misclassification",0.162621359223301
"selfreport","MICE.RF.10.Y.M.IMP",6,"Calibration",0.00952640950121666
"selfreport","MICE.10.IMP.M",6,"AUC",0.915381891158069
"selfreport","MICE.10.IMP.M",6,"Brier",0.118176005995614
"selfreport","MICE.10.IMP.M",6,"Misclassification",0.157766990291262
"selfreport","MICE.10.IMP.M",6,"Calibration",0.00901004397199943
"selfreport","MICE.10.Y.M.IMP.M",6,"AUC",0.91528745130445
"selfreport","MICE.10.Y.M.IMP.M",6,"Brier",0.118294521533034
"selfreport","MICE.10.Y.M.IMP.M",6,"Misclassification",0.16504854368932
"selfreport","MICE.10.Y.M.IMP.M",6,"Calibration",0.00863377551641238
"selfreport","MICE.RF.10.IMP.M",6,"AUC",0.912477865659308
"selfreport","MICE.RF.10.IMP.M",6,"Brier",0.120170068394442
"selfreport","MICE.RF.10.IMP.M",6,"Misclassification",0.155339805825243
"selfreport","MICE.RF.10.IMP.M",6,"Calibration",0.0105173905038585
"selfreport","MICE.RF.10.Y.M.IMP.M",6,"AUC",0.91342226419549
"selfreport","MICE.RF.10.Y.M.IMP.M",6,"Brier",0.119488507146817
"selfreport","MICE.RF.10.Y.M.IMP.M",6,"Misclassification",0.16504854368932
"selfreport","MICE.RF.10.Y.M.IMP.M",6,"Calibration",0.00959003127443385
"selfreport","Mean.IMP",6,"AUC",0.912265375988667
"selfreport","Mean.IMP",6,"Brier",0.120500738831696
"selfreport","Mean.IMP",6,"Misclassification",0.16504854368932
"selfreport","Mean.IMP",6,"Calibration",0.00874561628423851
"selfreport","Mean.IMP.M",6,"AUC",0.912265375988667
"selfreport","Mean.IMP.M",6,"Brier",0.120500738831696
"selfreport","Mean.IMP.M",6,"Misclassification",0.16504854368932
"selfreport","Mean.IMP.M",6,"Calibration",0.00874561628423851
"selfreport","05.IMP",6,"AUC",0.912619525439736
"selfreport","05.IMP",6,"Brier",0.120302567937503
"selfreport","05.IMP",6,"Misclassification",0.160194174757282
"selfreport","05.IMP",6,"Calibration",0.00999895189432903
"selfreport","05.IMP.M",6,"AUC",0.913068114744422
"selfreport","05.IMP.M",6,"Brier",0.120501980704694
"selfreport","05.IMP.M",6,"Misclassification",0.16504854368932
"selfreport","05.IMP.M",6,"Calibration",0.0107435500341153
"selfreport","PbP",6,"AUC",0.914838861999764
"selfreport","PbP",6,"Brier",0.118471184828695
"selfreport","PbP",6,"Misclassification",0.157766990291262
"selfreport","PbP",6,"Calibration",0.00944139420006421
"selfreport","SAEM",7,"AUC",0.914489762023394
"selfreport","SAEM",7,"Brier",0.116388352939004
"selfreport","SAEM",7,"Misclassification",0.162621359223301
"selfreport","SAEM",7,"Calibration",0.00887272454773516
"selfreport","MICE.10.IMP",7,"AUC",0.913754241108501
"selfreport","MICE.10.IMP",7,"Brier",0.116497867856872
"selfreport","MICE.10.IMP",7,"Misclassification",0.155339805825243
"selfreport","MICE.10.IMP",7,"Calibration",0.00839708808010367
"selfreport","MICE.10.Y.M.IMP",7,"AUC",0.910740978005552
"selfreport","MICE.10.Y.M.IMP",7,"Brier",0.119031145940211
"selfreport","MICE.10.Y.M.IMP",7,"Misclassification",0.145631067961165
"selfreport","MICE.10.Y.M.IMP",7,"Calibration",0.0120432815754527
"selfreport","MICE.RF.10.IMP",7,"AUC",0.912354378722092
"selfreport","MICE.RF.10.IMP",7,"Brier",0.117336766198699
"selfreport","MICE.RF.10.IMP",7,"Misclassification",0.162621359223301
"selfreport","MICE.RF.10.IMP",7,"Calibration",0.00929336968298308
"selfreport","MICE.RF.10.Y.M.IMP",7,"AUC",0.912496737608845
"selfreport","MICE.RF.10.Y.M.IMP",7,"Brier",0.116625492224901
"selfreport","MICE.RF.10.Y.M.IMP",7,"Misclassification",0.162621359223301
"selfreport","MICE.RF.10.Y.M.IMP",7,"Calibration",0.0105377250609685
"selfreport","MICE.10.IMP.M",7,"AUC",0.913516976297245
"selfreport","MICE.10.IMP.M",7,"Brier",0.11689517525935
"selfreport","MICE.10.IMP.M",7,"Misclassification",0.152912621359223
"selfreport","MICE.10.IMP.M",7,"Calibration",0.00742620324844695
"selfreport","MICE.10.Y.M.IMP.M",7,"AUC",0.910764704486678
"selfreport","MICE.10.Y.M.IMP.M",7,"Brier",0.11916795230458
"selfreport","MICE.10.Y.M.IMP.M",7,"Misclassification",0.148058252427185
"selfreport","MICE.10.Y.M.IMP.M",7,"Calibration",0.0106157751529769
"selfreport","MICE.RF.10.IMP.M",7,"AUC",0.912117113910836
"selfreport","MICE.RF.10.IMP.M",7,"Brier",0.117544016047369
"selfreport","MICE.RF.10.IMP.M",7,"Misclassification",0.16747572815534
"selfreport","MICE.RF.10.IMP.M",7,"Calibration",0.00926574918299246
"selfreport","MICE.RF.10.Y.M.IMP.M",7,"AUC",0.91128668707144
"selfreport","MICE.RF.10.Y.M.IMP.M",7,"Brier",0.118375001961373
"selfreport","MICE.RF.10.Y.M.IMP.M",7,"Misclassification",0.16504854368932
"selfreport","MICE.RF.10.Y.M.IMP.M",7,"Calibration",0.0107271565390659
"selfreport","Mean.IMP",7,"AUC",0.910171542458538
"selfreport","Mean.IMP",7,"Brier",0.118710864493383
"selfreport","Mean.IMP",7,"Misclassification",0.162621359223301
"selfreport","Mean.IMP",7,"Calibration",0.00938566207989378
"selfreport","Mean.IMP.M",7,"AUC",0.910171542458538
"selfreport","Mean.IMP.M",7,"Brier",0.118710864493383
"selfreport","Mean.IMP.M",7,"Misclassification",0.162621359223301
"selfreport","Mean.IMP.M",7,"Calibration",0.00938566207989378
"selfreport","05.IMP",7,"AUC",0.913232258523738
"selfreport","05.IMP",7,"Brier",0.11709147160915
"selfreport","05.IMP",7,"Misclassification",0.16504854368932
"selfreport","05.IMP",7,"Calibration",0.00865676307293645
"selfreport","05.IMP.M",7,"AUC",0.912449284646594
"selfreport","05.IMP.M",7,"Brier",0.117311883116712
"selfreport","05.IMP.M",7,"Misclassification",0.16504854368932
"selfreport","05.IMP.M",7,"Calibration",0.00907809790228024
"selfreport","PbP",7,"AUC",0.912639096495599
"selfreport","PbP",7,"Brier",0.117505238860144
"selfreport","PbP",7,"Misclassification",0.152912621359223
"selfreport","PbP",7,"Calibration",0.00832965541158831
"selfreport","SAEM",8,"AUC",0.920288825757576
"selfreport","SAEM",8,"Brier",0.112216626752905
"selfreport","SAEM",8,"Misclassification",0.155339805825243
"selfreport","SAEM",8,"Calibration",0.00874387225338717
"selfreport","MICE.10.IMP",8,"AUC",0.918371212121212
"selfreport","MICE.10.IMP",8,"Brier",0.113897515758357
"selfreport","MICE.10.IMP",8,"Misclassification",0.152912621359223
"selfreport","MICE.10.IMP",8,"Calibration",0.00844176176539149
"selfreport","MICE.10.Y.M.IMP",8,"AUC",0.916335227272727
"selfreport","MICE.10.Y.M.IMP",8,"Brier",0.115715371609768
"selfreport","MICE.10.Y.M.IMP",8,"Misclassification",0.155339805825243
"selfreport","MICE.10.Y.M.IMP",8,"Calibration",0.00787683449355581
"selfreport","MICE.RF.10.IMP",8,"AUC",0.91579071969697
"selfreport","MICE.RF.10.IMP",8,"Brier",0.114550116394104
"selfreport","MICE.RF.10.IMP",8,"Misclassification",0.162621359223301
"selfreport","MICE.RF.10.IMP",8,"Calibration",0.0073118646275082
"selfreport","MICE.RF.10.Y.M.IMP",8,"AUC",0.915553977272727
"selfreport","MICE.RF.10.Y.M.IMP",8,"Brier",0.115284300726702
"selfreport","MICE.RF.10.Y.M.IMP",8,"Misclassification",0.152912621359223
"selfreport","MICE.RF.10.Y.M.IMP",8,"Calibration",0.0087596637950513
"selfreport","MICE.10.IMP.M",8,"AUC",0.918465909090909
"selfreport","MICE.10.IMP.M",8,"Brier",0.113685529447315
"selfreport","MICE.10.IMP.M",8,"Misclassification",0.150485436893204
"selfreport","MICE.10.IMP.M",8,"Calibration",0.00927440542392087
"selfreport","MICE.10.Y.M.IMP.M",8,"AUC",0.916974431818182
"selfreport","MICE.10.Y.M.IMP.M",8,"Brier",0.115010883063259
"selfreport","MICE.10.Y.M.IMP.M",8,"Misclassification",0.157766990291262
"selfreport","MICE.10.Y.M.IMP.M",8,"Calibration",0.00832051852099433
"selfreport","MICE.RF.10.IMP.M",8,"AUC",0.915435606060606
"selfreport","MICE.RF.10.IMP.M",8,"Brier",0.115012896091571
"selfreport","MICE.RF.10.IMP.M",8,"Misclassification",0.157766990291262
"selfreport","MICE.RF.10.IMP.M",8,"Calibration",0.00719839410846851
"selfreport","MICE.RF.10.Y.M.IMP.M",8,"AUC",0.913873106060606
"selfreport","MICE.RF.10.Y.M.IMP.M",8,"Brier",0.116583531153412
"selfreport","MICE.RF.10.Y.M.IMP.M",8,"Misclassification",0.155339805825243
"selfreport","MICE.RF.10.Y.M.IMP.M",8,"Calibration",0.00835714768430977
"selfreport","Mean.IMP",8,"AUC",0.914417613636364
"selfreport","Mean.IMP",8,"Brier",0.115078421934872
"selfreport","Mean.IMP",8,"Misclassification",0.148058252427185
"selfreport","Mean.IMP",8,"Calibration",0.0083365415004789
"selfreport","Mean.IMP.M",8,"AUC",0.914417613636364
"selfreport","Mean.IMP.M",8,"Brier",0.115078421934872
"selfreport","Mean.IMP.M",8,"Misclassification",0.148058252427185
"selfreport","Mean.IMP.M",8,"Calibration",0.0083365415004789
"selfreport","05.IMP",8,"AUC",0.917471590909091
"selfreport","05.IMP",8,"Brier",0.113149554932302
"selfreport","05.IMP",8,"Misclassification",0.150485436893204
"selfreport","05.IMP",8,"Calibration",0.00824009163468101
"selfreport","05.IMP.M",8,"AUC",0.917495265151515
"selfreport","05.IMP.M",8,"Brier",0.112966978433491
"selfreport","05.IMP.M",8,"Misclassification",0.148058252427185
"selfreport","05.IMP.M",8,"Calibration",0.00751465764975266
"selfreport","PbP",8,"AUC",0.918631628787879
"selfreport","PbP",8,"Brier",0.113817839994321
"selfreport","PbP",8,"Misclassification",0.152912621359223
"selfreport","PbP",8,"Calibration",0.00893247730313868
"selfreport","SAEM",9,"AUC",0.899009900990099
"selfreport","SAEM",9,"Brier",0.127238195404912
"selfreport","SAEM",9,"Misclassification",0.184466019417476
"selfreport","SAEM",9,"Calibration",0.00709793907025495
"selfreport","MICE.10.IMP",9,"AUC",0.897053276756247
"selfreport","MICE.10.IMP",9,"Brier",0.128480491994936
"selfreport","MICE.10.IMP",9,"Misclassification",0.191747572815534
"selfreport","MICE.10.IMP",9,"Calibration",0.00909293488423422
"selfreport","MICE.10.Y.M.IMP",9,"AUC",0.896817538896747
"selfreport","MICE.10.Y.M.IMP",9,"Brier",0.128109368597868
"selfreport","MICE.10.Y.M.IMP",9,"Misclassification",0.189320388349515
"selfreport","MICE.10.Y.M.IMP",9,"Calibration",0.0100609948149983
"selfreport","MICE.RF.10.IMP",9,"AUC",0.892786421499293
"selfreport","MICE.RF.10.IMP",9,"Brier",0.131289168257542
"selfreport","MICE.RF.10.IMP",9,"Misclassification",0.189320388349515
"selfreport","MICE.RF.10.IMP",9,"Calibration",0.00804431234563885
"selfreport","MICE.RF.10.Y.M.IMP",9,"AUC",0.889321074964639
"selfreport","MICE.RF.10.Y.M.IMP",9,"Brier",0.133054930914537
"selfreport","MICE.RF.10.Y.M.IMP",9,"Misclassification",0.191747572815534
"selfreport","MICE.RF.10.Y.M.IMP",9,"Calibration",0.00744695656473573
"selfreport","MICE.10.IMP.M",9,"AUC",0.896581801037247
"selfreport","MICE.10.IMP.M",9,"Brier",0.128930554838978
"selfreport","MICE.10.IMP.M",9,"Misclassification",0.186893203883495
"selfreport","MICE.10.IMP.M",9,"Calibration",0.0106406095874799
"selfreport","MICE.10.Y.M.IMP.M",9,"AUC",0.896935407826497
"selfreport","MICE.10.Y.M.IMP.M",9,"Brier",0.127917429262394
"selfreport","MICE.10.Y.M.IMP.M",9,"Misclassification",0.177184466019418
"selfreport","MICE.10.Y.M.IMP.M",9,"Calibration",0.00808798633609713
"selfreport","MICE.RF.10.IMP.M",9,"AUC",0.893658651579444
"selfreport","MICE.RF.10.IMP.M",9,"Brier",0.130797625960823
"selfreport","MICE.RF.10.IMP.M",9,"Misclassification",0.191747572815534
"selfreport","MICE.RF.10.IMP.M",9,"Calibration",0.00766280157121738
"selfreport","MICE.RF.10.Y.M.IMP.M",9,"AUC",0.891089108910891
"selfreport","MICE.RF.10.Y.M.IMP.M",9,"Brier",0.132189955301512
"selfreport","MICE.RF.10.Y.M.IMP.M",9,"Misclassification",0.184466019417476
"selfreport","MICE.RF.10.Y.M.IMP.M",9,"Calibration",0.00644871347295883
"selfreport","Mean.IMP",9,"AUC",0.892998585572843
"selfreport","Mean.IMP",9,"Brier",0.131467938612968
"selfreport","Mean.IMP",9,"Misclassification",0.186893203883495
"selfreport","Mean.IMP",9,"Calibration",0.00859345584819385
"selfreport","Mean.IMP.M",9,"AUC",0.892998585572843
"selfreport","Mean.IMP.M",9,"Brier",0.131467938612968
"selfreport","Mean.IMP.M",9,"Misclassification",0.186893203883495
"selfreport","Mean.IMP.M",9,"Calibration",0.00859345584819385
"selfreport","05.IMP",9,"AUC",0.893635077793494
"selfreport","05.IMP",9,"Brier",0.131005138864235
"selfreport","05.IMP",9,"Misclassification",0.191747572815534
"selfreport","05.IMP",9,"Calibration",0.00877041206135773
"selfreport","05.IMP.M",9,"AUC",0.893894389438944
"selfreport","05.IMP.M",9,"Brier",0.130838020700966
"selfreport","05.IMP.M",9,"Misclassification",0.189320388349515
"selfreport","05.IMP.M",9,"Calibration",0.00913491862501871
"selfreport","PbP",9,"AUC",0.898656294200849
"selfreport","PbP",9,"Brier",0.127606985988913
"selfreport","PbP",9,"Misclassification",0.191747572815534
"selfreport","PbP",9,"Calibration",0.00943511542459353
"selfreport","SAEM",10,"AUC",0.895305832147937
"selfreport","SAEM",10,"Brier",0.129978913718444
"selfreport","SAEM",10,"Misclassification",0.186893203883495
"selfreport","SAEM",10,"Calibration",0.00642862391681946
"selfreport","MICE.10.IMP",10,"AUC",0.895305832147937
"selfreport","MICE.10.IMP",10,"Brier",0.130294932550556
"selfreport","MICE.10.IMP",10,"Misclassification",0.184466019417476
"selfreport","MICE.10.IMP",10,"Calibration",0.00713240838301521
"selfreport","MICE.10.Y.M.IMP",10,"AUC",0.896111901375059
"selfreport","MICE.10.Y.M.IMP",10,"Brier",0.129888170782411
"selfreport","MICE.10.Y.M.IMP",10,"Misclassification",0.186893203883495
"selfreport","MICE.10.Y.M.IMP",10,"Calibration",0.00903408424316142
"selfreport","MICE.RF.10.IMP",10,"AUC",0.892887624466572
"selfreport","MICE.RF.10.IMP",10,"Brier",0.131545715513528
"selfreport","MICE.RF.10.IMP",10,"Misclassification",0.186893203883495
"selfreport","MICE.RF.10.IMP",10,"Calibration",0.00647112395531979
"selfreport","MICE.RF.10.Y.M.IMP",10,"AUC",0.89113323850166
"selfreport","MICE.RF.10.Y.M.IMP",10,"Brier",0.132197900324743
"selfreport","MICE.RF.10.Y.M.IMP",10,"Misclassification",0.179611650485437
"selfreport","MICE.RF.10.Y.M.IMP",10,"Calibration",0.00669587048876227
"selfreport","MICE.10.IMP.M",10,"AUC",0.895234708392603
"selfreport","MICE.10.IMP.M",10,"Brier",0.130039025480865
"selfreport","MICE.10.IMP.M",10,"Misclassification",0.186893203883495
"selfreport","MICE.10.IMP.M",10,"Calibration",0.00731706584739231
"selfreport","MICE.10.Y.M.IMP.M",10,"AUC",0.895376955903272
"selfreport","MICE.10.Y.M.IMP.M",10,"Brier",0.130709831690472
"selfreport","MICE.10.Y.M.IMP.M",10,"Misclassification",0.184466019417476
"selfreport","MICE.10.Y.M.IMP.M",10,"Calibration",0.006777268875288
"selfreport","MICE.RF.10.IMP.M",10,"AUC",0.891773352299668
"selfreport","MICE.RF.10.IMP.M",10,"Brier",0.132460042813566
"selfreport","MICE.RF.10.IMP.M",10,"Misclassification",0.186893203883495
"selfreport","MICE.RF.10.IMP.M",10,"Calibration",0.00732787857768541
"selfreport","MICE.RF.10.Y.M.IMP.M",10,"AUC",0.892152678994784
"selfreport","MICE.RF.10.Y.M.IMP.M",10,"Brier",0.131736631335856
"selfreport","MICE.RF.10.Y.M.IMP.M",10,"Misclassification",0.182038834951456
"selfreport","MICE.RF.10.Y.M.IMP.M",10,"Calibration",0.00630990770225229
"selfreport","Mean.IMP",10,"AUC",0.891844476055002
"selfreport","Mean.IMP",10,"Brier",0.132558675286155
"selfreport","Mean.IMP",10,"Misclassification",0.182038834951456
"selfreport","Mean.IMP",10,"Calibration",0.0082120275764232
"selfreport","Mean.IMP.M",10,"AUC",0.891844476055002
"selfreport","Mean.IMP.M",10,"Brier",0.132558675286155
"selfreport","Mean.IMP.M",10,"Misclassification",0.182038834951456
"selfreport","Mean.IMP.M",10,"Calibration",0.0082120275764232
"selfreport","05.IMP",10,"AUC",0.891891891891892
"selfreport","05.IMP",10,"Brier",0.131708321447056
"selfreport","05.IMP",10,"Misclassification",0.184466019417476
"selfreport","05.IMP",10,"Calibration",0.00575435587709744
"selfreport","05.IMP.M",10,"AUC",0.891986723565671
"selfreport","05.IMP.M",10,"Brier",0.131757877754474
"selfreport","05.IMP.M",10,"Misclassification",0.177184466019418
"selfreport","05.IMP.M",10,"Calibration",0.00601767166681566
"selfreport","PbP",10,"AUC",0.894191559981034
"selfreport","PbP",10,"Brier",0.131646573010894
"selfreport","PbP",10,"Misclassification",0.184466019417476
"selfreport","PbP",10,"Calibration",0.00712064914711172
"selfreport","SAEM",11,"AUC",0.908736901727556
"selfreport","SAEM",11,"Brier",0.120792642558441
"selfreport","SAEM",11,"Misclassification",0.174757281553398
"selfreport","SAEM",11,"Calibration",0.00743139774893381
"selfreport","MICE.10.IMP",11,"AUC",0.908453695836873
"selfreport","MICE.10.IMP",11,"Brier",0.121115804542438
"selfreport","MICE.10.IMP",11,"Misclassification",0.160194174757282
"selfreport","MICE.10.IMP",11,"Calibration",0.00697144902963469
"selfreport","MICE.10.Y.M.IMP",11,"AUC",0.905196828094024
"selfreport","MICE.10.Y.M.IMP",11,"Brier",0.122237081847546
"selfreport","MICE.10.Y.M.IMP",11,"Misclassification",0.172330097087379
"selfreport","MICE.10.Y.M.IMP",11,"Calibration",0.00682615582665139
"selfreport","MICE.RF.10.IMP",11,"AUC",0.907155668837912
"selfreport","MICE.RF.10.IMP",11,"Brier",0.122316897502816
"selfreport","MICE.RF.10.IMP",11,"Misclassification",0.162621359223301
"selfreport","MICE.RF.10.IMP",11,"Calibration",0.0067752118598709
"selfreport","MICE.RF.10.Y.M.IMP",11,"AUC",0.90474841876711
"selfreport","MICE.RF.10.Y.M.IMP",11,"Brier",0.123518387274189
"selfreport","MICE.RF.10.Y.M.IMP",11,"Misclassification",0.16504854368932
"selfreport","MICE.RF.10.Y.M.IMP",11,"Calibration",0.00603413381236619
"selfreport","MICE.10.IMP.M",11,"AUC",0.907958085528179
"selfreport","MICE.10.IMP.M",11,"Brier",0.121417967746062
"selfreport","MICE.10.IMP.M",11,"Misclassification",0.172330097087379
"selfreport","MICE.10.IMP.M",11,"Calibration",0.0063836593914418
"selfreport","MICE.10.Y.M.IMP.M",11,"AUC",0.903804399131502
"selfreport","MICE.10.Y.M.IMP.M",11,"Brier",0.123957828991797
"selfreport","MICE.10.Y.M.IMP.M",11,"Misclassification",0.172330097087379
"selfreport","MICE.10.Y.M.IMP.M",11,"Calibration",0.00545894635935557
"selfreport","MICE.RF.10.IMP.M",11,"AUC",0.907604078164826
"selfreport","MICE.RF.10.IMP.M",11,"Brier",0.122169567317445
"selfreport","MICE.RF.10.IMP.M",11,"Misclassification",0.16747572815534
"selfreport","MICE.RF.10.IMP.M",11,"Calibration",0.00691428448252225
"selfreport","MICE.RF.10.Y.M.IMP.M",11,"AUC",0.905409232512036
"selfreport","MICE.RF.10.Y.M.IMP.M",11,"Brier",0.123719173459927
"selfreport","MICE.RF.10.Y.M.IMP.M",11,"Misclassification",0.16747572815534
"selfreport","MICE.RF.10.Y.M.IMP.M",11,"Calibration",0.00630894597507865
"selfreport","Mean.IMP",11,"AUC",0.906093646747852
"selfreport","Mean.IMP",11,"Brier",0.122659522888334
"selfreport","Mean.IMP",11,"Misclassification",0.16747572815534
"selfreport","Mean.IMP",11,"Calibration",0.00926719754992823
"selfreport","Mean.IMP.M",11,"AUC",0.906093646747852
"selfreport","Mean.IMP.M",11,"Brier",0.122659522888334
"selfreport","Mean.IMP.M",11,"Misclassification",0.16747572815534
"selfreport","Mean.IMP.M",11,"Calibration",0.00926719754992823
"selfreport","05.IMP",11,"AUC",0.908548097800434
"selfreport","05.IMP",11,"Brier",0.121396735976252
"selfreport","05.IMP",11,"Misclassification",0.16504854368932
"selfreport","05.IMP",11,"Calibration",0.00741875525718265
"selfreport","05.IMP.M",11,"AUC",0.908264891909752
"selfreport","05.IMP.M",11,"Brier",0.12130752623309
"selfreport","05.IMP.M",11,"Misclassification",0.16504854368932
"selfreport","05.IMP.M",11,"Calibration",0.0067939554803773
"selfreport","PbP",11,"AUC",0.90699046540168
"selfreport","PbP",11,"Brier",0.122300176980675
"selfreport","PbP",11,"Misclassification",0.169902912621359
"selfreport","PbP",11,"Calibration",0.00874503670627226
"selfreport","SAEM",12,"AUC",0.898160535117057
"selfreport","SAEM",12,"Brier",0.129939927008224
"selfreport","SAEM",12,"Misclassification",0.186893203883495
"selfreport","SAEM",12,"Calibration",0.00896443032105716
"selfreport","MICE.10.IMP",12,"AUC",0.896751075011945
"selfreport","MICE.10.IMP",12,"Brier",0.129964560109549
"selfreport","MICE.10.IMP",12,"Misclassification",0.184466019417476
"selfreport","MICE.10.IMP",12,"Calibration",0.0095591438302198
"selfreport","MICE.10.Y.M.IMP",12,"AUC",0.897228858098423
"selfreport","MICE.10.Y.M.IMP",12,"Brier",0.130284019548192
"selfreport","MICE.10.Y.M.IMP",12,"Misclassification",0.189320388349515
"selfreport","MICE.10.Y.M.IMP",12,"Calibration",0.00967110148062347
"selfreport","MICE.RF.10.IMP",12,"AUC",0.894027711419016
"selfreport","MICE.RF.10.IMP",12,"Brier",0.132557436042884
"selfreport","MICE.RF.10.IMP",12,"Misclassification",0.186893203883495
"selfreport","MICE.RF.10.IMP",12,"Calibration",0.011830204482225
"selfreport","MICE.RF.10.Y.M.IMP",12,"AUC",0.895222169135213
"selfreport","MICE.RF.10.Y.M.IMP",12,"Brier",0.131208963237624
"selfreport","MICE.RF.10.Y.M.IMP",12,"Misclassification",0.186893203883495
"selfreport","MICE.RF.10.Y.M.IMP",12,"Calibration",0.00764436204862952
"selfreport","MICE.10.IMP.M",12,"AUC",0.896870520783564
"selfreport","MICE.10.IMP.M",12,"Brier",0.129984809136275
"selfreport","MICE.10.IMP.M",12,"Misclassification",0.186893203883495
"selfreport","MICE.10.IMP.M",12,"Calibration",0.00910454212164244
"selfreport","MICE.10.Y.M.IMP.M",12,"AUC",0.896703296703297
"selfreport","MICE.10.Y.M.IMP.M",12,"Brier",0.130323876085183
"selfreport","MICE.10.Y.M.IMP.M",12,"Misclassification",0.182038834951456
"selfreport","MICE.10.Y.M.IMP.M",12,"Calibration",0.00933339416329654
"selfreport","MICE.RF.10.IMP.M",12,"AUC",0.894290492116579
"selfreport","MICE.RF.10.IMP.M",12,"Brier",0.132150155741201
"selfreport","MICE.RF.10.IMP.M",12,"Misclassification",0.182038834951456
"selfreport","MICE.RF.10.IMP.M",12,"Calibration",0.00985180770937272
"selfreport","MICE.RF.10.Y.M.IMP.M",12,"AUC",0.893191591017678
"selfreport","MICE.RF.10.Y.M.IMP.M",12,"Brier",0.132730810767133
"selfreport","MICE.RF.10.Y.M.IMP.M",12,"Misclassification",0.179611650485437
"selfreport","MICE.RF.10.Y.M.IMP.M",12,"Calibration",0.00894881104750862
"selfreport","Mean.IMP",12,"AUC",0.891065456282848
"selfreport","Mean.IMP",12,"Brier",0.133818517318123
"selfreport","Mean.IMP",12,"Misclassification",0.194174757281553
"selfreport","Mean.IMP",12,"Calibration",0.0104941990067238
"selfreport","Mean.IMP.M",12,"AUC",0.891065456282848
"selfreport","Mean.IMP.M",12,"Brier",0.133818517318123
"selfreport","Mean.IMP.M",12,"Misclassification",0.194174757281553
"selfreport","Mean.IMP.M",12,"Calibration",0.0104941990067238
"selfreport","05.IMP",12,"AUC",0.894147157190635
"selfreport","05.IMP",12,"Brier",0.132688706398178
"selfreport","05.IMP",12,"Misclassification",0.194174757281553
"selfreport","05.IMP",12,"Calibration",0.0104927732370962
"selfreport","05.IMP.M",12,"AUC",0.89302436693741
"selfreport","05.IMP.M",12,"Brier",0.133237425846438
"selfreport","05.IMP.M",12,"Misclassification",0.191747572815534
"selfreport","05.IMP.M",12,"Calibration",0.010442117851803
"selfreport","PbP",12,"AUC",0.895461060678452
"selfreport","PbP",12,"Brier",0.130393129831486
"selfreport","PbP",12,"Misclassification",0.182038834951456
"selfreport","PbP",12,"Calibration",0.00973317928908049
"selfreport","SAEM",13,"AUC",0.919480029254252
"selfreport","SAEM",13,"Brier",0.113637495530514
"selfreport","SAEM",13,"Misclassification",0.152912621359223
"selfreport","SAEM",13,"Calibration",0.00852105997154397
"selfreport","MICE.10.IMP",13,"AUC",0.91705003892703
"selfreport","MICE.10.IMP",13,"Brier",0.116100028176896
"selfreport","MICE.10.IMP",13,"Misclassification",0.155339805825243
"selfreport","MICE.10.IMP",13,"Calibration",0.00826813031117322
"selfreport","MICE.10.Y.M.IMP",13,"AUC",0.918819449359473
"selfreport","MICE.10.Y.M.IMP",13,"Brier",0.114929566932943
"selfreport","MICE.10.Y.M.IMP",13,"Misclassification",0.169902912621359
"selfreport","MICE.10.Y.M.IMP",13,"Calibration",0.00742477877696715
"selfreport","MICE.RF.10.IMP",13,"AUC",0.916224314058556
"selfreport","MICE.RF.10.IMP",13,"Brier",0.117158169378904
"selfreport","MICE.RF.10.IMP",13,"Misclassification",0.169902912621359
"selfreport","MICE.RF.10.IMP",13,"Calibration",0.00860479751070435
"selfreport","MICE.RF.10.Y.M.IMP",13,"AUC",0.91419539009602
"selfreport","MICE.RF.10.Y.M.IMP",13,"Brier",0.117998731343048
"selfreport","MICE.RF.10.Y.M.IMP",13,"Misclassification",0.169902912621359
"selfreport","MICE.RF.10.Y.M.IMP",13,"Calibration",0.00913931416121223
"selfreport","MICE.10.IMP.M",13,"AUC",0.918088093047397
"selfreport","MICE.10.IMP.M",13,"Brier",0.115463879638632
"selfreport","MICE.10.IMP.M",13,"Misclassification",0.169902912621359
"selfreport","MICE.10.IMP.M",13,"Calibration",0.0076039611745003
"selfreport","MICE.10.Y.M.IMP.M",13,"AUC",0.915280628494586
"selfreport","MICE.10.Y.M.IMP.M",13,"Brier",0.117298884441499
"selfreport","MICE.10.Y.M.IMP.M",13,"Misclassification",0.172330097087379
"selfreport","MICE.10.Y.M.IMP.M",13,"Calibration",0.00824453706045249
"selfreport","MICE.RF.10.IMP.M",13,"AUC",0.91638945903225
"selfreport","MICE.RF.10.IMP.M",13,"Brier",0.11716085812975
"selfreport","MICE.RF.10.IMP.M",13,"Misclassification",0.16504854368932
"selfreport","MICE.RF.10.IMP.M",13,"Calibration",0.0081512170505534
"selfreport","MICE.RF.10.Y.M.IMP.M",13,"AUC",0.91544577346828
"selfreport","MICE.RF.10.Y.M.IMP.M",13,"Brier",0.116879889183786
"selfreport","MICE.RF.10.Y.M.IMP.M",13,"Misclassification",0.162621359223301
"selfreport","MICE.RF.10.Y.M.IMP.M",13,"Calibration",0.00814834734479933
"selfreport","Mean.IMP",13,"AUC",0.916318682614953
"selfreport","Mean.IMP",13,"Brier",0.117605349641022
"selfreport","Mean.IMP",13,"Misclassification",0.169902912621359
"selfreport","Mean.IMP",13,"Calibration",0.00866055889872859
"selfreport","Mean.IMP.M",13,"AUC",0.916318682614953
"selfreport","Mean.IMP.M",13,"Brier",0.117605349641022
"selfreport","Mean.IMP.M",13,"Misclassification",0.169902912621359
"selfreport","Mean.IMP.M",13,"Calibration",0.00866055889872859
"selfreport","05.IMP",13,"AUC",0.917333144596221
"selfreport","05.IMP",13,"Brier",0.116360635556447
"selfreport","05.IMP",13,"Misclassification",0.172330097087379
"selfreport","05.IMP",13,"Calibration",0.00920732302517682
"selfreport","05.IMP.M",13,"AUC",0.917734210960908
"selfreport","05.IMP.M",13,"Brier",0.116282359460273
"selfreport","05.IMP.M",13,"Misclassification",0.172330097087379
"selfreport","05.IMP.M",13,"Calibration",0.00885460418566512
"selfreport","PbP",13,"AUC",0.917309552457121
"selfreport","PbP",13,"Brier",0.116179396961341
"selfreport","PbP",13,"Misclassification",0.174757281553398
"selfreport","PbP",13,"Calibration",0.0102500604755464
"selfreport","SAEM",14,"AUC",0.920339744954693
"selfreport","SAEM",14,"Brier",0.112877710345682
"selfreport","SAEM",14,"Misclassification",0.155339805825243
"selfreport","SAEM",14,"Calibration",0.00685908380374603
"selfreport","MICE.10.IMP",14,"AUC",0.919819244327726
"selfreport","MICE.10.IMP",14,"Brier",0.11303719371736
"selfreport","MICE.10.IMP",14,"Misclassification",0.160194174757282
"selfreport","MICE.10.IMP",14,"Calibration",0.006543971144299
"selfreport","MICE.10.Y.M.IMP",14,"AUC",0.919038493387276
"selfreport","MICE.10.Y.M.IMP",14,"Brier",0.113526201346257
"selfreport","MICE.10.Y.M.IMP",14,"Misclassification",0.150485436893204
"selfreport","MICE.10.Y.M.IMP",14,"Calibration",0.00862656797050879
"selfreport","MICE.RF.10.IMP",14,"AUC",0.917666264461637
"selfreport","MICE.RF.10.IMP",14,"Brier",0.114927031828017
"selfreport","MICE.RF.10.IMP",14,"Misclassification",0.162621359223301
"selfreport","MICE.RF.10.IMP",14,"Calibration",0.00694573431428955
"selfreport","MICE.RF.10.Y.M.IMP",14,"AUC",0.913478600326496
"selfreport","MICE.RF.10.Y.M.IMP",14,"Brier",0.118074018739524
"selfreport","MICE.RF.10.Y.M.IMP",14,"Misclassification",0.160194174757282
"selfreport","MICE.RF.10.Y.M.IMP",14,"Calibration",0.00651593251870008
"selfreport","MICE.10.IMP.M",14,"AUC",0.920812927342844
"selfreport","MICE.10.IMP.M",14,"Brier",0.112316620681645
"selfreport","MICE.10.IMP.M",14,"Misclassification",0.160194174757282
"selfreport","MICE.10.IMP.M",14,"Calibration",0.00776958256268215
"selfreport","MICE.10.Y.M.IMP.M",14,"AUC",0.920718290865214
"selfreport","MICE.10.Y.M.IMP.M",14,"Brier",0.113115341494293
"selfreport","MICE.10.Y.M.IMP.M",14,"Misclassification",0.157766990291262
"selfreport","MICE.10.Y.M.IMP.M",14,"Calibration",0.00638425836179418
"selfreport","MICE.RF.10.IMP.M",14,"AUC",0.917808219178082
"selfreport","MICE.RF.10.IMP.M",14,"Brier",0.114741698166266
"selfreport","MICE.RF.10.IMP.M",14,"Misclassification",0.160194174757282
"selfreport","MICE.RF.10.IMP.M",14,"Calibration",0.0066950998018441
"selfreport","MICE.RF.10.Y.M.IMP.M",14,"AUC",0.916719899685334
"selfreport","MICE.RF.10.Y.M.IMP.M",14,"Brier",0.115939218758804
"selfreport","MICE.RF.10.Y.M.IMP.M",14,"Misclassification",0.16747572815534
"selfreport","MICE.RF.10.Y.M.IMP.M",14,"Calibration",0.00736459167271744
"selfreport","Mean.IMP",14,"AUC",0.915324011640287
"selfreport","Mean.IMP",14,"Brier",0.116268392422831
"selfreport","Mean.IMP",14,"Misclassification",0.162621359223301
"selfreport","Mean.IMP",14,"Calibration",0.00776419853654466
"selfreport","Mean.IMP.M",14,"AUC",0.915324011640287
"selfreport","Mean.IMP.M",14,"Brier",0.116268392422831
"selfreport","Mean.IMP.M",14,"Misclassification",0.162621359223301
"selfreport","Mean.IMP.M",14,"Calibration",0.00776419853654466
"selfreport","05.IMP",14,"AUC",0.916317694655405
"selfreport","05.IMP",14,"Brier",0.115401721640597
"selfreport","05.IMP",14,"Misclassification",0.16504854368932
"selfreport","05.IMP",14,"Calibration",0.00834997187326367
"selfreport","05.IMP.M",14,"AUC",0.916861854401779
"selfreport","05.IMP.M",14,"Brier",0.115126643178627
"selfreport","05.IMP.M",14,"Misclassification",0.16504854368932
"selfreport","05.IMP.M",14,"Calibration",0.00827398262450983
"selfreport","PbP",14,"AUC",0.919227766342537
"selfreport","PbP",14,"Brier",0.114109114535366
"selfreport","PbP",14,"Misclassification",0.155339805825243
"selfreport","PbP",14,"Calibration",0.00950720864967933
"selfreport","SAEM",15,"AUC",0.906465055363734
"selfreport","SAEM",15,"Brier",0.124171739075594
"selfreport","SAEM",15,"Misclassification",0.184466019417476
"selfreport","SAEM",15,"Calibration",0.00949247892854954
"selfreport","MICE.10.IMP",15,"AUC",0.905774496963924
"selfreport","MICE.10.IMP",15,"Brier",0.124328015411566
"selfreport","MICE.10.IMP",15,"Misclassification",0.184466019417476
"selfreport","MICE.10.IMP",15,"Calibration",0.00708662843030151
"selfreport","MICE.10.Y.M.IMP",15,"AUC",0.908679604714847
"selfreport","MICE.10.Y.M.IMP",15,"Brier",0.122129837016316
"selfreport","MICE.10.Y.M.IMP",15,"Misclassification",0.177184466019418
"selfreport","MICE.10.Y.M.IMP",15,"Calibration",0.0081558440241208
"selfreport","MICE.RF.10.IMP",15,"AUC",0.903083700440529
"selfreport","MICE.RF.10.IMP",15,"Brier",0.126505833203086
"selfreport","MICE.RF.10.IMP",15,"Misclassification",0.182038834951456
"selfreport","MICE.RF.10.IMP",15,"Calibration",0.00876928265221713
"selfreport","MICE.RF.10.Y.M.IMP",15,"AUC",0.899273723062269
"selfreport","MICE.RF.10.Y.M.IMP",15,"Brier",0.127575022553208
"selfreport","MICE.RF.10.Y.M.IMP",15,"Misclassification",0.189320388349515
"selfreport","MICE.RF.10.Y.M.IMP",15,"Calibration",0.00824784617881648
"selfreport","MICE.10.IMP.M",15,"AUC",0.906655554232647
"selfreport","MICE.10.IMP.M",15,"Brier",0.124180772314112
"selfreport","MICE.10.IMP.M",15,"Misclassification",0.184466019417476
"selfreport","MICE.10.IMP.M",15,"Calibration",0.00796349930072204
"selfreport","MICE.10.Y.M.IMP.M",15,"AUC",0.908298606977021
"selfreport","MICE.10.Y.M.IMP.M",15,"Brier",0.122766531138591
"selfreport","MICE.10.Y.M.IMP.M",15,"Misclassification",0.179611650485437
"selfreport","MICE.10.Y.M.IMP.M",15,"Calibration",0.0075603763722587
"selfreport","MICE.RF.10.IMP.M",15,"AUC",0.902416954399333
"selfreport","MICE.RF.10.IMP.M",15,"Brier",0.126721483510396
"selfreport","MICE.RF.10.IMP.M",15,"Misclassification",0.184466019417476
"selfreport","MICE.RF.10.IMP.M",15,"Calibration",0.0082901525741934
"selfreport","MICE.RF.10.Y.M.IMP.M",15,"AUC",0.901083462316942
"selfreport","MICE.RF.10.Y.M.IMP.M",15,"Brier",0.127628926339826
"selfreport","MICE.RF.10.Y.M.IMP.M",15,"Misclassification",0.189320388349515
"selfreport","MICE.RF.10.Y.M.IMP.M",15,"Calibration",0.00737411461509609
"selfreport","Mean.IMP",15,"AUC",0.903655197047268
"selfreport","Mean.IMP",15,"Brier",0.126062473730121
"selfreport","Mean.IMP",15,"Misclassification",0.186893203883495
"selfreport","Mean.IMP",15,"Calibration",0.00734574419896496
"selfreport","Mean.IMP.M",15,"AUC",0.903655197047268
"selfreport","Mean.IMP.M",15,"Brier",0.126062473730121
"selfreport","Mean.IMP.M",15,"Misclassification",0.186893203883495
"selfreport","Mean.IMP.M",15,"Calibration",0.00734574419896496
"selfreport","05.IMP",15,"AUC",0.902059769020121
"selfreport","05.IMP",15,"Brier",0.127126137628045
"selfreport","05.IMP",15,"Misclassification",0.186893203883495
"selfreport","05.IMP",15,"Calibration",0.00918876425887544
"selfreport","05.IMP.M",15,"AUC",0.902369329682105
"selfreport","05.IMP.M",15,"Brier",0.126984154688076
"selfreport","05.IMP.M",15,"Misclassification",0.191747572815534
"selfreport","05.IMP.M",15,"Calibration",0.010294666929556
"selfreport","PbP",15,"AUC",0.907941421597809
"selfreport","PbP",15,"Brier",0.122592593655836
"selfreport","PbP",15,"Misclassification",0.177184466019418
"selfreport","PbP",15,"Calibration",0.00744184563181709
"soybean","SAEM",1,"AUC",0.5
"soybean","SAEM",1,"Brier",0.248776553591401
"soybean","SAEM",1,"Misclassification",0.448529411764706
"soybean","SAEM",1,"Calibration",NA
"soybean","MICE.10.IMP",1,"AUC",0.977486338797814
"soybean","MICE.10.IMP",1,"Brier",0.0524538380079476
"soybean","MICE.10.IMP",1,"Misclassification",0.0588235294117647
"soybean","MICE.10.IMP",1,"Calibration",0.00694730206023517
"soybean","MICE.10.Y.M.IMP",1,"AUC",0.979890710382514
"soybean","MICE.10.Y.M.IMP",1,"Brier",0.0418158493286148
"soybean","MICE.10.Y.M.IMP",1,"Misclassification",0.0514705882352942
"soybean","MICE.10.Y.M.IMP",1,"Calibration",0.00609880901598624
"soybean","MICE.RF.10.IMP",1,"AUC",0.97224043715847
"soybean","MICE.RF.10.IMP",1,"Brier",0.0571594879656647
"soybean","MICE.RF.10.IMP",1,"Misclassification",0.0735294117647058
"soybean","MICE.RF.10.IMP",1,"Calibration",0.0138541990161941
"soybean","MICE.RF.10.Y.M.IMP",1,"AUC",0.97551912568306
"soybean","MICE.RF.10.Y.M.IMP",1,"Brier",0.0548905305500809
"soybean","MICE.RF.10.Y.M.IMP",1,"Misclassification",0.0588235294117647
"soybean","MICE.RF.10.Y.M.IMP",1,"Calibration",0.0076945688320604
"soybean","MICE.10.IMP.M",1,"AUC",0.98120218579235
"soybean","MICE.10.IMP.M",1,"Brier",0.0426848172826037
"soybean","MICE.10.IMP.M",1,"Misclassification",0.0514705882352942
"soybean","MICE.10.IMP.M",1,"Calibration",0.00706847284272981
"soybean","MICE.10.Y.M.IMP.M",1,"AUC",0.980327868852459
"soybean","MICE.10.Y.M.IMP.M",1,"Brier",0.0431104437735061
"soybean","MICE.10.Y.M.IMP.M",1,"Misclassification",0.0514705882352942
"soybean","MICE.10.Y.M.IMP.M",1,"Calibration",0.0073181377206502
"soybean","MICE.RF.10.IMP.M",1,"AUC",0.973661202185792
"soybean","MICE.RF.10.IMP.M",1,"Brier",0.0465389332047639
"soybean","MICE.RF.10.IMP.M",1,"Misclassification",0.0588235294117647
"soybean","MICE.RF.10.IMP.M",1,"Calibration",0.00864115933094642
"soybean","MICE.RF.10.Y.M.IMP.M",1,"AUC",0.976393442622951
"soybean","MICE.RF.10.Y.M.IMP.M",1,"Brier",0.0471702037319928
"soybean","MICE.RF.10.Y.M.IMP.M",1,"Misclassification",0.0588235294117647
"soybean","MICE.RF.10.Y.M.IMP.M",1,"Calibration",0.00916167767199618
"soybean","Mean.IMP",1,"AUC",0.978360655737705
"soybean","Mean.IMP",1,"Brier",0.0539716745110094
"soybean","Mean.IMP",1,"Misclassification",0.0661764705882353
"soybean","Mean.IMP",1,"Calibration",0.0163914975126738
"soybean","Mean.IMP.M",1,"AUC",0.976830601092896
"soybean","Mean.IMP.M",1,"Brier",0.0487207177776027
"soybean","Mean.IMP.M",1,"Misclassification",0.0588235294117647
"soybean","Mean.IMP.M",1,"Calibration",0.010849569318219
"soybean","05.IMP",1,"AUC",0.5
"soybean","05.IMP",1,"Brier",0.248776553591401
"soybean","05.IMP",1,"Misclassification",0.448529411764706
"soybean","05.IMP",1,"Calibration",NA
"soybean","05.IMP.M",1,"AUC",0.5
"soybean","05.IMP.M",1,"Brier",0.248776553591401
"soybean","05.IMP.M",1,"Misclassification",0.448529411764706
"soybean","05.IMP.M",1,"Calibration",NA
"soybean","PbP",1,"AUC",0.956502732240437
"soybean","PbP",1,"Brier",0.0866695072698818
"soybean","PbP",1,"Misclassification",0.0661764705882353
"soybean","PbP",1,"Calibration",0.0354064168064237
"soybean","SAEM",2,"AUC",0.5
"soybean","SAEM",2,"Brier",0.248870354835583
"soybean","SAEM",2,"Misclassification",0.455882352941177
"soybean","SAEM",2,"Calibration",NA
"soybean","MICE.10.IMP",2,"AUC",0.980383609415867
"soybean","MICE.10.IMP",2,"Brier",0.0522199041783643
"soybean","MICE.10.IMP",2,"Misclassification",0.0808823529411765
"soybean","MICE.10.IMP",2,"Calibration",0.00969861934864293
"soybean","MICE.10.Y.M.IMP",2,"AUC",0.982781168265039
"soybean","MICE.10.Y.M.IMP",2,"Brier",0.0485264304552527
"soybean","MICE.10.Y.M.IMP",2,"Misclassification",0.0514705882352942
"soybean","MICE.10.Y.M.IMP",2,"Calibration",0.00903063213592502
"soybean","MICE.RF.10.IMP",2,"AUC",0.97667829119442
"soybean","MICE.RF.10.IMP",2,"Brier",0.0599520278778848
"soybean","MICE.RF.10.IMP",2,"Misclassification",0.0808823529411765
"soybean","MICE.RF.10.IMP",2,"Calibration",0.00986741069767937
"soybean","MICE.RF.10.Y.M.IMP",2,"AUC",0.974716652136007
"soybean","MICE.RF.10.Y.M.IMP",2,"Brier",0.0657610728533675
"soybean","MICE.RF.10.Y.M.IMP",2,"Misclassification",0.0955882352941176
"soybean","MICE.RF.10.Y.M.IMP",2,"Calibration",0.0148066045275756
"soybean","MICE.10.IMP.M",2,"AUC",0.981037489102005
"soybean","MICE.10.IMP.M",2,"Brier",0.0608061529149558
"soybean","MICE.10.IMP.M",2,"Misclassification",0.0735294117647058
"soybean","MICE.10.IMP.M",2,"Calibration",0.014415778583405
"soybean","MICE.10.Y.M.IMP.M",2,"AUC",0.980819529206626
"soybean","MICE.10.Y.M.IMP.M",2,"Brier",0.0596683260195192
"soybean","MICE.10.Y.M.IMP.M",2,"Misclassification",0.0735294117647058
"soybean","MICE.10.Y.M.IMP.M",2,"Calibration",0.0156509463403748
"soybean","MICE.RF.10.IMP.M",2,"AUC",0.984742807323453
"soybean","MICE.RF.10.IMP.M",2,"Brier",0.0565064843957329
"soybean","MICE.RF.10.IMP.M",2,"Misclassification",0.0735294117647058
"soybean","MICE.RF.10.IMP.M",2,"Calibration",0.0149623667486741
"soybean","MICE.RF.10.Y.M.IMP.M",2,"AUC",0.98256320836966
"soybean","MICE.RF.10.Y.M.IMP.M",2,"Brier",0.057558292166122
"soybean","MICE.RF.10.Y.M.IMP.M",2,"Misclassification",0.0735294117647058
"soybean","MICE.RF.10.Y.M.IMP.M",2,"Calibration",0.012883604109081
"soybean","Mean.IMP",2,"AUC",0.973190932868352
"soybean","Mean.IMP",2,"Brier",0.0713167576703932
"soybean","Mean.IMP",2,"Misclassification",0.0882352941176471
"soybean","Mean.IMP",2,"Calibration",0.0248361141309262
"soybean","Mean.IMP.M",2,"AUC",0.981473408892764
"soybean","Mean.IMP.M",2,"Brier",0.059508439456183
"soybean","Mean.IMP.M",2,"Misclassification",0.0735294117647058
"soybean","Mean.IMP.M",2,"Calibration",0.0172290276914772
"soybean","05.IMP",2,"AUC",0.5
"soybean","05.IMP",2,"Brier",0.248870354835583
"soybean","05.IMP",2,"Misclassification",0.455882352941177
"soybean","05.IMP",2,"Calibration",NA
"soybean","05.IMP.M",2,"AUC",0.5
"soybean","05.IMP.M",2,"Brier",0.248870354835583
"soybean","05.IMP.M",2,"Misclassification",0.455882352941177
"soybean","05.IMP.M",2,"Calibration",NA
"soybean","PbP",2,"AUC",0.953247602441151
"soybean","PbP",2,"Brier",0.0975901996360142
"soybean","PbP",2,"Misclassification",0.0955882352941176
"soybean","PbP",2,"Calibration",0.0293606350829202
"soybean","SAEM",3,"AUC",0.5
"soybean","SAEM",3,"Brier",0.249514479648595
"soybean","SAEM",3,"Misclassification",0.477941176470588
"soybean","SAEM",3,"Calibration",NA
"soybean","MICE.10.IMP",3,"AUC",0.979414951245937
"soybean","MICE.10.IMP",3,"Brier",0.0532892821972919
"soybean","MICE.10.IMP",3,"Misclassification",0.0588235294117647
"soybean","MICE.10.IMP",3,"Calibration",0.00896155110485492
"soybean","MICE.10.Y.M.IMP",3,"AUC",0.985482123510293
"soybean","MICE.10.Y.M.IMP",3,"Brier",0.0428489964446593
"soybean","MICE.10.Y.M.IMP",3,"Misclassification",0.0514705882352942
"soybean","MICE.10.Y.M.IMP",3,"Calibration",0.0112454896573289
"soybean","MICE.RF.10.IMP",3,"AUC",0.97204767063922
"soybean","MICE.RF.10.IMP",3,"Brier",0.0611577469876606
"soybean","MICE.RF.10.IMP",3,"Misclassification",0.0808823529411765
"soybean","MICE.RF.10.IMP",3,"Calibration",0.00829895641260705
"soybean","MICE.RF.10.Y.M.IMP",3,"AUC",0.982231852654388
"soybean","MICE.RF.10.Y.M.IMP",3,"Brier",0.0532336154612973
"soybean","MICE.RF.10.Y.M.IMP",3,"Misclassification",0.0735294117647058
"soybean","MICE.RF.10.Y.M.IMP",3,"Calibration",0.0101870786647605
"soybean","MICE.10.IMP.M",3,"AUC",0.985048754062839
"soybean","MICE.10.IMP.M",3,"Brier",0.0483850747503566
"soybean","MICE.10.IMP.M",3,"Misclassification",0.0661764705882353
"soybean","MICE.10.IMP.M",3,"Calibration",0.0091934176953777
"soybean","MICE.10.Y.M.IMP.M",3,"AUC",0.983098591549296
"soybean","MICE.10.Y.M.IMP.M",3,"Brier",0.0502255666093532
"soybean","MICE.10.Y.M.IMP.M",3,"Misclassification",0.0661764705882353
"soybean","MICE.10.Y.M.IMP.M",3,"Calibration",0.00774190647863423
"soybean","MICE.RF.10.IMP.M",3,"AUC",0.984398699891658
"soybean","MICE.RF.10.IMP.M",3,"Brier",0.0498000831111376
"soybean","MICE.RF.10.IMP.M",3,"Misclassification",0.0661764705882353
"soybean","MICE.RF.10.IMP.M",3,"Calibration",0.0135262598563455
"soybean","MICE.RF.10.Y.M.IMP.M",3,"AUC",0.983098591549296
"soybean","MICE.RF.10.Y.M.IMP.M",3,"Brier",0.0507029943438065
"soybean","MICE.RF.10.Y.M.IMP.M",3,"Misclassification",0.0661764705882353
"soybean","MICE.RF.10.Y.M.IMP.M",3,"Calibration",0.0101691337407417
"soybean","Mean.IMP",3,"AUC",0.966197183098592
"soybean","Mean.IMP",3,"Brier",0.0592965703222794
"soybean","Mean.IMP",3,"Misclassification",0.0735294117647058
"soybean","Mean.IMP",3,"Calibration",0.0162079832127945
"soybean","Mean.IMP.M",3,"AUC",0.988082340195016
"soybean","Mean.IMP.M",3,"Brier",0.0519436003616222
"soybean","Mean.IMP.M",3,"Misclassification",0.0661764705882353
"soybean","Mean.IMP.M",3,"Calibration",0.0187678300534989
"soybean","05.IMP",3,"AUC",0.5
"soybean","05.IMP",3,"Brier",0.249514479648595
"soybean","05.IMP",3,"Misclassification",0.477941176470588
"soybean","05.IMP",3,"Calibration",NA
"soybean","05.IMP.M",3,"AUC",0.5
"soybean","05.IMP.M",3,"Brier",0.249514479648595
"soybean","05.IMP.M",3,"Misclassification",0.477941176470588
"soybean","05.IMP.M",3,"Calibration",NA
"soybean","PbP",3,"AUC",0.956879739978332
"soybean","PbP",3,"Brier",0.0916698191231668
"soybean","PbP",3,"Misclassification",0.0882352941176471
"soybean","PbP",3,"Calibration",0.0289175123180918
"soybean","SAEM",4,"AUC",0.5
"soybean","SAEM",4,"Brier",0.248870354835583
"soybean","SAEM",4,"Misclassification",0.455882352941177
"soybean","SAEM",4,"Calibration",NA
"soybean","MICE.10.IMP",4,"AUC",0.970466434176112
"soybean","MICE.10.IMP",4,"Brier",0.0701714681921816
"soybean","MICE.10.IMP",4,"Misclassification",0.102941176470588
"soybean","MICE.10.IMP",4,"Calibration",0.00946673175215102
"soybean","MICE.10.Y.M.IMP",4,"AUC",0.972755013077594
"soybean","MICE.10.Y.M.IMP",4,"Brier",0.0602541550511911
"soybean","MICE.10.Y.M.IMP",4,"Misclassification",0.0661764705882353
"soybean","MICE.10.Y.M.IMP",4,"Calibration",0.0127410582824289
"soybean","MICE.RF.10.IMP",4,"AUC",0.967632955536181
"soybean","MICE.RF.10.IMP",4,"Brier",0.0706236407872866
"soybean","MICE.RF.10.IMP",4,"Misclassification",0.0955882352941176
"soybean","MICE.RF.10.IMP",4,"Calibration",0.012628776174775
"soybean","MICE.RF.10.Y.M.IMP",4,"AUC",0.970684394071491
"soybean","MICE.RF.10.Y.M.IMP",4,"Brier",0.0705625402145461
"soybean","MICE.RF.10.Y.M.IMP",4,"Misclassification",0.0955882352941176
"soybean","MICE.RF.10.Y.M.IMP",4,"Calibration",0.0124777022583846
"soybean","MICE.10.IMP.M",4,"AUC",0.968613775065388
"soybean","MICE.10.IMP.M",4,"Brier",0.0762557762423236
"soybean","MICE.10.IMP.M",4,"Misclassification",0.0882352941176471
"soybean","MICE.10.IMP.M",4,"Calibration",0.0213693134604896
"soybean","MICE.10.Y.M.IMP.M",4,"AUC",0.966325196163906
"soybean","MICE.10.Y.M.IMP.M",4,"Brier",0.0751782703597426
"soybean","MICE.10.Y.M.IMP.M",4,"Misclassification",0.0882352941176471
"soybean","MICE.10.Y.M.IMP.M",4,"Calibration",0.0181950533441228
"soybean","MICE.RF.10.IMP.M",4,"AUC",0.964363557105493
"soybean","MICE.RF.10.IMP.M",4,"Brier",0.0687179111678946
"soybean","MICE.RF.10.IMP.M",4,"Misclassification",0.0882352941176471
"soybean","MICE.RF.10.IMP.M",4,"Calibration",0.0182629039687914
"soybean","MICE.RF.10.Y.M.IMP.M",4,"AUC",0.963382737576286
"soybean","MICE.RF.10.Y.M.IMP.M",4,"Brier",0.0683796134981608
"soybean","MICE.RF.10.Y.M.IMP.M",4,"Misclassification",0.0882352941176471
"soybean","MICE.RF.10.Y.M.IMP.M",4,"Calibration",0.0168738276173749
"soybean","Mean.IMP",4,"AUC",0.9621839581517
"soybean","Mean.IMP",4,"Brier",0.0911804159835085
"soybean","Mean.IMP",4,"Misclassification",0.102941176470588
"soybean","Mean.IMP",4,"Calibration",0.0324751506605961
"soybean","Mean.IMP.M",4,"AUC",0.966543156059285
"soybean","Mean.IMP.M",4,"Brier",0.0839704725390518
"soybean","Mean.IMP.M",4,"Misclassification",0.0955882352941176
"soybean","Mean.IMP.M",4,"Calibration",0.0378961916680581
"soybean","05.IMP",4,"AUC",0.5
"soybean","05.IMP",4,"Brier",0.248870354835583
"soybean","05.IMP",4,"Misclassification",0.455882352941177
"soybean","05.IMP",4,"Calibration",NA
"soybean","05.IMP.M",4,"AUC",0.5
"soybean","05.IMP.M",4,"Brier",0.248870354835583
"soybean","05.IMP.M",4,"Misclassification",0.455882352941177
"soybean","05.IMP.M",4,"Calibration",NA
"soybean","PbP",4,"AUC",0.935483870967742
"soybean","PbP",4,"Brier",0.118544808286019
"soybean","PbP",4,"Misclassification",0.110294117647059
"soybean","PbP",4,"Calibration",0.0413093954427212
"soybean","SAEM",5,"AUC",0.5
"soybean","SAEM",5,"Brier",0.251219661920361
"soybean","SAEM",5,"Misclassification",0.507352941176471
"soybean","SAEM",5,"Calibration",NA
"soybean","MICE.10.IMP",5,"AUC",0.972312351287043
"soybean","MICE.10.IMP",5,"Brier",0.0630323869407605
"soybean","MICE.10.IMP",5,"Misclassification",0.0661764705882353
"soybean","MICE.10.IMP",5,"Calibration",0.0108388624721495
"soybean","MICE.10.Y.M.IMP",5,"AUC",0.975340687865023
"soybean","MICE.10.Y.M.IMP",5,"Brier",0.0509973315674349
"soybean","MICE.10.Y.M.IMP",5,"Misclassification",0.0441176470588235
"soybean","MICE.10.Y.M.IMP",5,"Calibration",0.0138885225265772
"soybean","MICE.RF.10.IMP",5,"AUC",0.971879731775903
"soybean","MICE.RF.10.IMP",5,"Brier",0.0684837857388284
"soybean","MICE.RF.10.IMP",5,"Misclassification",0.0882352941176471
"soybean","MICE.RF.10.IMP",5,"Calibration",0.0157366452159526
"soybean","MICE.RF.10.Y.M.IMP",5,"AUC",0.980964741509842
"soybean","MICE.RF.10.Y.M.IMP",5,"Brier",0.0509203030453207
"soybean","MICE.RF.10.Y.M.IMP",5,"Misclassification",0.0882352941176471
"soybean","MICE.RF.10.Y.M.IMP",5,"Calibration",0.0104914844590627
"soybean","MICE.10.IMP.M",5,"AUC",0.975556997620593
"soybean","MICE.10.IMP.M",5,"Brier",0.0424783447331754
"soybean","MICE.10.IMP.M",5,"Misclassification",0.0367647058823529
"soybean","MICE.10.IMP.M",5,"Calibration",0.00990095658595258
"soybean","MICE.10.Y.M.IMP.M",5,"AUC",0.986696950032447
"soybean","MICE.10.Y.M.IMP.M",5,"Brier",0.0422560154779778
"soybean","MICE.10.Y.M.IMP.M",5,"Misclassification",0.0514705882352942
"soybean","MICE.10.Y.M.IMP.M",5,"Calibration",0.00705561178708968
"soybean","MICE.RF.10.IMP.M",5,"AUC",0.978369024443002
"soybean","MICE.RF.10.IMP.M",5,"Brier",0.0499039864430248
"soybean","MICE.RF.10.IMP.M",5,"Misclassification",0.0514705882352942
"soybean","MICE.RF.10.IMP.M",5,"Calibration",0.0118900167750575
"soybean","MICE.RF.10.Y.M.IMP.M",5,"AUC",0.976097772009518
"soybean","MICE.RF.10.Y.M.IMP.M",5,"Brier",0.0489261602290438
"soybean","MICE.RF.10.Y.M.IMP.M",5,"Misclassification",0.0514705882352942
"soybean","MICE.RF.10.Y.M.IMP.M",5,"Calibration",0.0133915115869783
"soybean","Mean.IMP",5,"AUC",0.668937919100151
"soybean","Mean.IMP",5,"Brier",0.330882352941176
"soybean","Mean.IMP",5,"Misclassification",0.330882352941177
"soybean","Mean.IMP",5,"Calibration",0.109488795518207
"soybean","Mean.IMP.M",5,"AUC",0.930672723339823
"soybean","Mean.IMP.M",5,"Brier",0.0894946974534335
"soybean","Mean.IMP.M",5,"Misclassification",0.0882352941176471
"soybean","Mean.IMP.M",5,"Calibration",0.0193769987346017
"soybean","05.IMP",5,"AUC",0.5
"soybean","05.IMP",5,"Brier",0.251219661920361
"soybean","05.IMP",5,"Misclassification",0.507352941176471
"soybean","05.IMP",5,"Calibration",NA
"soybean","05.IMP.M",5,"AUC",0.5
"soybean","05.IMP.M",5,"Brier",0.251219661920361
"soybean","05.IMP.M",5,"Misclassification",0.507352941176471
"soybean","05.IMP.M",5,"Calibration",NA
"soybean","PbP",5,"AUC",0.950248756218905
"soybean","PbP",5,"Brier",0.0944837341947666
"soybean","PbP",5,"Misclassification",0.0955882352941176
"soybean","PbP",5,"Calibration",0.0234048758221493
"soybean","SAEM",6,"AUC",0.5
"soybean","SAEM",6,"Brier",0.25179709127183
"soybean","SAEM",6,"Misclassification",0.514705882352941
"soybean","SAEM",6,"Calibration",NA
"soybean","MICE.10.IMP",6,"AUC",0.956493506493507
"soybean","MICE.10.IMP",6,"Brier",0.0695094517111583
"soybean","MICE.10.IMP",6,"Misclassification",0.0882352941176471
"soybean","MICE.10.IMP",6,"Calibration",0.014238893875621
"soybean","MICE.10.Y.M.IMP",6,"AUC",0.972510822510823
"soybean","MICE.10.Y.M.IMP",6,"Brier",0.05547825054061
"soybean","MICE.10.Y.M.IMP",6,"Misclassification",0.0808823529411765
"soybean","MICE.10.Y.M.IMP",6,"Calibration",0.00921599563864924
"soybean","MICE.RF.10.IMP",6,"AUC",0.953463203463203
"soybean","MICE.RF.10.IMP",6,"Brier",0.0733349905386252
"soybean","MICE.RF.10.IMP",6,"Misclassification",0.102941176470588
"soybean","MICE.RF.10.IMP",6,"Calibration",0.033629108185684
"soybean","MICE.RF.10.Y.M.IMP",6,"AUC",0.953246753246753
"soybean","MICE.RF.10.Y.M.IMP",6,"Brier",0.0782586538625158
"soybean","MICE.RF.10.Y.M.IMP",6,"Misclassification",0.102941176470588
"soybean","MICE.RF.10.Y.M.IMP",6,"Calibration",0.0274128003696035
"soybean","MICE.10.IMP.M",6,"AUC",0.954761904761905
"soybean","MICE.10.IMP.M",6,"Brier",0.0640130312913146
"soybean","MICE.10.IMP.M",6,"Misclassification",0.0661764705882353
"soybean","MICE.10.IMP.M",6,"Calibration",0.011109562211375
"soybean","MICE.10.Y.M.IMP.M",6,"AUC",0.946428571428572
"soybean","MICE.10.Y.M.IMP.M",6,"Brier",0.063602109447873
"soybean","MICE.10.Y.M.IMP.M",6,"Misclassification",0.0661764705882353
"soybean","MICE.10.Y.M.IMP.M",6,"Calibration",0.0140127535570544
"soybean","MICE.RF.10.IMP.M",6,"AUC",0.951298701298701
"soybean","MICE.RF.10.IMP.M",6,"Brier",0.0659010773643932
"soybean","MICE.RF.10.IMP.M",6,"Misclassification",0.0735294117647058
"soybean","MICE.RF.10.IMP.M",6,"Calibration",0.0114497709797704
"soybean","MICE.RF.10.Y.M.IMP.M",6,"AUC",0.954329004329004
"soybean","MICE.RF.10.Y.M.IMP.M",6,"Brier",0.0659001549282141
"soybean","MICE.RF.10.Y.M.IMP.M",6,"Misclassification",0.0735294117647058
"soybean","MICE.RF.10.Y.M.IMP.M",6,"Calibration",0.0120854344787784
"soybean","Mean.IMP",6,"AUC",0.973593073593074
"soybean","Mean.IMP",6,"Brier",0.0599981378794071
"soybean","Mean.IMP",6,"Misclassification",0.0808823529411765
"soybean","Mean.IMP",6,"Calibration",0.0231057134158252
"soybean","Mean.IMP.M",6,"AUC",0.94978354978355
"soybean","Mean.IMP.M",6,"Brier",0.0750759579546715
"soybean","Mean.IMP.M",6,"Misclassification",0.0808823529411765
"soybean","Mean.IMP.M",6,"Calibration",0.0179544832037804
"soybean","05.IMP",6,"AUC",0.5
"soybean","05.IMP",6,"Brier",0.25179709127183
"soybean","05.IMP",6,"Misclassification",0.514705882352941
"soybean","05.IMP",6,"Calibration",NA
"soybean","05.IMP.M",6,"AUC",0.5
"soybean","05.IMP.M",6,"Brier",0.25179709127183
"soybean","05.IMP.M",6,"Misclassification",0.514705882352941
"soybean","05.IMP.M",6,"Calibration",NA
"soybean","PbP",6,"AUC",0.920995670995671
"soybean","PbP",6,"Brier",0.114811308001014
"soybean","PbP",6,"Misclassification",0.110294117647059
"soybean","PbP",6,"Calibration",0.0269673967711629
"soybean","SAEM",7,"AUC",0.5
"soybean","SAEM",7,"Brier",0.255591040730333
"soybean","SAEM",7,"Misclassification",0.551470588235294
"soybean","SAEM",7,"Calibration",NA
"soybean","MICE.10.IMP",7,"AUC",0.972677595628415
"soybean","MICE.10.IMP",7,"Brier",0.0660644876903708
"soybean","MICE.10.IMP",7,"Misclassification",0.0882352941176471
"soybean","MICE.10.IMP",7,"Calibration",0.0160644876903708
"soybean","MICE.10.Y.M.IMP",7,"AUC",0.95431693989071
"soybean","MICE.10.Y.M.IMP",7,"Brier",0.059296070033075
"soybean","MICE.10.Y.M.IMP",7,"Misclassification",0.0588235294117647
"soybean","MICE.10.Y.M.IMP",7,"Calibration",0.0089319899911699
"soybean","MICE.RF.10.IMP",7,"AUC",0.958907103825137
"soybean","MICE.RF.10.IMP",7,"Brier",0.0724365959578051
"soybean","MICE.RF.10.IMP",7,"Misclassification",0.110294117647059
"soybean","MICE.RF.10.IMP",7,"Calibration",0.0144432670472935
"soybean","MICE.RF.10.Y.M.IMP",7,"AUC",0.958032786885246
"soybean","MICE.RF.10.Y.M.IMP",7,"Brier",0.0704364424927691
"soybean","MICE.RF.10.Y.M.IMP",7,"Misclassification",0.0955882352941176
"soybean","MICE.RF.10.Y.M.IMP",7,"Calibration",0.0126049765730679
"soybean","MICE.10.IMP.M",7,"AUC",0.956502732240437
"soybean","MICE.10.IMP.M",7,"Brier",0.0624308474893817
"soybean","MICE.10.IMP.M",7,"Misclassification",0.0661764705882353
"soybean","MICE.10.IMP.M",7,"Calibration",0.0113383044115445
"soybean","MICE.10.Y.M.IMP.M",7,"AUC",0.955191256830601
"soybean","MICE.10.Y.M.IMP.M",7,"Brier",0.0677290335383035
"soybean","MICE.10.Y.M.IMP.M",7,"Misclassification",0.0661764705882353
"soybean","MICE.10.Y.M.IMP.M",7,"Calibration",0.0120318166944082
"soybean","MICE.RF.10.IMP.M",7,"AUC",0.957377049180328
"soybean","MICE.RF.10.IMP.M",7,"Brier",0.073567370819788
"soybean","MICE.RF.10.IMP.M",7,"Misclassification",0.0808823529411765
"soybean","MICE.RF.10.IMP.M",7,"Calibration",0.0116429798512794
"soybean","MICE.RF.10.Y.M.IMP.M",7,"AUC",0.957486338797814
"soybean","MICE.RF.10.Y.M.IMP.M",7,"Brier",0.0709126478464868
"soybean","MICE.RF.10.Y.M.IMP.M",7,"Misclassification",0.0808823529411765
"soybean","MICE.RF.10.Y.M.IMP.M",7,"Calibration",0.0120486596674832
"soybean","Mean.IMP",7,"AUC",0.969289617486339
"soybean","Mean.IMP",7,"Brier",0.0507164428038782
"soybean","Mean.IMP",7,"Misclassification",0.0514705882352942
"soybean","Mean.IMP",7,"Calibration",0.0101081540338247
"soybean","Mean.IMP.M",7,"AUC",0.961092896174863
"soybean","Mean.IMP.M",7,"Brier",0.067817365113111
"soybean","Mean.IMP.M",7,"Misclassification",0.0661764705882353
"soybean","Mean.IMP.M",7,"Calibration",0.0161244960948743
"soybean","05.IMP",7,"AUC",0.5
"soybean","05.IMP",7,"Brier",0.255591040730333
"soybean","05.IMP",7,"Misclassification",0.551470588235294
"soybean","05.IMP",7,"Calibration",NA
"soybean","05.IMP.M",7,"AUC",0.5
"soybean","05.IMP.M",7,"Brier",0.255591040730333
"soybean","05.IMP.M",7,"Misclassification",0.551470588235294
"soybean","05.IMP.M",7,"Calibration",NA
"soybean","PbP",7,"AUC",0.934535519125683
"soybean","PbP",7,"Brier",0.106934263107439
"soybean","PbP",7,"Misclassification",0.102941176470588
"soybean","PbP",7,"Calibration",0.0244899767625074
"soybean","SAEM",8,"AUC",0.5
"soybean","SAEM",8,"Brier",0.249024609593176
"soybean","SAEM",8,"Misclassification",0.463235294117647
"soybean","SAEM",8,"Calibration",NA
"soybean","MICE.10.IMP",8,"AUC",0.963687758208306
"soybean","MICE.10.IMP",8,"Brier",0.0741805581634975
"soybean","MICE.10.IMP",8,"Misclassification",0.0808823529411765
"soybean","MICE.10.IMP",8,"Calibration",0.0104200539618169
"soybean","MICE.10.Y.M.IMP",8,"AUC",0.950641443792129
"soybean","MICE.10.Y.M.IMP",8,"Brier",0.0721787239920115
"soybean","MICE.10.Y.M.IMP",8,"Misclassification",0.0955882352941176
"soybean","MICE.10.Y.M.IMP",8,"Calibration",0.0138759194934194
"soybean","MICE.RF.10.IMP",8,"AUC",0.960861056751468
"soybean","MICE.RF.10.IMP",8,"Brier",0.0817800166024614
"soybean","MICE.RF.10.IMP",8,"Misclassification",0.110294117647059
"soybean","MICE.RF.10.IMP",8,"Calibration",0.0146784210622845
"soybean","MICE.RF.10.Y.M.IMP",8,"AUC",0.969341161121983
"soybean","MICE.RF.10.Y.M.IMP",8,"Brier",0.0749478269688043
"soybean","MICE.RF.10.Y.M.IMP",8,"Misclassification",0.102941176470588
"soybean","MICE.RF.10.Y.M.IMP",8,"Calibration",0.0194311550593988
"soybean","MICE.10.IMP.M",8,"AUC",0.949445531637312
"soybean","MICE.10.IMP.M",8,"Brier",0.0699225958183321
"soybean","MICE.10.IMP.M",8,"Misclassification",0.0808823529411765
"soybean","MICE.10.IMP.M",8,"Calibration",0.0119209229269533
"soybean","MICE.10.Y.M.IMP.M",8,"AUC",0.951946075233747
"soybean","MICE.10.Y.M.IMP.M",8,"Brier",0.0752664909698792
"soybean","MICE.10.Y.M.IMP.M",8,"Misclassification",0.0882352941176471
"soybean","MICE.10.Y.M.IMP.M",8,"Calibration",0.0144582115270238
"soybean","MICE.RF.10.IMP.M",8,"AUC",0.954881495977386
"soybean","MICE.RF.10.IMP.M",8,"Brier",0.0681927986166598
"soybean","MICE.RF.10.IMP.M",8,"Misclassification",0.0808823529411765
"soybean","MICE.RF.10.IMP.M",8,"Calibration",0.0121133365380707
"soybean","MICE.RF.10.Y.M.IMP.M",8,"AUC",0.950424005218526
"soybean","MICE.RF.10.Y.M.IMP.M",8,"Brier",0.0733943989160123
"soybean","MICE.RF.10.Y.M.IMP.M",8,"Misclassification",0.0882352941176471
"soybean","MICE.RF.10.Y.M.IMP.M",8,"Calibration",0.0162164898736075
"soybean","Mean.IMP",8,"AUC",0.946836268754077
"soybean","Mean.IMP",8,"Brier",0.0754362380921045
"soybean","Mean.IMP",8,"Misclassification",0.0882352941176471
"soybean","Mean.IMP",8,"Calibration",0.0177922246043565
"soybean","Mean.IMP.M",8,"AUC",0.960100021743857
"soybean","Mean.IMP.M",8,"Brier",0.0750218692886417
"soybean","Mean.IMP.M",8,"Misclassification",0.0882352941176471
"soybean","Mean.IMP.M",8,"Calibration",0.0261794769395452
"soybean","05.IMP",8,"AUC",0.5
"soybean","05.IMP",8,"Brier",0.249024609593176
"soybean","05.IMP",8,"Misclassification",0.463235294117647
"soybean","05.IMP",8,"Calibration",NA
"soybean","05.IMP.M",8,"AUC",0.5
"soybean","05.IMP.M",8,"Brier",0.249024609593176
"soybean","05.IMP.M",8,"Misclassification",0.463235294117647
"soybean","05.IMP.M",8,"Calibration",NA
"soybean","PbP",8,"AUC",0.918025657751685
"soybean","PbP",8,"Brier",0.116329028601838
"soybean","PbP",8,"Misclassification",0.110294117647059
"soybean","PbP",8,"Calibration",0.0311568180876302
"soybean","SAEM",9,"AUC",0.5
"soybean","SAEM",9,"Brier",0.249024609593176
"soybean","SAEM",9,"Misclassification",0.463235294117647
"soybean","SAEM",9,"Calibration",NA
"soybean","MICE.10.IMP",9,"AUC",0.977168949771689
"soybean","MICE.10.IMP",9,"Brier",0.0604831346970265
"soybean","MICE.10.IMP",9,"Misclassification",0.0808823529411765
"soybean","MICE.10.IMP",9,"Calibration",0.0112892179999129
"soybean","MICE.10.Y.M.IMP",9,"AUC",0.991519895629485
"soybean","MICE.10.Y.M.IMP",9,"Brier",0.0413914480265571
"soybean","MICE.10.Y.M.IMP",9,"Misclassification",0.0514705882352942
"soybean","MICE.10.Y.M.IMP",9,"Calibration",0.0157378532553153
"soybean","MICE.RF.10.IMP",9,"AUC",0.95738203957382
"soybean","MICE.RF.10.IMP",9,"Brier",0.0706827548453355
"soybean","MICE.RF.10.IMP",9,"Misclassification",0.102941176470588
"soybean","MICE.RF.10.IMP",9,"Calibration",0.0146900499023597
"soybean","MICE.RF.10.Y.M.IMP",9,"AUC",0.965209828223527
"soybean","MICE.RF.10.Y.M.IMP",9,"Brier",0.0644747298614678
"soybean","MICE.RF.10.Y.M.IMP",9,"Misclassification",0.0882352941176471
"soybean","MICE.RF.10.Y.M.IMP",9,"Calibration",0.0159822559488259
"soybean","MICE.10.IMP.M",9,"AUC",0.985431615568602
"soybean","MICE.10.IMP.M",9,"Brier",0.0473386422324479
"soybean","MICE.10.IMP.M",9,"Misclassification",0.0588235294117647
"soybean","MICE.10.IMP.M",9,"Calibration",0.0137328362737008
"soybean","MICE.10.Y.M.IMP.M",9,"AUC",0.978473581213307
"soybean","MICE.10.Y.M.IMP.M",9,"Brier",0.0618019467866523
"soybean","MICE.10.Y.M.IMP.M",9,"Misclassification",0.0588235294117647
"soybean","MICE.10.Y.M.IMP.M",9,"Calibration",0.0258654568060446
"soybean","MICE.RF.10.IMP.M",9,"AUC",0.968471406827571
"soybean","MICE.RF.10.IMP.M",9,"Brier",0.048496822421558
"soybean","MICE.RF.10.IMP.M",9,"Misclassification",0.0588235294117647
"soybean","MICE.RF.10.IMP.M",9,"Calibration",0.00919956942945203
"soybean","MICE.RF.10.Y.M.IMP.M",9,"AUC",0.985649054142205
"soybean","MICE.RF.10.Y.M.IMP.M",9,"Brier",0.0434294063793791
"soybean","MICE.RF.10.Y.M.IMP.M",9,"Misclassification",0.0588235294117647
"soybean","MICE.RF.10.Y.M.IMP.M",9,"Calibration",0.00981596100122779
"soybean","Mean.IMP",9,"AUC",0.792998477929985
"soybean","Mean.IMP",9,"Brier",0.205882352941176
"soybean","Mean.IMP",9,"Misclassification",0.205882352941177
"soybean","Mean.IMP",9,"Calibration",0.0426179604261795
"soybean","Mean.IMP.M",9,"AUC",0.488801913459448
"soybean","Mean.IMP.M",9,"Brier",0.498161764705882
"soybean","Mean.IMP.M",9,"Misclassification",0.485294117647059
"soybean","Mean.IMP.M",9,"Calibration",0.249780527053725
"soybean","05.IMP",9,"AUC",0.5
"soybean","05.IMP",9,"Brier",0.249024609593176
"soybean","05.IMP",9,"Misclassification",0.463235294117647
"soybean","05.IMP",9,"Calibration",NA
"soybean","05.IMP.M",9,"AUC",0.5
"soybean","05.IMP.M",9,"Brier",0.249024609593176
"soybean","05.IMP.M",9,"Misclassification",0.463235294117647
"soybean","05.IMP.M",9,"Calibration",NA
"soybean","PbP",9,"AUC",0.925092411393781
"soybean","PbP",9,"Brier",0.109752591784653
"soybean","PbP",9,"Misclassification",0.0808823529411765
"soybean","PbP",9,"Calibration",0.0378921809536535
"soybean","SAEM",10,"AUC",0.5
"soybean","SAEM",10,"Brier",0.252434974136709
"soybean","SAEM",10,"Misclassification",0.522058823529412
"soybean","SAEM",10,"Calibration",NA
"soybean","MICE.10.IMP",10,"AUC",0.99284940411701
"soybean","MICE.10.IMP",10,"Brier",0.0343003423742733
"soybean","MICE.10.IMP",10,"Misclassification",0.0367647058823529
"soybean","MICE.10.IMP",10,"Calibration",0.0161342524088753
"soybean","MICE.10.Y.M.IMP",10,"AUC",0.993066088840737
"soybean","MICE.10.Y.M.IMP",10,"Brier",0.033399809456069
"soybean","MICE.10.Y.M.IMP",10,"Misclassification",0.0514705882352942
"soybean","MICE.10.Y.M.IMP",10,"Calibration",0.00877859733485691
"soybean","MICE.RF.10.IMP",10,"AUC",0.985915492957746
"soybean","MICE.RF.10.IMP",10,"Brier",0.0411291347051707
"soybean","MICE.RF.10.IMP",10,"Misclassification",0.0441176470588235
"soybean","MICE.RF.10.IMP",10,"Calibration",0.0125945629817445
"soybean","MICE.RF.10.Y.M.IMP",10,"AUC",0.993066088840737
"soybean","MICE.RF.10.Y.M.IMP",10,"Brier",0.0349640090453651
"soybean","MICE.RF.10.Y.M.IMP",10,"Misclassification",0.0441176470588235
"soybean","MICE.RF.10.Y.M.IMP",10,"Calibration",0.0082260411309266
"soybean","MICE.10.IMP.M",10,"AUC",0.990899241603467
"soybean","MICE.10.IMP.M",10,"Brier",0.029153035217104
"soybean","MICE.10.IMP.M",10,"Misclassification",0.0367647058823529
"soybean","MICE.10.IMP.M",10,"Calibration",0.0104223850623052
"soybean","MICE.10.Y.M.IMP.M",10,"AUC",0.996099674972914
"soybean","MICE.10.Y.M.IMP.M",10,"Brier",0.0273616852713633
"soybean","MICE.10.Y.M.IMP.M",10,"Misclassification",0.0367647058823529
"soybean","MICE.10.Y.M.IMP.M",10,"Calibration",0.0126558029184221
"soybean","MICE.RF.10.IMP.M",10,"AUC",0.987432286023835
"soybean","MICE.RF.10.IMP.M",10,"Brier",0.0294035960693016
"soybean","MICE.RF.10.IMP.M",10,"Misclassification",0.0367647058823529
"soybean","MICE.RF.10.IMP.M",10,"Calibration",0.0104960330440915
"soybean","MICE.RF.10.Y.M.IMP.M",10,"AUC",0.984723726977248
"soybean","MICE.RF.10.Y.M.IMP.M",10,"Brier",0.0294291095543323
"soybean","MICE.RF.10.Y.M.IMP.M",10,"Misclassification",0.0367647058823529
"soybean","MICE.RF.10.Y.M.IMP.M",10,"Calibration",0.0107513820530753
"soybean","Mean.IMP",10,"AUC",0.995449620801733
"soybean","Mean.IMP",10,"Brier",0.0332544288292568
"soybean","Mean.IMP",10,"Misclassification",0.0441176470588235
"soybean","Mean.IMP",10,"Calibration",0.0156073700057274
"soybean","Mean.IMP.M",10,"AUC",0.98602383531961
"soybean","Mean.IMP.M",10,"Brier",0.0261535775575398
"soybean","Mean.IMP.M",10,"Misclassification",0.0367647058823529
"soybean","Mean.IMP.M",10,"Calibration",0.00840618009109056
"soybean","05.IMP",10,"AUC",0.5
"soybean","05.IMP",10,"Brier",0.252434974136709
"soybean","05.IMP",10,"Misclassification",0.522058823529412
"soybean","05.IMP",10,"Calibration",NA
"soybean","05.IMP.M",10,"AUC",0.5
"soybean","05.IMP.M",10,"Brier",0.252434974136709
"soybean","05.IMP.M",10,"Misclassification",0.522058823529412
"soybean","05.IMP.M",10,"Calibration",NA
"soybean","PbP",10,"AUC",0.970964247020585
"soybean","PbP",10,"Brier",0.0723246127577602
"soybean","PbP",10,"Misclassification",0.0441176470588235
"soybean","PbP",10,"Calibration",0.0364066091926978
"soybean","SAEM",11,"AUC",0.5
"soybean","SAEM",11,"Brier",0.25179709127183
"soybean","SAEM",11,"Misclassification",0.514705882352941
"soybean","SAEM",11,"Calibration",NA
"soybean","MICE.10.IMP",11,"AUC",0.990476190476191
"soybean","MICE.10.IMP",11,"Brier",0.0353442939727338
"soybean","MICE.10.IMP",11,"Misclassification",0.0514705882352942
"soybean","MICE.10.IMP",11,"Calibration",0.0119857081141479
"soybean","MICE.10.Y.M.IMP",11,"AUC",0.997835497835498
"soybean","MICE.10.Y.M.IMP",11,"Brier",0.0268079954793287
"soybean","MICE.10.Y.M.IMP",11,"Misclassification",0.0441176470588235
"soybean","MICE.10.Y.M.IMP",11,"Calibration",0.0165955771786751
"soybean","MICE.RF.10.IMP",11,"AUC",0.978138528138528
"soybean","MICE.RF.10.IMP",11,"Brier",0.0463167279400132
"soybean","MICE.RF.10.IMP",11,"Misclassification",0.0588235294117647
"soybean","MICE.RF.10.IMP",11,"Calibration",0.0215650852616653
"soybean","MICE.RF.10.Y.M.IMP",11,"AUC",0.987878787878788
"soybean","MICE.RF.10.Y.M.IMP",11,"Brier",0.040113913787209
"soybean","MICE.RF.10.Y.M.IMP",11,"Misclassification",0.0441176470588235
"soybean","MICE.RF.10.Y.M.IMP",11,"Calibration",0.0201662250928565
"soybean","MICE.10.IMP.M",11,"AUC",0.998051948051948
"soybean","MICE.10.IMP.M",11,"Brier",0.0238484709691004
"soybean","MICE.10.IMP.M",11,"Misclassification",0.0367647058823529
"soybean","MICE.10.IMP.M",11,"Calibration",0.0137381768514534
"soybean","MICE.10.Y.M.IMP.M",11,"AUC",0.997835497835498
"soybean","MICE.10.Y.M.IMP.M",11,"Brier",0.0246265970890628
"soybean","MICE.10.Y.M.IMP.M",11,"Misclassification",0.0367647058823529
"soybean","MICE.10.Y.M.IMP.M",11,"Calibration",0.0134221152963457
"soybean","MICE.RF.10.IMP.M",11,"AUC",0.998268398268398
"soybean","MICE.RF.10.IMP.M",11,"Brier",0.0225580823684068
"soybean","MICE.RF.10.IMP.M",11,"Misclassification",0.0367647058823529
"soybean","MICE.RF.10.IMP.M",11,"Calibration",0.0160221346559885
"soybean","MICE.RF.10.Y.M.IMP.M",11,"AUC",0.998051948051948
"soybean","MICE.RF.10.Y.M.IMP.M",11,"Brier",0.0251307609767081
"soybean","MICE.RF.10.Y.M.IMP.M",11,"Misclassification",0.0367647058823529
"soybean","MICE.RF.10.Y.M.IMP.M",11,"Calibration",0.0185131139178846
"soybean","Mean.IMP",11,"AUC",0.979978354978355
"soybean","Mean.IMP",11,"Brier",0.0367535662495205
"soybean","Mean.IMP",11,"Misclassification",0.0514705882352942
"soybean","Mean.IMP",11,"Calibration",0.0158546377678714
"soybean","Mean.IMP.M",11,"AUC",0.998268398268398
"soybean","Mean.IMP.M",11,"Brier",0.0220476838941497
"soybean","Mean.IMP.M",11,"Misclassification",0.0367647058823529
"soybean","Mean.IMP.M",11,"Calibration",0.0155117361817314
"soybean","05.IMP",11,"AUC",0.5
"soybean","05.IMP",11,"Brier",0.25179709127183
"soybean","05.IMP",11,"Misclassification",0.514705882352941
"soybean","05.IMP",11,"Calibration",NA
"soybean","05.IMP.M",11,"AUC",0.5
"soybean","05.IMP.M",11,"Brier",0.25179709127183
"soybean","05.IMP.M",11,"Misclassification",0.514705882352941
"soybean","05.IMP.M",11,"Calibration",NA
"soybean","PbP",11,"AUC",0.971428571428571
"soybean","PbP",11,"Brier",0.0639566642989514
"soybean","PbP",11,"Misclassification",0.0588235294117647
"soybean","PbP",11,"Calibration",0.0190276582137587
"soybean","SAEM",12,"AUC",0.5
"soybean","SAEM",12,"Brier",0.251219661920361
"soybean","SAEM",12,"Misclassification",0.507352941176471
"soybean","SAEM",12,"Calibration",NA
"soybean","MICE.10.IMP",12,"AUC",0.971014492753623
"soybean","MICE.10.IMP",12,"Brier",0.0588876243614549
"soybean","MICE.10.IMP",12,"Misclassification",0.0735294117647058
"soybean","MICE.10.IMP",12,"Calibration",0.00805020606080126
"soybean","MICE.10.Y.M.IMP",12,"AUC",0.966796452520009
"soybean","MICE.10.Y.M.IMP",12,"Brier",0.053132607896192
"soybean","MICE.10.Y.M.IMP",12,"Misclassification",0.0661764705882353
"soybean","MICE.10.Y.M.IMP",12,"Calibration",0.00817752924794679
"soybean","MICE.RF.10.IMP",12,"AUC",0.959333765952844
"soybean","MICE.RF.10.IMP",12,"Brier",0.0670536123508082
"soybean","MICE.RF.10.IMP",12,"Misclassification",0.0808823529411765
"soybean","MICE.RF.10.IMP",12,"Calibration",0.0117796277569707
"soybean","MICE.RF.10.Y.M.IMP",12,"AUC",0.971014492753623
"soybean","MICE.RF.10.Y.M.IMP",12,"Brier",0.0609323261247592
"soybean","MICE.RF.10.Y.M.IMP",12,"Misclassification",0.0808823529411765
"soybean","MICE.RF.10.Y.M.IMP",12,"Calibration",0.0162500782255996
"soybean","MICE.10.IMP.M",12,"AUC",0.95814406229721
"soybean","MICE.10.IMP.M",12,"Brier",0.058273114219602
"soybean","MICE.10.IMP.M",12,"Misclassification",0.0735294117647058
"soybean","MICE.10.IMP.M",12,"Calibration",0.00817378761724768
"soybean","MICE.10.Y.M.IMP.M",12,"AUC",0.958901146441705
"soybean","MICE.10.Y.M.IMP.M",12,"Brier",0.0584601808293505
"soybean","MICE.10.Y.M.IMP.M",12,"Misclassification",0.0735294117647058
"soybean","MICE.10.Y.M.IMP.M",12,"Calibration",0.010909828131939
"soybean","MICE.RF.10.IMP.M",12,"AUC",0.963011031797534
"soybean","MICE.RF.10.IMP.M",12,"Brier",0.0578169108338461
"soybean","MICE.RF.10.IMP.M",12,"Misclassification",0.0735294117647058
"soybean","MICE.RF.10.IMP.M",12,"Calibration",0.0110990249615485
"soybean","MICE.RF.10.Y.M.IMP.M",12,"AUC",0.963011031797534
"soybean","MICE.RF.10.Y.M.IMP.M",12,"Brier",0.0568878871182172
"soybean","MICE.RF.10.Y.M.IMP.M",12,"Misclassification",0.0735294117647058
"soybean","MICE.RF.10.Y.M.IMP.M",12,"Calibration",0.0100365452301106
"soybean","Mean.IMP",12,"AUC",0.959874540341769
"soybean","Mean.IMP",12,"Brier",0.0617297708231905
"soybean","Mean.IMP",12,"Misclassification",0.0808823529411765
"soybean","Mean.IMP",12,"Calibration",0.0145078539556683
"soybean","Mean.IMP.M",12,"AUC",0.95771144278607
"soybean","Mean.IMP.M",12,"Brier",0.0572702662782591
"soybean","Mean.IMP.M",12,"Misclassification",0.0661764705882353
"soybean","Mean.IMP.M",12,"Calibration",0.0127101223054157
"soybean","05.IMP",12,"AUC",0.5
"soybean","05.IMP",12,"Brier",0.251219661920361
"soybean","05.IMP",12,"Misclassification",0.507352941176471
"soybean","05.IMP",12,"Calibration",NA
"soybean","05.IMP.M",12,"AUC",0.5
"soybean","05.IMP.M",12,"Brier",0.251219661920361
"soybean","05.IMP.M",12,"Misclassification",0.507352941176471
"soybean","05.IMP.M",12,"Calibration",NA
"soybean","PbP",12,"AUC",0.921479558728099
"soybean","PbP",12,"Brier",0.103108548046951
"soybean","PbP",12,"Misclassification",0.117647058823529
"soybean","PbP",12,"Calibration",0.0248483528919528
"soybean","SAEM",13,"AUC",0.5
"soybean","SAEM",13,"Brier",0.249024609593176
"soybean","SAEM",13,"Misclassification",0.463235294117647
"soybean","SAEM",13,"Calibration",NA
"soybean","MICE.10.IMP",13,"AUC",0.972167862578821
"soybean","MICE.10.IMP",13,"Brier",0.0704886143947904
"soybean","MICE.10.IMP",13,"Misclassification",0.0955882352941176
"soybean","MICE.10.IMP",13,"Calibration",0.0121246438065551
"soybean","MICE.10.Y.M.IMP",13,"AUC",0.979560774081322
"soybean","MICE.10.Y.M.IMP",13,"Brier",0.0580063355236719
"soybean","MICE.10.Y.M.IMP",13,"Misclassification",0.0661764705882353
"soybean","MICE.10.Y.M.IMP",13,"Calibration",0.013305121704811
"soybean","MICE.RF.10.IMP",13,"AUC",0.945640356599261
"soybean","MICE.RF.10.IMP",13,"Brier",0.103324113891942
"soybean","MICE.RF.10.IMP",13,"Misclassification",0.154411764705882
"soybean","MICE.RF.10.IMP",13,"Calibration",0.0210045951753645
"soybean","MICE.RF.10.Y.M.IMP",13,"AUC",0.964992389649924
"soybean","MICE.RF.10.Y.M.IMP",13,"Brier",0.0817080829952565
"soybean","MICE.RF.10.Y.M.IMP",13,"Misclassification",0.125
"soybean","MICE.RF.10.Y.M.IMP",13,"Calibration",0.017353932244047
"soybean","MICE.10.IMP.M",13,"AUC",0.977386388345292
"soybean","MICE.10.IMP.M",13,"Brier",0.0617805534084501
"soybean","MICE.10.IMP.M",13,"Misclassification",0.0661764705882353
"soybean","MICE.10.IMP.M",13,"Calibration",0.0145685436045286
"soybean","MICE.10.Y.M.IMP.M",13,"AUC",0.977603826918895
"soybean","MICE.10.Y.M.IMP.M",13,"Brier",0.0642017453919128
"soybean","MICE.10.Y.M.IMP.M",13,"Misclassification",0.0735294117647058
"soybean","MICE.10.Y.M.IMP.M",13,"Calibration",0.0149881016010631
"soybean","MICE.RF.10.IMP.M",13,"AUC",0.973472494020439
"soybean","MICE.RF.10.IMP.M",13,"Brier",0.0579337199189486
"soybean","MICE.RF.10.IMP.M",13,"Misclassification",0.0735294117647058
"soybean","MICE.RF.10.IMP.M",13,"Calibration",0.0132558487704892
"soybean","MICE.RF.10.Y.M.IMP.M",13,"AUC",0.973472494020439
"soybean","MICE.RF.10.Y.M.IMP.M",13,"Brier",0.0593442726238596
"soybean","MICE.RF.10.Y.M.IMP.M",13,"Misclassification",0.0735294117647058
"soybean","MICE.RF.10.Y.M.IMP.M",13,"Calibration",0.0133326861710966
"soybean","Mean.IMP",13,"AUC",0.971624266144814
"soybean","Mean.IMP",13,"Brier",0.078883996817304
"soybean","Mean.IMP",13,"Misclassification",0.0882352941176471
"soybean","Mean.IMP",13,"Calibration",0.0268843080529094
"soybean","Mean.IMP.M",13,"AUC",0.976407914764079
"soybean","Mean.IMP.M",13,"Brier",0.0591899816091775
"soybean","Mean.IMP.M",13,"Misclassification",0.0661764705882353
"soybean","Mean.IMP.M",13,"Calibration",0.0176594805198529
"soybean","05.IMP",13,"AUC",0.5
"soybean","05.IMP",13,"Brier",0.249024609593176
"soybean","05.IMP",13,"Misclassification",0.463235294117647
"soybean","05.IMP",13,"Calibration",NA
"soybean","05.IMP.M",13,"AUC",0.5
"soybean","05.IMP.M",13,"Brier",0.249024609593176
"soybean","05.IMP.M",13,"Misclassification",0.463235294117647
"soybean","05.IMP.M",13,"Calibration",NA
"soybean","PbP",13,"AUC",0.958686671015438
"soybean","PbP",13,"Brier",0.0899051918644827
"soybean","PbP",13,"Misclassification",0.0882352941176471
"soybean","PbP",13,"Calibration",0.0306063208009058
"soybean","SAEM",14,"AUC",0.5
"soybean","SAEM",14,"Brier",0.248870354835583
"soybean","SAEM",14,"Misclassification",0.455882352941177
"soybean","SAEM",14,"Calibration",NA
"soybean","MICE.10.IMP",14,"AUC",0.957933740191805
"soybean","MICE.10.IMP",14,"Brier",0.0761942981620064
"soybean","MICE.10.IMP",14,"Misclassification",0.0882352941176471
"soybean","MICE.10.IMP",14,"Calibration",0.0139240775737711
"soybean","MICE.10.Y.M.IMP",14,"AUC",0.963164777680907
"soybean","MICE.10.Y.M.IMP",14,"Brier",0.0717467916326315
"soybean","MICE.10.Y.M.IMP",14,"Misclassification",0.0735294117647058
"soybean","MICE.10.Y.M.IMP",14,"Calibration",0.0134484723049004
"soybean","MICE.RF.10.IMP",14,"AUC",0.948779424585876
"soybean","MICE.RF.10.IMP",14,"Brier",0.0876963961806313
"soybean","MICE.RF.10.IMP",14,"Misclassification",0.147058823529412
"soybean","MICE.RF.10.IMP",14,"Calibration",0.01560783649205
"soybean","MICE.RF.10.Y.M.IMP",14,"AUC",0.952484742807323
"soybean","MICE.RF.10.Y.M.IMP",14,"Brier",0.0810998711612715
"soybean","MICE.RF.10.Y.M.IMP",14,"Misclassification",0.102941176470588
"soybean","MICE.RF.10.Y.M.IMP",14,"Calibration",0.0145686185086953
"soybean","MICE.10.IMP.M",14,"AUC",0.973626852659111
"soybean","MICE.10.IMP.M",14,"Brier",0.0664054900594997
"soybean","MICE.10.IMP.M",14,"Misclassification",0.0808823529411765
"soybean","MICE.10.IMP.M",14,"Calibration",0.014395102571171
"soybean","MICE.10.Y.M.IMP.M",14,"AUC",0.974280732345248
"soybean","MICE.10.Y.M.IMP.M",14,"Brier",0.0651918270651938
"soybean","MICE.10.Y.M.IMP.M",14,"Misclassification",0.0808823529411765
"soybean","MICE.10.Y.M.IMP.M",14,"Calibration",0.0135899363088912
"soybean","MICE.RF.10.IMP.M",14,"AUC",0.940061028770706
"soybean","MICE.RF.10.IMP.M",14,"Brier",0.0700172294957507
"soybean","MICE.RF.10.IMP.M",14,"Misclassification",0.0808823529411765
"soybean","MICE.RF.10.IMP.M",14,"Calibration",0.0144172721214967
"soybean","MICE.RF.10.Y.M.IMP.M",14,"AUC",0.972537053182215
"soybean","MICE.RF.10.Y.M.IMP.M",14,"Brier",0.0663473957507101
"soybean","MICE.RF.10.Y.M.IMP.M",14,"Misclassification",0.0808823529411765
"soybean","MICE.RF.10.Y.M.IMP.M",14,"Calibration",0.0154139541922686
"soybean","Mean.IMP",14,"AUC",0.696817785527463
"soybean","Mean.IMP",14,"Brier",0.301470588235294
"soybean","Mean.IMP",14,"Misclassification",0.301470588235294
"soybean","Mean.IMP",14,"Calibration",0.091760676873489
"soybean","Mean.IMP.M",14,"AUC",0.979293809938971
"soybean","Mean.IMP.M",14,"Brier",0.0636660314032284
"soybean","Mean.IMP.M",14,"Misclassification",0.0808823529411765
"soybean","Mean.IMP.M",14,"Calibration",0.018159495455516
"soybean","05.IMP",14,"AUC",0.5
"soybean","05.IMP",14,"Brier",0.248870354835583
"soybean","05.IMP",14,"Misclassification",0.455882352941177
"soybean","05.IMP",14,"Calibration",NA
"soybean","05.IMP.M",14,"AUC",0.5
"soybean","05.IMP.M",14,"Brier",0.248870354835583
"soybean","05.IMP.M",14,"Misclassification",0.455882352941177
"soybean","05.IMP.M",14,"Calibration",NA
"soybean","PbP",14,"AUC",0.751525719267655
"soybean","PbP",14,"Brier",0.270266180259991
"soybean","PbP",14,"Misclassification",0.25
"soybean","PbP",14,"Calibration",0.0894527408258622
"soybean","SAEM",15,"AUC",0.5
"soybean","SAEM",15,"Brier",0.24921435007165
"soybean","SAEM",15,"Misclassification",0.411764705882353
"soybean","SAEM",15,"Calibration",NA
"soybean","MICE.10.IMP",15,"AUC",0.972321428571429
"soybean","MICE.10.IMP",15,"Brier",0.0683733501413377
"soybean","MICE.10.IMP",15,"Misclassification",0.0882352941176471
"soybean","MICE.10.IMP",15,"Calibration",0.0140260849194595
"soybean","MICE.10.Y.M.IMP",15,"AUC",0.979464285714286
"soybean","MICE.10.Y.M.IMP",15,"Brier",0.0659206829966794
"soybean","MICE.10.Y.M.IMP",15,"Misclassification",0.0661764705882353
"soybean","MICE.10.Y.M.IMP",15,"Calibration",0.0192207530246906
"soybean","MICE.RF.10.IMP",15,"AUC",0.961383928571429
"soybean","MICE.RF.10.IMP",15,"Brier",0.0745643909130486
"soybean","MICE.RF.10.IMP",15,"Misclassification",0.0882352941176471
"soybean","MICE.RF.10.IMP",15,"Calibration",0.0113809498271308
"soybean","MICE.RF.10.Y.M.IMP",15,"AUC",0.971875
"soybean","MICE.RF.10.Y.M.IMP",15,"Brier",0.0576206154678837
"soybean","MICE.RF.10.Y.M.IMP",15,"Misclassification",0.0588235294117647
"soybean","MICE.RF.10.Y.M.IMP",15,"Calibration",0.0111633962165468
"soybean","MICE.10.IMP.M",15,"AUC",0.982142857142857
"soybean","MICE.10.IMP.M",15,"Brier",0.064409127079306
"soybean","MICE.10.IMP.M",15,"Misclassification",0.0661764705882353
"soybean","MICE.10.IMP.M",15,"Calibration",0.0208206689687891
"soybean","MICE.10.Y.M.IMP.M",15,"AUC",0.983705357142857
"soybean","MICE.10.Y.M.IMP.M",15,"Brier",0.0661095194685808
"soybean","MICE.10.Y.M.IMP.M",15,"Misclassification",0.0661764705882353
"soybean","MICE.10.Y.M.IMP.M",15,"Calibration",0.023702845260436
"soybean","MICE.RF.10.IMP.M",15,"AUC",0.958482142857143
"soybean","MICE.RF.10.IMP.M",15,"Brier",0.0658473209659449
"soybean","MICE.RF.10.IMP.M",15,"Misclassification",0.0735294117647058
"soybean","MICE.RF.10.IMP.M",15,"Calibration",0.0162621022630792
"soybean","MICE.RF.10.Y.M.IMP.M",15,"AUC",0.980803571428571
"soybean","MICE.RF.10.Y.M.IMP.M",15,"Brier",0.0656645628608814
"soybean","MICE.RF.10.Y.M.IMP.M",15,"Misclassification",0.0661764705882353
"soybean","MICE.RF.10.Y.M.IMP.M",15,"Calibration",0.0212405432530382
"soybean","Mean.IMP",15,"AUC",0.986160714285714
"soybean","Mean.IMP",15,"Brier",0.0704100085780656
"soybean","Mean.IMP",15,"Misclassification",0.0735294117647058
"soybean","Mean.IMP",15,"Calibration",0.0316232438721832
"soybean","Mean.IMP.M",15,"AUC",0.987053571428571
"soybean","Mean.IMP.M",15,"Brier",0.0630298173886696
"soybean","Mean.IMP.M",15,"Misclassification",0.0661764705882353
"soybean","Mean.IMP.M",15,"Calibration",0.0245581787332074
"soybean","05.IMP",15,"AUC",0.5
"soybean","05.IMP",15,"Brier",0.24921435007165
"soybean","05.IMP",15,"Misclassification",0.411764705882353
"soybean","05.IMP",15,"Calibration",NA
"soybean","05.IMP.M",15,"AUC",0.5
"soybean","05.IMP.M",15,"Brier",0.24921435007165
"soybean","05.IMP.M",15,"Misclassification",0.411764705882353
"soybean","05.IMP.M",15,"Calibration",NA
"soybean","PbP",15,"AUC",0.973214285714286
"soybean","PbP",15,"Brier",0.104731757954646
"soybean","PbP",15,"Misclassification",0.0735294117647058
"soybean","PbP",15,"Calibration",0.056248302072293
"tbc","SAEM",1,"AUC",0.557290060643437
"tbc","SAEM",1,"Brier",0.246466804160082
"tbc","SAEM",1,"Misclassification",0.449367088607595
"tbc","SAEM",1,"Calibration",0.00591511509642759
"tbc","MICE.10.IMP",1,"AUC",0.551026570048309
"tbc","MICE.10.IMP",1,"Brier",0.246823193716413
"tbc","MICE.10.IMP",1,"Misclassification",0.448101265822785
"tbc","MICE.10.IMP",1,"Calibration",0.0042451102189634
"tbc","MICE.10.Y.M.IMP",1,"AUC",0.557328605200946
"tbc","MICE.10.Y.M.IMP",1,"Brier",0.246135582769533
"tbc","MICE.10.Y.M.IMP",1,"Misclassification",0.445569620253165
"tbc","MICE.10.Y.M.IMP",1,"Calibration",0.00521956325478498
"tbc","MICE.RF.10.IMP",1,"AUC",0.532518758351321
"tbc","MICE.RF.10.IMP",1,"Brier",0.248952113520823
"tbc","MICE.RF.10.IMP",1,"Misclassification",0.448101265822785
"tbc","MICE.RF.10.IMP",1,"Calibration",0.00502674476794926
"tbc","MICE.RF.10.Y.M.IMP",1,"AUC",0.54677382053654
"tbc","MICE.RF.10.Y.M.IMP",1,"Brier",0.247901749645086
"tbc","MICE.RF.10.Y.M.IMP",1,"Misclassification",0.436708860759494
"tbc","MICE.RF.10.Y.M.IMP",1,"Calibration",0.00466614441580987
"tbc","MICE.10.IMP.M",1,"AUC",0.576902816322335
"tbc","MICE.10.IMP.M",1,"Brier",0.244358117040727
"tbc","MICE.10.IMP.M",1,"Misclassification",0.441772151898734
"tbc","MICE.10.IMP.M",1,"Calibration",0.00557833665191024
"tbc","MICE.10.Y.M.IMP.M",1,"AUC",0.578239027649296
"tbc","MICE.10.Y.M.IMP.M",1,"Brier",0.244338610555992
"tbc","MICE.10.Y.M.IMP.M",1,"Misclassification",0.449367088607595
"tbc","MICE.10.Y.M.IMP.M",1,"Calibration",0.00553679691268166
"tbc","MICE.RF.10.IMP.M",1,"AUC",0.562493575907082
"tbc","MICE.RF.10.IMP.M",1,"Brier",0.246795458177491
"tbc","MICE.RF.10.IMP.M",1,"Misclassification",0.444303797468354
"tbc","MICE.RF.10.IMP.M",1,"Calibration",0.00421612896667223
"tbc","MICE.RF.10.Y.M.IMP.M",1,"AUC",0.567960478980368
"tbc","MICE.RF.10.Y.M.IMP.M",1,"Brier",0.246228433258257
"tbc","MICE.RF.10.Y.M.IMP.M",1,"Misclassification",0.437974683544304
"tbc","MICE.RF.10.Y.M.IMP.M",1,"Calibration",0.00541487086625461
"tbc","Mean.IMP",1,"AUC",0.547139993832871
"tbc","Mean.IMP",1,"Brier",0.248347119093668
"tbc","Mean.IMP",1,"Misclassification",0.453164556962025
"tbc","Mean.IMP",1,"Calibration",0.0042625788397761
"tbc","Mean.IMP.M",1,"AUC",0.560611316682085
"tbc","Mean.IMP.M",1,"Brier",0.247482905509215
"tbc","Mean.IMP.M",1,"Misclassification",0.458227848101266
"tbc","Mean.IMP.M",1,"Calibration",0.00431536187853424
"tbc","05.IMP",1,"AUC",0.477393617021277
"tbc","05.IMP",1,"Brier",0.249812442226707
"tbc","05.IMP",1,"Misclassification",0.470886075949367
"tbc","05.IMP",1,"Calibration",0.00529689126857211
"tbc","05.IMP.M",1,"AUC",0.477239438791243
"tbc","05.IMP.M",1,"Brier",0.249737297362315
"tbc","05.IMP.M",1,"Misclassification",0.469620253164557
"tbc","05.IMP.M",1,"Calibration",0.00483323363111746
"tbc","PbP",1,"AUC",0.589378404769247
"tbc","PbP",1,"Brier",0.243275162898968
"tbc","PbP",1,"Misclassification",0.415189873417722
"tbc","PbP",1,"Calibration",0.0066100520197952
"tbc","SAEM",2,"AUC",0.576556430921159
"tbc","SAEM",2,"Brier",0.242856192455137
"tbc","SAEM",2,"Misclassification",0.440506329113924
"tbc","SAEM",2,"Calibration",0.00458955689103793
"tbc","MICE.10.IMP",2,"AUC",0.576549968008583
"tbc","MICE.10.IMP",2,"Brier",0.242895871098678
"tbc","MICE.10.IMP",2,"Misclassification",0.437974683544304
"tbc","MICE.10.IMP",2,"Calibration",0.00486167380306624
"tbc","MICE.10.Y.M.IMP",2,"AUC",0.57223920532027
"tbc","MICE.10.Y.M.IMP",2,"Brier",0.243030974897444
"tbc","MICE.10.Y.M.IMP",2,"Misclassification",0.439240506329114
"tbc","MICE.10.Y.M.IMP",2,"Calibration",0.00596842701026695
"tbc","MICE.RF.10.IMP",2,"AUC",0.551247665272832
"tbc","MICE.RF.10.IMP",2,"Brier",0.245831498490658
"tbc","MICE.RF.10.IMP",2,"Misclassification",0.454430379746835
"tbc","MICE.RF.10.IMP",2,"Calibration",0.00324773004958817
"tbc","MICE.RF.10.Y.M.IMP",2,"AUC",0.556857473388957
"tbc","MICE.RF.10.Y.M.IMP",2,"Brier",0.245650967671315
"tbc","MICE.RF.10.Y.M.IMP",2,"Misclassification",0.455696202531646
"tbc","MICE.RF.10.Y.M.IMP",2,"Calibration",0.00419355050389006
"tbc","MICE.10.IMP.M",2,"AUC",0.595492764769371
"tbc","MICE.10.IMP.M",2,"Brier",0.241086323018452
"tbc","MICE.10.IMP.M",2,"Misclassification",0.443037974683544
"tbc","MICE.10.IMP.M",2,"Calibration",0.00655971737418784
"tbc","MICE.10.Y.M.IMP.M",2,"AUC",0.598530333680176
"tbc","MICE.10.Y.M.IMP.M",2,"Brier",0.240557877016812
"tbc","MICE.10.Y.M.IMP.M",2,"Misclassification",0.426582278481013
"tbc","MICE.10.Y.M.IMP.M",2,"Calibration",0.00639935900331678
"tbc","MICE.RF.10.IMP.M",2,"AUC",0.582185627775013
"tbc","MICE.RF.10.IMP.M",2,"Brier",0.24308521057196
"tbc","MICE.RF.10.IMP.M",2,"Misclassification",0.431645569620253
"tbc","MICE.RF.10.IMP.M",2,"Calibration",0.00363582526374476
"tbc","MICE.RF.10.Y.M.IMP.M",2,"AUC",0.583452358639945
"tbc","MICE.RF.10.Y.M.IMP.M",2,"Brier",0.243138414537587
"tbc","MICE.RF.10.Y.M.IMP.M",2,"Misclassification",0.431645569620253
"tbc","MICE.RF.10.Y.M.IMP.M",2,"Calibration",0.00409564775726048
"tbc","Mean.IMP",2,"AUC",0.574488298896781
"tbc","Mean.IMP",2,"Brier",0.244127462321233
"tbc","Mean.IMP",2,"Misclassification",0.468354430379747
"tbc","Mean.IMP",2,"Calibration",0.00537342205034605
"tbc","Mean.IMP.M",2,"AUC",0.58640590968726
"tbc","Mean.IMP.M",2,"Brier",0.242989164676298
"tbc","Mean.IMP.M",2,"Misclassification",0.434177215189873
"tbc","Mean.IMP.M",2,"Calibration",0.00569235320395622
"tbc","05.IMP",2,"AUC",0.545366414828507
"tbc","05.IMP",2,"Brier",0.245993624887362
"tbc","05.IMP",2,"Misclassification",0.468354430379747
"tbc","05.IMP",2,"Calibration",0.00476291023975606
"tbc","05.IMP.M",2,"AUC",0.546245370938867
"tbc","05.IMP.M",2,"Brier",0.245791020337883
"tbc","05.IMP.M",2,"Misclassification",0.463291139240506
"tbc","05.IMP.M",2,"Calibration",0.0047231703652981
"tbc","PbP",2,"AUC",0.591104447130144
"tbc","PbP",2,"Brier",0.240255403044992
"tbc","PbP",2,"Misclassification",0.427848101265823
"tbc","PbP",2,"Calibration",0.00553065949997286
"tbc","SAEM",3,"AUC",0.57063235218575
"tbc","SAEM",3,"Brier",0.244144450934754
"tbc","SAEM",3,"Misclassification",0.439240506329114
"tbc","SAEM",3,"Calibration",0.00555480093190394
"tbc","MICE.10.IMP",3,"AUC",0.565662403041044
"tbc","MICE.10.IMP",3,"Brier",0.244807791994183
"tbc","MICE.10.IMP",3,"Misclassification",0.445569620253165
"tbc","MICE.10.IMP",3,"Calibration",0.00666060714335742
"tbc","MICE.10.Y.M.IMP",3,"AUC",0.577297477782915
"tbc","MICE.10.Y.M.IMP",3,"Brier",0.243323508239315
"tbc","MICE.10.Y.M.IMP",3,"Misclassification",0.448101265822785
"tbc","MICE.10.Y.M.IMP",3,"Calibration",0.00570101584362767
"tbc","MICE.RF.10.IMP",3,"AUC",0.554162171880618
"tbc","MICE.RF.10.IMP",3,"Brier",0.247699898390386
"tbc","MICE.RF.10.IMP",3,"Misclassification",0.448101265822785
"tbc","MICE.RF.10.IMP",3,"Calibration",0.00300236377989108
"tbc","MICE.RF.10.Y.M.IMP",3,"AUC",0.563742487286177
"tbc","MICE.RF.10.Y.M.IMP",3,"Brier",0.246934223312244
"tbc","MICE.RF.10.Y.M.IMP",3,"Misclassification",0.445569620253165
"tbc","MICE.RF.10.Y.M.IMP",3,"Calibration",0.00363847210005769
"tbc","MICE.10.IMP.M",3,"AUC",0.597524014999743
"tbc","MICE.10.IMP.M",3,"Brier",0.241787622609924
"tbc","MICE.10.IMP.M",3,"Misclassification",0.416455696202532
"tbc","MICE.10.IMP.M",3,"Calibration",0.00631272005101818
"tbc","MICE.10.Y.M.IMP.M",3,"AUC",0.588971079262341
"tbc","MICE.10.Y.M.IMP.M",3,"Brier",0.242111652671883
"tbc","MICE.10.Y.M.IMP.M",3,"Misclassification",0.436708860759494
"tbc","MICE.10.Y.M.IMP.M",3,"Calibration",0.00625371620766049
"tbc","MICE.RF.10.IMP.M",3,"AUC",0.5758848307392
"tbc","MICE.RF.10.IMP.M",3,"Brier",0.245885813193901
"tbc","MICE.RF.10.IMP.M",3,"Misclassification",0.424050632911392
"tbc","MICE.RF.10.IMP.M",3,"Calibration",0.00500184973521361
"tbc","MICE.RF.10.Y.M.IMP.M",3,"AUC",0.582633430934402
"tbc","MICE.RF.10.Y.M.IMP.M",3,"Brier",0.245344502361073
"tbc","MICE.RF.10.Y.M.IMP.M",3,"Misclassification",0.427848101265823
"tbc","MICE.RF.10.Y.M.IMP.M",3,"Calibration",0.004851415452376
"tbc","Mean.IMP",3,"AUC",0.566901679765757
"tbc","Mean.IMP",3,"Brier",0.246678129721524
"tbc","Mean.IMP",3,"Misclassification",0.444303797468354
"tbc","Mean.IMP",3,"Calibration",0.00365293081343676
"tbc","Mean.IMP.M",3,"AUC",0.578838547285149
"tbc","Mean.IMP.M",3,"Brier",0.245562200745399
"tbc","Mean.IMP.M",3,"Misclassification",0.435443037974684
"tbc","Mean.IMP.M",3,"Calibration",0.00476781689570041
"tbc","05.IMP",3,"AUC",0.552505522165716
"tbc","05.IMP",3,"Brier",0.247790487429378
"tbc","05.IMP",3,"Misclassification",0.443037974683544
"tbc","05.IMP",3,"Calibration",0.00309265647044366
"tbc","05.IMP.M",3,"AUC",0.548986746802281
"tbc","05.IMP.M",3,"Brier",0.248068854874741
"tbc","05.IMP.M",3,"Misclassification",0.459493670886076
"tbc","05.IMP.M",3,"Calibration",0.00348557007968875
"tbc","PbP",3,"AUC",0.606860327734114
"tbc","PbP",3,"Brier",0.241105662643707
"tbc","PbP",3,"Misclassification",0.411392405063291
"tbc","PbP",3,"Calibration",0.005701497515823
"tbc","SAEM",4,"AUC",0.533948051948052
"tbc","SAEM",4,"Brier",0.247916877294094
"tbc","SAEM",4,"Misclassification",0.468354430379747
"tbc","SAEM",4,"Calibration",0.00625232960765285
"tbc","MICE.10.IMP",4,"AUC",0.541714285714286
"tbc","MICE.10.IMP",4,"Brier",0.246841041149193
"tbc","MICE.10.IMP",4,"Misclassification",0.451898734177215
"tbc","MICE.10.IMP",4,"Calibration",0.00509947015786635
"tbc","MICE.10.Y.M.IMP",4,"AUC",0.541071428571429
"tbc","MICE.10.Y.M.IMP",4,"Brier",0.24715960820795
"tbc","MICE.10.Y.M.IMP",4,"Misclassification",0.458227848101266
"tbc","MICE.10.Y.M.IMP",4,"Calibration",0.00545717308000912
"tbc","MICE.RF.10.IMP",4,"AUC",0.554077922077922
"tbc","MICE.RF.10.IMP",4,"Brier",0.245888240414968
"tbc","MICE.RF.10.IMP",4,"Misclassification",0.440506329113924
"tbc","MICE.RF.10.IMP",4,"Calibration",0.00495880844883095
"tbc","MICE.RF.10.Y.M.IMP",4,"AUC",0.56124025974026
"tbc","MICE.RF.10.Y.M.IMP",4,"Brier",0.24561508455341
"tbc","MICE.RF.10.Y.M.IMP",4,"Misclassification",0.440506329113924
"tbc","MICE.RF.10.Y.M.IMP",4,"Calibration",0.00514674037982635
"tbc","MICE.10.IMP.M",4,"AUC",0.544987012987013
"tbc","MICE.10.IMP.M",4,"Brier",0.247170477129833
"tbc","MICE.10.IMP.M",4,"Misclassification",0.453164556962025
"tbc","MICE.10.IMP.M",4,"Calibration",0.00583593567487764
"tbc","MICE.10.Y.M.IMP.M",4,"AUC",0.550305194805195
"tbc","MICE.10.Y.M.IMP.M",4,"Brier",0.246442907873909
"tbc","MICE.10.Y.M.IMP.M",4,"Misclassification",0.453164556962025
"tbc","MICE.10.Y.M.IMP.M",4,"Calibration",0.00800031493973236
"tbc","MICE.RF.10.IMP.M",4,"AUC",0.553032467532467
"tbc","MICE.RF.10.IMP.M",4,"Brier",0.246742055932098
"tbc","MICE.RF.10.IMP.M",4,"Misclassification",0.446835443037975
"tbc","MICE.RF.10.IMP.M",4,"Calibration",0.00524645555486139
"tbc","MICE.RF.10.Y.M.IMP.M",4,"AUC",0.55762987012987
"tbc","MICE.RF.10.Y.M.IMP.M",4,"Brier",0.246138749798169
"tbc","MICE.RF.10.Y.M.IMP.M",4,"Misclassification",0.445569620253165
"tbc","MICE.RF.10.Y.M.IMP.M",4,"Calibration",0.00485300330197122
"tbc","Mean.IMP",4,"AUC",0.56074025974026
"tbc","Mean.IMP",4,"Brier",0.24505644753786
"tbc","Mean.IMP",4,"Misclassification",0.451898734177215
"tbc","Mean.IMP",4,"Calibration",0.00505959223292338
"tbc","Mean.IMP.M",4,"AUC",0.556551948051948
"tbc","Mean.IMP.M",4,"Brier",0.246251819632079
"tbc","Mean.IMP.M",4,"Misclassification",0.441772151898734
"tbc","Mean.IMP.M",4,"Calibration",0.00437419124621741
"tbc","05.IMP",4,"AUC",0.533974025974026
"tbc","05.IMP",4,"Brier",0.247420988695481
"tbc","05.IMP",4,"Misclassification",0.446835443037975
"tbc","05.IMP",4,"Calibration",0.0041790037710516
"tbc","05.IMP.M",4,"AUC",0.531850649350649
"tbc","05.IMP.M",4,"Brier",0.248566413673017
"tbc","05.IMP.M",4,"Misclassification",0.451898734177215
"tbc","05.IMP.M",4,"Calibration",0.00511012657102766
"tbc","PbP",4,"AUC",0.553590909090909
"tbc","PbP",4,"Brier",0.249609043607529
"tbc","PbP",4,"Misclassification",0.437974683544304
"tbc","PbP",4,"Calibration",0.00924056466120254
"tbc","SAEM",5,"AUC",0.58727559791825
"tbc","SAEM",5,"Brier",0.24156555217427
"tbc","SAEM",5,"Misclassification",0.444303797468354
"tbc","SAEM",5,"Calibration",0.0062880495985414
"tbc","MICE.10.IMP",5,"AUC",0.568400808269822
"tbc","MICE.10.IMP",5,"Brier",0.243270232024719
"tbc","MICE.10.IMP",5,"Misclassification",0.436708860759494
"tbc","MICE.10.IMP",5,"Calibration",0.00613122306815606
"tbc","MICE.10.Y.M.IMP",5,"AUC",0.572416167995374
"tbc","MICE.10.Y.M.IMP",5,"Brier",0.243186944341776
"tbc","MICE.10.Y.M.IMP",5,"Misclassification",0.436708860759494
"tbc","MICE.10.Y.M.IMP",5,"Calibration",0.00584810375769837
"tbc","MICE.RF.10.IMP",5,"AUC",0.53447166832349
"tbc","MICE.RF.10.IMP",5,"Brier",0.247348161324234
"tbc","MICE.RF.10.IMP",5,"Misclassification",0.469620253164557
"tbc","MICE.RF.10.IMP",5,"Calibration",0.00401187777931267
"tbc","MICE.RF.10.Y.M.IMP",5,"AUC",0.54598496514174
"tbc","MICE.RF.10.Y.M.IMP",5,"Brier",0.246842821315862
"tbc","MICE.RF.10.Y.M.IMP",5,"Misclassification",0.446835443037975
"tbc","MICE.RF.10.Y.M.IMP",5,"Calibration",0.00535173669397476
"tbc","MICE.10.IMP.M",5,"AUC",0.590940100968754
"tbc","MICE.10.IMP.M",5,"Brier",0.241659735454524
"tbc","MICE.10.IMP.M",5,"Misclassification",0.412658227848101
"tbc","MICE.10.IMP.M",5,"Calibration",0.00793322098979479
"tbc","MICE.10.Y.M.IMP.M",5,"AUC",0.583604597521912
"tbc","MICE.10.Y.M.IMP.M",5,"Brier",0.242545291022182
"tbc","MICE.10.Y.M.IMP.M",5,"Misclassification",0.430379746835443
"tbc","MICE.10.Y.M.IMP.M",5,"Calibration",0.00642651877731365
"tbc","MICE.RF.10.IMP.M",5,"AUC",0.553437420813598
"tbc","MICE.RF.10.IMP.M",5,"Brier",0.246449005936803
"tbc","MICE.RF.10.IMP.M",5,"Misclassification",0.430379746835443
"tbc","MICE.RF.10.IMP.M",5,"Calibration",0.00470300523425665
"tbc","MICE.RF.10.Y.M.IMP.M",5,"AUC",0.561240733160504
"tbc","MICE.RF.10.Y.M.IMP.M",5,"Brier",0.246163018546179
"tbc","MICE.RF.10.Y.M.IMP.M",5,"Misclassification",0.425316455696203
"tbc","MICE.RF.10.Y.M.IMP.M",5,"Calibration",0.00534849250433997
"tbc","Mean.IMP",5,"AUC",0.545958975758403
"tbc","Mean.IMP",5,"Brier",0.247636864844311
"tbc","Mean.IMP",5,"Misclassification",0.453164556962025
"tbc","Mean.IMP",5,"Calibration",0.00481990062209756
"tbc","Mean.IMP.M",5,"AUC",0.554866836897128
"tbc","Mean.IMP.M",5,"Brier",0.247019724614417
"tbc","Mean.IMP.M",5,"Misclassification",0.440506329113924
"tbc","Mean.IMP.M",5,"Calibration",0.00480059237698524
"tbc","05.IMP",5,"AUC",0.532639416798238
"tbc","05.IMP",5,"Brier",0.247122357205181
"tbc","05.IMP",5,"Misclassification",0.464556962025316
"tbc","05.IMP",5,"Calibration",0.00438334922337935
"tbc","05.IMP.M",5,"AUC",0.531989682214815
"tbc","05.IMP.M",5,"Brier",0.247550880653284
"tbc","05.IMP.M",5,"Misclassification",0.463291139240506
"tbc","05.IMP.M",5,"Calibration",0.00472253931515365
"tbc","PbP",5,"AUC",0.589198812285181
"tbc","PbP",5,"Brier",0.242004466667029
"tbc","PbP",5,"Misclassification",0.430379746835443
"tbc","PbP",5,"Calibration",0.00569017150072326
"tbc","SAEM",6,"AUC",0.560327710843374
"tbc","SAEM",6,"Brier",0.246540494138556
"tbc","SAEM",6,"Misclassification",0.455696202531646
"tbc","SAEM",6,"Calibration",0.00503782974059627
"tbc","MICE.10.IMP",6,"AUC",0.557821686746988
"tbc","MICE.10.IMP",6,"Brier",0.246908651878288
"tbc","MICE.10.IMP",6,"Misclassification",0.456962025316456
"tbc","MICE.10.IMP",6,"Calibration",0.00453268533526588
"tbc","MICE.10.Y.M.IMP",6,"AUC",0.559955020080321
"tbc","MICE.10.Y.M.IMP",6,"Brier",0.246753301499294
"tbc","MICE.10.Y.M.IMP",6,"Misclassification",0.455696202531646
"tbc","MICE.10.Y.M.IMP",6,"Calibration",0.00390617429839976
"tbc","MICE.RF.10.IMP",6,"AUC",0.525301204819277
"tbc","MICE.RF.10.IMP",6,"Brier",0.250074571486548
"tbc","MICE.RF.10.IMP",6,"Misclassification",0.483544303797468
"tbc","MICE.RF.10.IMP",6,"Calibration",0.00459947879260095
"tbc","MICE.RF.10.Y.M.IMP",6,"AUC",0.523360642570281
"tbc","MICE.RF.10.Y.M.IMP",6,"Brier",0.250607977642295
"tbc","MICE.RF.10.Y.M.IMP",6,"Misclassification",0.482278481012658
"tbc","MICE.RF.10.Y.M.IMP",6,"Calibration",0.00427627391865618
"tbc","MICE.10.IMP.M",6,"AUC",0.572806425702811
"tbc","MICE.10.IMP.M",6,"Brier",0.245692025819788
"tbc","MICE.10.IMP.M",6,"Misclassification",0.462025316455696
"tbc","MICE.10.IMP.M",6,"Calibration",0.00462555020271382
"tbc","MICE.10.Y.M.IMP.M",6,"AUC",0.577677108433735
"tbc","MICE.10.Y.M.IMP.M",6,"Brier",0.2447210422017
"tbc","MICE.10.Y.M.IMP.M",6,"Misclassification",0.456962025316456
"tbc","MICE.10.Y.M.IMP.M",6,"Calibration",0.00494094050874305
"tbc","MICE.RF.10.IMP.M",6,"AUC",0.549995180722892
"tbc","MICE.RF.10.IMP.M",6,"Brier",0.248207660161509
"tbc","MICE.RF.10.IMP.M",6,"Misclassification",0.472151898734177
"tbc","MICE.RF.10.IMP.M",6,"Calibration",0.00343129805366102
"tbc","MICE.RF.10.Y.M.IMP.M",6,"AUC",0.549198393574297
"tbc","MICE.RF.10.Y.M.IMP.M",6,"Brier",0.248521077258104
"tbc","MICE.RF.10.Y.M.IMP.M",6,"Misclassification",0.472151898734177
"tbc","MICE.RF.10.Y.M.IMP.M",6,"Calibration",0.00384560147899479
"tbc","Mean.IMP",6,"AUC",0.535357429718875
"tbc","Mean.IMP",6,"Brier",0.249518685576472
"tbc","Mean.IMP",6,"Misclassification",0.479746835443038
"tbc","Mean.IMP",6,"Calibration",0.004771731777657
"tbc","Mean.IMP.M",6,"AUC",0.549044176706827
"tbc","Mean.IMP.M",6,"Brier",0.248659622050004
"tbc","Mean.IMP.M",6,"Misclassification",0.479746835443038
"tbc","Mean.IMP.M",6,"Calibration",0.00449795263431432
"tbc","05.IMP",6,"AUC",0.483084337349398
"tbc","05.IMP",6,"Brier",0.250856104856228
"tbc","05.IMP",6,"Misclassification",0.484810126582279
"tbc","05.IMP",6,"Calibration",0.00536856184879647
"tbc","05.IMP.M",6,"AUC",0.481355823293173
"tbc","05.IMP.M",6,"Brier",0.250620599394849
"tbc","05.IMP.M",6,"Misclassification",0.482278481012658
"tbc","05.IMP.M",6,"Calibration",0.00563660778417313
"tbc","PbP",6,"AUC",0.579289959839357
"tbc","PbP",6,"Brier",0.245531304856725
"tbc","PbP",6,"Misclassification",0.448101265822785
"tbc","PbP",6,"Calibration",0.00583279977785287
"tbc","SAEM",7,"AUC",0.578688067625647
"tbc","SAEM",7,"Brier",0.241692220338678
"tbc","SAEM",7,"Misclassification",0.434177215189873
"tbc","SAEM",7,"Calibration",0.0043556433323674
"tbc","MICE.10.IMP",7,"AUC",0.572892694848341
"tbc","MICE.10.IMP",7,"Brier",0.242603035939518
"tbc","MICE.10.IMP",7,"Misclassification",0.434177215189873
"tbc","MICE.10.IMP",7,"Calibration",0.00538826126899478
"tbc","MICE.10.Y.M.IMP",7,"AUC",0.570007973499459
"tbc","MICE.10.Y.M.IMP",7,"Brier",0.243315391510392
"tbc","MICE.10.Y.M.IMP",7,"Misclassification",0.446835443037975
"tbc","MICE.10.Y.M.IMP",7,"Calibration",0.00343882556633213
"tbc","MICE.RF.10.IMP",7,"AUC",0.55057337888384
"tbc","MICE.RF.10.IMP",7,"Brier",0.245923020591111
"tbc","MICE.RF.10.IMP",7,"Misclassification",0.440506329113924
"tbc","MICE.RF.10.IMP",7,"Calibration",0.00264732715762425
"tbc","MICE.RF.10.Y.M.IMP",7,"AUC",0.563687516611457
"tbc","MICE.RF.10.Y.M.IMP",7,"Brier",0.245383465306227
"tbc","MICE.RF.10.Y.M.IMP",7,"Misclassification",0.440506329113924
"tbc","MICE.RF.10.Y.M.IMP",7,"Calibration",0.0034437603667182
"tbc","MICE.10.IMP.M",7,"AUC",0.598142109800922
"tbc","MICE.10.IMP.M",7,"Brier",0.240198093334332
"tbc","MICE.10.IMP.M",7,"Misclassification",0.40253164556962
"tbc","MICE.10.IMP.M",7,"Calibration",0.00608624213477754
"tbc","MICE.10.Y.M.IMP.M",7,"AUC",0.5903047432598
"tbc","MICE.10.Y.M.IMP.M",7,"Brier",0.240533663703248
"tbc","MICE.10.Y.M.IMP.M",7,"Misclassification",0.426582278481013
"tbc","MICE.10.Y.M.IMP.M",7,"Calibration",0.00549054949898189
"tbc","MICE.RF.10.IMP.M",7,"AUC",0.574130856146401
"tbc","MICE.RF.10.IMP.M",7,"Brier",0.24403867792883
"tbc","MICE.RF.10.IMP.M",7,"Misclassification",0.429113924050633
"tbc","MICE.RF.10.IMP.M",7,"Calibration",0.00543815696670369
"tbc","MICE.RF.10.Y.M.IMP.M",7,"AUC",0.581909880008557
"tbc","MICE.RF.10.Y.M.IMP.M",7,"Brier",0.243961530823555
"tbc","MICE.RF.10.Y.M.IMP.M",7,"Misclassification",0.421518987341772
"tbc","MICE.RF.10.Y.M.IMP.M",7,"Calibration",0.00588069100390515
"tbc","Mean.IMP",7,"AUC",0.557892143834151
"tbc","Mean.IMP",7,"Brier",0.245869965233202
"tbc","Mean.IMP",7,"Misclassification",0.445569620253165
"tbc","Mean.IMP",7,"Calibration",0.00437344481239704
"tbc","Mean.IMP.M",7,"AUC",0.571849009146836
"tbc","Mean.IMP.M",7,"Brier",0.244560269241493
"tbc","Mean.IMP.M",7,"Misclassification",0.430379746835443
"tbc","Mean.IMP.M",7,"Calibration",0.00451350062677822
"tbc","05.IMP",7,"AUC",0.542035900195124
"tbc","05.IMP",7,"Brier",0.246588525432
"tbc","05.IMP",7,"Misclassification",0.459493670886076
"tbc","05.IMP",7,"Calibration",0.00368125746385178
"tbc","05.IMP.M",7,"AUC",0.539851290993835
"tbc","05.IMP.M",7,"Brier",0.246779810741381
"tbc","05.IMP.M",7,"Misclassification",0.456962025316456
"tbc","05.IMP.M",7,"Calibration",0.00366118823570497
"tbc","PbP",7,"AUC",0.624363902736272
"tbc","PbP",7,"Brier",0.235008362536183
"tbc","PbP",7,"Misclassification",0.40253164556962
"tbc","PbP",7,"Calibration",0.00549012364843787
"tbc","SAEM",8,"AUC",0.561911597351542
"tbc","SAEM",8,"Brier",0.245497184440118
"tbc","SAEM",8,"Misclassification",0.451898734177215
"tbc","SAEM",8,"Calibration",0.00531417344605717
"tbc","MICE.10.IMP",8,"AUC",0.555878853714049
"tbc","MICE.10.IMP",8,"Brier",0.24558037927854
"tbc","MICE.10.IMP",8,"Misclassification",0.454430379746835
"tbc","MICE.10.IMP",8,"Calibration",0.006507909075123
"tbc","MICE.10.Y.M.IMP",8,"AUC",0.560081729774467
"tbc","MICE.10.Y.M.IMP",8,"Brier",0.245209449703511
"tbc","MICE.10.Y.M.IMP",8,"Misclassification",0.439240506329114
"tbc","MICE.10.Y.M.IMP",8,"Calibration",0.00575370721623242
"tbc","MICE.RF.10.IMP",8,"AUC",0.541944703082971
"tbc","MICE.RF.10.IMP",8,"Brier",0.246980950227207
"tbc","MICE.RF.10.IMP",8,"Misclassification",0.468354430379747
"tbc","MICE.RF.10.IMP",8,"Calibration",0.0034574088358279
"tbc","MICE.RF.10.Y.M.IMP",8,"AUC",0.552471291123526
"tbc","MICE.RF.10.Y.M.IMP",8,"Brier",0.246429512901184
"tbc","MICE.RF.10.Y.M.IMP",8,"Misclassification",0.458227848101266
"tbc","MICE.RF.10.Y.M.IMP",8,"Calibration",0.00306890699459894
"tbc","MICE.10.IMP.M",8,"AUC",0.581775036209394
"tbc","MICE.10.IMP.M",8,"Brier",0.243439662666778
"tbc","MICE.10.IMP.M",8,"Misclassification",0.445569620253165
"tbc","MICE.10.IMP.M",8,"Calibration",0.00558999513901184
"tbc","MICE.10.Y.M.IMP.M",8,"AUC",0.587355162424995
"tbc","MICE.10.Y.M.IMP.M",8,"Brier",0.242952016846334
"tbc","MICE.10.Y.M.IMP.M",8,"Misclassification",0.424050632911392
"tbc","MICE.10.Y.M.IMP.M",8,"Calibration",0.00513530163834627
"tbc","MICE.RF.10.IMP.M",8,"AUC",0.564853610593834
"tbc","MICE.RF.10.IMP.M",8,"Brier",0.24515392071754
"tbc","MICE.RF.10.IMP.M",8,"Misclassification",0.441772151898734
"tbc","MICE.RF.10.IMP.M",8,"Calibration",0.00301772072443274
"tbc","MICE.RF.10.Y.M.IMP.M",8,"AUC",0.564782484998965
"tbc","MICE.RF.10.Y.M.IMP.M",8,"Brier",0.24541658758104
"tbc","MICE.RF.10.Y.M.IMP.M",8,"Misclassification",0.445569620253165
"tbc","MICE.RF.10.Y.M.IMP.M",8,"Calibration",0.00396718363566034
"tbc","Mean.IMP",8,"AUC",0.558685081729774
"tbc","Mean.IMP",8,"Brier",0.24599178108131
"tbc","Mean.IMP",8,"Misclassification",0.459493670886076
"tbc","Mean.IMP",8,"Calibration",0.00484025054803372
"tbc","Mean.IMP.M",8,"AUC",0.567963738878543
"tbc","Mean.IMP.M",8,"Brier",0.245078041038023
"tbc","Mean.IMP.M",8,"Misclassification",0.440506329113924
"tbc","Mean.IMP.M",8,"Calibration",0.00443080523952707
"tbc","05.IMP",8,"AUC",0.538019863438858
"tbc","05.IMP",8,"Brier",0.247328110546945
"tbc","05.IMP",8,"Misclassification",0.454430379746835
"tbc","05.IMP",8,"Calibration",0.00357026606978758
"tbc","05.IMP.M",8,"AUC",0.538808710945582
"tbc","05.IMP.M",8,"Brier",0.246984019293808
"tbc","05.IMP.M",8,"Misclassification",0.459493670886076
"tbc","05.IMP.M",8,"Calibration",0.00363257072275838
"tbc","PbP",8,"AUC",0.581154303745086
"tbc","PbP",8,"Brier",0.244040404173871
"tbc","PbP",8,"Misclassification",0.432911392405063
"tbc","PbP",8,"Calibration",0.00549857797391851
"tbc","SAEM",9,"AUC",0.576992747784045
"tbc","SAEM",9,"Brier",0.244188814919023
"tbc","SAEM",9,"Misclassification",0.434177215189873
"tbc","SAEM",9,"Calibration",0.00477567482783769
"tbc","MICE.10.IMP",9,"AUC",0.573601933924255
"tbc","MICE.10.IMP",9,"Brier",0.244764560305952
"tbc","MICE.10.IMP",9,"Misclassification",0.432911392405063
"tbc","MICE.10.IMP",9,"Calibration",0.00526340863462008
"tbc","MICE.10.Y.M.IMP",9,"AUC",0.565866236905721
"tbc","MICE.10.Y.M.IMP",9,"Brier",0.246483255163427
"tbc","MICE.10.Y.M.IMP",9,"Misclassification",0.451898734177215
"tbc","MICE.10.Y.M.IMP",9,"Calibration",0.00443032293458645
"tbc","MICE.RF.10.IMP",9,"AUC",0.54412248186946
"tbc","MICE.RF.10.IMP",9,"Brier",0.247893309227774
"tbc","MICE.RF.10.IMP",9,"Misclassification",0.460759493670886
"tbc","MICE.RF.10.IMP",9,"Calibration",0.00246695223877025
"tbc","MICE.RF.10.Y.M.IMP",9,"AUC",0.545276390008058
"tbc","MICE.RF.10.Y.M.IMP",9,"Brier",0.249141514044405
"tbc","MICE.RF.10.Y.M.IMP",9,"Misclassification",0.470886075949367
"tbc","MICE.RF.10.Y.M.IMP",9,"Calibration",0.00490714041769685
"tbc","MICE.10.IMP.M",9,"AUC",0.580557614826753
"tbc","MICE.10.IMP.M",9,"Brier",0.243772018843785
"tbc","MICE.10.IMP.M",9,"Misclassification",0.454430379746835
"tbc","MICE.10.IMP.M",9,"Calibration",0.00649065025907203
"tbc","MICE.10.Y.M.IMP.M",9,"AUC",0.574033843674456
"tbc","MICE.10.Y.M.IMP.M",9,"Brier",0.245204763792734
"tbc","MICE.10.Y.M.IMP.M",9,"Misclassification",0.449367088607595
"tbc","MICE.10.Y.M.IMP.M",9,"Calibration",0.00484003496985477
"tbc","MICE.RF.10.IMP.M",9,"AUC",0.561237711522965
"tbc","MICE.RF.10.IMP.M",9,"Brier",0.2460757516058
"tbc","MICE.RF.10.IMP.M",9,"Misclassification",0.434177215189873
"tbc","MICE.RF.10.IMP.M",9,"Calibration",0.00312466641575213
"tbc","MICE.RF.10.Y.M.IMP.M",9,"AUC",0.559013698630137
"tbc","MICE.RF.10.Y.M.IMP.M",9,"Brier",0.2467494020156
"tbc","MICE.RF.10.Y.M.IMP.M",9,"Misclassification",0.440506329113924
"tbc","MICE.RF.10.Y.M.IMP.M",9,"Calibration",0.0040600661941253
"tbc","Mean.IMP",9,"AUC",0.558027397260274
"tbc","Mean.IMP",9,"Brier",0.248279619489412
"tbc","Mean.IMP",9,"Misclassification",0.463291139240506
"tbc","Mean.IMP",9,"Calibration",0.00529860114437686
"tbc","Mean.IMP.M",9,"AUC",0.566343271555197
"tbc","Mean.IMP.M",9,"Brier",0.246937455288561
"tbc","Mean.IMP.M",9,"Misclassification",0.440506329113924
"tbc","Mean.IMP.M",9,"Calibration",0.0053567537956716
"tbc","05.IMP",9,"AUC",0.552663980660758
"tbc","05.IMP",9,"Brier",0.24721291499231
"tbc","05.IMP",9,"Misclassification",0.458227848101266
"tbc","05.IMP",9,"Calibration",0.00356416218881572
"tbc","05.IMP.M",9,"AUC",0.549195809830782
"tbc","05.IMP.M",9,"Brier",0.246953590457045
"tbc","05.IMP.M",9,"Misclassification",0.467088607594937
"tbc","05.IMP.M",9,"Calibration",0.00318354039181634
"tbc","PbP",9,"AUC",0.574356164383562
"tbc","PbP",9,"Brier",0.246213350166496
"tbc","PbP",9,"Misclassification",0.425316455696203
"tbc","PbP",9,"Calibration",0.00629614802535489
"tbc","SAEM",10,"AUC",0.567414965545407
"tbc","SAEM",10,"Brier",0.242781824795275
"tbc","SAEM",10,"Misclassification",0.431645569620253
"tbc","SAEM",10,"Calibration",0.00546765777981961
"tbc","MICE.10.IMP",10,"AUC",0.560679627384757
"tbc","MICE.10.IMP",10,"Brier",0.243777428567465
"tbc","MICE.10.IMP",10,"Misclassification",0.431645569620253
"tbc","MICE.10.IMP",10,"Calibration",0.00590033869087442
"tbc","MICE.10.Y.M.IMP",10,"AUC",0.568737399601973
"tbc","MICE.10.Y.M.IMP",10,"Brier",0.242658180334295
"tbc","MICE.10.Y.M.IMP",10,"Misclassification",0.440506329113924
"tbc","MICE.10.Y.M.IMP",10,"Calibration",0.00519466123810672
"tbc","MICE.RF.10.IMP",10,"AUC",0.536726716409203
"tbc","MICE.RF.10.IMP",10,"Brier",0.246927963553612
"tbc","MICE.RF.10.IMP",10,"Misclassification",0.460759493670886
"tbc","MICE.RF.10.IMP",10,"Calibration",0.00395294650387384
"tbc","MICE.RF.10.Y.M.IMP",10,"AUC",0.550767854480394
"tbc","MICE.RF.10.Y.M.IMP",10,"Brier",0.24582831470377
"tbc","MICE.RF.10.Y.M.IMP",10,"Misclassification",0.459493670886076
"tbc","MICE.RF.10.Y.M.IMP",10,"Calibration",0.00558383179965116
"tbc","MICE.10.IMP.M",10,"AUC",0.559428501046927
"tbc","MICE.10.IMP.M",10,"Brier",0.245076295171417
"tbc","MICE.10.IMP.M",10,"Misclassification",0.446835443037975
"tbc","MICE.10.IMP.M",10,"Calibration",0.00534235667526589
"tbc","MICE.10.Y.M.IMP.M",10,"AUC",0.564484866557328
"tbc","MICE.10.Y.M.IMP.M",10,"Brier",0.244680544401903
"tbc","MICE.10.Y.M.IMP.M",10,"Misclassification",0.432911392405063
"tbc","MICE.10.Y.M.IMP.M",10,"Calibration",0.00476745392957328
"tbc","MICE.RF.10.IMP.M",10,"AUC",0.529375538859465
"tbc","MICE.RF.10.IMP.M",10,"Brier",0.249010208293433
"tbc","MICE.RF.10.IMP.M",10,"Misclassification",0.462025316455696
"tbc","MICE.RF.10.IMP.M",10,"Calibration",0.00462898491562588
"tbc","MICE.RF.10.Y.M.IMP.M",10,"AUC",0.539021528448539
"tbc","MICE.RF.10.Y.M.IMP.M",10,"Brier",0.247998552642643
"tbc","MICE.RF.10.Y.M.IMP.M",10,"Misclassification",0.456962025316456
"tbc","MICE.RF.10.Y.M.IMP.M",10,"Calibration",0.00450157352268876
"tbc","Mean.IMP",10,"AUC",0.547247846182768
"tbc","Mean.IMP",10,"Brier",0.246128313654248
"tbc","Mean.IMP",10,"Misclassification",0.456962025316456
"tbc","Mean.IMP",10,"Calibration",0.0047517810202749
"tbc","Mean.IMP.M",10,"AUC",0.537109185082425
"tbc","Mean.IMP.M",10,"Brier",0.247940550463735
"tbc","Mean.IMP.M",10,"Misclassification",0.464556962025316
"tbc","Mean.IMP.M",10,"Calibration",0.004381988160478
"tbc","05.IMP",10,"AUC",0.527677118649561
"tbc","05.IMP",10,"Brier",0.247531622414122
"tbc","05.IMP",10,"Misclassification",0.467088607594937
"tbc","05.IMP",10,"Calibration",0.00448405162769727
"tbc","05.IMP.M",10,"AUC",0.472459014268026
"tbc","05.IMP.M",10,"Brier",0.247541956417579
"tbc","05.IMP.M",10,"Misclassification",0.462025316455696
"tbc","05.IMP.M",10,"Calibration",0.00382631765584612
"tbc","PbP",10,"AUC",0.576665521421487
"tbc","PbP",10,"Brier",0.243069975270713
"tbc","PbP",10,"Misclassification",0.439240506329114
"tbc","PbP",10,"Calibration",0.00622285391779445
"tbc","SAEM",11,"AUC",0.553854494759126
"tbc","SAEM",11,"Brier",0.245228965922419
"tbc","SAEM",11,"Misclassification",0.459493670886076
"tbc","SAEM",11,"Calibration",0.00555443488602728
"tbc","MICE.10.IMP",11,"AUC",0.55258945629163
"tbc","MICE.10.IMP",11,"Brier",0.245293365726534
"tbc","MICE.10.IMP",11,"Misclassification",0.455696202531646
"tbc","MICE.10.IMP",11,"Calibration",0.00512311162584131
"tbc","MICE.10.Y.M.IMP",11,"AUC",0.555351887230857
"tbc","MICE.10.Y.M.IMP",11,"Brier",0.245390156358622
"tbc","MICE.10.Y.M.IMP",11,"Misclassification",0.455696202531646
"tbc","MICE.10.Y.M.IMP",11,"Calibration",0.00592492272490786
"tbc","MICE.RF.10.IMP",11,"AUC",0.548858883668095
"tbc","MICE.RF.10.IMP",11,"Brier",0.246952703660519
"tbc","MICE.RF.10.IMP",11,"Misclassification",0.450632911392405
"tbc","MICE.RF.10.IMP",11,"Calibration",0.00386923070801123
"tbc","MICE.RF.10.Y.M.IMP",11,"AUC",0.561831982237827
"tbc","MICE.RF.10.Y.M.IMP",11,"Brier",0.245893201383868
"tbc","MICE.RF.10.Y.M.IMP",11,"Misclassification",0.455696202531646
"tbc","MICE.RF.10.Y.M.IMP",11,"Calibration",0.00362294971545588
"tbc","MICE.10.IMP.M",11,"AUC",0.582608302783085
"tbc","MICE.10.IMP.M",11,"Brier",0.24222745118578
"tbc","MICE.10.IMP.M",11,"Misclassification",0.416455696202532
"tbc","MICE.10.IMP.M",11,"Calibration",0.00502893959435288
"tbc","MICE.10.Y.M.IMP.M",11,"AUC",0.58933366035008
"tbc","MICE.10.Y.M.IMP.M",11,"Brier",0.241735586145043
"tbc","MICE.10.Y.M.IMP.M",11,"Misclassification",0.422784810126582
"tbc","MICE.10.Y.M.IMP.M",11,"Calibration",0.00499960080418771
"tbc","MICE.RF.10.IMP.M",11,"AUC",0.576095936386637
"tbc","MICE.RF.10.IMP.M",11,"Brier",0.244555141479744
"tbc","MICE.RF.10.IMP.M",11,"Misclassification",0.429113924050633
"tbc","MICE.RF.10.IMP.M",11,"Calibration",0.00516678081685853
"tbc","MICE.RF.10.Y.M.IMP.M",11,"AUC",0.583582898745288
"tbc","MICE.RF.10.Y.M.IMP.M",11,"Brier",0.24354179795815
"tbc","MICE.RF.10.Y.M.IMP.M",11,"Misclassification",0.412658227848101
"tbc","MICE.RF.10.Y.M.IMP.M",11,"Calibration",0.00531584169957269
"tbc","Mean.IMP",11,"AUC",0.557688335828987
"tbc","Mean.IMP",11,"Brier",0.246203846483646
"tbc","Mean.IMP",11,"Misclassification",0.462025316455696
"tbc","Mean.IMP",11,"Calibration",0.00488860910052072
"tbc","Mean.IMP.M",11,"AUC",0.571932927144111
"tbc","Mean.IMP.M",11,"Brier",0.24463980854641
"tbc","Mean.IMP.M",11,"Misclassification",0.436708860759494
"tbc","Mean.IMP.M",11,"Calibration",0.00511747128420814
"tbc","05.IMP",11,"AUC",0.536950740951102
"tbc","05.IMP",11,"Brier",0.247516234282218
"tbc","05.IMP",11,"Misclassification",0.448101265822785
"tbc","05.IMP",11,"Calibration",0.0031382760839522
"tbc","05.IMP.M",11,"AUC",0.534601383797181
"tbc","05.IMP.M",11,"Brier",0.247685056958582
"tbc","05.IMP.M",11,"Misclassification",0.459493670886076
"tbc","05.IMP.M",11,"Calibration",0.0031486401604377
"tbc","PbP",11,"AUC",0.58675840346982
"tbc","PbP",11,"Brier",0.240979118344666
"tbc","PbP",11,"Misclassification",0.425316455696203
"tbc","PbP",11,"Calibration",0.00601360909830106
"tbc","SAEM",12,"AUC",0.586095689883603
"tbc","SAEM",12,"Brier",0.241401857167986
"tbc","SAEM",12,"Misclassification",0.424050632911392
"tbc","SAEM",12,"Calibration",0.00503053712634821
"tbc","MICE.10.IMP",12,"AUC",0.587239625409587
"tbc","MICE.10.IMP",12,"Brier",0.241870739833262
"tbc","MICE.10.IMP",12,"Misclassification",0.432911392405063
"tbc","MICE.10.IMP",12,"Calibration",0.00609298455565827
"tbc","MICE.10.Y.M.IMP",12,"AUC",0.589734309663993
"tbc","MICE.10.Y.M.IMP",12,"Brier",0.241226141128475
"tbc","MICE.10.Y.M.IMP",12,"Misclassification",0.418987341772152
"tbc","MICE.10.Y.M.IMP",12,"Calibration",0.00490911882312436
"tbc","MICE.RF.10.IMP",12,"AUC",0.560321594529791
"tbc","MICE.RF.10.IMP",12,"Brier",0.245711744515715
"tbc","MICE.RF.10.IMP",12,"Misclassification",0.446835443037975
"tbc","MICE.RF.10.IMP",12,"Calibration",0.00313232355043511
"tbc","MICE.RF.10.Y.M.IMP",12,"AUC",0.578960634399499
"tbc","MICE.RF.10.Y.M.IMP",12,"Brier",0.244689647980071
"tbc","MICE.RF.10.Y.M.IMP",12,"Misclassification",0.444303797468354
"tbc","MICE.RF.10.Y.M.IMP",12,"Calibration",0.00426030797336938
"tbc","MICE.10.IMP.M",12,"AUC",0.588041026569034
"tbc","MICE.10.IMP.M",12,"Brier",0.242108808958405
"tbc","MICE.10.IMP.M",12,"Misclassification",0.432911392405063
"tbc","MICE.10.IMP.M",12,"Calibration",0.00881596029702209
"tbc","MICE.10.Y.M.IMP.M",12,"AUC",0.591802441688371
"tbc","MICE.10.Y.M.IMP.M",12,"Brier",0.241654065950994
"tbc","MICE.10.Y.M.IMP.M",12,"Misclassification",0.4
"tbc","MICE.10.Y.M.IMP.M",12,"Calibration",0.00725293818545689
"tbc","MICE.RF.10.IMP.M",12,"AUC",0.561187624814999
"tbc","MICE.RF.10.IMP.M",12,"Brier",0.245619259053892
"tbc","MICE.RF.10.IMP.M",12,"Misclassification",0.431645569620253
"tbc","MICE.RF.10.IMP.M",12,"Calibration",0.00479020486739051
"tbc","MICE.RF.10.Y.M.IMP.M",12,"AUC",0.568148181659547
"tbc","MICE.RF.10.Y.M.IMP.M",12,"Brier",0.24537290632356
"tbc","MICE.RF.10.Y.M.IMP.M",12,"Misclassification",0.429113924050633
"tbc","MICE.RF.10.Y.M.IMP.M",12,"Calibration",0.00482686623041328
"tbc","Mean.IMP",12,"AUC",0.574352577732681
"tbc","Mean.IMP",12,"Brier",0.245569238873179
"tbc","Mean.IMP",12,"Misclassification",0.454430379746835
"tbc","Mean.IMP",12,"Calibration",0.00435140529628428
"tbc","Mean.IMP.M",12,"AUC",0.564231656638381
"tbc","Mean.IMP.M",12,"Brier",0.246046136771688
"tbc","Mean.IMP.M",12,"Misclassification",0.437974683544304
"tbc","Mean.IMP.M",12,"Calibration",0.0042501584824115
"tbc","05.IMP",12,"AUC",0.556805770088348
"tbc","05.IMP",12,"Brier",0.24576960835109
"tbc","05.IMP",12,"Misclassification",0.453164556962025
"tbc","05.IMP",12,"Calibration",0.00324835370580814
"tbc","05.IMP.M",12,"AUC",0.554744100976546
"tbc","05.IMP.M",12,"Brier",0.246016056639272
"tbc","05.IMP.M",12,"Misclassification",0.450632911392405
"tbc","05.IMP.M",12,"Calibration",0.00335486245687761
"tbc","PbP",12,"AUC",0.605187133633643
"tbc","PbP",12,"Brier",0.238634828387308
"tbc","PbP",12,"Misclassification",0.393670886075949
"tbc","PbP",12,"Calibration",0.00525806772873472
"tbc","SAEM",13,"AUC",0.564715844325029
"tbc","SAEM",13,"Brier",0.243549372533586
"tbc","SAEM",13,"Misclassification",0.436708860759494
"tbc","SAEM",13,"Calibration",0.00717783611416264
"tbc","MICE.10.IMP",13,"AUC",0.567562286272594
"tbc","MICE.10.IMP",13,"Brier",0.243010862047523
"tbc","MICE.10.IMP",13,"Misclassification",0.432911392405063
"tbc","MICE.10.IMP",13,"Calibration",0.0064648918776814
"tbc","MICE.10.Y.M.IMP",13,"AUC",0.562924605113174
"tbc","MICE.10.Y.M.IMP",13,"Brier",0.243322802108046
"tbc","MICE.10.Y.M.IMP",13,"Misclassification",0.443037974683544
"tbc","MICE.10.Y.M.IMP",13,"Calibration",0.00643024858290417
"tbc","MICE.RF.10.IMP",13,"AUC",0.567594854258264
"tbc","MICE.RF.10.IMP",13,"Brier",0.244542941694498
"tbc","MICE.RF.10.IMP",13,"Misclassification",0.445569620253165
"tbc","MICE.RF.10.IMP",13,"Calibration",0.00674610270312592
"tbc","MICE.RF.10.Y.M.IMP",13,"AUC",0.572082722683602
"tbc","MICE.RF.10.Y.M.IMP",13,"Brier",0.244030482389905
"tbc","MICE.RF.10.Y.M.IMP",13,"Misclassification",0.441772151898734
"tbc","MICE.RF.10.Y.M.IMP",13,"Calibration",0.00583960652515852
"tbc","MICE.10.IMP.M",13,"AUC",0.550548770558541
"tbc","MICE.10.IMP.M",13,"Brier",0.246004466117423
"tbc","MICE.10.IMP.M",13,"Misclassification",0.459493670886076
"tbc","MICE.10.IMP.M",13,"Calibration",0.00889281234127515
"tbc","MICE.10.Y.M.IMP.M",13,"AUC",0.550281713076046
"tbc","MICE.10.Y.M.IMP.M",13,"Brier",0.246453186571934
"tbc","MICE.10.Y.M.IMP.M",13,"Misclassification",0.455696202531646
"tbc","MICE.10.Y.M.IMP.M",13,"Calibration",0.00990417249060194
"tbc","MICE.RF.10.IMP.M",13,"AUC",0.539026217228464
"tbc","MICE.RF.10.IMP.M",13,"Brier",0.247905142468127
"tbc","MICE.RF.10.IMP.M",13,"Misclassification",0.450632911392405
"tbc","MICE.RF.10.IMP.M",13,"Calibration",0.00538901718041793
"tbc","MICE.RF.10.Y.M.IMP.M",13,"AUC",0.547415730337079
"tbc","MICE.RF.10.Y.M.IMP.M",13,"Brier",0.247502169025208
"tbc","MICE.RF.10.Y.M.IMP.M",13,"Misclassification",0.439240506329114
"tbc","MICE.RF.10.Y.M.IMP.M",13,"Calibration",0.00658270965957558
"tbc","Mean.IMP",13,"AUC",0.55698420452695
"tbc","Mean.IMP",13,"Brier",0.245377885411578
"tbc","Mean.IMP",13,"Misclassification",0.455696202531646
"tbc","Mean.IMP",13,"Calibration",0.00542366406322817
"tbc","Mean.IMP.M",13,"AUC",0.539931607230093
"tbc","Mean.IMP.M",13,"Brier",0.247910584391015
"tbc","Mean.IMP.M",13,"Misclassification",0.453164556962025
"tbc","Mean.IMP.M",13,"Calibration",0.00525708107253142
"tbc","05.IMP",13,"AUC",0.548438365087119
"tbc","05.IMP",13,"Brier",0.245205819759608
"tbc","05.IMP",13,"Misclassification",0.444303797468354
"tbc","05.IMP",13,"Calibration",0.00470701307887908
"tbc","05.IMP.M",13,"AUC",0.547389675948543
"tbc","05.IMP.M",13,"Brier",0.245411508600745
"tbc","05.IMP.M",13,"Misclassification",0.443037974683544
"tbc","05.IMP.M",13,"Calibration",0.0047543243997821
"tbc","PbP",13,"AUC",0.585285784074255
"tbc","PbP",13,"Brier",0.241594829487753
"tbc","PbP",13,"Misclassification",0.431645569620253
"tbc","PbP",13,"Calibration",0.00723020223961027
"tbc","SAEM",14,"AUC",0.550614447255641
"tbc","SAEM",14,"Brier",0.245201293157107
"tbc","SAEM",14,"Misclassification",0.440506329113924
"tbc","SAEM",14,"Calibration",0.0061468944851574
"tbc","MICE.10.IMP",14,"AUC",0.546302989621521
"tbc","MICE.10.IMP",14,"Brier",0.246409332726611
"tbc","MICE.10.IMP",14,"Misclassification",0.453164556962025
"tbc","MICE.10.IMP",14,"Calibration",0.0039737370617515
"tbc","MICE.10.Y.M.IMP",14,"AUC",0.547090411524759
"tbc","MICE.10.Y.M.IMP",14,"Brier",0.246802195497466
"tbc","MICE.10.Y.M.IMP",14,"Misclassification",0.448101265822785
"tbc","MICE.10.Y.M.IMP",14,"Calibration",0.0040718066600027
"tbc","MICE.RF.10.IMP",14,"AUC",0.529889760933547
"tbc","MICE.RF.10.IMP",14,"Brier",0.248702657444704
"tbc","MICE.RF.10.IMP",14,"Misclassification",0.460759493670886
"tbc","MICE.RF.10.IMP",14,"Calibration",0.00270340956181617
"tbc","MICE.RF.10.Y.M.IMP",14,"AUC",0.541526823978933
"tbc","MICE.RF.10.Y.M.IMP",14,"Brier",0.248646092767174
"tbc","MICE.RF.10.Y.M.IMP",14,"Misclassification",0.460759493670886
"tbc","MICE.RF.10.Y.M.IMP",14,"Calibration",0.00317195087196823
"tbc","MICE.10.IMP.M",14,"AUC",0.575973305106625
"tbc","MICE.10.IMP.M",14,"Brier",0.244232138208547
"tbc","MICE.10.IMP.M",14,"Misclassification",0.453164556962025
"tbc","MICE.10.IMP.M",14,"Calibration",0.00428153360533137
"tbc","MICE.10.Y.M.IMP.M",14,"AUC",0.576308927557185
"tbc","MICE.10.Y.M.IMP.M",14,"Brier",0.244555386990715
"tbc","MICE.10.Y.M.IMP.M",14,"Misclassification",0.449367088607595
"tbc","MICE.10.Y.M.IMP.M",14,"Calibration",0.00521603241173527
"tbc","MICE.RF.10.IMP.M",14,"AUC",0.572384726596788
"tbc","MICE.RF.10.IMP.M",14,"Brier",0.245399842918967
"tbc","MICE.RF.10.IMP.M",14,"Misclassification",0.464556962025316
"tbc","MICE.RF.10.IMP.M",14,"Calibration",0.00529380907179197
"tbc","MICE.RF.10.Y.M.IMP.M",14,"AUC",0.578393659317396
"tbc","MICE.RF.10.Y.M.IMP.M",14,"Brier",0.245430121039013
"tbc","MICE.RF.10.Y.M.IMP.M",14,"Misclassification",0.446835443037975
"tbc","MICE.RF.10.Y.M.IMP.M",14,"Calibration",0.00483277493633344
"tbc","Mean.IMP",14,"AUC",0.54844580988279
"tbc","Mean.IMP",14,"Brier",0.247897119073679
"tbc","Mean.IMP",14,"Misclassification",0.463291139240506
"tbc","Mean.IMP",14,"Calibration",0.00474837012262222
"tbc","Mean.IMP.M",14,"AUC",0.569325398874374
"tbc","Mean.IMP.M",14,"Brier",0.246321000719461
"tbc","Mean.IMP.M",14,"Misclassification",0.458227848101266
"tbc","Mean.IMP.M",14,"Calibration",0.00472815909804827
"tbc","05.IMP",14,"AUC",0.530490008777818
"tbc","05.IMP",14,"Brier",0.247982687638975
"tbc","05.IMP",14,"Misclassification",0.455696202531646
"tbc","05.IMP",14,"Calibration",0.004617919114035
"tbc","05.IMP.M",14,"AUC",0.53309108276966
"tbc","05.IMP.M",14,"Brier",0.24759584871976
"tbc","05.IMP.M",14,"Misclassification",0.458227848101266
"tbc","05.IMP.M",14,"Calibration",0.00486637207456053
"tbc","PbP",14,"AUC",0.55698481953839
"tbc","PbP",14,"Brier",0.249849481216392
"tbc","PbP",14,"Misclassification",0.463291139240506
"tbc","PbP",14,"Calibration",0.00806865137153792
"tbc","SAEM",15,"AUC",0.573971907694877
"tbc","SAEM",15,"Brier",0.245890730383062
"tbc","SAEM",15,"Misclassification",0.443037974683544
"tbc","SAEM",15,"Calibration",0.00564001937148317
"tbc","MICE.10.IMP",15,"AUC",0.578891593502932
"tbc","MICE.10.IMP",15,"Brier",0.245404599394549
"tbc","MICE.10.IMP",15,"Misclassification",0.441772151898734
"tbc","MICE.10.IMP",15,"Calibration",0.00531038222421112
"tbc","MICE.10.Y.M.IMP",15,"AUC",0.574646277159427
"tbc","MICE.10.Y.M.IMP",15,"Brier",0.245642551777561
"tbc","MICE.10.Y.M.IMP",15,"Misclassification",0.443037974683544
"tbc","MICE.10.Y.M.IMP",15,"Calibration",0.00578387723552254
"tbc","MICE.RF.10.IMP",15,"AUC",0.551313093685975
"tbc","MICE.RF.10.IMP",15,"Brier",0.248551293042841
"tbc","MICE.RF.10.IMP",15,"Misclassification",0.462025316455696
"tbc","MICE.RF.10.IMP",15,"Calibration",0.00287644289677111
"tbc","MICE.RF.10.Y.M.IMP",15,"AUC",0.567485115702532
"tbc","MICE.RF.10.Y.M.IMP",15,"Brier",0.247300341221336
"tbc","MICE.RF.10.Y.M.IMP",15,"Misclassification",0.454430379746835
"tbc","MICE.RF.10.Y.M.IMP",15,"Calibration",0.00381518256047361
"tbc","MICE.10.IMP.M",15,"AUC",0.599623637613117
"tbc","MICE.10.IMP.M",15,"Brier",0.24302557334451
"tbc","MICE.10.IMP.M",15,"Misclassification",0.418987341772152
"tbc","MICE.10.IMP.M",15,"Calibration",0.00836942743103128
"tbc","MICE.10.Y.M.IMP.M",15,"AUC",0.594678261539746
"tbc","MICE.10.Y.M.IMP.M",15,"Brier",0.243581420064679
"tbc","MICE.10.Y.M.IMP.M",15,"Misclassification",0.429113924050633
"tbc","MICE.10.Y.M.IMP.M",15,"Calibration",0.00622298680577527
"tbc","MICE.RF.10.IMP.M",15,"AUC",0.570747779397692
"tbc","MICE.RF.10.IMP.M",15,"Brier",0.246485661705177
"tbc","MICE.RF.10.IMP.M",15,"Misclassification",0.431645569620253
"tbc","MICE.RF.10.IMP.M",15,"Calibration",0.0051199866347969
"tbc","MICE.RF.10.Y.M.IMP.M",15,"AUC",0.582539611177834
"tbc","MICE.RF.10.Y.M.IMP.M",15,"Brier",0.245108650259457
"tbc","MICE.RF.10.Y.M.IMP.M",15,"Misclassification",0.431645569620253
"tbc","MICE.RF.10.Y.M.IMP.M",15,"Calibration",0.00496700710598455
"tbc","Mean.IMP",15,"AUC",0.580034810309503
"tbc","Mean.IMP",15,"Brier",0.245617614147333
"tbc","Mean.IMP",15,"Misclassification",0.451898734177215
"tbc","Mean.IMP",15,"Calibration",0.00381582320337198
"tbc","Mean.IMP.M",15,"AUC",0.579777907656341
"tbc","Mean.IMP.M",15,"Brier",0.24525102993047
"tbc","Mean.IMP.M",15,"Misclassification",0.436708860759494
"tbc","Mean.IMP.M",15,"Calibration",0.00441611778281556
"tbc","05.IMP",15,"AUC",0.539296472084315
"tbc","05.IMP",15,"Brier",0.24969750788463
"tbc","05.IMP",15,"Misclassification",0.468354430379747
"tbc","05.IMP",15,"Calibration",0.00268190266344179
"tbc","05.IMP.M",15,"AUC",0.538821202175966
"tbc","05.IMP.M",15,"Brier",0.24994254114758
"tbc","05.IMP.M",15,"Misclassification",0.477215189873418
"tbc","05.IMP.M",15,"Calibration",0.00307522097561092
"tbc","PbP",15,"AUC",0.61637369059929
"tbc","PbP",15,"Brier",0.239518523240097
"tbc","PbP",15,"Misclassification",0.408860759493671
"tbc","PbP",15,"Calibration",0.00493489796301164
"vnf","SAEM",1,"AUC",0.5
"vnf","SAEM",1,"Brier",0.195044496213617
"vnf","SAEM",1,"Misclassification",0.265560165975104
"vnf","SAEM",1,"Calibration",NA
"vnf","MICE.10.IMP",1,"AUC",0.83496645480226
"vnf","MICE.10.IMP",1,"Brier",0.129856065042195
"vnf","MICE.10.IMP",1,"Misclassification",0.186721991701245
"vnf","MICE.10.IMP",1,"Calibration",0.00894745774354583
"vnf","MICE.10.Y.M.IMP",1,"AUC",0.820135946327684
"vnf","MICE.10.Y.M.IMP",1,"Brier",0.131456140860009
"vnf","MICE.10.Y.M.IMP",1,"Misclassification",0.178423236514523
"vnf","MICE.10.Y.M.IMP",1,"Calibration",0.0100065487399644
"vnf","MICE.RF.10.IMP",1,"AUC",0.822872528248588
"vnf","MICE.RF.10.IMP",1,"Brier",0.129900991751645
"vnf","MICE.RF.10.IMP",1,"Misclassification",0.178423236514523
"vnf","MICE.RF.10.IMP",1,"Calibration",0.00789470062181734
"vnf","MICE.RF.10.Y.M.IMP",1,"AUC",0.82521186440678
"vnf","MICE.RF.10.Y.M.IMP",1,"Brier",0.130927263964097
"vnf","MICE.RF.10.Y.M.IMP",1,"Misclassification",0.178423236514523
"vnf","MICE.RF.10.Y.M.IMP",1,"Calibration",0.00814040421528195
"vnf","MICE.10.IMP.M",1,"AUC",0.820842161016949
"vnf","MICE.10.IMP.M",1,"Brier",0.135821161030616
"vnf","MICE.10.IMP.M",1,"Misclassification",0.190871369294606
"vnf","MICE.10.IMP.M",1,"Calibration",0.00920193188068297
"vnf","MICE.10.Y.M.IMP.M",1,"AUC",0.811837923728814
"vnf","MICE.10.Y.M.IMP.M",1,"Brier",0.136568798772571
"vnf","MICE.10.Y.M.IMP.M",1,"Misclassification",0.178423236514523
"vnf","MICE.10.Y.M.IMP.M",1,"Calibration",0.0102074708825246
"vnf","MICE.RF.10.IMP.M",1,"AUC",0.824020127118644
"vnf","MICE.RF.10.IMP.M",1,"Brier",0.135593387658793
"vnf","MICE.RF.10.IMP.M",1,"Misclassification",0.178423236514523
"vnf","MICE.RF.10.IMP.M",1,"Calibration",0.00901118448527133
"vnf","MICE.RF.10.Y.M.IMP.M",1,"AUC",0.819606285310734
"vnf","MICE.RF.10.Y.M.IMP.M",1,"Brier",0.136617905419085
"vnf","MICE.RF.10.Y.M.IMP.M",1,"Misclassification",0.182572614107884
"vnf","MICE.RF.10.Y.M.IMP.M",1,"Calibration",0.0105723132275325
"vnf","Mean.IMP",1,"AUC",0.813735875706215
"vnf","Mean.IMP",1,"Brier",0.132816593330171
"vnf","Mean.IMP",1,"Misclassification",0.174273858921162
"vnf","Mean.IMP",1,"Calibration",0.00705504239745092
"vnf","Mean.IMP.M",1,"AUC",0.800979872881356
"vnf","Mean.IMP.M",1,"Brier",0.138273985264887
"vnf","Mean.IMP.M",1,"Misclassification",0.178423236514523
"vnf","Mean.IMP.M",1,"Calibration",0.0099625029483531
"vnf","05.IMP",1,"AUC",0.5
"vnf","05.IMP",1,"Brier",0.195044496213617
"vnf","05.IMP",1,"Misclassification",0.265560165975104
"vnf","05.IMP",1,"Calibration",NA
"vnf","05.IMP.M",1,"AUC",0.5
"vnf","05.IMP.M",1,"Brier",0.195044496213617
"vnf","05.IMP.M",1,"Misclassification",0.265560165975104
"vnf","05.IMP.M",1,"Calibration",NA
"vnf","PbP",1,"AUC",0.757459392655367
"vnf","PbP",1,"Brier",0.167523865758229
"vnf","PbP",1,"Misclassification",0.224066390041494
"vnf","PbP",1,"Calibration",0.0198338313558374
"vnf","SAEM",2,"AUC",0.5
"vnf","SAEM",2,"Brier",0.200888631199145
"vnf","SAEM",2,"Misclassification",0.278008298755187
"vnf","SAEM",2,"Calibration",NA
"vnf","MICE.10.IMP",2,"AUC",0.737605078057986
"vnf","MICE.10.IMP",2,"Brier",0.163142232244499
"vnf","MICE.10.IMP",2,"Misclassification",0.224066390041494
"vnf","MICE.10.IMP",2,"Calibration",0.0123556789650224
"vnf","MICE.10.Y.M.IMP",2,"AUC",0.740435752273117
"vnf","MICE.10.Y.M.IMP",2,"Brier",0.164318294325588
"vnf","MICE.10.Y.M.IMP",2,"Misclassification",0.215767634854772
"vnf","MICE.10.Y.M.IMP",2,"Calibration",0.014286886062547
"vnf","MICE.RF.10.IMP",2,"AUC",0.744810430605593
"vnf","MICE.RF.10.IMP",2,"Brier",0.162748508835788
"vnf","MICE.RF.10.IMP",2,"Misclassification",0.228215767634855
"vnf","MICE.RF.10.IMP",2,"Calibration",0.0131536366187769
"vnf","MICE.RF.10.Y.M.IMP",2,"AUC",0.749270886944587
"vnf","MICE.RF.10.Y.M.IMP",2,"Brier",0.162590683007536
"vnf","MICE.RF.10.Y.M.IMP",2,"Misclassification",0.224066390041494
"vnf","MICE.RF.10.Y.M.IMP",2,"Calibration",0.0133292001037804
"vnf","MICE.10.IMP.M",2,"AUC",0.748927774918511
"vnf","MICE.10.IMP.M",2,"Brier",0.164587982467866
"vnf","MICE.10.IMP.M",2,"Misclassification",0.215767634854772
"vnf","MICE.10.IMP.M",2,"Calibration",0.0154876618972228
"vnf","MICE.10.Y.M.IMP.M",2,"AUC",0.750814891061932
"vnf","MICE.10.Y.M.IMP.M",2,"Brier",0.164533156161984
"vnf","MICE.10.Y.M.IMP.M",2,"Misclassification",0.215767634854772
"vnf","MICE.10.Y.M.IMP.M",2,"Calibration",0.0139490998310396
"vnf","MICE.RF.10.IMP.M",2,"AUC",0.757076685537828
"vnf","MICE.RF.10.IMP.M",2,"Brier",0.162818063694436
"vnf","MICE.RF.10.IMP.M",2,"Misclassification",0.211618257261411
"vnf","MICE.RF.10.IMP.M",2,"Calibration",0.0134337900973233
"vnf","MICE.RF.10.Y.M.IMP.M",2,"AUC",0.75295934122491
"vnf","MICE.RF.10.Y.M.IMP.M",2,"Brier",0.163093799826918
"vnf","MICE.RF.10.Y.M.IMP.M",2,"Misclassification",0.20746887966805
"vnf","MICE.RF.10.Y.M.IMP.M",2,"Calibration",0.0143433725243161
"vnf","Mean.IMP",2,"AUC",0.749785554983702
"vnf","Mean.IMP",2,"Brier",0.162435086876507
"vnf","Mean.IMP",2,"Misclassification",0.219917012448133
"vnf","Mean.IMP",2,"Calibration",0.0141319302314345
"vnf","Mean.IMP.M",2,"AUC",0.746697546749014
"vnf","Mean.IMP.M",2,"Brier",0.16439967723112
"vnf","Mean.IMP.M",2,"Misclassification",0.211618257261411
"vnf","Mean.IMP.M",2,"Calibration",0.0150879800482338
"vnf","05.IMP",2,"AUC",0.5
"vnf","05.IMP",2,"Brier",0.200888631199145
"vnf","05.IMP",2,"Misclassification",0.278008298755187
"vnf","05.IMP",2,"Calibration",NA
"vnf","05.IMP.M",2,"AUC",0.5
"vnf","05.IMP.M",2,"Brier",0.200888631199145
"vnf","05.IMP.M",2,"Misclassification",0.278008298755187
"vnf","05.IMP.M",2,"Calibration",NA
"vnf","PbP",2,"AUC",0.716846800480357
"vnf","PbP",2,"Brier",0.181750304897875
"vnf","PbP",2,"Misclassification",0.228215767634855
"vnf","PbP",2,"Calibration",0.0216367335261812
"vnf","SAEM",3,"AUC",0.5
"vnf","SAEM",3,"Brier",0.193135101122681
"vnf","SAEM",3,"Misclassification",0.261410788381743
"vnf","SAEM",3,"Calibration",NA
"vnf","MICE.10.IMP",3,"AUC",0.836320670590333
"vnf","MICE.10.IMP",3,"Brier",0.121998164682774
"vnf","MICE.10.IMP",3,"Misclassification",0.16597510373444
"vnf","MICE.10.IMP",3,"Calibration",0.00984242128454968
"vnf","MICE.10.Y.M.IMP",3,"AUC",0.833065810593901
"vnf","MICE.10.Y.M.IMP",3,"Brier",0.120905050622769
"vnf","MICE.10.Y.M.IMP",3,"Misclassification",0.161825726141079
"vnf","MICE.10.Y.M.IMP",3,"Calibration",0.0098021953792206
"vnf","MICE.RF.10.IMP",3,"AUC",0.834760121276975
"vnf","MICE.RF.10.IMP",3,"Brier",0.121391378730445
"vnf","MICE.RF.10.IMP",3,"Misclassification",0.16597510373444
"vnf","MICE.RF.10.IMP",3,"Calibration",0.0114476610292221
"vnf","MICE.RF.10.Y.M.IMP",3,"AUC",0.833244159086856
"vnf","MICE.RF.10.Y.M.IMP",3,"Brier",0.120401667659962
"vnf","MICE.RF.10.Y.M.IMP",3,"Misclassification",0.157676348547718
"vnf","MICE.RF.10.Y.M.IMP",3,"Calibration",0.0108499631607352
"vnf","MICE.10.IMP.M",3,"AUC",0.81960049937578
"vnf","MICE.10.IMP.M",3,"Brier",0.125897061991256
"vnf","MICE.10.IMP.M",3,"Misclassification",0.16597510373444
"vnf","MICE.10.IMP.M",3,"Calibration",0.00997149271321358
"vnf","MICE.10.Y.M.IMP.M",3,"AUC",0.818887105403959
"vnf","MICE.10.Y.M.IMP.M",3,"Brier",0.125238527307422
"vnf","MICE.10.Y.M.IMP.M",3,"Misclassification",0.161825726141079
"vnf","MICE.10.Y.M.IMP.M",3,"Calibration",0.0106149744004948
"vnf","MICE.RF.10.IMP.M",3,"AUC",0.816301052256108
"vnf","MICE.RF.10.IMP.M",3,"Brier",0.126241762220367
"vnf","MICE.RF.10.IMP.M",3,"Misclassification",0.157676348547718
"vnf","MICE.RF.10.IMP.M",3,"Calibration",0.00835705245371367
"vnf","MICE.RF.10.Y.M.IMP.M",3,"AUC",0.816390226502586
"vnf","MICE.RF.10.Y.M.IMP.M",3,"Brier",0.125494269797013
"vnf","MICE.RF.10.Y.M.IMP.M",3,"Misclassification",0.157676348547718
"vnf","MICE.RF.10.Y.M.IMP.M",3,"Calibration",0.00871508294860547
"vnf","Mean.IMP",3,"AUC",0.840734795790976
"vnf","Mean.IMP",3,"Brier",0.119646851554338
"vnf","Mean.IMP",3,"Misclassification",0.16597510373444
"vnf","Mean.IMP",3,"Calibration",0.00917481552213575
"vnf","Mean.IMP.M",3,"AUC",0.818708756911004
"vnf","Mean.IMP.M",3,"Brier",0.124961226675092
"vnf","Mean.IMP.M",3,"Misclassification",0.16597510373444
"vnf","Mean.IMP.M",3,"Calibration",0.00930502633018947
"vnf","05.IMP",3,"AUC",0.5
"vnf","05.IMP",3,"Brier",0.193135101122681
"vnf","05.IMP",3,"Misclassification",0.261410788381743
"vnf","05.IMP",3,"Calibration",NA
"vnf","05.IMP.M",3,"AUC",0.5
"vnf","05.IMP.M",3,"Brier",0.193135101122681
"vnf","05.IMP.M",3,"Misclassification",0.261410788381743
"vnf","05.IMP.M",3,"Calibration",NA
"vnf","PbP",3,"AUC",0.760790083823792
"vnf","PbP",3,"Brier",0.156646512703308
"vnf","PbP",3,"Misclassification",0.190871369294606
"vnf","PbP",3,"Calibration",0.0192150918735327
"vnf","SAEM",4,"AUC",0.5
"vnf","SAEM",4,"Brier",0.204881345950099
"vnf","SAEM",4,"Misclassification",0.286307053941909
"vnf","SAEM",4,"Calibration",NA
"vnf","MICE.10.IMP",4,"AUC",0.813363667003707
"vnf","MICE.10.IMP",4,"Brier",0.123911465097843
"vnf","MICE.10.IMP",4,"Misclassification",0.157676348547718
"vnf","MICE.10.IMP",4,"Calibration",0.00903641730236547
"vnf","MICE.10.Y.M.IMP",4,"AUC",0.80695989214695
"vnf","MICE.10.Y.M.IMP",4,"Brier",0.124240219215064
"vnf","MICE.10.Y.M.IMP",4,"Misclassification",0.16597510373444
"vnf","MICE.10.Y.M.IMP",4,"Calibration",0.00660146579045869
"vnf","MICE.RF.10.IMP",4,"AUC",0.812394674755645
"vnf","MICE.RF.10.IMP",4,"Brier",0.124325434695087
"vnf","MICE.RF.10.IMP",4,"Misclassification",0.161825726141079
"vnf","MICE.RF.10.IMP",4,"Calibration",0.00930939636931026
"vnf","MICE.RF.10.Y.M.IMP",4,"AUC",0.814543309740479
"vnf","MICE.RF.10.Y.M.IMP",4,"Brier",0.122901372557594
"vnf","MICE.RF.10.Y.M.IMP",4,"Misclassification",0.157676348547718
"vnf","MICE.RF.10.Y.M.IMP",4,"Calibration",0.0079890918558399
"vnf","MICE.10.IMP.M",4,"AUC",0.834007414897203
"vnf","MICE.10.IMP.M",4,"Brier",0.117665032886197
"vnf","MICE.10.IMP.M",4,"Misclassification",0.161825726141079
"vnf","MICE.10.IMP.M",4,"Calibration",0.00912605605566268
"vnf","MICE.10.Y.M.IMP.M",4,"AUC",0.831058308055275
"vnf","MICE.10.Y.M.IMP.M",4,"Brier",0.117221442658806
"vnf","MICE.10.Y.M.IMP.M",4,"Misclassification",0.153526970954357
"vnf","MICE.10.Y.M.IMP.M",4,"Calibration",0.0074974382510659
"vnf","MICE.RF.10.IMP.M",4,"AUC",0.828699022581732
"vnf","MICE.RF.10.IMP.M",4,"Brier",0.11689602873672
"vnf","MICE.RF.10.IMP.M",4,"Misclassification",0.161825726141079
"vnf","MICE.RF.10.IMP.M",4,"Calibration",0.00837088513345285
"vnf","MICE.RF.10.Y.M.IMP.M",4,"AUC",0.831395348837209
"vnf","MICE.RF.10.Y.M.IMP.M",4,"Brier",0.117428926511361
"vnf","MICE.RF.10.Y.M.IMP.M",4,"Misclassification",0.157676348547718
"vnf","MICE.RF.10.Y.M.IMP.M",4,"Calibration",0.00792119205813067
"vnf","Mean.IMP",4,"AUC",0.819135490394338
"vnf","Mean.IMP",4,"Brier",0.122663661321606
"vnf","Mean.IMP",4,"Misclassification",0.149377593360996
"vnf","Mean.IMP",4,"Calibration",0.00895418567756784
"vnf","Mean.IMP.M",4,"AUC",0.828783282777216
"vnf","Mean.IMP.M",4,"Brier",0.116816778197906
"vnf","Mean.IMP.M",4,"Misclassification",0.149377593360996
"vnf","Mean.IMP.M",4,"Calibration",0.00765100772238972
"vnf","05.IMP",4,"AUC",0.5
"vnf","05.IMP",4,"Brier",0.204881345950099
"vnf","05.IMP",4,"Misclassification",0.286307053941909
"vnf","05.IMP",4,"Calibration",NA
"vnf","05.IMP.M",4,"AUC",0.5
"vnf","05.IMP.M",4,"Brier",0.204881345950099
"vnf","05.IMP.M",4,"Misclassification",0.286307053941909
"vnf","05.IMP.M",4,"Calibration",NA
"vnf","PbP",4,"AUC",0.784167509268621
"vnf","PbP",4,"Brier",0.136619518442541
"vnf","PbP",4,"Misclassification",0.170124481327801
"vnf","PbP",4,"Calibration",0.0105509466270811
"vnf","SAEM",5,"AUC",0.5
"vnf","SAEM",5,"Brier",0.196973216256673
"vnf","SAEM",5,"Misclassification",0.269709543568465
"vnf","SAEM",5,"Calibration",NA
"vnf","MICE.10.IMP",5,"AUC",0.792263986013986
"vnf","MICE.10.IMP",5,"Brier",0.125771330389062
"vnf","MICE.10.IMP",5,"Misclassification",0.157676348547718
"vnf","MICE.10.IMP",5,"Calibration",0.00897808014582935
"vnf","MICE.10.Y.M.IMP",5,"AUC",0.803627622377622
"vnf","MICE.10.Y.M.IMP",5,"Brier",0.124630584164909
"vnf","MICE.10.Y.M.IMP",5,"Misclassification",0.16597510373444
"vnf","MICE.10.Y.M.IMP",5,"Calibration",0.00748326197453728
"vnf","MICE.RF.10.IMP",5,"AUC",0.794886363636364
"vnf","MICE.RF.10.IMP",5,"Brier",0.125217730421893
"vnf","MICE.RF.10.IMP",5,"Misclassification",0.157676348547718
"vnf","MICE.RF.10.IMP",5,"Calibration",0.00800449083809592
"vnf","MICE.RF.10.Y.M.IMP",5,"AUC",0.795148601398601
"vnf","MICE.RF.10.Y.M.IMP",5,"Brier",0.124948832575872
"vnf","MICE.RF.10.Y.M.IMP",5,"Misclassification",0.153526970954357
"vnf","MICE.RF.10.Y.M.IMP",5,"Calibration",0.00725964163030654
"vnf","MICE.10.IMP.M",5,"AUC",0.819973776223776
"vnf","MICE.10.IMP.M",5,"Brier",0.123944572392922
"vnf","MICE.10.IMP.M",5,"Misclassification",0.157676348547718
"vnf","MICE.10.IMP.M",5,"Calibration",0.00923072835131469
"vnf","MICE.10.Y.M.IMP.M",5,"AUC",0.817001748251748
"vnf","MICE.10.Y.M.IMP.M",5,"Brier",0.123754807625644
"vnf","MICE.10.Y.M.IMP.M",5,"Misclassification",0.157676348547718
"vnf","MICE.10.Y.M.IMP.M",5,"Calibration",0.00900933906797376
"vnf","MICE.RF.10.IMP.M",5,"AUC",0.815340909090909
"vnf","MICE.RF.10.IMP.M",5,"Brier",0.124128895016842
"vnf","MICE.RF.10.IMP.M",5,"Misclassification",0.161825726141079
"vnf","MICE.RF.10.IMP.M",5,"Calibration",0.00882240495662195
"vnf","MICE.RF.10.Y.M.IMP.M",5,"AUC",0.816914335664336
"vnf","MICE.RF.10.Y.M.IMP.M",5,"Brier",0.123956312489629
"vnf","MICE.RF.10.Y.M.IMP.M",5,"Misclassification",0.153526970954357
"vnf","MICE.RF.10.Y.M.IMP.M",5,"Calibration",0.00755918225850721
"vnf","Mean.IMP",5,"AUC",0.798120629370629
"vnf","Mean.IMP",5,"Brier",0.124491038443299
"vnf","Mean.IMP",5,"Misclassification",0.157676348547718
"vnf","Mean.IMP",5,"Calibration",0.00988917375309815
"vnf","Mean.IMP.M",5,"AUC",0.815078671328671
"vnf","Mean.IMP.M",5,"Brier",0.124761122527562
"vnf","Mean.IMP.M",5,"Misclassification",0.161825726141079
"vnf","Mean.IMP.M",5,"Calibration",0.00961076680485444
"vnf","05.IMP",5,"AUC",0.5
"vnf","05.IMP",5,"Brier",0.196973216256673
"vnf","05.IMP",5,"Misclassification",0.269709543568465
"vnf","05.IMP",5,"Calibration",NA
"vnf","05.IMP.M",5,"AUC",0.5
"vnf","05.IMP.M",5,"Brier",0.196973216256673
"vnf","05.IMP.M",5,"Misclassification",0.269709543568465
"vnf","05.IMP.M",5,"Calibration",NA
"vnf","PbP",5,"AUC",0.713417832167832
"vnf","PbP",5,"Brier",0.171564615574789
"vnf","PbP",5,"Misclassification",0.203319502074689
"vnf","PbP",5,"Calibration",0.0237850099921363
"vnf","SAEM",6,"AUC",0.5
"vnf","SAEM",6,"Brier",0.195044496213617
"vnf","SAEM",6,"Misclassification",0.265560165975104
"vnf","SAEM",6,"Calibration",NA
"vnf","MICE.10.IMP",6,"AUC",0.821680790960452
"vnf","MICE.10.IMP",6,"Brier",0.121462459190899
"vnf","MICE.10.IMP",6,"Misclassification",0.157676348547718
"vnf","MICE.10.IMP",6,"Calibration",0.00580674716589229
"vnf","MICE.10.Y.M.IMP",6,"AUC",0.823269774011299
"vnf","MICE.10.Y.M.IMP",6,"Brier",0.121064675089205
"vnf","MICE.10.Y.M.IMP",6,"Misclassification",0.153526970954357
"vnf","MICE.10.Y.M.IMP",6,"Calibration",0.00812297382678114
"vnf","MICE.RF.10.IMP",6,"AUC",0.828125
"vnf","MICE.RF.10.IMP",6,"Brier",0.121347094209284
"vnf","MICE.RF.10.IMP",6,"Misclassification",0.161825726141079
"vnf","MICE.RF.10.IMP",6,"Calibration",0.00677931148512616
"vnf","MICE.RF.10.Y.M.IMP",6,"AUC",0.817178672316384
"vnf","MICE.RF.10.Y.M.IMP",6,"Brier",0.122702926535261
"vnf","MICE.RF.10.Y.M.IMP",6,"Misclassification",0.174273858921162
"vnf","MICE.RF.10.Y.M.IMP",6,"Calibration",0.00752220273279762
"vnf","MICE.10.IMP.M",6,"AUC",0.841013418079096
"vnf","MICE.10.IMP.M",6,"Brier",0.117950630496774
"vnf","MICE.10.IMP.M",6,"Misclassification",0.157676348547718
"vnf","MICE.10.IMP.M",6,"Calibration",0.0074337437299721
"vnf","MICE.10.Y.M.IMP.M",6,"AUC",0.83103813559322
"vnf","MICE.10.Y.M.IMP.M",6,"Brier",0.118505213161596
"vnf","MICE.10.Y.M.IMP.M",6,"Misclassification",0.153526970954357
"vnf","MICE.10.Y.M.IMP.M",6,"Calibration",0.00733338734645678
"vnf","MICE.RF.10.IMP.M",6,"AUC",0.831302966101695
"vnf","MICE.RF.10.IMP.M",6,"Brier",0.11745451396463
"vnf","MICE.RF.10.IMP.M",6,"Misclassification",0.141078838174274
"vnf","MICE.RF.10.IMP.M",6,"Calibration",0.00741153745700474
"vnf","MICE.RF.10.Y.M.IMP.M",6,"AUC",0.835187146892655
"vnf","MICE.RF.10.Y.M.IMP.M",6,"Brier",0.117958376486565
"vnf","MICE.RF.10.Y.M.IMP.M",6,"Misclassification",0.145228215767635
"vnf","MICE.RF.10.Y.M.IMP.M",6,"Calibration",0.00882811050218266
"vnf","Mean.IMP",6,"AUC",0.834657485875706
"vnf","Mean.IMP",6,"Brier",0.120734778767024
"vnf","Mean.IMP",6,"Misclassification",0.161825726141079
"vnf","Mean.IMP",6,"Calibration",0.010174492465036
"vnf","Mean.IMP.M",6,"AUC",0.824064265536723
"vnf","Mean.IMP.M",6,"Brier",0.118363267135773
"vnf","Mean.IMP.M",6,"Misclassification",0.141078838174274
"vnf","Mean.IMP.M",6,"Calibration",0.00913021892370859
"vnf","05.IMP",6,"AUC",0.5
"vnf","05.IMP",6,"Brier",0.195044496213617
"vnf","05.IMP",6,"Misclassification",0.265560165975104
"vnf","05.IMP",6,"Calibration",NA
"vnf","05.IMP.M",6,"AUC",0.5
"vnf","05.IMP.M",6,"Brier",0.195044496213617
"vnf","05.IMP.M",6,"Misclassification",0.265560165975104
"vnf","05.IMP.M",6,"Calibration",NA
"vnf","PbP",6,"AUC",0.773128531073446
"vnf","PbP",6,"Brier",0.151092086522143
"vnf","PbP",6,"Misclassification",0.186721991701245
"vnf","PbP",6,"Calibration",0.0162888075471935
"vnf","SAEM",7,"AUC",0.5
"vnf","SAEM",7,"Brier",0.193135101122681
"vnf","SAEM",7,"Misclassification",0.261410788381743
"vnf","SAEM",7,"Calibration",NA
"vnf","MICE.10.IMP",7,"AUC",0.782905296950241
"vnf","MICE.10.IMP",7,"Brier",0.131490968174266
"vnf","MICE.10.IMP",7,"Misclassification",0.178423236514523
"vnf","MICE.10.IMP",7,"Calibration",0.00905205548425284
"vnf","MICE.10.Y.M.IMP",7,"AUC",0.785848047084002
"vnf","MICE.10.Y.M.IMP",7,"Brier",0.129906169963814
"vnf","MICE.10.Y.M.IMP",7,"Misclassification",0.170124481327801
"vnf","MICE.10.Y.M.IMP",7,"Calibration",0.00906795713592363
"vnf","MICE.RF.10.IMP",7,"AUC",0.778892455858748
"vnf","MICE.RF.10.IMP",7,"Brier",0.131688252400051
"vnf","MICE.RF.10.IMP",7,"Misclassification",0.178423236514523
"vnf","MICE.RF.10.IMP",7,"Calibration",0.0072913937215701
"vnf","MICE.RF.10.Y.M.IMP",7,"AUC",0.787096486534689
"vnf","MICE.RF.10.Y.M.IMP",7,"Brier",0.129906490339925
"vnf","MICE.RF.10.Y.M.IMP",7,"Misclassification",0.170124481327801
"vnf","MICE.RF.10.Y.M.IMP",7,"Calibration",0.00770246714223555
"vnf","MICE.10.IMP.M",7,"AUC",0.816880684858213
"vnf","MICE.10.IMP.M",7,"Brier",0.126229856226433
"vnf","MICE.10.IMP.M",7,"Misclassification",0.16597510373444
"vnf","MICE.10.IMP.M",7,"Calibration",0.0089455221263296
"vnf","MICE.10.Y.M.IMP.M",7,"AUC",0.815988942393437
"vnf","MICE.10.Y.M.IMP.M",7,"Brier",0.126184929295566
"vnf","MICE.10.Y.M.IMP.M",7,"Misclassification",0.170124481327801
"vnf","MICE.10.Y.M.IMP.M",7,"Calibration",0.00908086699529125
"vnf","MICE.RF.10.IMP.M",7,"AUC",0.812243624041377
"vnf","MICE.RF.10.IMP.M",7,"Brier",0.126522501033182
"vnf","MICE.RF.10.IMP.M",7,"Misclassification",0.170124481327801
"vnf","MICE.RF.10.IMP.M",7,"Calibration",0.00861408339972346
"vnf","MICE.RF.10.Y.M.IMP.M",7,"AUC",0.812778669520243
"vnf","MICE.RF.10.Y.M.IMP.M",7,"Brier",0.126985407566065
"vnf","MICE.RF.10.Y.M.IMP.M",7,"Misclassification",0.174273858921162
"vnf","MICE.RF.10.Y.M.IMP.M",7,"Calibration",0.00848540498207312
"vnf","Mean.IMP",7,"AUC",0.791822721598002
"vnf","Mean.IMP",7,"Brier",0.130814788355445
"vnf","Mean.IMP",7,"Misclassification",0.174273858921162
"vnf","Mean.IMP",7,"Calibration",0.00799914803651532
"vnf","Mean.IMP.M",7,"AUC",0.812466559657571
"vnf","Mean.IMP.M",7,"Brier",0.126461042872396
"vnf","Mean.IMP.M",7,"Misclassification",0.161825726141079
"vnf","Mean.IMP.M",7,"Calibration",0.00825116020877643
"vnf","05.IMP",7,"AUC",0.5
"vnf","05.IMP",7,"Brier",0.193135101122681
"vnf","05.IMP",7,"Misclassification",0.261410788381743
"vnf","05.IMP",7,"Calibration",NA
"vnf","05.IMP.M",7,"AUC",0.5
"vnf","05.IMP.M",7,"Brier",0.193135101122681
"vnf","05.IMP.M",7,"Misclassification",0.261410788381743
"vnf","05.IMP.M",7,"Calibration",NA
"vnf","PbP",7,"AUC",0.745853397538791
"vnf","PbP",7,"Brier",0.166558770425385
"vnf","PbP",7,"Misclassification",0.203319502074689
"vnf","PbP",7,"Calibration",0.0239902510980214
"vnf","SAEM",8,"AUC",0.5
"vnf","SAEM",8,"Brier",0.193135101122681
"vnf","SAEM",8,"Misclassification",0.261410788381743
"vnf","SAEM",8,"Calibration",NA
"vnf","MICE.10.IMP",8,"AUC",0.78031924380239
"vnf","MICE.10.IMP",8,"Brier",0.129540458346051
"vnf","MICE.10.IMP",8,"Misclassification",0.182572614107884
"vnf","MICE.10.IMP",8,"Calibration",0.00883022746196506
"vnf","MICE.10.Y.M.IMP",8,"AUC",0.771401819154628
"vnf","MICE.10.Y.M.IMP",8,"Brier",0.131876520360591
"vnf","MICE.10.Y.M.IMP",8,"Misclassification",0.178423236514523
"vnf","MICE.10.Y.M.IMP",8,"Calibration",0.00846114625797603
"vnf","MICE.RF.10.IMP",8,"AUC",0.772917781344748
"vnf","MICE.RF.10.IMP",8,"Brier",0.130077922888282
"vnf","MICE.RF.10.IMP",8,"Misclassification",0.182572614107884
"vnf","MICE.RF.10.IMP",8,"Calibration",0.0107098682062884
"vnf","MICE.RF.10.Y.M.IMP",8,"AUC",0.773631175316569
"vnf","MICE.RF.10.Y.M.IMP",8,"Brier",0.129615397009672
"vnf","MICE.RF.10.Y.M.IMP",8,"Misclassification",0.182572614107884
"vnf","MICE.RF.10.Y.M.IMP",8,"Calibration",0.0113310222134519
"vnf","MICE.10.IMP.M",8,"AUC",0.764357053682896
"vnf","MICE.10.IMP.M",8,"Brier",0.135075464289907
"vnf","MICE.10.IMP.M",8,"Misclassification",0.170124481327801
"vnf","MICE.10.IMP.M",8,"Calibration",0.00990524425606931
"vnf","MICE.10.Y.M.IMP.M",8,"AUC",0.760522561084359
"vnf","MICE.10.Y.M.IMP.M",8,"Brier",0.135545229873837
"vnf","MICE.10.Y.M.IMP.M",8,"Misclassification",0.16597510373444
"vnf","MICE.10.Y.M.IMP.M",8,"Calibration",0.0103835342982959
"vnf","MICE.RF.10.IMP.M",8,"AUC",0.764802924915284
"vnf","MICE.RF.10.IMP.M",8,"Brier",0.134772292778329
"vnf","MICE.RF.10.IMP.M",8,"Misclassification",0.174273858921162
"vnf","MICE.RF.10.IMP.M",8,"Calibration",0.00972668531702142
"vnf","MICE.RF.10.Y.M.IMP.M",8,"AUC",0.768815766006777
"vnf","MICE.RF.10.Y.M.IMP.M",8,"Brier",0.133968229222344
"vnf","MICE.RF.10.Y.M.IMP.M",8,"Misclassification",0.174273858921162
"vnf","MICE.RF.10.Y.M.IMP.M",8,"Calibration",0.0112356138007011
"vnf","Mean.IMP",8,"AUC",0.784153736400927
"vnf","Mean.IMP",8,"Brier",0.128683362605815
"vnf","Mean.IMP",8,"Misclassification",0.174273858921162
"vnf","Mean.IMP",8,"Calibration",0.0100719212814318
"vnf","Mean.IMP.M",8,"AUC",0.768994114499732
"vnf","Mean.IMP.M",8,"Brier",0.133641456610439
"vnf","Mean.IMP.M",8,"Misclassification",0.170124481327801
"vnf","Mean.IMP.M",8,"Calibration",0.0102166218785503
"vnf","05.IMP",8,"AUC",0.5
"vnf","05.IMP",8,"Brier",0.193135101122681
"vnf","05.IMP",8,"Misclassification",0.261410788381743
"vnf","05.IMP",8,"Calibration",NA
"vnf","05.IMP.M",8,"AUC",0.5
"vnf","05.IMP.M",8,"Brier",0.193135101122681
"vnf","05.IMP.M",8,"Misclassification",0.261410788381743
"vnf","05.IMP.M",8,"Calibration",NA
"vnf","PbP",8,"AUC",0.696584626359907
"vnf","PbP",8,"Brier",0.177981128312205
"vnf","PbP",8,"Misclassification",0.215767634854772
"vnf","PbP",8,"Calibration",0.023738872882561
"vnf","SAEM",9,"AUC",0.5
"vnf","SAEM",9,"Brier",0.193135101122681
"vnf","SAEM",9,"Misclassification",0.261410788381743
"vnf","SAEM",9,"Calibration",NA
"vnf","MICE.10.IMP",9,"AUC",0.815364722668093
"vnf","MICE.10.IMP",9,"Brier",0.115697739483256
"vnf","MICE.10.IMP",9,"Misclassification",0.161825726141079
"vnf","MICE.10.IMP",9,"Calibration",0.00808186526987116
"vnf","MICE.10.Y.M.IMP",9,"AUC",0.819199215266631
"vnf","MICE.10.Y.M.IMP",9,"Brier",0.114399829494883
"vnf","MICE.10.Y.M.IMP",9,"Misclassification",0.161825726141079
"vnf","MICE.10.Y.M.IMP",9,"Calibration",0.00871517995406561
"vnf","MICE.RF.10.IMP",9,"AUC",0.815275548421616
"vnf","MICE.RF.10.IMP",9,"Brier",0.115888039639038
"vnf","MICE.RF.10.IMP",9,"Misclassification",0.161825726141079
"vnf","MICE.RF.10.IMP",9,"Calibration",0.00915555148854504
"vnf","MICE.RF.10.Y.M.IMP",9,"AUC",0.813581237738541
"vnf","MICE.RF.10.Y.M.IMP",9,"Brier",0.115844598895807
"vnf","MICE.RF.10.Y.M.IMP",9,"Misclassification",0.153526970954357
"vnf","MICE.RF.10.Y.M.IMP",9,"Calibration",0.0086594304221639
"vnf","MICE.10.IMP.M",9,"AUC",0.80689316925272
"vnf","MICE.10.IMP.M",9,"Brier",0.122174422468773
"vnf","MICE.10.IMP.M",9,"Misclassification",0.170124481327801
"vnf","MICE.10.IMP.M",9,"Calibration",0.0120996601504519
"vnf","MICE.10.Y.M.IMP.M",9,"AUC",0.804217941858391
"vnf","MICE.10.Y.M.IMP.M",9,"Brier",0.123292486542152
"vnf","MICE.10.Y.M.IMP.M",9,"Misclassification",0.174273858921162
"vnf","MICE.10.Y.M.IMP.M",9,"Calibration",0.0103010149369358
"vnf","MICE.RF.10.IMP.M",9,"AUC",0.806803995006242
"vnf","MICE.RF.10.IMP.M",9,"Brier",0.122181610972764
"vnf","MICE.RF.10.IMP.M",9,"Misclassification",0.161825726141079
"vnf","MICE.RF.10.IMP.M",9,"Calibration",0.0123294619747799
"vnf","MICE.RF.10.Y.M.IMP.M",9,"AUC",0.803772070626003
"vnf","MICE.RF.10.Y.M.IMP.M",9,"Brier",0.122733446967074
"vnf","MICE.RF.10.Y.M.IMP.M",9,"Misclassification",0.170124481327801
"vnf","MICE.RF.10.Y.M.IMP.M",9,"Calibration",0.0142233985895378
"vnf","Mean.IMP",9,"AUC",0.804708400214018
"vnf","Mean.IMP",9,"Brier",0.116394340889399
"vnf","Mean.IMP",9,"Misclassification",0.149377593360996
"vnf","Mean.IMP",9,"Calibration",0.00841377480158731
"vnf","Mean.IMP.M",9,"AUC",0.799135009809167
"vnf","Mean.IMP.M",9,"Brier",0.12256248008021
"vnf","Mean.IMP.M",9,"Misclassification",0.16597510373444
"vnf","Mean.IMP.M",9,"Calibration",0.0129026120341402
"vnf","05.IMP",9,"AUC",0.5
"vnf","05.IMP",9,"Brier",0.193135101122681
"vnf","05.IMP",9,"Misclassification",0.261410788381743
"vnf","05.IMP",9,"Calibration",NA
"vnf","05.IMP.M",9,"AUC",0.5
"vnf","05.IMP.M",9,"Brier",0.193135101122681
"vnf","05.IMP.M",9,"Misclassification",0.261410788381743
"vnf","05.IMP.M",9,"Calibration",NA
"vnf","PbP",9,"AUC",0.72980203317282
"vnf","PbP",9,"Brier",0.162278910875844
"vnf","PbP",9,"Misclassification",0.186721991701245
"vnf","PbP",9,"Calibration",0.0220152817629037
"vnf","SAEM",10,"AUC",0.5
"vnf","SAEM",10,"Brier",0.200888631199145
"vnf","SAEM",10,"Misclassification",0.278008298755187
"vnf","SAEM",10,"Calibration",NA
"vnf","MICE.10.IMP",10,"AUC",0.811288385657917
"vnf","MICE.10.IMP",10,"Brier",0.140064347484033
"vnf","MICE.10.IMP",10,"Misclassification",0.186721991701245
"vnf","MICE.10.IMP",10,"Calibration",0.00679887724882886
"vnf","MICE.10.Y.M.IMP",10,"AUC",0.804855035168983
"vnf","MICE.10.Y.M.IMP",10,"Brier",0.142365981368558
"vnf","MICE.10.Y.M.IMP",10,"Misclassification",0.195020746887967
"vnf","MICE.10.Y.M.IMP",10,"Calibration",0.007820766325418
"vnf","MICE.RF.10.IMP",10,"AUC",0.813604391833934
"vnf","MICE.RF.10.IMP",10,"Brier",0.139781377590892
"vnf","MICE.RF.10.IMP",10,"Misclassification",0.190871369294606
"vnf","MICE.RF.10.IMP",10,"Calibration",0.00792096713585724
"vnf","MICE.RF.10.Y.M.IMP",10,"AUC",0.818665294218562
"vnf","MICE.RF.10.Y.M.IMP",10,"Brier",0.140267512642327
"vnf","MICE.RF.10.Y.M.IMP",10,"Misclassification",0.182572614107884
"vnf","MICE.RF.10.Y.M.IMP",10,"Calibration",0.00866473419866123
"vnf","MICE.10.IMP.M",10,"AUC",0.798335906673529
"vnf","MICE.10.IMP.M",10,"Brier",0.143093715120184
"vnf","MICE.10.IMP.M",10,"Misclassification",0.186721991701245
"vnf","MICE.10.IMP.M",10,"Calibration",0.0100016891736303
"vnf","MICE.10.Y.M.IMP.M",10,"AUC",0.789157659975982
"vnf","MICE.10.Y.M.IMP.M",10,"Brier",0.146028173934918
"vnf","MICE.10.Y.M.IMP.M",10,"Misclassification",0.195020746887967
"vnf","MICE.10.Y.M.IMP.M",10,"Calibration",0.0122199112679762
"vnf","MICE.RF.10.IMP.M",10,"AUC",0.807342597358037
"vnf","MICE.RF.10.IMP.M",10,"Brier",0.141865708446475
"vnf","MICE.RF.10.IMP.M",10,"Misclassification",0.195020746887967
"vnf","MICE.RF.10.IMP.M",10,"Calibration",0.0100254587514167
"vnf","MICE.RF.10.Y.M.IMP.M",10,"AUC",0.80708526333848
"vnf","MICE.RF.10.Y.M.IMP.M",10,"Brier",0.142326957322052
"vnf","MICE.RF.10.Y.M.IMP.M",10,"Misclassification",0.195020746887967
"vnf","MICE.RF.10.Y.M.IMP.M",10,"Calibration",0.0102584419618257
"vnf","Mean.IMP",10,"AUC",0.814204837879568
"vnf","Mean.IMP",10,"Brier",0.140202087110536
"vnf","Mean.IMP",10,"Misclassification",0.195020746887967
"vnf","Mean.IMP",10,"Calibration",0.00830350862037452
"vnf","Mean.IMP.M",10,"AUC",0.802925030022302
"vnf","Mean.IMP.M",10,"Brier",0.14315092394093
"vnf","Mean.IMP.M",10,"Misclassification",0.199170124481328
"vnf","Mean.IMP.M",10,"Calibration",0.0101440970284212
"vnf","05.IMP",10,"AUC",0.5
"vnf","05.IMP",10,"Brier",0.200888631199145
"vnf","05.IMP",10,"Misclassification",0.278008298755187
"vnf","05.IMP",10,"Calibration",NA
"vnf","05.IMP.M",10,"AUC",0.5
"vnf","05.IMP.M",10,"Brier",0.200888631199145
"vnf","05.IMP.M",10,"Misclassification",0.278008298755187
"vnf","05.IMP.M",10,"Calibration",NA
"vnf","PbP",10,"AUC",0.697074969977698
"vnf","PbP",10,"Brier",0.190540925630717
"vnf","PbP",10,"Misclassification",0.224066390041494
"vnf","PbP",10,"Calibration",0.0323169381738946
"vnf","SAEM",11,"AUC",0.5
"vnf","SAEM",11,"Brier",0.191245030983866
"vnf","SAEM",11,"Misclassification",0.257261410788382
"vnf","SAEM",11,"Calibration",NA
"vnf","MICE.10.IMP",11,"AUC",0.781402054424221
"vnf","MICE.10.IMP",11,"Brier",0.132348874993758
"vnf","MICE.10.IMP",11,"Misclassification",0.178423236514523
"vnf","MICE.10.IMP",11,"Calibration",0.00873271200340238
"vnf","MICE.10.Y.M.IMP",11,"AUC",0.780636150657776
"vnf","MICE.10.Y.M.IMP",11,"Brier",0.133129383551443
"vnf","MICE.10.Y.M.IMP",11,"Misclassification",0.174273858921162
"vnf","MICE.10.Y.M.IMP",11,"Calibration",0.00720211847279245
"vnf","MICE.RF.10.IMP",11,"AUC",0.788340241484952
"vnf","MICE.RF.10.IMP",11,"Brier",0.132159119272557
"vnf","MICE.RF.10.IMP",11,"Misclassification",0.178423236514523
"vnf","MICE.RF.10.IMP",11,"Calibration",0.00753119325192587
"vnf","MICE.RF.10.Y.M.IMP",11,"AUC",0.78050099116958
"vnf","MICE.RF.10.Y.M.IMP",11,"Brier",0.133315889358462
"vnf","MICE.RF.10.Y.M.IMP",11,"Misclassification",0.178423236514523
"vnf","MICE.RF.10.Y.M.IMP",11,"Calibration",0.00947228501693213
"vnf","MICE.10.IMP.M",11,"AUC",0.775274824292665
"vnf","MICE.10.IMP.M",11,"Brier",0.137035200530263
"vnf","MICE.10.IMP.M",11,"Misclassification",0.178423236514523
"vnf","MICE.10.IMP.M",11,"Calibration",0.00907694763580447
"vnf","MICE.10.Y.M.IMP.M",11,"AUC",0.77203099657596
"vnf","MICE.10.Y.M.IMP.M",11,"Brier",0.139024441618611
"vnf","MICE.10.Y.M.IMP.M",11,"Misclassification",0.186721991701245
"vnf","MICE.10.Y.M.IMP.M",11,"Calibration",0.00928828501568224
"vnf","MICE.RF.10.IMP.M",11,"AUC",0.778788970985763
"vnf","MICE.RF.10.IMP.M",11,"Brier",0.136624133496629
"vnf","MICE.RF.10.IMP.M",11,"Misclassification",0.182572614107884
"vnf","MICE.RF.10.IMP.M",11,"Calibration",0.00893063043540043
"vnf","MICE.RF.10.Y.M.IMP.M",11,"AUC",0.777617588754731
"vnf","MICE.RF.10.Y.M.IMP.M",11,"Brier",0.137400648465821
"vnf","MICE.RF.10.Y.M.IMP.M",11,"Misclassification",0.182572614107884
"vnf","MICE.RF.10.Y.M.IMP.M",11,"Calibration",0.00908089582485283
"vnf","Mean.IMP",11,"AUC",0.782258064516129
"vnf","Mean.IMP",11,"Brier",0.133158756368008
"vnf","Mean.IMP",11,"Misclassification",0.178423236514523
"vnf","Mean.IMP",11,"Calibration",0.00759374577207297
"vnf","Mean.IMP.M",11,"AUC",0.778023067219319
"vnf","Mean.IMP.M",11,"Brier",0.136906570128497
"vnf","Mean.IMP.M",11,"Misclassification",0.182572614107884
"vnf","Mean.IMP.M",11,"Calibration",0.00885971632121693
"vnf","05.IMP",11,"AUC",0.5
"vnf","05.IMP",11,"Brier",0.191245030983866
"vnf","05.IMP",11,"Misclassification",0.257261410788382
"vnf","05.IMP",11,"Calibration",NA
"vnf","05.IMP.M",11,"AUC",0.5
"vnf","05.IMP.M",11,"Brier",0.191245030983866
"vnf","05.IMP.M",11,"Misclassification",0.257261410788382
"vnf","05.IMP.M",11,"Calibration",NA
"vnf","PbP",11,"AUC",0.744638673634889
"vnf","PbP",11,"Brier",0.165851839148861
"vnf","PbP",11,"Misclassification",0.203319502074689
"vnf","PbP",11,"Calibration",0.0194944038125334
"vnf","SAEM",12,"AUC",0.5
"vnf","SAEM",12,"Brier",0.221625203038726
"vnf","SAEM",12,"Misclassification",0.319502074688797
"vnf","SAEM",12,"Calibration",NA
"vnf","MICE.10.IMP",12,"AUC",0.75364269876465
"vnf","MICE.10.IMP",12,"Brier",0.167978329837267
"vnf","MICE.10.IMP",12,"Misclassification",0.224066390041494
"vnf","MICE.10.IMP",12,"Calibration",0.0109285614843076
"vnf","MICE.10.Y.M.IMP",12,"AUC",0.750514729173266
"vnf","MICE.10.Y.M.IMP",12,"Brier",0.169744880834
"vnf","MICE.10.Y.M.IMP",12,"Misclassification",0.228215767634855
"vnf","MICE.10.Y.M.IMP",12,"Calibration",0.0118738413934404
"vnf","MICE.RF.10.IMP",12,"AUC",0.754949318973709
"vnf","MICE.RF.10.IMP",12,"Brier",0.168062622476308
"vnf","MICE.RF.10.IMP",12,"Misclassification",0.228215767634855
"vnf","MICE.RF.10.IMP",12,"Calibration",0.0133522989496492
"vnf","MICE.RF.10.Y.M.IMP",12,"AUC",0.755662020905923
"vnf","MICE.RF.10.Y.M.IMP",12,"Brier",0.167882094650105
"vnf","MICE.RF.10.Y.M.IMP",12,"Misclassification",0.232365145228216
"vnf","MICE.RF.10.Y.M.IMP",12,"Calibration",0.0121283545565257
"vnf","MICE.10.IMP.M",12,"AUC",0.738319607222046
"vnf","MICE.10.IMP.M",12,"Brier",0.17469576790158
"vnf","MICE.10.IMP.M",12,"Misclassification",0.224066390041494
"vnf","MICE.10.IMP.M",12,"Calibration",0.0156064205539266
"vnf","MICE.10.Y.M.IMP.M",12,"AUC",0.743546088058283
"vnf","MICE.10.Y.M.IMP.M",12,"Brier",0.174645553805854
"vnf","MICE.10.Y.M.IMP.M",12,"Misclassification",0.232365145228216
"vnf","MICE.10.Y.M.IMP.M",12,"Calibration",0.0153965368993496
"vnf","MICE.RF.10.IMP.M",12,"AUC",0.739190687361419
"vnf","MICE.RF.10.IMP.M",12,"Brier",0.174481396820767
"vnf","MICE.RF.10.IMP.M",12,"Misclassification",0.224066390041494
"vnf","MICE.RF.10.IMP.M",12,"Calibration",0.0143699920156038
"vnf","MICE.RF.10.Y.M.IMP.M",12,"AUC",0.742516629711752
"vnf","MICE.RF.10.Y.M.IMP.M",12,"Brier",0.173508696028974
"vnf","MICE.RF.10.Y.M.IMP.M",12,"Misclassification",0.224066390041494
"vnf","MICE.RF.10.Y.M.IMP.M",12,"Calibration",0.0145300970869877
"vnf","Mean.IMP",12,"AUC",0.760294583465315
"vnf","Mean.IMP",12,"Brier",0.167348041088783
"vnf","Mean.IMP",12,"Misclassification",0.228215767634855
"vnf","Mean.IMP",12,"Calibration",0.0105945968823074
"vnf","Mean.IMP.M",12,"AUC",0.737765283496991
"vnf","Mean.IMP.M",12,"Brier",0.174515021665007
"vnf","Mean.IMP.M",12,"Misclassification",0.232365145228216
"vnf","Mean.IMP.M",12,"Calibration",0.014294660640922
"vnf","05.IMP",12,"AUC",0.5
"vnf","05.IMP",12,"Brier",0.221625203038726
"vnf","05.IMP",12,"Misclassification",0.319502074688797
"vnf","05.IMP",12,"Calibration",NA
"vnf","05.IMP.M",12,"AUC",0.5
"vnf","05.IMP.M",12,"Brier",0.221625203038726
"vnf","05.IMP.M",12,"Misclassification",0.319502074688797
"vnf","05.IMP.M",12,"Calibration",NA
"vnf","PbP",12,"AUC",0.684312638580931
"vnf","PbP",12,"Brier",0.218811461114852
"vnf","PbP",12,"Misclassification",0.269709543568465
"vnf","PbP",12,"Calibration",0.0371970347613767
"vnf","SAEM",13,"AUC",0.5
"vnf","SAEM",13,"Brier",0.187522865562596
"vnf","SAEM",13,"Misclassification",0.24896265560166
"vnf","SAEM",13,"Calibration",NA
"vnf","MICE.10.IMP",13,"AUC",0.801243093922652
"vnf","MICE.10.IMP",13,"Brier",0.117139393296363
"vnf","MICE.10.IMP",13,"Misclassification",0.153526970954357
"vnf","MICE.10.IMP",13,"Calibration",0.00948033382195054
"vnf","MICE.10.Y.M.IMP",13,"AUC",0.797467771639042
"vnf","MICE.10.Y.M.IMP",13,"Brier",0.116676020297855
"vnf","MICE.10.Y.M.IMP",13,"Misclassification",0.149377593360996
"vnf","MICE.10.Y.M.IMP",13,"Calibration",0.00807366495776868
"vnf","MICE.RF.10.IMP",13,"AUC",0.794429097605893
"vnf","MICE.RF.10.IMP",13,"Brier",0.117272505730266
"vnf","MICE.RF.10.IMP",13,"Misclassification",0.153526970954357
"vnf","MICE.RF.10.IMP",13,"Calibration",0.01206013703242
"vnf","MICE.RF.10.Y.M.IMP",13,"AUC",0.800460405156538
"vnf","MICE.RF.10.Y.M.IMP",13,"Brier",0.115303995442712
"vnf","MICE.RF.10.Y.M.IMP",13,"Misclassification",0.145228215767635
"vnf","MICE.RF.10.Y.M.IMP",13,"Calibration",0.0109651807304529
"vnf","MICE.10.IMP.M",13,"AUC",0.827486187845304
"vnf","MICE.10.IMP.M",13,"Brier",0.112839418501302
"vnf","MICE.10.IMP.M",13,"Misclassification",0.141078838174274
"vnf","MICE.10.IMP.M",13,"Calibration",0.00899906798045322
"vnf","MICE.10.Y.M.IMP.M",13,"AUC",0.821961325966851
"vnf","MICE.10.Y.M.IMP.M",13,"Brier",0.113108922794412
"vnf","MICE.10.Y.M.IMP.M",13,"Misclassification",0.149377593360996
"vnf","MICE.10.Y.M.IMP.M",13,"Calibration",0.00895737911394505
"vnf","MICE.RF.10.IMP.M",13,"AUC",0.827578268876611
"vnf","MICE.RF.10.IMP.M",13,"Brier",0.112223820465504
"vnf","MICE.RF.10.IMP.M",13,"Misclassification",0.149377593360996
"vnf","MICE.RF.10.IMP.M",13,"Calibration",0.0082109402199165
"vnf","MICE.RF.10.Y.M.IMP.M",13,"AUC",0.822882136279926
"vnf","MICE.RF.10.Y.M.IMP.M",13,"Brier",0.11393238175118
"vnf","MICE.RF.10.Y.M.IMP.M",13,"Misclassification",0.153526970954357
"vnf","MICE.RF.10.Y.M.IMP.M",13,"Calibration",0.00816368440641307
"vnf","Mean.IMP",13,"AUC",0.804742173112339
"vnf","Mean.IMP",13,"Brier",0.115128926542397
"vnf","Mean.IMP",13,"Misclassification",0.141078838174274
"vnf","Mean.IMP",13,"Calibration",0.010679549521759
"vnf","Mean.IMP.M",13,"AUC",0.81878453038674
"vnf","Mean.IMP.M",13,"Brier",0.112877150935601
"vnf","Mean.IMP.M",13,"Misclassification",0.157676348547718
"vnf","Mean.IMP.M",13,"Calibration",0.00837362378115725
"vnf","05.IMP",13,"AUC",0.5
"vnf","05.IMP",13,"Brier",0.187522865562596
"vnf","05.IMP",13,"Misclassification",0.24896265560166
"vnf","05.IMP",13,"Calibration",NA
"vnf","05.IMP.M",13,"AUC",0.5
"vnf","05.IMP.M",13,"Brier",0.187522865562596
"vnf","05.IMP.M",13,"Misclassification",0.24896265560166
"vnf","05.IMP.M",13,"Calibration",NA
"vnf","PbP",13,"AUC",0.72085635359116
"vnf","PbP",13,"Brier",0.165333948117883
"vnf","PbP",13,"Misclassification",0.203319502074689
"vnf","PbP",13,"Calibration",0.0270907814134723
"vnf","SAEM",14,"AUC",0.5
"vnf","SAEM",14,"Brier",0.198921261251849
"vnf","SAEM",14,"Misclassification",0.273858921161826
"vnf","SAEM",14,"Calibration",NA
"vnf","MICE.10.IMP",14,"AUC",0.813593073593074
"vnf","MICE.10.IMP",14,"Brier",0.121649565798822
"vnf","MICE.10.IMP",14,"Misclassification",0.153526970954357
"vnf","MICE.10.IMP",14,"Calibration",0.00777379788161327
"vnf","MICE.10.Y.M.IMP",14,"AUC",0.811601731601732
"vnf","MICE.10.Y.M.IMP",14,"Brier",0.12177621557591
"vnf","MICE.10.Y.M.IMP",14,"Misclassification",0.157676348547718
"vnf","MICE.10.Y.M.IMP",14,"Calibration",0.0102471400546927
"vnf","MICE.RF.10.IMP",14,"AUC",0.807532467532468
"vnf","MICE.RF.10.IMP",14,"Brier",0.122921998763632
"vnf","MICE.RF.10.IMP",14,"Misclassification",0.161825726141079
"vnf","MICE.RF.10.IMP",14,"Calibration",0.0078386096833187
"vnf","MICE.RF.10.Y.M.IMP",14,"AUC",0.80969696969697
"vnf","MICE.RF.10.Y.M.IMP",14,"Brier",0.122201584814572
"vnf","MICE.RF.10.Y.M.IMP",14,"Misclassification",0.149377593360996
"vnf","MICE.RF.10.Y.M.IMP",14,"Calibration",0.00758523661838158
"vnf","MICE.10.IMP.M",14,"AUC",0.826666666666667
"vnf","MICE.10.IMP.M",14,"Brier",0.123919563876591
"vnf","MICE.10.IMP.M",14,"Misclassification",0.153526970954357
"vnf","MICE.10.IMP.M",14,"Calibration",0.00803423988999515
"vnf","MICE.10.Y.M.IMP.M",14,"AUC",0.828917748917749
"vnf","MICE.10.Y.M.IMP.M",14,"Brier",0.123695244714905
"vnf","MICE.10.Y.M.IMP.M",14,"Misclassification",0.161825726141079
"vnf","MICE.10.Y.M.IMP.M",14,"Calibration",0.00905590105697929
"vnf","MICE.RF.10.IMP.M",14,"AUC",0.830822510822511
"vnf","MICE.RF.10.IMP.M",14,"Brier",0.122843077665502
"vnf","MICE.RF.10.IMP.M",14,"Misclassification",0.161825726141079
"vnf","MICE.RF.10.IMP.M",14,"Calibration",0.00822739917328566
"vnf","MICE.RF.10.Y.M.IMP.M",14,"AUC",0.833852813852814
"vnf","MICE.RF.10.Y.M.IMP.M",14,"Brier",0.120403668708502
"vnf","MICE.RF.10.Y.M.IMP.M",14,"Misclassification",0.161825726141079
"vnf","MICE.RF.10.Y.M.IMP.M",14,"Calibration",0.00828359246223549
"vnf","Mean.IMP",14,"AUC",0.808181818181818
"vnf","Mean.IMP",14,"Brier",0.119793625276004
"vnf","Mean.IMP",14,"Misclassification",0.149377593360996
"vnf","Mean.IMP",14,"Calibration",0.00936970399818494
"vnf","Mean.IMP.M",14,"AUC",0.828614718614719
"vnf","Mean.IMP.M",14,"Brier",0.121906936415175
"vnf","Mean.IMP.M",14,"Misclassification",0.149377593360996
"vnf","Mean.IMP.M",14,"Calibration",0.00995096174449413
"vnf","05.IMP",14,"AUC",0.5
"vnf","05.IMP",14,"Brier",0.198921261251849
"vnf","05.IMP",14,"Misclassification",0.273858921161826
"vnf","05.IMP",14,"Calibration",NA
"vnf","05.IMP.M",14,"AUC",0.5
"vnf","05.IMP.M",14,"Brier",0.198921261251849
"vnf","05.IMP.M",14,"Misclassification",0.273858921161826
"vnf","05.IMP.M",14,"Calibration",NA
"vnf","PbP",14,"AUC",0.77965367965368
"vnf","PbP",14,"Brier",0.151323876181579
"vnf","PbP",14,"Misclassification",0.178423236514523
"vnf","PbP",14,"Calibration",0.0180457708019362
"vnf","SAEM",15,"AUC",0.5
"vnf","SAEM",15,"Brier",0.198921261251849
"vnf","SAEM",15,"Misclassification",0.273858921161826
"vnf","SAEM",15,"Calibration",NA
"vnf","MICE.10.IMP",15,"AUC",0.78021645021645
"vnf","MICE.10.IMP",15,"Brier",0.142654226248036
"vnf","MICE.10.IMP",15,"Misclassification",0.186721991701245
"vnf","MICE.10.IMP",15,"Calibration",0.00818555581132432
"vnf","MICE.10.Y.M.IMP",15,"AUC",0.778484848484848
"vnf","MICE.10.Y.M.IMP",15,"Brier",0.143418977435839
"vnf","MICE.10.Y.M.IMP",15,"Misclassification",0.186721991701245
"vnf","MICE.10.Y.M.IMP",15,"Calibration",0.00940242060563842
"vnf","MICE.RF.10.IMP",15,"AUC",0.781774891774892
"vnf","MICE.RF.10.IMP",15,"Brier",0.141988303742856
"vnf","MICE.RF.10.IMP",15,"Misclassification",0.190871369294606
"vnf","MICE.RF.10.IMP",15,"Calibration",0.00842806499589488
"vnf","MICE.RF.10.Y.M.IMP",15,"AUC",0.77969696969697
"vnf","MICE.RF.10.Y.M.IMP",15,"Brier",0.14285712946247
"vnf","MICE.RF.10.Y.M.IMP",15,"Misclassification",0.195020746887967
"vnf","MICE.RF.10.Y.M.IMP",15,"Calibration",0.00795132526205969
"vnf","MICE.10.IMP.M",15,"AUC",0.806796536796537
"vnf","MICE.10.IMP.M",15,"Brier",0.140525381134106
"vnf","MICE.10.IMP.M",15,"Misclassification",0.190871369294606
"vnf","MICE.10.IMP.M",15,"Calibration",0.00992967458608338
"vnf","MICE.10.Y.M.IMP.M",15,"AUC",0.803506493506494
"vnf","MICE.10.Y.M.IMP.M",15,"Brier",0.142516361419049
"vnf","MICE.10.Y.M.IMP.M",15,"Misclassification",0.190871369294606
"vnf","MICE.10.Y.M.IMP.M",15,"Calibration",0.00864352952488243
"vnf","MICE.RF.10.IMP.M",15,"AUC",0.804545454545455
"vnf","MICE.RF.10.IMP.M",15,"Brier",0.140708754919912
"vnf","MICE.RF.10.IMP.M",15,"Misclassification",0.190871369294606
"vnf","MICE.RF.10.IMP.M",15,"Calibration",0.0100740753935628
"vnf","MICE.RF.10.Y.M.IMP.M",15,"AUC",0.803419913419913
"vnf","MICE.RF.10.Y.M.IMP.M",15,"Brier",0.140266562446357
"vnf","MICE.RF.10.Y.M.IMP.M",15,"Misclassification",0.190871369294606
"vnf","MICE.RF.10.Y.M.IMP.M",15,"Calibration",0.0101538887247368
"vnf","Mean.IMP",15,"AUC",0.781991341991342
"vnf","Mean.IMP",15,"Brier",0.143298254030103
"vnf","Mean.IMP",15,"Misclassification",0.186721991701245
"vnf","Mean.IMP",15,"Calibration",0.00885521437338185
"vnf","Mean.IMP.M",15,"AUC",0.805411255411255
"vnf","Mean.IMP.M",15,"Brier",0.140829514962418
"vnf","Mean.IMP.M",15,"Misclassification",0.190871369294606
"vnf","Mean.IMP.M",15,"Calibration",0.0098126579726989
"vnf","05.IMP",15,"AUC",0.5
"vnf","05.IMP",15,"Brier",0.198921261251849
"vnf","05.IMP",15,"Misclassification",0.273858921161826
"vnf","05.IMP",15,"Calibration",NA
"vnf","05.IMP.M",15,"AUC",0.5
"vnf","05.IMP.M",15,"Brier",0.198921261251849
"vnf","05.IMP.M",15,"Misclassification",0.273858921161826
"vnf","05.IMP.M",15,"Calibration",NA
"vnf","PbP",15,"AUC",0.681818181818182
"vnf","PbP",15,"Brier",0.198642428376229
"vnf","PbP",15,"Misclassification",0.240663900414938
"vnf","PbP",15,"Calibration",0.0399378796842253
"walking","SAEM",1,"AUC",0.5
"walking","SAEM",1,"Brier",0.218817068551951
"walking","SAEM",1,"Misclassification",0.320224719101124
"walking","SAEM",1,"Calibration",NA
"walking","MICE.10.IMP",1,"AUC",0.612585181963172
"walking","MICE.10.IMP",1,"Brier",0.20982228062407
"walking","MICE.10.IMP",1,"Misclassification",0.320224719101124
"walking","MICE.10.IMP",1,"Calibration",0.0115399282132121
"walking","MICE.10.Y.M.IMP",1,"AUC",0.619762215455995
"walking","MICE.10.Y.M.IMP",1,"Brier",0.211921568580029
"walking","MICE.10.Y.M.IMP",1,"Misclassification",0.342696629213483
"walking","MICE.10.Y.M.IMP",1,"Calibration",0.00977009770190812
"walking","MICE.RF.10.IMP",1,"AUC",0.665361751486153
"walking","MICE.RF.10.IMP",1,"Brier",0.205012245900954
"walking","MICE.RF.10.IMP",1,"Misclassification",0.320224719101124
"walking","MICE.RF.10.IMP",1,"Calibration",0.014598603757566
"walking","MICE.RF.10.Y.M.IMP",1,"AUC",0.654777439466435
"walking","MICE.RF.10.Y.M.IMP",1,"Brier",0.205523335324039
"walking","MICE.RF.10.Y.M.IMP",1,"Misclassification",0.320224719101124
"walking","MICE.RF.10.Y.M.IMP",1,"Calibration",0.01148709422713
"walking","MICE.10.IMP.M",1,"AUC",0.641800782949108
"walking","MICE.10.IMP.M",1,"Brier",0.207112491289939
"walking","MICE.10.IMP.M",1,"Misclassification",0.320224719101124
"walking","MICE.10.IMP.M",1,"Calibration",0.0146637171362313
"walking","MICE.10.Y.M.IMP.M",1,"AUC",0.627954182978106
"walking","MICE.10.Y.M.IMP.M",1,"Brier",0.208421518503335
"walking","MICE.10.Y.M.IMP.M",1,"Misclassification",0.337078651685393
"walking","MICE.10.Y.M.IMP.M",1,"Calibration",0.0128893734676622
"walking","MICE.RF.10.IMP.M",1,"AUC",0.653617514861534
"walking","MICE.RF.10.IMP.M",1,"Brier",0.206935144518246
"walking","MICE.RF.10.IMP.M",1,"Misclassification",0.320224719101124
"walking","MICE.RF.10.IMP.M",1,"Calibration",0.0161640518451551
"walking","MICE.RF.10.Y.M.IMP.M",1,"AUC",0.64607800492968
"walking","MICE.RF.10.Y.M.IMP.M",1,"Brier",0.206704408947251
"walking","MICE.RF.10.Y.M.IMP.M",1,"Misclassification",0.320224719101124
"walking","MICE.RF.10.Y.M.IMP.M",1,"Calibration",0.0116792374894957
"walking","Mean.IMP",1,"AUC",0.648107872988256
"walking","Mean.IMP",1,"Brier",0.205848423613107
"walking","Mean.IMP",1,"Misclassification",0.320224719101124
"walking","Mean.IMP",1,"Calibration",0.0125148069480173
"walking","Mean.IMP.M",1,"AUC",0.654632448890822
"walking","Mean.IMP.M",1,"Brier",0.204987689032994
"walking","Mean.IMP.M",1,"Misclassification",0.320224719101124
"walking","Mean.IMP.M",1,"Calibration",0.0125626343727923
"walking","05.IMP",1,"AUC",0.54458460200087
"walking","05.IMP",1,"Brier",0.216361470900567
"walking","05.IMP",1,"Misclassification",0.320224719101124
"walking","05.IMP",1,"Calibration",0.007387950724139
"walking","05.IMP.M",1,"AUC",0.54458460200087
"walking","05.IMP.M",1,"Brier",0.216361470900567
"walking","05.IMP.M",1,"Misclassification",0.320224719101124
"walking","05.IMP.M",1,"Calibration",0.007387950724139
"walking","PbP",1,"AUC",0.643468174568653
"walking","PbP",1,"Brier",0.20527076120494
"walking","PbP",1,"Misclassification",0.342696629213483
"walking","PbP",1,"Calibration",0.0111583962368489
"walking","SAEM",2,"AUC",0.5
"walking","SAEM",2,"Brier",0.203953493877036
"walking","SAEM",2,"Misclassification",0.258426966292135
"walking","SAEM",2,"Calibration",NA
"walking","MICE.10.IMP",2,"AUC",0.559617918313571
"walking","MICE.10.IMP",2,"Brier",0.202029583460886
"walking","MICE.10.IMP",2,"Misclassification",0.292134831460674
"walking","MICE.10.IMP",2,"Calibration",0.0183735916040177
"walking","MICE.10.Y.M.IMP",2,"AUC",0.60054347826087
"walking","MICE.10.Y.M.IMP",2,"Brier",0.199288098123617
"walking","MICE.10.Y.M.IMP",2,"Misclassification",0.308988764044944
"walking","MICE.10.Y.M.IMP",2,"Calibration",0.0171254182910161
"walking","MICE.RF.10.IMP",2,"AUC",0.591073781291173
"walking","MICE.RF.10.IMP",2,"Brier",0.199460387418879
"walking","MICE.RF.10.IMP",2,"Misclassification",0.280898876404494
"walking","MICE.RF.10.IMP",2,"Calibration",0.0164651469967486
"walking","MICE.RF.10.Y.M.IMP",2,"AUC",0.612154150197628
"walking","MICE.RF.10.Y.M.IMP",2,"Brier",0.198203925814165
"walking","MICE.RF.10.Y.M.IMP",2,"Misclassification",0.286516853932584
"walking","MICE.RF.10.Y.M.IMP",2,"Calibration",0.0189647383636175
"walking","MICE.10.IMP.M",2,"AUC",0.589262187088274
"walking","MICE.10.IMP.M",2,"Brier",0.203469282917955
"walking","MICE.10.IMP.M",2,"Misclassification",0.280898876404494
"walking","MICE.10.IMP.M",2,"Calibration",0.0200296371778957
"walking","MICE.10.Y.M.IMP.M",2,"AUC",0.571393280632411
"walking","MICE.10.Y.M.IMP.M",2,"Brier",0.203904313007471
"walking","MICE.10.Y.M.IMP.M",2,"Misclassification",0.297752808988764
"walking","MICE.10.Y.M.IMP.M",2,"Calibration",0.0202634491760841
"walking","MICE.RF.10.IMP.M",2,"AUC",0.597002635046113
"walking","MICE.RF.10.IMP.M",2,"Brier",0.200714686846036
"walking","MICE.RF.10.IMP.M",2,"Misclassification",0.280898876404494
"walking","MICE.RF.10.IMP.M",2,"Calibration",0.0214335134153082
"walking","MICE.RF.10.Y.M.IMP.M",2,"AUC",0.611001317523057
"walking","MICE.RF.10.Y.M.IMP.M",2,"Brier",0.201239306092331
"walking","MICE.RF.10.Y.M.IMP.M",2,"Misclassification",0.286516853932584
"walking","MICE.RF.10.Y.M.IMP.M",2,"Calibration",0.0200072161251919
"walking","Mean.IMP",2,"AUC",0.598155467720685
"walking","Mean.IMP",2,"Brier",0.199306434011241
"walking","Mean.IMP",2,"Misclassification",0.303370786516854
"walking","Mean.IMP",2,"Calibration",0.017538373054123
"walking","Mean.IMP.M",2,"AUC",0.589426877470356
"walking","Mean.IMP.M",2,"Brier",0.202763704224601
"walking","Mean.IMP.M",2,"Misclassification",0.297752808988764
"walking","Mean.IMP.M",2,"Calibration",0.0193896812438361
"walking","05.IMP",2,"AUC",0.630681818181818
"walking","05.IMP",2,"Brier",0.198979688632284
"walking","05.IMP",2,"Misclassification",0.258426966292135
"walking","05.IMP",2,"Calibration",0.0256198877675459
"walking","05.IMP.M",2,"AUC",0.630681818181818
"walking","05.IMP.M",2,"Brier",0.198979688632284
"walking","05.IMP.M",2,"Misclassification",0.258426966292135
"walking","05.IMP.M",2,"Calibration",0.0256198877675459
"walking","PbP",2,"AUC",0.487401185770751
"walking","PbP",2,"Brier",0.208855064345999
"walking","PbP",2,"Misclassification",0.308988764044944
"walking","PbP",2,"Calibration",0.0232625036047268
"walking","SAEM",3,"AUC",0.5
"walking","SAEM",3,"Brier",0.237976975760636
"walking","SAEM",3,"Misclassification",0.382022471910112
"walking","SAEM",3,"Calibration",NA
"walking","MICE.10.IMP",3,"AUC",0.560895721925134
"walking","MICE.10.IMP",3,"Brier",0.23579296255604
"walking","MICE.10.IMP",3,"Misclassification",0.404494382022472
"walking","MICE.10.IMP",3,"Calibration",0.0132719663546156
"walking","MICE.10.Y.M.IMP",3,"AUC",0.561497326203209
"walking","MICE.10.Y.M.IMP",3,"Brier",0.237397183137871
"walking","MICE.10.Y.M.IMP",3,"Misclassification",0.404494382022472
"walking","MICE.10.Y.M.IMP",3,"Calibration",0.0152680749407075
"walking","MICE.RF.10.IMP",3,"AUC",0.559558823529412
"walking","MICE.RF.10.IMP",3,"Brier",0.236275626017601
"walking","MICE.RF.10.IMP",3,"Misclassification",0.404494382022472
"walking","MICE.RF.10.IMP",3,"Calibration",0.014241413678931
"walking","MICE.RF.10.Y.M.IMP",3,"AUC",0.555949197860963
"walking","MICE.RF.10.Y.M.IMP",3,"Brier",0.236475933103982
"walking","MICE.RF.10.Y.M.IMP",3,"Misclassification",0.393258426966292
"walking","MICE.RF.10.Y.M.IMP",3,"Calibration",0.012653227014544
"walking","MICE.10.IMP.M",3,"AUC",0.576938502673797
"walking","MICE.10.IMP.M",3,"Brier",0.234595709391813
"walking","MICE.10.IMP.M",3,"Misclassification",0.410112359550562
"walking","MICE.10.IMP.M",3,"Calibration",0.0109680024993488
"walking","MICE.10.Y.M.IMP.M",3,"AUC",0.569318181818182
"walking","MICE.10.Y.M.IMP.M",3,"Brier",0.235641769611348
"walking","MICE.10.Y.M.IMP.M",3,"Misclassification",0.404494382022472
"walking","MICE.10.Y.M.IMP.M",3,"Calibration",0.0136616153853567
"walking","MICE.RF.10.IMP.M",3,"AUC",0.559558823529412
"walking","MICE.RF.10.IMP.M",3,"Brier",0.236074458800825
"walking","MICE.RF.10.IMP.M",3,"Misclassification",0.387640449438202
"walking","MICE.RF.10.IMP.M",3,"Calibration",0.0122120365104276
"walking","MICE.RF.10.Y.M.IMP.M",3,"AUC",0.570387700534759
"walking","MICE.RF.10.Y.M.IMP.M",3,"Brier",0.23482654388448
"walking","MICE.RF.10.Y.M.IMP.M",3,"Misclassification",0.404494382022472
"walking","MICE.RF.10.Y.M.IMP.M",3,"Calibration",0.0129306183368691
"walking","Mean.IMP",3,"AUC",0.556885026737968
"walking","Mean.IMP",3,"Brier",0.236584632409947
"walking","Mean.IMP",3,"Misclassification",0.398876404494382
"walking","Mean.IMP",3,"Calibration",0.0134237495005705
"walking","Mean.IMP.M",3,"AUC",0.562633689839572
"walking","Mean.IMP.M",3,"Brier",0.235870338654917
"walking","Mean.IMP.M",3,"Misclassification",0.387640449438202
"walking","Mean.IMP.M",3,"Calibration",0.0133026313472177
"walking","05.IMP",3,"AUC",0.502941176470588
"walking","05.IMP",3,"Brier",0.238630522192291
"walking","05.IMP",3,"Misclassification",0.382022471910112
"walking","05.IMP",3,"Calibration",0.00895431308950662
"walking","05.IMP.M",3,"AUC",0.502941176470588
"walking","05.IMP.M",3,"Brier",0.238630522192291
"walking","05.IMP.M",3,"Misclassification",0.382022471910112
"walking","05.IMP.M",3,"Calibration",0.00895431308950662
"walking","PbP",3,"AUC",0.558890374331551
"walking","PbP",3,"Brier",0.237065743857027
"walking","PbP",3,"Misclassification",0.393258426966292
"walking","PbP",3,"Calibration",0.013963117614943
"walking","SAEM",4,"AUC",0.5
"walking","SAEM",4,"Brier",0.239931826789547
"walking","SAEM",4,"Misclassification",0.387640449438202
"walking","SAEM",4,"Calibration",NA
"walking","MICE.10.IMP",4,"AUC",0.573328014891637
"walking","MICE.10.IMP",4,"Brier",0.236020684334896
"walking","MICE.10.IMP",4,"Misclassification",0.398876404494382
"walking","MICE.10.IMP",4,"Calibration",0.013761339801923
"walking","MICE.10.Y.M.IMP",4,"AUC",0.453197713070071
"walking","MICE.10.Y.M.IMP",4,"Brier",0.240145003531747
"walking","MICE.10.Y.M.IMP",4,"Misclassification",0.404494382022472
"walking","MICE.10.Y.M.IMP",4,"Calibration",0.0126117344469961
"walking","MICE.RF.10.IMP",4,"AUC",0.440101050392235
"walking","MICE.RF.10.IMP",4,"Brier",0.237162156465914
"walking","MICE.RF.10.IMP",4,"Misclassification",0.393258426966292
"walking","MICE.RF.10.IMP",4,"Calibration",0.0135868098500634
"walking","MICE.RF.10.Y.M.IMP",4,"AUC",0.573527456455259
"walking","MICE.RF.10.Y.M.IMP",4,"Brier",0.235988453609382
"walking","MICE.RF.10.Y.M.IMP",4,"Misclassification",0.393258426966292
"walking","MICE.RF.10.Y.M.IMP",4,"Calibration",0.0114041355345899
"walking","MICE.10.IMP.M",4,"AUC",0.562757612019678
"walking","MICE.10.IMP.M",4,"Brier",0.236237798711388
"walking","MICE.10.IMP.M",4,"Misclassification",0.393258426966292
"walking","MICE.10.IMP.M",4,"Calibration",0.0126281966220189
"walking","MICE.10.Y.M.IMP.M",4,"AUC",0.567344767982981
"walking","MICE.10.Y.M.IMP.M",4,"Brier",0.238405287059027
"walking","MICE.10.Y.M.IMP.M",4,"Misclassification",0.382022471910112
"walking","MICE.10.Y.M.IMP.M",4,"Calibration",0.0118557295444995
"walking","MICE.RF.10.IMP.M",4,"AUC",0.580441430660816
"walking","MICE.RF.10.IMP.M",4,"Brier",0.233965441678653
"walking","MICE.RF.10.IMP.M",4,"Misclassification",0.393258426966292
"walking","MICE.RF.10.IMP.M",4,"Calibration",0.0130503721175792
"walking","MICE.RF.10.Y.M.IMP.M",4,"AUC",0.578048131897354
"walking","MICE.RF.10.Y.M.IMP.M",4,"Brier",0.23519688460861
"walking","MICE.RF.10.Y.M.IMP.M",4,"Misclassification",0.393258426966292
"walking","MICE.RF.10.Y.M.IMP.M",4,"Calibration",0.0108211221557089
"walking","Mean.IMP",4,"AUC",0.571865443425077
"walking","Mean.IMP",4,"Brier",0.236866160162946
"walking","Mean.IMP",4,"Misclassification",0.398876404494382
"walking","Mean.IMP",4,"Calibration",0.00899349566993835
"walking","Mean.IMP.M",4,"AUC",0.573128573328015
"walking","Mean.IMP.M",4,"Brier",0.236410686677486
"walking","Mean.IMP.M",4,"Misclassification",0.398876404494382
"walking","Mean.IMP.M",4,"Calibration",0.00922543496717468
"walking","05.IMP",4,"AUC",0.518946948544077
"walking","05.IMP",4,"Brier",0.239415723006754
"walking","05.IMP",4,"Misclassification",0.387640449438202
"walking","05.IMP",4,"Calibration",0.0105648817963619
"walking","05.IMP.M",4,"AUC",0.518946948544077
"walking","05.IMP.M",4,"Brier",0.239415723006754
"walking","05.IMP.M",4,"Misclassification",0.387640449438202
"walking","05.IMP.M",4,"Calibration",0.0105648817963619
"walking","PbP",4,"AUC",0.543478260869565
"walking","PbP",4,"Brier",0.240005894052911
"walking","PbP",4,"Misclassification",0.382022471910112
"walking","PbP",4,"Calibration",0.014500077846045
"walking","SAEM",5,"AUC",0.5
"walking","SAEM",5,"Brier",0.225287211210706
"walking","SAEM",5,"Misclassification",0.342696629213483
"walking","SAEM",5,"Calibration",NA
"walking","MICE.10.IMP",5,"AUC",0.643617766568586
"walking","MICE.10.IMP",5,"Brier",0.213371973667072
"walking","MICE.10.IMP",5,"Misclassification",0.348314606741573
"walking","MICE.10.IMP",5,"Calibration",0.016331864329073
"walking","MICE.10.Y.M.IMP",5,"AUC",0.657629255989912
"walking","MICE.10.Y.M.IMP",5,"Brier",0.212096122194711
"walking","MICE.10.Y.M.IMP",5,"Misclassification",0.348314606741573
"walking","MICE.10.Y.M.IMP",5,"Calibration",0.0168637422151397
"walking","MICE.RF.10.IMP",5,"AUC",0.645859604875998
"walking","MICE.RF.10.IMP",5,"Brier",0.212935227198192
"walking","MICE.RF.10.IMP",5,"Misclassification",0.342696629213483
"walking","MICE.RF.10.IMP",5,"Calibration",0.0146726111711433
"walking","MICE.RF.10.Y.M.IMP",5,"AUC",0.651884545327168
"walking","MICE.RF.10.Y.M.IMP",5,"Brier",0.212162136504082
"walking","MICE.RF.10.Y.M.IMP",5,"Misclassification",0.348314606741573
"walking","MICE.RF.10.Y.M.IMP",5,"Calibration",0.0176561892326652
"walking","MICE.10.IMP.M",5,"AUC",0.671850917752557
"walking","MICE.10.IMP.M",5,"Brier",0.211117547077208
"walking","MICE.10.IMP.M",5,"Misclassification",0.348314606741573
"walking","MICE.10.IMP.M",5,"Calibration",0.0184480378959092
"walking","MICE.10.Y.M.IMP.M",5,"AUC",0.663794311335295
"walking","MICE.10.Y.M.IMP.M",5,"Brier",0.209867722401114
"walking","MICE.10.Y.M.IMP.M",5,"Misclassification",0.370786516853933
"walking","MICE.10.Y.M.IMP.M",5,"Calibration",0.0187549711208265
"walking","MICE.RF.10.IMP.M",5,"AUC",0.646139834664425
"walking","MICE.RF.10.IMP.M",5,"Brier",0.212699865337843
"walking","MICE.RF.10.IMP.M",5,"Misclassification",0.342696629213483
"walking","MICE.RF.10.IMP.M",5,"Calibration",0.0154825881220264
"walking","MICE.RF.10.Y.M.IMP.M",5,"AUC",0.680187753958246
"walking","MICE.RF.10.Y.M.IMP.M",5,"Brier",0.209647628329052
"walking","MICE.RF.10.Y.M.IMP.M",5,"Misclassification",0.348314606741573
"walking","MICE.RF.10.Y.M.IMP.M",5,"Calibration",0.0187944739927519
"walking","Mean.IMP",5,"AUC",0.65517724534118
"walking","Mean.IMP",5,"Brier",0.211956187268364
"walking","Mean.IMP",5,"Misclassification",0.348314606741573
"walking","Mean.IMP",5,"Calibration",0.0191678142521108
"walking","Mean.IMP.M",5,"AUC",0.658049600672551
"walking","Mean.IMP.M",5,"Brier",0.21167145185607
"walking","Mean.IMP.M",5,"Misclassification",0.348314606741573
"walking","Mean.IMP.M",5,"Calibration",0.0175218594348314
"walking","05.IMP",5,"AUC",0.549390500210172
"walking","05.IMP",5,"Brier",0.224319307384967
"walking","05.IMP",5,"Misclassification",0.342696629213483
"walking","05.IMP",5,"Calibration",0.00662348701234569
"walking","05.IMP.M",5,"AUC",0.549390500210172
"walking","05.IMP.M",5,"Brier",0.224319307384967
"walking","05.IMP.M",5,"Misclassification",0.342696629213483
"walking","05.IMP.M",5,"Calibration",0.00662348701234569
"walking","PbP",5,"AUC",0.62442202606137
"walking","PbP",5,"Brier",0.211032993134734
"walking","PbP",5,"Misclassification",0.359550561797753
"walking","PbP",5,"Calibration",0.0151528433220003
"walking","SAEM",6,"AUC",0.5
"walking","SAEM",6,"Brier",0.221981126120439
"walking","SAEM",6,"Misclassification",0.331460674157303
"walking","SAEM",6,"Calibration",NA
"walking","MICE.10.IMP",6,"AUC",0.568508759435978
"walking","MICE.10.IMP",6,"Brier",0.218986482786754
"walking","MICE.10.IMP",6,"Misclassification",0.337078651685393
"walking","MICE.10.IMP",6,"Calibration",0.01488511994327
"walking","MICE.10.Y.M.IMP",6,"AUC",0.580188007406352
"walking","MICE.10.Y.M.IMP",6,"Brier",0.216442367001034
"walking","MICE.10.Y.M.IMP",6,"Misclassification",0.337078651685393
"walking","MICE.10.Y.M.IMP",6,"Calibration",0.00974822921412463
"walking","MICE.RF.10.IMP",6,"AUC",0.574490813274462
"walking","MICE.RF.10.IMP",6,"Brier",0.2180975171194
"walking","MICE.RF.10.IMP",6,"Misclassification",0.342696629213483
"walking","MICE.RF.10.IMP",6,"Calibration",0.00992544488692182
"walking","MICE.RF.10.Y.M.IMP",6,"AUC",0.577837914826948
"walking","MICE.RF.10.Y.M.IMP",6,"Brier",0.217227519349892
"walking","MICE.RF.10.Y.M.IMP",6,"Misclassification",0.337078651685393
"walking","MICE.RF.10.Y.M.IMP",6,"Calibration",0.00975413900852418
"walking","MICE.10.IMP.M",6,"AUC",0.585030622418459
"walking","MICE.10.IMP.M",6,"Brier",0.219271316266162
"walking","MICE.10.IMP.M",6,"Misclassification",0.348314606741573
"walking","MICE.10.IMP.M",6,"Calibration",0.0129823969898005
"walking","MICE.10.Y.M.IMP.M",6,"AUC",0.573351374448084
"walking","MICE.10.Y.M.IMP.M",6,"Brier",0.220625764315546
"walking","MICE.10.Y.M.IMP.M",6,"Misclassification",0.337078651685393
"walking","MICE.10.Y.M.IMP.M",6,"Calibration",0.0112666394888606
"walking","MICE.RF.10.IMP.M",6,"AUC",0.56630109670987
"walking","MICE.RF.10.IMP.M",6,"Brier",0.221296240716989
"walking","MICE.RF.10.IMP.M",6,"Misclassification",0.337078651685393
"walking","MICE.RF.10.IMP.M",6,"Calibration",0.0127059922072457
"walking","MICE.RF.10.Y.M.IMP.M",6,"AUC",0.57199829084176
"walking","MICE.RF.10.Y.M.IMP.M",6,"Brier",0.220044948897173
"walking","MICE.RF.10.Y.M.IMP.M",6,"Misclassification",0.348314606741573
"walking","MICE.RF.10.Y.M.IMP.M",6,"Calibration",0.0116551269942753
"walking","Mean.IMP",6,"AUC",0.5751317476143
"walking","Mean.IMP",6,"Brier",0.217597856405957
"walking","Mean.IMP",6,"Misclassification",0.337078651685393
"walking","Mean.IMP",6,"Calibration",0.0129742609003395
"walking","Mean.IMP.M",6,"AUC",0.572496795328301
"walking","Mean.IMP.M",6,"Brier",0.220039498404845
"walking","Mean.IMP.M",6,"Misclassification",0.342696629213483
"walking","Mean.IMP.M",6,"Calibration",0.0135137379225209
"walking","05.IMP",6,"AUC",0.48810710724968
"walking","05.IMP",6,"Brier",0.225274468369205
"walking","05.IMP",6,"Misclassification",0.331460674157303
"walking","05.IMP",6,"Calibration",0.00560937954483229
"walking","05.IMP.M",6,"AUC",0.48810710724968
"walking","05.IMP.M",6,"Brier",0.225274468369205
"walking","05.IMP.M",6,"Misclassification",0.331460674157303
"walking","05.IMP.M",6,"Calibration",0.00560937954483229
"walking","PbP",6,"AUC",0.575060532687651
"walking","PbP",6,"Brier",0.217203944724967
"walking","PbP",6,"Misclassification",0.331460674157303
"walking","PbP",6,"Calibration",0.0105367349081844
"walking","SAEM",7,"AUC",0.5
"walking","SAEM",7,"Brier",0.226993514076505
"walking","SAEM",7,"Misclassification",0.348314606741573
"walking","SAEM",7,"Calibration",NA
"walking","MICE.10.IMP",7,"AUC",0.597191323692992
"walking","MICE.10.IMP",7,"Brier",0.220270008783645
"walking","MICE.10.IMP",7,"Misclassification",0.348314606741573
"walking","MICE.10.IMP",7,"Calibration",0.00856378225533841
"walking","MICE.10.Y.M.IMP",7,"AUC",0.618117352614016
"walking","MICE.10.Y.M.IMP",7,"Brier",0.21878284195548
"walking","MICE.10.Y.M.IMP",7,"Misclassification",0.359550561797753
"walking","MICE.10.Y.M.IMP",7,"Calibration",0.00898562322400026
"walking","MICE.RF.10.IMP",7,"AUC",0.637583426028921
"walking","MICE.RF.10.IMP",7,"Brier",0.216688628176584
"walking","MICE.RF.10.IMP",7,"Misclassification",0.348314606741573
"walking","MICE.RF.10.IMP",7,"Calibration",0.0118632829742911
"walking","MICE.RF.10.Y.M.IMP",7,"AUC",0.612208008898776
"walking","MICE.RF.10.Y.M.IMP",7,"Brier",0.21834913436288
"walking","MICE.RF.10.Y.M.IMP",7,"Misclassification",0.342696629213483
"walking","MICE.RF.10.Y.M.IMP",7,"Calibration",0.0109533681187987
"walking","MICE.10.IMP.M",7,"AUC",0.613320355951057
"walking","MICE.10.IMP.M",7,"Brier",0.218834260944053
"walking","MICE.10.IMP.M",7,"Misclassification",0.348314606741573
"walking","MICE.10.IMP.M",7,"Calibration",0.00679569992559828
"walking","MICE.10.Y.M.IMP.M",7,"AUC",0.611165183537264
"walking","MICE.10.Y.M.IMP.M",7,"Brier",0.219288054453774
"walking","MICE.10.Y.M.IMP.M",7,"Misclassification",0.353932584269663
"walking","MICE.10.Y.M.IMP.M",7,"Calibration",0.00958601076296642
"walking","MICE.RF.10.IMP.M",7,"AUC",0.619438264738598
"walking","MICE.RF.10.IMP.M",7,"Brier",0.218110314599103
"walking","MICE.RF.10.IMP.M",7,"Misclassification",0.348314606741573
"walking","MICE.RF.10.IMP.M",7,"Calibration",0.00665893093540626
"walking","MICE.RF.10.Y.M.IMP.M",7,"AUC",0.614293659621802
"walking","MICE.RF.10.Y.M.IMP.M",7,"Brier",0.218423323974129
"walking","MICE.RF.10.Y.M.IMP.M",7,"Misclassification",0.342696629213483
"walking","MICE.RF.10.Y.M.IMP.M",7,"Calibration",0.00793469348007256
"walking","Mean.IMP",7,"AUC",0.620481090100111
"walking","Mean.IMP",7,"Brier",0.217623452299997
"walking","Mean.IMP",7,"Misclassification",0.348314606741573
"walking","Mean.IMP",7,"Calibration",0.00939275163351322
"walking","Mean.IMP.M",7,"AUC",0.622149610678532
"walking","Mean.IMP.M",7,"Brier",0.217417126250873
"walking","Mean.IMP.M",7,"Misclassification",0.348314606741573
"walking","Mean.IMP.M",7,"Calibration",0.00947404074897729
"walking","05.IMP",7,"AUC",0.556729699666296
"walking","05.IMP",7,"Brier",0.22404371822976
"walking","05.IMP",7,"Misclassification",0.348314606741573
"walking","05.IMP",7,"Calibration",0.00624356074129365
"walking","05.IMP.M",7,"AUC",0.556729699666296
"walking","05.IMP.M",7,"Brier",0.22404371822976
"walking","05.IMP.M",7,"Misclassification",0.348314606741573
"walking","05.IMP.M",7,"Calibration",0.00624356074129365
"walking","PbP",7,"AUC",0.578629032258065
"walking","PbP",7,"Brier",0.221102295037135
"walking","PbP",7,"Misclassification",0.365168539325843
"walking","PbP",7,"Calibration",0.00885579440716167
"walking","SAEM",8,"AUC",0.5
"walking","SAEM",8,"Brier",0.225287211210706
"walking","SAEM",8,"Misclassification",0.342696629213483
"walking","SAEM",8,"Calibration",NA
"walking","MICE.10.IMP",8,"AUC",0.633389379291019
"walking","MICE.10.IMP",8,"Brier",0.214721239967471
"walking","MICE.10.IMP",8,"Misclassification",0.342696629213483
"walking","MICE.10.IMP",8,"Calibration",0.0100101732212721
"walking","MICE.10.Y.M.IMP",8,"AUC",0.615454672831722
"walking","MICE.10.Y.M.IMP",8,"Brier",0.215336748644065
"walking","MICE.10.Y.M.IMP",8,"Misclassification",0.342696629213483
"walking","MICE.10.Y.M.IMP",8,"Calibration",0.0101201531120765
"walking","MICE.RF.10.IMP",8,"AUC",0.634930643127364
"walking","MICE.RF.10.IMP",8,"Brier",0.213103644705323
"walking","MICE.RF.10.IMP",8,"Misclassification",0.342696629213483
"walking","MICE.RF.10.IMP",8,"Calibration",0.00919310455882777
"walking","MICE.RF.10.Y.M.IMP",8,"AUC",0.650063051702396
"walking","MICE.RF.10.Y.M.IMP",8,"Brier",0.21177116384895
"walking","MICE.RF.10.Y.M.IMP",8,"Misclassification",0.342696629213483
"walking","MICE.RF.10.Y.M.IMP",8,"Calibration",0.0104144248482503
"walking","MICE.10.IMP.M",8,"AUC",0.638223343141376
"walking","MICE.10.IMP.M",8,"Brier",0.213658222475031
"walking","MICE.10.IMP.M",8,"Misclassification",0.342696629213483
"walking","MICE.10.IMP.M",8,"Calibration",0.00924645776914834
"walking","MICE.10.Y.M.IMP.M",8,"AUC",0.618537200504414
"walking","MICE.10.Y.M.IMP.M",8,"Brier",0.21571426492836
"walking","MICE.10.Y.M.IMP.M",8,"Misclassification",0.342696629213483
"walking","MICE.10.Y.M.IMP.M",8,"Calibration",0.0119143273503325
"walking","MICE.RF.10.IMP.M",8,"AUC",0.642636962309094
"walking","MICE.RF.10.IMP.M",8,"Brier",0.213070761082479
"walking","MICE.RF.10.IMP.M",8,"Misclassification",0.342696629213483
"walking","MICE.RF.10.IMP.M",8,"Calibration",0.0128926152582655
"walking","MICE.RF.10.Y.M.IMP.M",8,"AUC",0.632128345243099
"walking","MICE.RF.10.Y.M.IMP.M",8,"Brier",0.21290631784035
"walking","MICE.RF.10.Y.M.IMP.M",8,"Misclassification",0.342696629213483
"walking","MICE.RF.10.Y.M.IMP.M",8,"Calibration",0.010698694213347
"walking","Mean.IMP",8,"AUC",0.64312736443884
"walking","Mean.IMP",8,"Brier",0.212399579797304
"walking","Mean.IMP",8,"Misclassification",0.342696629213483
"walking","Mean.IMP",8,"Calibration",0.0114913340599882
"walking","Mean.IMP.M",8,"AUC",0.641235813366961
"walking","Mean.IMP.M",8,"Brier",0.212298196270032
"walking","Mean.IMP.M",8,"Misclassification",0.342696629213483
"walking","Mean.IMP.M",8,"Calibration",0.011662913789332
"walking","05.IMP",8,"AUC",0.54154406613423
"walking","05.IMP",8,"Brier",0.223976376440936
"walking","05.IMP",8,"Misclassification",0.342696629213483
"walking","05.IMP",8,"Calibration",0.0102736279694516
"walking","05.IMP.M",8,"AUC",0.54154406613423
"walking","05.IMP.M",8,"Brier",0.223976376440936
"walking","05.IMP.M",8,"Misclassification",0.342696629213483
"walking","05.IMP.M",8,"Calibration",0.0102736279694516
"walking","PbP",8,"AUC",0.573980664144599
"walking","PbP",8,"Brier",0.22079916364116
"walking","PbP",8,"Misclassification",0.337078651685393
"walking","PbP",8,"Calibration",0.00908273018915359
"walking","SAEM",9,"AUC",0.5
"walking","SAEM",9,"Brier",0.221981126120439
"walking","SAEM",9,"Misclassification",0.331460674157303
"walking","SAEM",9,"Calibration",NA
"walking","MICE.10.IMP",9,"AUC",0.636946303945307
"walking","MICE.10.IMP",9,"Brier",0.21259747825792
"walking","MICE.10.IMP",9,"Misclassification",0.342696629213483
"walking","MICE.10.IMP",9,"Calibration",0.0102296824848096
"walking","MICE.10.Y.M.IMP",9,"AUC",0.611308930351802
"walking","MICE.10.Y.M.IMP",9,"Brier",0.214601522832813
"walking","MICE.10.Y.M.IMP",9,"Misclassification",0.370786516853933
"walking","MICE.10.Y.M.IMP",9,"Calibration",0.00994264041677212
"walking","MICE.RF.10.IMP",9,"AUC",0.656387978920382
"walking","MICE.RF.10.IMP",9,"Brier",0.209347725057165
"walking","MICE.RF.10.IMP",9,"Misclassification",0.337078651685393
"walking","MICE.RF.10.IMP",9,"Calibration",0.0103323599263469
"walking","MICE.RF.10.Y.M.IMP",9,"AUC",0.641147984617576
"walking","MICE.RF.10.Y.M.IMP",9,"Brier",0.210623560375237
"walking","MICE.RF.10.Y.M.IMP",9,"Misclassification",0.337078651685393
"walking","MICE.RF.10.Y.M.IMP",9,"Calibration",0.00800367359860957
"walking","MICE.10.IMP.M",9,"AUC",0.665361059678109
"walking","MICE.10.IMP.M",9,"Brier",0.208994847327551
"walking","MICE.10.IMP.M",9,"Misclassification",0.337078651685393
"walking","MICE.10.IMP.M",9,"Calibration",0.0139306092567267
"walking","MICE.10.Y.M.IMP.M",9,"AUC",0.619569861843042
"walking","MICE.10.Y.M.IMP.M",9,"Brier",0.2131666682398
"walking","MICE.10.Y.M.IMP.M",9,"Misclassification",0.348314606741573
"walking","MICE.10.Y.M.IMP.M",9,"Calibration",0.00963763180912988
"walking","MICE.RF.10.IMP.M",9,"AUC",0.648625551915681
"walking","MICE.RF.10.IMP.M",9,"Brier",0.210203368696169
"walking","MICE.RF.10.IMP.M",9,"Misclassification",0.337078651685393
"walking","MICE.RF.10.IMP.M",9,"Calibration",0.00959691457456324
"walking","MICE.RF.10.Y.M.IMP.M",9,"AUC",0.654465175900869
"walking","MICE.RF.10.Y.M.IMP.M",9,"Brier",0.209110829282015
"walking","MICE.RF.10.Y.M.IMP.M",9,"Misclassification",0.337078651685393
"walking","MICE.RF.10.Y.M.IMP.M",9,"Calibration",0.0109706223847005
"walking","Mean.IMP",9,"AUC",0.646346674262925
"walking","Mean.IMP",9,"Brier",0.209473301601906
"walking","Mean.IMP",9,"Misclassification",0.342696629213483
"walking","Mean.IMP",9,"Calibration",0.00844410029865736
"walking","Mean.IMP.M",9,"AUC",0.651331719128329
"walking","Mean.IMP.M",9,"Brier",0.20872683469616
"walking","Mean.IMP.M",9,"Misclassification",0.353932584269663
"walking","Mean.IMP.M",9,"Calibration",0.00892077309234576
"walking","05.IMP",9,"AUC",0.572710440108247
"walking","05.IMP",9,"Brier",0.218124955484699
"walking","05.IMP",9,"Misclassification",0.331460674157303
"walking","05.IMP",9,"Calibration",0.0109680181976615
"walking","05.IMP.M",9,"AUC",0.572710440108247
"walking","05.IMP.M",9,"Brier",0.218124955484699
"walking","05.IMP.M",9,"Misclassification",0.331460674157303
"walking","05.IMP.M",9,"Calibration",0.0109680181976615
"walking","PbP",9,"AUC",0.619997151402934
"walking","PbP",9,"Brier",0.213416786635082
"walking","PbP",9,"Misclassification",0.359550561797753
"walking","PbP",9,"Calibration",0.0102416945345776
"walking","SAEM",10,"AUC",0.5
"walking","SAEM",10,"Brier",0.220381343895973
"walking","SAEM",10,"Misclassification",0.325842696629214
"walking","SAEM",10,"Calibration",NA
"walking","MICE.10.IMP",10,"AUC",0.595689655172414
"walking","MICE.10.IMP",10,"Brier",0.213466352618399
"walking","MICE.10.IMP",10,"Misclassification",0.331460674157303
"walking","MICE.10.IMP",10,"Calibration",0.00876356291727814
"walking","MICE.10.Y.M.IMP",10,"AUC",0.592169540229885
"walking","MICE.10.Y.M.IMP",10,"Brier",0.214744835270972
"walking","MICE.10.Y.M.IMP",10,"Misclassification",0.331460674157303
"walking","MICE.10.Y.M.IMP",10,"Calibration",0.00979896800990654
"walking","MICE.RF.10.IMP",10,"AUC",0.608117816091954
"walking","MICE.RF.10.IMP",10,"Brier",0.212506880253424
"walking","MICE.RF.10.IMP",10,"Misclassification",0.325842696629214
"walking","MICE.RF.10.IMP",10,"Calibration",0.00710208826232056
"walking","MICE.RF.10.Y.M.IMP",10,"AUC",0.607399425287356
"walking","MICE.RF.10.Y.M.IMP",10,"Brier",0.213341342630834
"walking","MICE.RF.10.Y.M.IMP",10,"Misclassification",0.331460674157303
"walking","MICE.RF.10.Y.M.IMP",10,"Calibration",0.00990509401657438
"walking","MICE.10.IMP.M",10,"AUC",0.60632183908046
"walking","MICE.10.IMP.M",10,"Brier",0.212334259390639
"walking","MICE.10.IMP.M",10,"Misclassification",0.331460674157303
"walking","MICE.10.IMP.M",10,"Calibration",0.00732169582039541
"walking","MICE.10.Y.M.IMP.M",10,"AUC",0.614727011494253
"walking","MICE.10.Y.M.IMP.M",10,"Brier",0.212411481940664
"walking","MICE.10.Y.M.IMP.M",10,"Misclassification",0.331460674157303
"walking","MICE.10.Y.M.IMP.M",10,"Calibration",0.0107260927753018
"walking","MICE.RF.10.IMP.M",10,"AUC",0.619540229885058
"walking","MICE.RF.10.IMP.M",10,"Brier",0.21175306844686
"walking","MICE.RF.10.IMP.M",10,"Misclassification",0.325842696629214
"walking","MICE.RF.10.IMP.M",10,"Calibration",0.0081410291859832
"walking","MICE.RF.10.Y.M.IMP.M",10,"AUC",0.625933908045977
"walking","MICE.RF.10.Y.M.IMP.M",10,"Brier",0.210658161049731
"walking","MICE.RF.10.Y.M.IMP.M",10,"Misclassification",0.325842696629214
"walking","MICE.RF.10.Y.M.IMP.M",10,"Calibration",0.00992853487066636
"walking","Mean.IMP",10,"AUC",0.602011494252874
"walking","Mean.IMP",10,"Brier",0.214163666138535
"walking","Mean.IMP",10,"Misclassification",0.331460674157303
"walking","Mean.IMP",10,"Calibration",0.00965702265717233
"walking","Mean.IMP.M",10,"AUC",0.60625
"walking","Mean.IMP.M",10,"Brier",0.213309605748246
"walking","Mean.IMP.M",10,"Misclassification",0.331460674157303
"walking","Mean.IMP.M",10,"Calibration",0.00957028950893007
"walking","05.IMP",10,"AUC",0.603951149425287
"walking","05.IMP",10,"Brier",0.216335218645068
"walking","05.IMP",10,"Misclassification",0.325842696629214
"walking","05.IMP",10,"Calibration",0.016110839106233
"walking","05.IMP.M",10,"AUC",0.603951149425287
"walking","05.IMP.M",10,"Brier",0.216335218645068
"walking","05.IMP.M",10,"Misclassification",0.325842696629214
"walking","05.IMP.M",10,"Calibration",0.016110839106233
"walking","PbP",10,"AUC",0.486709770114943
"walking","PbP",10,"Brier",0.226725889716082
"walking","PbP",10,"Misclassification",0.382022471910112
"walking","PbP",10,"Calibration",0.013932646602841
"walking","SAEM",11,"AUC",0.5
"walking","SAEM",11,"Brier",0.22873532382275
"walking","SAEM",11,"Misclassification",0.353932584269663
"walking","SAEM",11,"Calibration",NA
"walking","MICE.10.IMP",11,"AUC",0.583298826777088
"walking","MICE.10.IMP",11,"Brier",0.223298913277227
"walking","MICE.10.IMP",11,"Misclassification",0.353932584269663
"walking","MICE.10.IMP",11,"Calibration",0.00987392432707923
"walking","MICE.10.Y.M.IMP",11,"AUC",0.589579020013803
"walking","MICE.10.Y.M.IMP",11,"Brier",0.222263379398936
"walking","MICE.10.Y.M.IMP",11,"Misclassification",0.353932584269663
"walking","MICE.10.Y.M.IMP",11,"Calibration",0.00907713886386557
"walking","MICE.RF.10.IMP",11,"AUC",0.594893029675638
"walking","MICE.RF.10.IMP",11,"Brier",0.221018551245164
"walking","MICE.RF.10.IMP",11,"Misclassification",0.348314606741573
"walking","MICE.RF.10.IMP",11,"Calibration",0.0100845726145563
"walking","MICE.RF.10.Y.M.IMP",11,"AUC",0.591787439613527
"walking","MICE.RF.10.Y.M.IMP",11,"Brier",0.221697307012155
"walking","MICE.RF.10.Y.M.IMP",11,"Misclassification",0.353932584269663
"walking","MICE.RF.10.Y.M.IMP",11,"Calibration",0.00908340531056404
"walking","MICE.10.IMP.M",11,"AUC",0.587784679089027
"walking","MICE.10.IMP.M",11,"Brier",0.224356804386926
"walking","MICE.10.IMP.M",11,"Misclassification",0.348314606741573
"walking","MICE.10.IMP.M",11,"Calibration",0.0109912451646252
"walking","MICE.10.Y.M.IMP.M",11,"AUC",0.5783988957902
"walking","MICE.10.Y.M.IMP.M",11,"Brier",0.22612054422103
"walking","MICE.10.Y.M.IMP.M",11,"Misclassification",0.359550561797753
"walking","MICE.10.Y.M.IMP.M",11,"Calibration",0.0108094274351945
"walking","MICE.RF.10.IMP.M",11,"AUC",0.59496204278813
"walking","MICE.RF.10.IMP.M",11,"Brier",0.222900310584998
"walking","MICE.RF.10.IMP.M",11,"Misclassification",0.353932584269663
"walking","MICE.RF.10.IMP.M",11,"Calibration",0.00844695292223865
"walking","MICE.RF.10.Y.M.IMP.M",11,"AUC",0.580469289164941
"walking","MICE.RF.10.Y.M.IMP.M",11,"Brier",0.225040857942032
"walking","MICE.RF.10.Y.M.IMP.M",11,"Misclassification",0.353932584269663
"walking","MICE.RF.10.Y.M.IMP.M",11,"Calibration",0.0123886302402343
"walking","Mean.IMP",11,"AUC",0.588888888888889
"walking","Mean.IMP",11,"Brier",0.221997882210681
"walking","Mean.IMP",11,"Misclassification",0.348314606741573
"walking","Mean.IMP",11,"Calibration",0.0109194734555582
"walking","Mean.IMP.M",11,"AUC",0.584610075914424
"walking","Mean.IMP.M",11,"Brier",0.224219567670544
"walking","Mean.IMP.M",11,"Misclassification",0.353932584269663
"walking","Mean.IMP.M",11,"Calibration",0.0115284666367462
"walking","05.IMP",11,"AUC",0.518702553485162
"walking","05.IMP",11,"Brier",0.230283187729341
"walking","05.IMP",11,"Misclassification",0.353932584269663
"walking","05.IMP",11,"Calibration",0.00790892571123761
"walking","05.IMP.M",11,"AUC",0.518702553485162
"walking","05.IMP.M",11,"Brier",0.230283187729341
"walking","05.IMP.M",11,"Misclassification",0.353932584269663
"walking","05.IMP.M",11,"Calibration",0.00790892571123761
"walking","PbP",11,"AUC",0.580124223602485
"walking","PbP",11,"Brier",0.223190188414121
"walking","PbP",11,"Misclassification",0.359550561797753
"walking","PbP",11,"Calibration",0.0127017175249993
"walking","SAEM",12,"AUC",0.5
"walking","SAEM",12,"Brier",0.22873532382275
"walking","SAEM",12,"Misclassification",0.353932584269663
"walking","SAEM",12,"Calibration",NA
"walking","MICE.10.IMP",12,"AUC",0.540855762594893
"walking","MICE.10.IMP",12,"Brier",0.231879924757868
"walking","MICE.10.IMP",12,"Misclassification",0.382022471910112
"walking","MICE.10.IMP",12,"Calibration",0.0105288663281574
"walking","MICE.10.Y.M.IMP",12,"AUC",0.476190476190476
"walking","MICE.10.Y.M.IMP",12,"Brier",0.235612989882631
"walking","MICE.10.Y.M.IMP",12,"Misclassification",0.398876404494382
"walking","MICE.10.Y.M.IMP",12,"Calibration",0.0152479429445501
"walking","MICE.RF.10.IMP",12,"AUC",0.463146997929607
"walking","MICE.RF.10.IMP",12,"Brier",0.232470494493423
"walking","MICE.RF.10.IMP",12,"Misclassification",0.382022471910112
"walking","MICE.RF.10.IMP",12,"Calibration",0.0127539399805199
"walking","MICE.RF.10.Y.M.IMP",12,"AUC",0.476811594202899
"walking","MICE.RF.10.Y.M.IMP",12,"Brier",0.234501189502782
"walking","MICE.RF.10.Y.M.IMP",12,"Misclassification",0.387640449438202
"walking","MICE.RF.10.Y.M.IMP",12,"Calibration",0.0134159389231493
"walking","MICE.10.IMP.M",12,"AUC",0.53871635610766
"walking","MICE.10.IMP.M",12,"Brier",0.231824065946589
"walking","MICE.10.IMP.M",12,"Misclassification",0.382022471910112
"walking","MICE.10.IMP.M",12,"Calibration",0.0104514117378252
"walking","MICE.10.Y.M.IMP.M",12,"AUC",0.53015873015873
"walking","MICE.10.Y.M.IMP.M",12,"Brier",0.235128608723549
"walking","MICE.10.Y.M.IMP.M",12,"Misclassification",0.398876404494382
"walking","MICE.10.Y.M.IMP.M",12,"Calibration",0.015314512638986
"walking","MICE.RF.10.IMP.M",12,"AUC",0.544858523119393
"walking","MICE.RF.10.IMP.M",12,"Brier",0.230838752951331
"walking","MICE.RF.10.IMP.M",12,"Misclassification",0.382022471910112
"walking","MICE.RF.10.IMP.M",12,"Calibration",0.00955381405237993
"walking","MICE.RF.10.Y.M.IMP.M",12,"AUC",0.527329192546584
"walking","MICE.RF.10.Y.M.IMP.M",12,"Brier",0.233275276089142
"walking","MICE.RF.10.Y.M.IMP.M",12,"Misclassification",0.382022471910112
"walking","MICE.RF.10.Y.M.IMP.M",12,"Calibration",0.0128275557108204
"walking","Mean.IMP",12,"AUC",0.529882677708765
"walking","Mean.IMP",12,"Brier",0.233801700011283
"walking","Mean.IMP",12,"Misclassification",0.398876404494382
"walking","Mean.IMP",12,"Calibration",0.0126334487868517
"walking","Mean.IMP.M",12,"AUC",0.530572808833678
"walking","Mean.IMP.M",12,"Brier",0.233555944293394
"walking","Mean.IMP.M",12,"Misclassification",0.393258426966292
"walking","Mean.IMP.M",12,"Calibration",0.012354954272179
"walking","05.IMP",12,"AUC",0.538509316770186
"walking","05.IMP",12,"Brier",0.227387466980024
"walking","05.IMP",12,"Misclassification",0.353932584269663
"walking","05.IMP",12,"Calibration",0.00642077807641894
"walking","05.IMP.M",12,"AUC",0.538509316770186
"walking","05.IMP.M",12,"Brier",0.227387466980024
"walking","05.IMP.M",12,"Misclassification",0.353932584269663
"walking","05.IMP.M",12,"Calibration",0.00642077807641894
"walking","PbP",12,"AUC",0.519530710835059
"walking","PbP",12,"Brier",0.236367679872878
"walking","PbP",12,"Misclassification",0.410112359550562
"walking","PbP",12,"Calibration",0.0134078984117747
"walking","SAEM",13,"AUC",0.5
"walking","SAEM",13,"Brier",0.220381343895973
"walking","SAEM",13,"Misclassification",0.325842696629214
"walking","SAEM",13,"Calibration",NA
"walking","MICE.10.IMP",13,"AUC",0.566379310344828
"walking","MICE.10.IMP",13,"Brier",0.218849960735588
"walking","MICE.10.IMP",13,"Misclassification",0.325842696629214
"walking","MICE.10.IMP",13,"Calibration",0.0121756869060744
"walking","MICE.10.Y.M.IMP",13,"AUC",0.576795977011494
"walking","MICE.10.Y.M.IMP",13,"Brier",0.219315070772718
"walking","MICE.10.Y.M.IMP",13,"Misclassification",0.331460674157303
"walking","MICE.10.Y.M.IMP",13,"Calibration",0.00975016879208537
"walking","MICE.RF.10.IMP",13,"AUC",0.569037356321839
"walking","MICE.RF.10.IMP",13,"Brier",0.218024099025091
"walking","MICE.RF.10.IMP",13,"Misclassification",0.331460674157303
"walking","MICE.RF.10.IMP",13,"Calibration",0.0077251117562564
"walking","MICE.RF.10.Y.M.IMP",13,"AUC",0.569109195402299
"walking","MICE.RF.10.Y.M.IMP",13,"Brier",0.218751442110183
"walking","MICE.RF.10.Y.M.IMP",13,"Misclassification",0.331460674157303
"walking","MICE.RF.10.Y.M.IMP",13,"Calibration",0.0122327505890219
"walking","MICE.10.IMP.M",13,"AUC",0.554310344827586
"walking","MICE.10.IMP.M",13,"Brier",0.220269709835749
"walking","MICE.10.IMP.M",13,"Misclassification",0.320224719101124
"walking","MICE.10.IMP.M",13,"Calibration",0.0112390845621465
"walking","MICE.10.Y.M.IMP.M",13,"AUC",0.576652298850575
"walking","MICE.10.Y.M.IMP.M",13,"Brier",0.220182257402156
"walking","MICE.10.Y.M.IMP.M",13,"Misclassification",0.331460674157303
"walking","MICE.10.Y.M.IMP.M",13,"Calibration",0.0107254886195443
"walking","MICE.RF.10.IMP.M",13,"AUC",0.573347701149425
"walking","MICE.RF.10.IMP.M",13,"Brier",0.218042894232283
"walking","MICE.RF.10.IMP.M",13,"Misclassification",0.325842696629214
"walking","MICE.RF.10.IMP.M",13,"Calibration",0.00993622892138765
"walking","MICE.RF.10.Y.M.IMP.M",13,"AUC",0.564511494252874
"walking","MICE.RF.10.Y.M.IMP.M",13,"Brier",0.219306042533007
"walking","MICE.RF.10.Y.M.IMP.M",13,"Misclassification",0.331460674157303
"walking","MICE.RF.10.Y.M.IMP.M",13,"Calibration",0.0102185746367556
"walking","Mean.IMP",13,"AUC",0.576508620689655
"walking","Mean.IMP",13,"Brier",0.218364721228254
"walking","Mean.IMP",13,"Misclassification",0.331460674157303
"walking","Mean.IMP",13,"Calibration",0.00960129639576141
"walking","Mean.IMP.M",13,"AUC",0.57507183908046
"walking","Mean.IMP.M",13,"Brier",0.218867145073863
"walking","Mean.IMP.M",13,"Misclassification",0.331460674157303
"walking","Mean.IMP.M",13,"Calibration",0.0110873151066143
"walking","05.IMP",13,"AUC",0.501939655172414
"walking","05.IMP",13,"Brier",0.222329511141818
"walking","05.IMP",13,"Misclassification",0.325842696629214
"walking","05.IMP",13,"Calibration",0.00538902075906689
"walking","05.IMP.M",13,"AUC",0.501939655172414
"walking","05.IMP.M",13,"Brier",0.222329511141818
"walking","05.IMP.M",13,"Misclassification",0.325842696629214
"walking","05.IMP.M",13,"Calibration",0.00538902075906689
"walking","PbP",13,"AUC",0.567025862068966
"walking","PbP",13,"Brier",0.220844788246513
"walking","PbP",13,"Misclassification",0.325842696629214
"walking","PbP",13,"Calibration",0.0108586753819754
"walking","SAEM",14,"AUC",0.5
"walking","SAEM",14,"Brier",0.22361641522535
"walking","SAEM",14,"Misclassification",0.337078651685393
"walking","SAEM",14,"Calibration",NA
"walking","MICE.10.IMP",14,"AUC",0.465254237288136
"walking","MICE.10.IMP",14,"Brier",0.226118797568649
"walking","MICE.10.IMP",14,"Misclassification",0.342696629213483
"walking","MICE.10.IMP",14,"Calibration",0.0099550661782852
"walking","MICE.10.Y.M.IMP",14,"AUC",0.473234463276836
"walking","MICE.10.Y.M.IMP",14,"Brier",0.228758595251664
"walking","MICE.10.Y.M.IMP",14,"Misclassification",0.342696629213483
"walking","MICE.10.Y.M.IMP",14,"Calibration",0.0103482585034008
"walking","MICE.RF.10.IMP",14,"AUC",0.466172316384181
"walking","MICE.RF.10.IMP",14,"Brier",0.226264963881171
"walking","MICE.RF.10.IMP",14,"Misclassification",0.337078651685393
"walking","MICE.RF.10.IMP",14,"Calibration",0.00976023247658592
"walking","MICE.RF.10.Y.M.IMP",14,"AUC",0.544067796610169
"walking","MICE.RF.10.Y.M.IMP",14,"Brier",0.224550244379473
"walking","MICE.RF.10.Y.M.IMP",14,"Misclassification",0.353932584269663
"walking","MICE.RF.10.Y.M.IMP",14,"Calibration",0.010963350788144
"walking","MICE.10.IMP.M",14,"AUC",0.536723163841808
"walking","MICE.10.IMP.M",14,"Brier",0.225084327276878
"walking","MICE.10.IMP.M",14,"Misclassification",0.342696629213483
"walking","MICE.10.IMP.M",14,"Calibration",0.00904362640471645
"walking","MICE.10.Y.M.IMP.M",14,"AUC",0.559110169491525
"walking","MICE.10.Y.M.IMP.M",14,"Brier",0.224450793005385
"walking","MICE.10.Y.M.IMP.M",14,"Misclassification",0.348314606741573
"walking","MICE.10.Y.M.IMP.M",14,"Calibration",0.00768509147844765
"walking","MICE.RF.10.IMP.M",14,"AUC",0.53933615819209
"walking","MICE.RF.10.IMP.M",14,"Brier",0.224961882643602
"walking","MICE.RF.10.IMP.M",14,"Misclassification",0.348314606741573
"walking","MICE.RF.10.IMP.M",14,"Calibration",0.00934302162228395
"walking","MICE.RF.10.Y.M.IMP.M",14,"AUC",0.541031073446328
"walking","MICE.RF.10.Y.M.IMP.M",14,"Brier",0.225012478127247
"walking","MICE.RF.10.Y.M.IMP.M",14,"Misclassification",0.348314606741573
"walking","MICE.RF.10.Y.M.IMP.M",14,"Calibration",0.0114331240158373
"walking","Mean.IMP",14,"AUC",0.530225988700565
"walking","Mean.IMP",14,"Brier",0.226632027112907
"walking","Mean.IMP",14,"Misclassification",0.342696629213483
"walking","Mean.IMP",14,"Calibration",0.009578184128119
"walking","Mean.IMP.M",14,"AUC",0.538206214689266
"walking","Mean.IMP.M",14,"Brier",0.225640058615076
"walking","Mean.IMP.M",14,"Misclassification",0.342696629213483
"walking","Mean.IMP.M",14,"Calibration",0.00947809643365652
"walking","05.IMP",14,"AUC",0.566666666666667
"walking","05.IMP",14,"Brier",0.232289894675447
"walking","05.IMP",14,"Misclassification",0.337078651685393
"walking","05.IMP",14,"Calibration",0.0125790680923969
"walking","05.IMP.M",14,"AUC",0.566666666666667
"walking","05.IMP.M",14,"Brier",0.232289894675447
"walking","05.IMP.M",14,"Misclassification",0.337078651685393
"walking","05.IMP.M",14,"Calibration",0.0125790680923969
"walking","PbP",14,"AUC",0.51024011299435
"walking","PbP",14,"Brier",0.230645112266283
"walking","PbP",14,"Misclassification",0.331460674157303
"walking","PbP",14,"Calibration",0.0133656663621896
"walking","SAEM",15,"AUC",0.5
"walking","SAEM",15,"Brier",0.217288300088373
"walking","SAEM",15,"Misclassification",0.314606741573034
"walking","SAEM",15,"Calibration",NA
"walking","MICE.10.IMP",15,"AUC",0.579844847775176
"walking","MICE.10.IMP",15,"Brier",0.213177863130541
"walking","MICE.10.IMP",15,"Misclassification",0.337078651685393
"walking","MICE.10.IMP",15,"Calibration",0.00882498339063537
"walking","MICE.10.Y.M.IMP",15,"AUC",0.605093676814988
"walking","MICE.10.Y.M.IMP",15,"Brier",0.21290359911839
"walking","MICE.10.Y.M.IMP",15,"Misclassification",0.353932584269663
"walking","MICE.10.Y.M.IMP",15,"Calibration",0.0106750542758332
"walking","MICE.RF.10.IMP",15,"AUC",0.594774590163934
"walking","MICE.RF.10.IMP",15,"Brier",0.211489772325066
"walking","MICE.RF.10.IMP",15,"Misclassification",0.348314606741573
"walking","MICE.RF.10.IMP",15,"Calibration",0.011026160507914
"walking","MICE.RF.10.Y.M.IMP",15,"AUC",0.587090163934426
"walking","MICE.RF.10.Y.M.IMP",15,"Brier",0.212436667316768
"walking","MICE.RF.10.Y.M.IMP",15,"Misclassification",0.348314606741573
"walking","MICE.RF.10.Y.M.IMP",15,"Calibration",0.0105840535065661
"walking","MICE.10.IMP.M",15,"AUC",0.588114754098361
"walking","MICE.10.IMP.M",15,"Brier",0.21283568763329
"walking","MICE.10.IMP.M",15,"Misclassification",0.353932584269663
"walking","MICE.10.IMP.M",15,"Calibration",0.0119007767264686
"walking","MICE.10.Y.M.IMP.M",15,"AUC",0.566305620608899
"walking","MICE.10.Y.M.IMP.M",15,"Brier",0.216127682070482
"walking","MICE.10.Y.M.IMP.M",15,"Misclassification",0.353932584269663
"walking","MICE.10.Y.M.IMP.M",15,"Calibration",0.017648730576251
"walking","MICE.RF.10.IMP.M",15,"AUC",0.595433255269321
"walking","MICE.RF.10.IMP.M",15,"Brier",0.212245704092368
"walking","MICE.RF.10.IMP.M",15,"Misclassification",0.348314606741573
"walking","MICE.RF.10.IMP.M",15,"Calibration",0.0105593419784911
"walking","MICE.RF.10.Y.M.IMP.M",15,"AUC",0.596896955503513
"walking","MICE.RF.10.Y.M.IMP.M",15,"Brier",0.210788994965507
"walking","MICE.RF.10.Y.M.IMP.M",15,"Misclassification",0.353932584269663
"walking","MICE.RF.10.Y.M.IMP.M",15,"Calibration",0.0100842837492638
"walking","Mean.IMP",15,"AUC",0.599019320843091
"walking","Mean.IMP",15,"Brier",0.211759615001441
"walking","Mean.IMP",15,"Misclassification",0.359550561797753
"walking","Mean.IMP",15,"Calibration",0.0146476326531727
"walking","Mean.IMP.M",15,"AUC",0.598214285714286
"walking","Mean.IMP.M",15,"Brier",0.211586300004773
"walking","Mean.IMP.M",15,"Misclassification",0.359550561797753
"walking","Mean.IMP.M",15,"Calibration",0.0129982284891876
"walking","05.IMP",15,"AUC",0.523126463700234
"walking","05.IMP",15,"Brier",0.216923276427052
"walking","05.IMP",15,"Misclassification",0.314606741573034
"walking","05.IMP",15,"Calibration",0.0123699403194088
"walking","05.IMP.M",15,"AUC",0.523126463700234
"walking","05.IMP.M",15,"Brier",0.216923276427052
"walking","05.IMP.M",15,"Misclassification",0.314606741573034
"walking","05.IMP.M",15,"Calibration",0.0123699403194088
"walking","PbP",15,"AUC",0.551229508196721
"walking","PbP",15,"Brier",0.216856536526805
"walking","PbP",15,"Misclassification",0.359550561797753
"walking","PbP",15,"Calibration",0.0157970622931732
"airquality","SAEM",1,"AUC",0.791666666666667
"airquality","SAEM",1,"Brier",0.187647997779991
"airquality","SAEM",1,"Misclassification",0.3
"airquality","SAEM",1,"Calibration",0.040028950160943
"airquality","MICE.10.IMP",1,"AUC",0.847222222222222
"airquality","MICE.10.IMP",1,"Brier",0.168925051062798
"airquality","MICE.10.IMP",1,"Misclassification",0.2
"airquality","MICE.10.IMP",1,"Calibration",0.0390837812215285
"airquality","MICE.10.Y.M.IMP",1,"AUC",0.777777777777778
"airquality","MICE.10.Y.M.IMP",1,"Brier",0.185687984392578
"airquality","MICE.10.Y.M.IMP",1,"Misclassification",0.266666666666667
"airquality","MICE.10.Y.M.IMP",1,"Calibration",0.0384657621703558
"airquality","MICE.RF.10.IMP",1,"AUC",0.814814814814815
"airquality","MICE.RF.10.IMP",1,"Brier",0.176988007728155
"airquality","MICE.RF.10.IMP",1,"Misclassification",0.233333333333333
"airquality","MICE.RF.10.IMP",1,"Calibration",0.0380991188392658
"airquality","MICE.RF.10.Y.M.IMP",1,"AUC",0.824074074074074
"airquality","MICE.RF.10.Y.M.IMP",1,"Brier",0.174476792959671
"airquality","MICE.RF.10.Y.M.IMP",1,"Misclassification",0.2
"airquality","MICE.RF.10.Y.M.IMP",1,"Calibration",0.0421355231184007
"airquality","MICE.10.IMP.M",1,"AUC",0.805555555555556
"airquality","MICE.10.IMP.M",1,"Brier",0.177604893089361
"airquality","MICE.10.IMP.M",1,"Misclassification",0.3
"airquality","MICE.10.IMP.M",1,"Calibration",0.0317715597560278
"airquality","MICE.10.Y.M.IMP.M",1,"AUC",0.763888888888889
"airquality","MICE.10.Y.M.IMP.M",1,"Brier",0.189329880164755
"airquality","MICE.10.Y.M.IMP.M",1,"Misclassification",0.333333333333333
"airquality","MICE.10.Y.M.IMP.M",1,"Calibration",0.027107657942533
"airquality","MICE.RF.10.IMP.M",1,"AUC",0.787037037037037
"airquality","MICE.RF.10.IMP.M",1,"Brier",0.188191607066773
"airquality","MICE.RF.10.IMP.M",1,"Misclassification",0.3
"airquality","MICE.RF.10.IMP.M",1,"Calibration",0.0375505814257478
"airquality","MICE.RF.10.Y.M.IMP.M",1,"AUC",0.773148148148148
"airquality","MICE.RF.10.Y.M.IMP.M",1,"Brier",0.184214002192848
"airquality","MICE.RF.10.Y.M.IMP.M",1,"Misclassification",0.3
"airquality","MICE.RF.10.Y.M.IMP.M",1,"Calibration",0.024293367272213
"airquality","Mean.IMP",1,"AUC",0.731481481481482
"airquality","Mean.IMP",1,"Brier",0.201574374782494
"airquality","Mean.IMP",1,"Misclassification",0.366666666666667
"airquality","Mean.IMP",1,"Calibration",0.0437965970047161
"airquality","Mean.IMP.M",1,"AUC",0.708333333333333
"airquality","Mean.IMP.M",1,"Brier",0.207940637495074
"airquality","Mean.IMP.M",1,"Misclassification",0.366666666666667
"airquality","Mean.IMP.M",1,"Calibration",0.0431258226802588
"airquality","05.IMP",1,"AUC",0.902777777777778
"airquality","05.IMP",1,"Brier",0.150525026453008
"airquality","05.IMP",1,"Misclassification",0.233333333333333
"airquality","05.IMP",1,"Calibration",0.0705250264530077
"airquality","05.IMP.M",1,"AUC",0.708333333333333
"airquality","05.IMP.M",1,"Brier",0.207940637495074
"airquality","05.IMP.M",1,"Misclassification",0.366666666666667
"airquality","05.IMP.M",1,"Calibration",0.0431258226802589
"airquality","PbP",1,"AUC",0.768518518518518
"airquality","PbP",1,"Brier",0.187929280151908
"airquality","PbP",1,"Misclassification",0.333333333333333
"airquality","PbP",1,"Calibration",0.0285642007868285
"airquality","SAEM",2,"AUC",0.675
"airquality","SAEM",2,"Brier",0.225003141644849
"airquality","SAEM",2,"Misclassification",0.366666666666667
"airquality","SAEM",2,"Calibration",0.0573560828213199
"airquality","MICE.10.IMP",2,"AUC",0.6
"airquality","MICE.10.IMP",2,"Brier",0.2402510627596
"airquality","MICE.10.IMP",2,"Misclassification",0.433333333333333
"airquality","MICE.10.IMP",2,"Calibration",0.0596955072040444
"airquality","MICE.10.Y.M.IMP",2,"AUC",0.65
"airquality","MICE.10.Y.M.IMP",2,"Brier",0.232749482870077
"airquality","MICE.10.Y.M.IMP",2,"Misclassification",0.466666666666667
"airquality","MICE.10.Y.M.IMP",2,"Calibration",0.0736585737791675
"airquality","MICE.RF.10.IMP",2,"AUC",0.635
"airquality","MICE.RF.10.IMP",2,"Brier",0.234363033115891
"airquality","MICE.RF.10.IMP",2,"Misclassification",0.433333333333333
"airquality","MICE.RF.10.IMP",2,"Calibration",0.0752721240249818
"airquality","MICE.RF.10.Y.M.IMP",2,"AUC",0.675
"airquality","MICE.RF.10.Y.M.IMP",2,"Brier",0.226002640956031
"airquality","MICE.RF.10.Y.M.IMP",2,"Misclassification",0.4
"airquality","MICE.RF.10.Y.M.IMP",2,"Calibration",0.0628208227742126
"airquality","MICE.10.IMP.M",2,"AUC",0.49
"airquality","MICE.10.IMP.M",2,"Brier",0.279606188472166
"airquality","MICE.10.IMP.M",2,"Misclassification",0.533333333333333
"airquality","MICE.10.IMP.M",2,"Calibration",0.072463331329309
"airquality","MICE.10.Y.M.IMP.M",2,"AUC",0.56
"airquality","MICE.10.Y.M.IMP.M",2,"Brier",0.272325335563276
"airquality","MICE.10.Y.M.IMP.M",2,"Misclassification",0.433333333333333
"airquality","MICE.10.Y.M.IMP.M",2,"Calibration",0.0764278996658401
"airquality","MICE.RF.10.IMP.M",2,"AUC",0.465
"airquality","MICE.RF.10.IMP.M",2,"Brier",0.28215952160688
"airquality","MICE.RF.10.IMP.M",2,"Misclassification",0.5
"airquality","MICE.RF.10.IMP.M",2,"Calibration",0.0703269097742678
"airquality","MICE.RF.10.Y.M.IMP.M",2,"AUC",0.42
"airquality","MICE.RF.10.Y.M.IMP.M",2,"Brier",0.26882836096505
"airquality","MICE.RF.10.Y.M.IMP.M",2,"Misclassification",0.433333333333333
"airquality","MICE.RF.10.Y.M.IMP.M",2,"Calibration",0.0698336519703409
"airquality","Mean.IMP",2,"AUC",0.68
"airquality","Mean.IMP",2,"Brier",0.228332103426063
"airquality","Mean.IMP",2,"Misclassification",0.4
"airquality","Mean.IMP",2,"Calibration",0.0689670240609835
"airquality","Mean.IMP.M",2,"AUC",0.415
"airquality","Mean.IMP.M",2,"Brier",0.28273616417065
"airquality","Mean.IMP.M",2,"Misclassification",0.5
"airquality","Mean.IMP.M",2,"Calibration",0.11473616417065
"airquality","05.IMP",2,"AUC",0.455
"airquality","05.IMP",2,"Brier",0.285691503700791
"airquality","05.IMP",2,"Misclassification",0.533333333333333
"airquality","05.IMP",2,"Calibration",0.103747059256346
"airquality","05.IMP.M",2,"AUC",0.415
"airquality","05.IMP.M",2,"Brier",0.28273616417065
"airquality","05.IMP.M",2,"Misclassification",0.5
"airquality","05.IMP.M",2,"Calibration",0.11473616417065
"airquality","PbP",2,"AUC",0.57
"airquality","PbP",2,"Brier",0.315536079996766
"airquality","PbP",2,"Misclassification",0.5
"airquality","PbP",2,"Calibration",0.115536079996766
"airquality","SAEM",3,"AUC",0.692307692307692
"airquality","SAEM",3,"Brier",0.233127696061663
"airquality","SAEM",3,"Misclassification",0.4
"airquality","SAEM",3,"Calibration",0.0545081674421342
"airquality","MICE.10.IMP",3,"AUC",0.669683257918552
"airquality","MICE.10.IMP",3,"Brier",0.22433849936159
"airquality","MICE.10.IMP",3,"Misclassification",0.3
"airquality","MICE.10.IMP",3,"Calibration",0.0419310919541829
"airquality","MICE.10.Y.M.IMP",3,"AUC",0.692307692307692
"airquality","MICE.10.Y.M.IMP",3,"Brier",0.229629253260056
"airquality","MICE.10.Y.M.IMP",3,"Misclassification",0.333333333333333
"airquality","MICE.10.Y.M.IMP",3,"Calibration",0.047464751095554
"airquality","MICE.RF.10.IMP",3,"AUC",0.683257918552036
"airquality","MICE.RF.10.IMP",3,"Brier",0.224631341593129
"airquality","MICE.RF.10.IMP",3,"Misclassification",0.3
"airquality","MICE.RF.10.IMP",3,"Calibration",0.0409011828629705
"airquality","MICE.RF.10.Y.M.IMP",3,"AUC",0.67420814479638
"airquality","MICE.RF.10.Y.M.IMP",3,"Brier",0.231311355393673
"airquality","MICE.RF.10.Y.M.IMP",3,"Misclassification",0.333333333333333
"airquality","MICE.RF.10.Y.M.IMP",3,"Calibration",0.0567659008482187
"airquality","MICE.10.IMP.M",3,"AUC",0.683257918552036
"airquality","MICE.10.IMP.M",3,"Brier",0.228680272748027
"airquality","MICE.10.IMP.M",3,"Misclassification",0.366666666666667
"airquality","MICE.10.IMP.M",3,"Calibration",0.047727891795646
"airquality","MICE.10.Y.M.IMP.M",3,"AUC",0.69683257918552
"airquality","MICE.10.Y.M.IMP.M",3,"Brier",0.234252440459175
"airquality","MICE.10.Y.M.IMP.M",3,"Misclassification",0.366666666666667
"airquality","MICE.10.Y.M.IMP.M",3,"Calibration",0.0488989051056398
"airquality","MICE.RF.10.IMP.M",3,"AUC",0.67420814479638
"airquality","MICE.RF.10.IMP.M",3,"Brier",0.230947007366956
"airquality","MICE.RF.10.IMP.M",3,"Misclassification",0.366666666666667
"airquality","MICE.RF.10.IMP.M",3,"Calibration",0.0466612930812415
"airquality","MICE.RF.10.Y.M.IMP.M",3,"AUC",0.67420814479638
"airquality","MICE.RF.10.Y.M.IMP.M",3,"Brier",0.239101923316735
"airquality","MICE.RF.10.Y.M.IMP.M",3,"Misclassification",0.333333333333333
"airquality","MICE.RF.10.Y.M.IMP.M",3,"Calibration",0.0507421349569462
"airquality","Mean.IMP",3,"AUC",0.65158371040724
"airquality","Mean.IMP",3,"Brier",0.245530479153693
"airquality","Mean.IMP",3,"Misclassification",0.3
"airquality","Mean.IMP",3,"Calibration",0.0562997099229236
"airquality","Mean.IMP.M",3,"AUC",0.633484162895928
"airquality","Mean.IMP.M",3,"Brier",0.268970707679171
"airquality","Mean.IMP.M",3,"Misclassification",0.4
"airquality","Mean.IMP.M",3,"Calibration",0.0613949501034133
"airquality","05.IMP",3,"AUC",0.606334841628959
"airquality","05.IMP",3,"Brier",0.267778176025253
"airquality","05.IMP",3,"Misclassification",0.5
"airquality","05.IMP",3,"Calibration",0.067778176025253
"airquality","05.IMP.M",3,"AUC",0.633484162895928
"airquality","05.IMP.M",3,"Brier",0.268970707679171
"airquality","05.IMP.M",3,"Misclassification",0.4
"airquality","05.IMP.M",3,"Calibration",0.0613949501034133
"airquality","PbP",3,"AUC",0.610859728506787
"airquality","PbP",3,"Brier",0.275022811307121
"airquality","PbP",3,"Misclassification",0.433333333333333
"airquality","PbP",3,"Calibration",0.0706368463948402
"airquality","SAEM",4,"AUC",0.808035714285714
"airquality","SAEM",4,"Brier",0.202954262253982
"airquality","SAEM",4,"Misclassification",0.333333333333333
"airquality","SAEM",4,"Calibration",0.0696209289206484
"airquality","MICE.10.IMP",4,"AUC",0.821428571428571
"airquality","MICE.10.IMP",4,"Brier",0.193845277281649
"airquality","MICE.10.IMP",4,"Misclassification",0.333333333333333
"airquality","MICE.10.IMP",4,"Calibration",0.0571786106149823
"airquality","MICE.10.Y.M.IMP",4,"AUC",0.803571428571429
"airquality","MICE.10.Y.M.IMP",4,"Brier",0.19815097392108
"airquality","MICE.10.Y.M.IMP",4,"Misclassification",0.3
"airquality","MICE.10.Y.M.IMP",4,"Calibration",0.05815097392108
"airquality","MICE.RF.10.IMP",4,"AUC",0.830357142857143
"airquality","MICE.RF.10.IMP",4,"Brier",0.194724126595325
"airquality","MICE.RF.10.IMP",4,"Misclassification",0.333333333333333
"airquality","MICE.RF.10.IMP",4,"Calibration",0.0648539967251956
"airquality","MICE.RF.10.Y.M.IMP",4,"AUC",0.834821428571429
"airquality","MICE.RF.10.Y.M.IMP",4,"Brier",0.191708038127087
"airquality","MICE.RF.10.Y.M.IMP",4,"Misclassification",0.3
"airquality","MICE.RF.10.Y.M.IMP",4,"Calibration",0.0634252098442591
"airquality","MICE.10.IMP.M",4,"AUC",0.825892857142857
"airquality","MICE.10.IMP.M",4,"Brier",0.194834325168871
"airquality","MICE.10.IMP.M",4,"Misclassification",0.3
"airquality","MICE.10.IMP.M",4,"Calibration",0.0679112482457943
"airquality","MICE.10.Y.M.IMP.M",4,"AUC",0.816964285714286
"airquality","MICE.10.Y.M.IMP.M",4,"Brier",0.202919375622588
"airquality","MICE.10.Y.M.IMP.M",4,"Misclassification",0.333333333333333
"airquality","MICE.10.Y.M.IMP.M",4,"Calibration",0.0743479470511592
"airquality","MICE.RF.10.IMP.M",4,"AUC",0.839285714285714
"airquality","MICE.RF.10.IMP.M",4,"Brier",0.191278792542109
"airquality","MICE.RF.10.IMP.M",4,"Misclassification",0.333333333333333
"airquality","MICE.RF.10.IMP.M",4,"Calibration",0.068551519814836
"airquality","MICE.RF.10.Y.M.IMP.M",4,"AUC",0.834821428571429
"airquality","MICE.RF.10.Y.M.IMP.M",4,"Brier",0.196089226116194
"airquality","MICE.RF.10.Y.M.IMP.M",4,"Misclassification",0.333333333333333
"airquality","MICE.RF.10.Y.M.IMP.M",4,"Calibration",0.0710892261161941
"airquality","Mean.IMP",4,"AUC",0.808035714285714
"airquality","Mean.IMP",4,"Brier",0.199014058788588
"airquality","Mean.IMP",4,"Misclassification",0.333333333333333
"airquality","Mean.IMP",4,"Calibration",0.0598687596432886
"airquality","Mean.IMP.M",4,"AUC",0.825892857142857
"airquality","Mean.IMP.M",4,"Brier",0.194179941718377
"airquality","Mean.IMP.M",4,"Misclassification",0.333333333333333
"airquality","Mean.IMP.M",4,"Calibration",0.071164068702504
"airquality","05.IMP",4,"AUC",0.848214285714286
"airquality","05.IMP",4,"Brier",0.187468412358331
"airquality","05.IMP",4,"Misclassification",0.333333333333333
"airquality","05.IMP",4,"Calibration",0.0838969837869029
"airquality","05.IMP.M",4,"AUC",0.825892857142857
"airquality","05.IMP.M",4,"Brier",0.194179941718377
"airquality","05.IMP.M",4,"Misclassification",0.333333333333333
"airquality","05.IMP.M",4,"Calibration",0.071164068702504
"airquality","PbP",4,"AUC",0.794642857142857
"airquality","PbP",4,"Brier",0.228948239786626
"airquality","PbP",4,"Misclassification",0.366666666666667
"airquality","PbP",4,"Calibration",0.104765233250678
"airquality","SAEM",5,"AUC",0.66
"airquality","SAEM",5,"Brier",0.248703634103082
"airquality","SAEM",5,"Misclassification",0.466666666666667
"airquality","SAEM",5,"Calibration",0.0691203007697483
"airquality","MICE.10.IMP",5,"AUC",0.65
"airquality","MICE.10.IMP",5,"Brier",0.250062122894892
"airquality","MICE.10.IMP",5,"Misclassification",0.433333333333333
"airquality","MICE.10.IMP",5,"Calibration",0.0734748213075907
"airquality","MICE.10.Y.M.IMP",5,"AUC",0.63
"airquality","MICE.10.Y.M.IMP",5,"Brier",0.259221891453691
"airquality","MICE.10.Y.M.IMP",5,"Misclassification",0.433333333333333
"airquality","MICE.10.Y.M.IMP",5,"Calibration",0.071657788889588
"airquality","MICE.RF.10.IMP",5,"AUC",0.655
"airquality","MICE.RF.10.IMP",5,"Brier",0.247950940436286
"airquality","MICE.RF.10.IMP",5,"Misclassification",0.4
"airquality","MICE.RF.10.IMP",5,"Calibration",0.0835064959918418
"airquality","MICE.RF.10.Y.M.IMP",5,"AUC",0.675
"airquality","MICE.RF.10.Y.M.IMP",5,"Brier",0.242233753488011
"airquality","MICE.RF.10.Y.M.IMP",5,"Misclassification",0.366666666666667
"airquality","MICE.RF.10.Y.M.IMP",5,"Calibration",0.069669650923908
"airquality","MICE.10.IMP.M",5,"AUC",0.705
"airquality","MICE.10.IMP.M",5,"Brier",0.23712368716179
"airquality","MICE.10.IMP.M",5,"Misclassification",0.333333333333333
"airquality","MICE.10.IMP.M",5,"Calibration",0.0793459093840125
"airquality","MICE.10.Y.M.IMP.M",5,"AUC",0.685
"airquality","MICE.10.Y.M.IMP.M",5,"Brier",0.246181190671825
"airquality","MICE.10.Y.M.IMP.M",5,"Misclassification",0.4
"airquality","MICE.10.Y.M.IMP.M",5,"Calibration",0.0684034128940475
"airquality","MICE.RF.10.IMP.M",5,"AUC",0.675
"airquality","MICE.RF.10.IMP.M",5,"Brier",0.243717995656786
"airquality","MICE.RF.10.IMP.M",5,"Misclassification",0.366666666666667
"airquality","MICE.RF.10.IMP.M",5,"Calibration",0.075283652222443
"airquality","MICE.RF.10.Y.M.IMP.M",5,"AUC",0.69
"airquality","MICE.RF.10.Y.M.IMP.M",5,"Brier",0.233190099600588
"airquality","MICE.RF.10.Y.M.IMP.M",5,"Misclassification",0.366666666666667
"airquality","MICE.RF.10.Y.M.IMP.M",5,"Calibration",0.0667371081475966
"airquality","Mean.IMP",5,"AUC",0.66
"airquality","Mean.IMP",5,"Brier",0.239033429503053
"airquality","Mean.IMP",5,"Misclassification",0.4
"airquality","Mean.IMP",5,"Calibration",0.07070009616972
"airquality","Mean.IMP.M",5,"AUC",0.68
"airquality","Mean.IMP.M",5,"Brier",0.231735494447041
"airquality","Mean.IMP.M",5,"Misclassification",0.4
"airquality","Mean.IMP.M",5,"Calibration",0.0621448511721874
"airquality","05.IMP",5,"AUC",0.745
"airquality","05.IMP",5,"Brier",0.223019705880633
"airquality","05.IMP",5,"Misclassification",0.333333333333333
"airquality","05.IMP",5,"Calibration",0.0689456318065587
"airquality","05.IMP.M",5,"AUC",0.68
"airquality","05.IMP.M",5,"Brier",0.231735494447041
"airquality","05.IMP.M",5,"Misclassification",0.4
"airquality","05.IMP.M",5,"Calibration",0.0621448511721874
"airquality","PbP",5,"AUC",0.7
"airquality","PbP",5,"Brier",0.237756754076349
"airquality","PbP",5,"Misclassification",0.366666666666667
"airquality","PbP",5,"Calibration",0.0849789762985712
"airquality","SAEM",6,"AUC",0.675925925925926
"airquality","SAEM",6,"Brier",0.243163845530664
"airquality","SAEM",6,"Misclassification",0.4
"airquality","SAEM",6,"Calibration",0.0479257502925687
"airquality","MICE.10.IMP",6,"AUC",0.657407407407407
"airquality","MICE.10.IMP",6,"Brier",0.254693976688279
"airquality","MICE.10.IMP",6,"Misclassification",0.466666666666667
"airquality","MICE.10.IMP",6,"Calibration",0.059455881450184
"airquality","MICE.10.Y.M.IMP",6,"AUC",0.689814814814815
"airquality","MICE.10.Y.M.IMP",6,"Brier",0.251615978568612
"airquality","MICE.10.Y.M.IMP",6,"Misclassification",0.466666666666667
"airquality","MICE.10.Y.M.IMP",6,"Calibration",0.0773302642828977
"airquality","MICE.RF.10.IMP",6,"AUC",0.699074074074074
"airquality","MICE.RF.10.IMP",6,"Brier",0.240294302996536
"airquality","MICE.RF.10.IMP",6,"Misclassification",0.433333333333333
"airquality","MICE.RF.10.IMP",6,"Calibration",0.0672784299806629
"airquality","MICE.RF.10.Y.M.IMP",6,"AUC",0.694444444444444
"airquality","MICE.RF.10.Y.M.IMP",6,"Brier",0.244264999578387
"airquality","MICE.RF.10.Y.M.IMP",6,"Misclassification",0.433333333333333
"airquality","MICE.RF.10.Y.M.IMP",6,"Calibration",0.0674792852926726
"airquality","MICE.10.IMP.M",6,"AUC",0.638888888888889
"airquality","MICE.10.IMP.M",6,"Brier",0.252182645776712
"airquality","MICE.10.IMP.M",6,"Misclassification",0.466666666666667
"airquality","MICE.10.IMP.M",6,"Calibration",0.0571826457767116
"airquality","MICE.10.Y.M.IMP.M",6,"AUC",0.680555555555556
"airquality","MICE.10.Y.M.IMP.M",6,"Brier",0.251070445407264
"airquality","MICE.10.Y.M.IMP.M",6,"Misclassification",0.433333333333333
"airquality","MICE.10.Y.M.IMP.M",6,"Calibration",0.0701180644548828
"airquality","MICE.RF.10.IMP.M",6,"AUC",0.652777777777778
"airquality","MICE.RF.10.IMP.M",6,"Brier",0.243489687957591
"airquality","MICE.RF.10.IMP.M",6,"Misclassification",0.4
"airquality","MICE.RF.10.IMP.M",6,"Calibration",0.0710843155522188
"airquality","MICE.RF.10.Y.M.IMP.M",6,"AUC",0.666666666666667
"airquality","MICE.RF.10.Y.M.IMP.M",6,"Brier",0.247471960782358
"airquality","MICE.RF.10.Y.M.IMP.M",6,"Misclassification",0.433333333333333
"airquality","MICE.RF.10.Y.M.IMP.M",6,"Calibration",0.0736624369728346
"airquality","Mean.IMP",6,"AUC",0.736111111111111
"airquality","Mean.IMP",6,"Brier",0.22611065159321
"airquality","Mean.IMP",6,"Misclassification",0.3
"airquality","Mean.IMP",6,"Calibration",0.0561106515932095
"airquality","Mean.IMP.M",6,"AUC",0.722222222222222
"airquality","Mean.IMP.M",6,"Brier",0.22636993399975
"airquality","Mean.IMP.M",6,"Misclassification",0.433333333333333
"airquality","Mean.IMP.M",6,"Calibration",0.0534069710367869
"airquality","05.IMP",6,"AUC",0.680555555555555
"airquality","05.IMP",6,"Brier",0.239660309448277
"airquality","05.IMP",6,"Misclassification",0.4
"airquality","05.IMP",6,"Calibration",0.0548388808768484
"airquality","05.IMP.M",6,"AUC",0.722222222222222
"airquality","05.IMP.M",6,"Brier",0.22636993399975
"airquality","05.IMP.M",6,"Misclassification",0.433333333333333
"airquality","05.IMP.M",6,"Calibration",0.0534069710367869
"airquality","PbP",6,"AUC",0.712962962962963
"airquality","PbP",6,"Brier",0.239005613081019
"airquality","PbP",6,"Misclassification",0.466666666666667
"airquality","PbP",6,"Calibration",0.0919685760439815
"airquality","SAEM",7,"AUC",0.703349282296651
"airquality","SAEM",7,"Brier",0.220489874179218
"airquality","SAEM",7,"Misclassification",0.433333333333333
"airquality","SAEM",7,"Calibration",0.0471565408458847
"airquality","MICE.10.IMP",7,"AUC",0.684210526315789
"airquality","MICE.10.IMP",7,"Brier",0.227696024988128
"airquality","MICE.10.IMP",7,"Misclassification",0.4
"airquality","MICE.10.IMP",7,"Calibration",0.0547793583214615
"airquality","MICE.10.Y.M.IMP",7,"AUC",0.617224880382775
"airquality","MICE.10.Y.M.IMP",7,"Brier",0.247852441485057
"airquality","MICE.10.Y.M.IMP",7,"Misclassification",0.533333333333333
"airquality","MICE.10.Y.M.IMP",7,"Calibration",0.0539635525961686
"airquality","MICE.RF.10.IMP",7,"AUC",0.645933014354067
"airquality","MICE.RF.10.IMP",7,"Brier",0.233922640596252
"airquality","MICE.RF.10.IMP",7,"Misclassification",0.433333333333333
"airquality","MICE.RF.10.IMP",7,"Calibration",0.056667738635468
"airquality","MICE.RF.10.Y.M.IMP",7,"AUC",0.684210526315789
"airquality","MICE.RF.10.Y.M.IMP",7,"Brier",0.219134477943577
"airquality","MICE.RF.10.Y.M.IMP",7,"Misclassification",0.433333333333333
"airquality","MICE.RF.10.Y.M.IMP",7,"Calibration",0.0459863297954289
"airquality","MICE.10.IMP.M",7,"AUC",0.607655502392344
"airquality","MICE.10.IMP.M",7,"Brier",0.249190127438285
"airquality","MICE.10.IMP.M",7,"Misclassification",0.5
"airquality","MICE.10.IMP.M",7,"Calibration",0.0662953905961796
"airquality","MICE.10.Y.M.IMP.M",7,"AUC",0.593301435406699
"airquality","MICE.10.Y.M.IMP.M",7,"Brier",0.250436355964029
"airquality","MICE.10.Y.M.IMP.M",7,"Misclassification",0.5
"airquality","MICE.10.Y.M.IMP.M",7,"Calibration",0.0528173083449811
"airquality","MICE.RF.10.IMP.M",7,"AUC",0.574162679425837
"airquality","MICE.RF.10.IMP.M",7,"Brier",0.249854663230292
"airquality","MICE.RF.10.IMP.M",7,"Misclassification",0.5
"airquality","MICE.RF.10.IMP.M",7,"Calibration",0.0617594251350536
"airquality","MICE.RF.10.Y.M.IMP.M",7,"AUC",0.588516746411483
"airquality","MICE.RF.10.Y.M.IMP.M",7,"Brier",0.254866006377267
"airquality","MICE.RF.10.Y.M.IMP.M",7,"Misclassification",0.533333333333333
"airquality","MICE.RF.10.Y.M.IMP.M",7,"Calibration",0.0612152127264738
"airquality","Mean.IMP",7,"AUC",0.684210526315789
"airquality","Mean.IMP",7,"Brier",0.231610658412312
"airquality","Mean.IMP",7,"Misclassification",0.433333333333333
"airquality","Mean.IMP",7,"Calibration",0.0572058965075498
"airquality","Mean.IMP.M",7,"AUC",0.598086124401914
"airquality","Mean.IMP.M",7,"Brier",0.254110620150322
"airquality","Mean.IMP.M",7,"Misclassification",0.533333333333333
"airquality","Mean.IMP.M",7,"Calibration",0.0636344296741318
"airquality","05.IMP",7,"AUC",0.626794258373206
"airquality","05.IMP",7,"Brier",0.233262053174114
"airquality","05.IMP",7,"Misclassification",0.5
"airquality","05.IMP",7,"Calibration",0.0462250161370773
"airquality","05.IMP.M",7,"AUC",0.598086124401914
"airquality","05.IMP.M",7,"Brier",0.254110620150322
"airquality","05.IMP.M",7,"Misclassification",0.533333333333333
"airquality","05.IMP.M",7,"Calibration",0.0636344296741319
"airquality","PbP",7,"AUC",0.555023923444976
"airquality","PbP",7,"Brier",0.295650783958468
"airquality","PbP",7,"Misclassification",0.5
"airquality","PbP",7,"Calibration",0.0970396728473572
"airquality","SAEM",8,"AUC",0.794258373205742
"airquality","SAEM",8,"Brier",0.183016534171459
"airquality","SAEM",8,"Misclassification",0.3
"airquality","SAEM",8,"Calibration",0.0339424600973849
"airquality","MICE.10.IMP",8,"AUC",0.77511961722488
"airquality","MICE.10.IMP",8,"Brier",0.19112617562254
"airquality","MICE.10.IMP",8,"Misclassification",0.266666666666667
"airquality","MICE.10.IMP",8,"Calibration",0.044324828821193
"airquality","MICE.10.Y.M.IMP",8,"AUC",0.794258373205742
"airquality","MICE.10.Y.M.IMP",8,"Brier",0.181336165850109
"airquality","MICE.10.Y.M.IMP",8,"Misclassification",0.3
"airquality","MICE.10.Y.M.IMP",8,"Calibration",0.0480028325167752
"airquality","MICE.RF.10.IMP",8,"AUC",0.818181818181818
"airquality","MICE.RF.10.IMP",8,"Brier",0.188817012356062
"airquality","MICE.RF.10.IMP",8,"Misclassification",0.233333333333333
"airquality","MICE.RF.10.IMP",8,"Calibration",0.0624281234671731
"airquality","MICE.RF.10.Y.M.IMP",8,"AUC",0.794258373205742
"airquality","MICE.RF.10.Y.M.IMP",8,"Brier",0.191580073790493
"airquality","MICE.RF.10.Y.M.IMP",8,"Misclassification",0.266666666666667
"airquality","MICE.RF.10.Y.M.IMP",8,"Calibration",0.0620346192450388
"airquality","MICE.10.IMP.M",8,"AUC",0.822966507177033
"airquality","MICE.10.IMP.M",8,"Brier",0.182142814909417
"airquality","MICE.10.IMP.M",8,"Misclassification",0.266666666666667
"airquality","MICE.10.IMP.M",8,"Calibration",0.0571428149094174
"airquality","MICE.10.Y.M.IMP.M",8,"AUC",0.789473684210526
"airquality","MICE.10.Y.M.IMP.M",8,"Brier",0.1795205434611
"airquality","MICE.10.Y.M.IMP.M",8,"Misclassification",0.266666666666667
"airquality","MICE.10.Y.M.IMP.M",8,"Calibration",0.038611452552009
"airquality","MICE.RF.10.IMP.M",8,"AUC",0.808612440191388
"airquality","MICE.RF.10.IMP.M",8,"Brier",0.183079961987308
"airquality","MICE.RF.10.IMP.M",8,"Misclassification",0.233333333333333
"airquality","MICE.RF.10.IMP.M",8,"Calibration",0.0464132953206417
"airquality","MICE.RF.10.Y.M.IMP.M",8,"AUC",0.784688995215311
"airquality","MICE.RF.10.Y.M.IMP.M",8,"Brier",0.188482385719529
"airquality","MICE.RF.10.Y.M.IMP.M",8,"Misclassification",0.233333333333333
"airquality","MICE.RF.10.Y.M.IMP.M",8,"Calibration",0.0384823857195292
"airquality","Mean.IMP",8,"AUC",0.813397129186603
"airquality","Mean.IMP",8,"Brier",0.177961783695053
"airquality","Mean.IMP",8,"Misclassification",0.233333333333333
"airquality","Mean.IMP",8,"Calibration",0.0529617836950533
"airquality","Mean.IMP.M",8,"AUC",0.827751196172249
"airquality","Mean.IMP.M",8,"Brier",0.173966036910594
"airquality","Mean.IMP.M",8,"Misclassification",0.233333333333333
"airquality","Mean.IMP.M",8,"Calibration",0.0678762933208505
"airquality","05.IMP",8,"AUC",0.842105263157895
"airquality","05.IMP",8,"Brier",0.170826470221205
"airquality","05.IMP",8,"Misclassification",0.2
"airquality","05.IMP",8,"Calibration",0.0438423432370782
"airquality","05.IMP.M",8,"AUC",0.827751196172249
"airquality","05.IMP.M",8,"Brier",0.173966036910594
"airquality","05.IMP.M",8,"Misclassification",0.233333333333333
"airquality","05.IMP.M",8,"Calibration",0.0678762933208505
"airquality","PbP",8,"AUC",0.760765550239234
"airquality","PbP",8,"Brier",0.190470906554012
"airquality","PbP",8,"Misclassification",0.3
"airquality","PbP",8,"Calibration",0.0302857213688268
"airquality","SAEM",9,"AUC",0.558035714285714
"airquality","SAEM",9,"Brier",0.289118914290629
"airquality","SAEM",9,"Misclassification",0.433333333333333
"airquality","SAEM",9,"Calibration",0.0613411365128508
"airquality","MICE.10.IMP",9,"AUC",0.517857142857143
"airquality","MICE.10.IMP",9,"Brier",0.308963935039924
"airquality","MICE.10.IMP",9,"Misclassification",0.533333333333333
"airquality","MICE.10.IMP",9,"Calibration",0.0774824535584427
"airquality","MICE.10.Y.M.IMP",9,"AUC",0.5
"airquality","MICE.10.Y.M.IMP",9,"Brier",0.307876057001398
"airquality","MICE.10.Y.M.IMP",9,"Misclassification",0.466666666666667
"airquality","MICE.10.Y.M.IMP",9,"Calibration",0.0763742254995664
"airquality","MICE.RF.10.IMP",9,"AUC",0.522321428571429
"airquality","MICE.RF.10.IMP",9,"Brier",0.304508691398654
"airquality","MICE.RF.10.IMP",9,"Misclassification",0.533333333333333
"airquality","MICE.RF.10.IMP",9,"Calibration",0.08014971703968
"airquality","MICE.RF.10.Y.M.IMP",9,"AUC",0.53125
"airquality","MICE.RF.10.Y.M.IMP",9,"Brier",0.296623997325787
"airquality","MICE.RF.10.Y.M.IMP",9,"Misclassification",0.5
"airquality","MICE.RF.10.Y.M.IMP",9,"Calibration",0.0749573306591203
"airquality","MICE.10.IMP.M",9,"AUC",0.504464285714286
"airquality","MICE.10.IMP.M",9,"Brier",0.322186571299299
"airquality","MICE.10.IMP.M",9,"Misclassification",0.5
"airquality","MICE.10.IMP.M",9,"Calibration",0.090705089817818
"airquality","MICE.10.Y.M.IMP.M",9,"AUC",0.486607142857143
"airquality","MICE.10.Y.M.IMP.M",9,"Brier",0.318050965980232
"airquality","MICE.10.Y.M.IMP.M",9,"Misclassification",0.5
"airquality","MICE.10.Y.M.IMP.M",9,"Calibration",0.0841223945516602
"airquality","MICE.RF.10.IMP.M",9,"AUC",0.495535714285714
"airquality","MICE.RF.10.IMP.M",9,"Brier",0.313763768796132
"airquality","MICE.RF.10.IMP.M",9,"Misclassification",0.566666666666667
"airquality","MICE.RF.10.IMP.M",9,"Calibration",0.0823784874108505
"airquality","MICE.RF.10.Y.M.IMP.M",9,"AUC",0.517857142857143
"airquality","MICE.RF.10.Y.M.IMP.M",9,"Brier",0.31093583819509
"airquality","MICE.RF.10.Y.M.IMP.M",9,"Misclassification",0.5
"airquality","MICE.RF.10.Y.M.IMP.M",9,"Calibration",0.0868617641210158
"airquality","Mean.IMP",9,"AUC",0.575892857142857
"airquality","Mean.IMP",9,"Brier",0.285831613408719
"airquality","Mean.IMP",9,"Misclassification",0.433333333333333
"airquality","Mean.IMP",9,"Calibration",0.0647489923260978
"airquality","Mean.IMP.M",9,"AUC",0.549107142857143
"airquality","Mean.IMP.M",9,"Brier",0.296870644541147
"airquality","Mean.IMP.M",9,"Misclassification",0.466666666666667
"airquality","Mean.IMP.M",9,"Calibration",0.0763319240024267
"airquality","05.IMP",9,"AUC",0.5625
"airquality","05.IMP",9,"Brier",0.272758332121511
"airquality","05.IMP",9,"Misclassification",0.5
"airquality","05.IMP",9,"Calibration",0.0510589857162824
"airquality","05.IMP.M",9,"AUC",0.549107142857143
"airquality","05.IMP.M",9,"Brier",0.296870644541147
"airquality","05.IMP.M",9,"Misclassification",0.466666666666667
"airquality","05.IMP.M",9,"Calibration",0.0763319240024267
"airquality","PbP",9,"AUC",0.549107142857143
"airquality","PbP",9,"Brier",0.301640780616346
"airquality","PbP",9,"Misclassification",0.5
"airquality","PbP",9,"Calibration",0.0732479234734893
"airquality","SAEM",10,"AUC",0.626666666666667
"airquality","SAEM",10,"Brier",0.265490364581319
"airquality","SAEM",10,"Misclassification",0.4
"airquality","SAEM",10,"Calibration",0.0611043996690383
"airquality","MICE.10.IMP",10,"AUC",0.413333333333333
"airquality","MICE.10.IMP",10,"Brier",0.283521835823468
"airquality","MICE.10.IMP",10,"Misclassification",0.533333333333333
"airquality","MICE.10.IMP",10,"Calibration",0.0640773913790234
"airquality","MICE.10.Y.M.IMP",10,"AUC",0.595555555555556
"airquality","MICE.10.Y.M.IMP",10,"Brier",0.267175987260223
"airquality","MICE.10.Y.M.IMP",10,"Misclassification",0.4
"airquality","MICE.10.Y.M.IMP",10,"Calibration",0.0549706000548359
"airquality","MICE.RF.10.IMP",10,"AUC",0.422222222222222
"airquality","MICE.RF.10.IMP",10,"Brier",0.290889564273597
"airquality","MICE.RF.10.IMP",10,"Misclassification",0.533333333333333
"airquality","MICE.RF.10.IMP",10,"Calibration",0.0653340087180413
"airquality","MICE.RF.10.Y.M.IMP",10,"AUC",0.431111111111111
"airquality","MICE.RF.10.Y.M.IMP",10,"Brier",0.284523094226832
"airquality","MICE.RF.10.Y.M.IMP",10,"Misclassification",0.466666666666667
"airquality","MICE.RF.10.Y.M.IMP",10,"Calibration",0.0667453164490543
"airquality","MICE.10.IMP.M",10,"AUC",0.417777777777778
"airquality","MICE.10.IMP.M",10,"Brier",0.294697992609895
"airquality","MICE.10.IMP.M",10,"Misclassification",0.533333333333333
"airquality","MICE.10.IMP.M",10,"Calibration",0.0724757703876725
"airquality","MICE.10.Y.M.IMP.M",10,"AUC",0.604444444444444
"airquality","MICE.10.Y.M.IMP.M",10,"Brier",0.280204598902887
"airquality","MICE.10.Y.M.IMP.M",10,"Misclassification",0.466666666666667
"airquality","MICE.10.Y.M.IMP.M",10,"Calibration",0.0679170172035403
"airquality","MICE.RF.10.IMP.M",10,"AUC",0.44
"airquality","MICE.RF.10.IMP.M",10,"Brier",0.298633321666508
"airquality","MICE.RF.10.IMP.M",10,"Misclassification",0.533333333333333
"airquality","MICE.RF.10.IMP.M",10,"Calibration",0.0750222105553967
"airquality","MICE.RF.10.Y.M.IMP.M",10,"AUC",0.431111111111111
"airquality","MICE.RF.10.Y.M.IMP.M",10,"Brier",0.292381743516819
"airquality","MICE.RF.10.Y.M.IMP.M",10,"Misclassification",0.533333333333333
"airquality","MICE.RF.10.Y.M.IMP.M",10,"Calibration",0.0687706324057075
"airquality","Mean.IMP",10,"AUC",0.542222222222222
"airquality","Mean.IMP",10,"Brier",0.295145379316989
"airquality","Mean.IMP",10,"Misclassification",0.433333333333333
"airquality","Mean.IMP",10,"Calibration",0.0760977602693703
"airquality","Mean.IMP.M",10,"AUC",0.431111111111111
"airquality","Mean.IMP.M",10,"Brier",0.300029752413055
"airquality","Mean.IMP.M",10,"Misclassification",0.433333333333333
"airquality","Mean.IMP.M",10,"Calibration",0.0874275398108423
"airquality","05.IMP",10,"AUC",0.457777777777778
"airquality","05.IMP",10,"Brier",0.314650590757544
"airquality","05.IMP",10,"Misclassification",0.533333333333333
"airquality","05.IMP",10,"Calibration",0.0890296757248643
"airquality","05.IMP.M",10,"AUC",0.431111111111111
"airquality","05.IMP.M",10,"Brier",0.300029752413055
"airquality","05.IMP.M",10,"Misclassification",0.433333333333333
"airquality","05.IMP.M",10,"Calibration",0.0874275398108422
"airquality","PbP",10,"AUC",0.471111111111111
"airquality","PbP",10,"Brier",0.305203544938159
"airquality","PbP",10,"Misclassification",0.433333333333333
"airquality","PbP",10,"Calibration",0.0829813227159364
"airquality","SAEM",11,"AUC",0.473214285714286
"airquality","SAEM",11,"Brier",0.294159574650578
"airquality","SAEM",11,"Misclassification",0.433333333333333
"airquality","SAEM",11,"Calibration",0.0597439902349931
"airquality","MICE.10.IMP",11,"AUC",0.558035714285714
"airquality","MICE.10.IMP",11,"Brier",0.307664245897874
"airquality","MICE.10.IMP",11,"Misclassification",0.533333333333333
"airquality","MICE.10.IMP",11,"Calibration",0.0629023411359692
"airquality","MICE.10.Y.M.IMP",11,"AUC",0.477678571428571
"airquality","MICE.10.Y.M.IMP",11,"Brier",0.296629562494733
"airquality","MICE.10.Y.M.IMP",11,"Misclassification",0.466666666666667
"airquality","MICE.10.Y.M.IMP",11,"Calibration",0.0680581339233049
"airquality","MICE.RF.10.IMP",11,"AUC",0.522321428571429
"airquality","MICE.RF.10.IMP",11,"Brier",0.30225329826815
"airquality","MICE.RF.10.IMP",11,"Misclassification",0.533333333333333
"airquality","MICE.RF.10.IMP",11,"Calibration",0.0657148367296884
"airquality","MICE.RF.10.Y.M.IMP",11,"AUC",0.5
"airquality","MICE.RF.10.Y.M.IMP",11,"Brier",0.295009333566039
"airquality","MICE.RF.10.Y.M.IMP",11,"Misclassification",0.466666666666667
"airquality","MICE.RF.10.Y.M.IMP",11,"Calibration",0.0665371113438165
"airquality","MICE.10.IMP.M",11,"AUC",0.53125
"airquality","MICE.10.IMP.M",11,"Brier",0.310066618241452
"airquality","MICE.10.IMP.M",11,"Misclassification",0.5
"airquality","MICE.10.IMP.M",11,"Calibration",0.0674740256488596
"airquality","MICE.10.Y.M.IMP.M",11,"AUC",0.450892857142857
"airquality","MICE.10.Y.M.IMP.M",11,"Brier",0.301055411528422
"airquality","MICE.10.Y.M.IMP.M",11,"Misclassification",0.466666666666667
"airquality","MICE.10.Y.M.IMP.M",11,"Calibration",0.087605119130761
"airquality","MICE.RF.10.IMP.M",11,"AUC",0.553571428571429
"airquality","MICE.RF.10.IMP.M",11,"Brier",0.312908514088355
"airquality","MICE.RF.10.IMP.M",11,"Misclassification",0.5
"airquality","MICE.RF.10.IMP.M",11,"Calibration",0.0692577204375618
"airquality","MICE.RF.10.Y.M.IMP.M",11,"AUC",0.508928571428571
"airquality","MICE.RF.10.Y.M.IMP.M",11,"Brier",0.30532260329282
"airquality","MICE.RF.10.Y.M.IMP.M",11,"Misclassification",0.5
"airquality","MICE.RF.10.Y.M.IMP.M",11,"Calibration",0.0771480001182169
"airquality","Mean.IMP",11,"AUC",0.517857142857143
"airquality","Mean.IMP",11,"Brier",0.296685032826001
"airquality","Mean.IMP",11,"Misclassification",0.433333333333333
"airquality","Mean.IMP",11,"Calibration",0.0707591069000751
"airquality","Mean.IMP.M",11,"AUC",0.513392857142857
"airquality","Mean.IMP.M",11,"Brier",0.297326998686427
"airquality","Mean.IMP.M",11,"Misclassification",0.466666666666667
"airquality","Mean.IMP.M",11,"Calibration",0.0800430480691427
"airquality","05.IMP",11,"AUC",0.517857142857143
"airquality","05.IMP",11,"Brier",0.30637495471652
"airquality","05.IMP",11,"Misclassification",0.533333333333333
"airquality","05.IMP",11,"Calibration",0.0897082880498536
"airquality","05.IMP.M",11,"AUC",0.513392857142857
"airquality","05.IMP.M",11,"Brier",0.297326998686426
"airquality","05.IMP.M",11,"Misclassification",0.466666666666667
"airquality","05.IMP.M",11,"Calibration",0.0800430480691425
"airquality","PbP",11,"AUC",0.433035714285714
"airquality","PbP",11,"Brier",0.282623863950093
"airquality","PbP",11,"Misclassification",0.466666666666667
"airquality","PbP",11,"Calibration",0.0747291271079877
"airquality","SAEM",12,"AUC",0.679425837320574
"airquality","SAEM",12,"Brier",0.217004554891243
"airquality","SAEM",12,"Misclassification",0.333333333333333
"airquality","SAEM",12,"Calibration",0.0385323326690205
"airquality","MICE.10.IMP",12,"AUC",0.679425837320574
"airquality","MICE.10.IMP",12,"Brier",0.221405878813891
"airquality","MICE.10.IMP",12,"Misclassification",0.333333333333333
"airquality","MICE.10.IMP",12,"Calibration",0.0697392121472243
"airquality","MICE.10.Y.M.IMP",12,"AUC",0.679425837320574
"airquality","MICE.10.Y.M.IMP",12,"Brier",0.210712142472576
"airquality","MICE.10.Y.M.IMP",12,"Misclassification",0.3
"airquality","MICE.10.Y.M.IMP",12,"Calibration",0.0346010313614645
"airquality","MICE.RF.10.IMP",12,"AUC",0.655502392344498
"airquality","MICE.RF.10.IMP",12,"Brier",0.222146576171075
"airquality","MICE.RF.10.IMP",12,"Misclassification",0.333333333333333
"airquality","MICE.RF.10.IMP",12,"Calibration",0.0517762058007047
"airquality","MICE.RF.10.Y.M.IMP",12,"AUC",0.674641148325359
"airquality","MICE.RF.10.Y.M.IMP",12,"Brier",0.219272945423407
"airquality","MICE.RF.10.Y.M.IMP",12,"Misclassification",0.333333333333333
"airquality","MICE.RF.10.Y.M.IMP",12,"Calibration",0.047050723201185
"airquality","MICE.10.IMP.M",12,"AUC",0.684210526315789
"airquality","MICE.10.IMP.M",12,"Brier",0.218008235036172
"airquality","MICE.10.IMP.M",12,"Misclassification",0.366666666666667
"airquality","MICE.10.IMP.M",12,"Calibration",0.0643574413853786
"airquality","MICE.10.Y.M.IMP.M",12,"AUC",0.688995215311005
"airquality","MICE.10.Y.M.IMP.M",12,"Brier",0.205123263260009
"airquality","MICE.10.Y.M.IMP.M",12,"Misclassification",0.3
"airquality","MICE.10.Y.M.IMP.M",12,"Calibration",0.0379010410377864
"airquality","MICE.RF.10.IMP.M",12,"AUC",0.684210526315789
"airquality","MICE.RF.10.IMP.M",12,"Brier",0.208509262798471
"airquality","MICE.RF.10.IMP.M",12,"Misclassification",0.333333333333333
"airquality","MICE.RF.10.IMP.M",12,"Calibration",0.0634800230323892
"airquality","MICE.RF.10.Y.M.IMP.M",12,"AUC",0.684210526315789
"airquality","MICE.RF.10.Y.M.IMP.M",12,"Brier",0.212228831882912
"airquality","MICE.RF.10.Y.M.IMP.M",12,"Misclassification",0.266666666666667
"airquality","MICE.RF.10.Y.M.IMP.M",12,"Calibration",0.0446362392903193
"airquality","Mean.IMP",12,"AUC",0.62200956937799
"airquality","Mean.IMP",12,"Brier",0.225166431885389
"airquality","Mean.IMP",12,"Misclassification",0.3
"airquality","Mean.IMP",12,"Calibration",0.0482056475716632
"airquality","Mean.IMP.M",12,"AUC",0.650717703349282
"airquality","Mean.IMP.M",12,"Brier",0.212523509892077
"airquality","Mean.IMP.M",12,"Misclassification",0.333333333333333
"airquality","Mean.IMP.M",12,"Calibration",0.0654220606167143
"airquality","05.IMP",12,"AUC",0.703349282296651
"airquality","05.IMP",12,"Brier",0.212836314496374
"airquality","05.IMP",12,"Misclassification",0.433333333333333
"airquality","05.IMP",12,"Calibration",0.0858521875122471
"airquality","05.IMP.M",12,"AUC",0.650717703349282
"airquality","05.IMP.M",12,"Brier",0.212523509892076
"airquality","05.IMP.M",12,"Misclassification",0.333333333333333
"airquality","05.IMP.M",12,"Calibration",0.0654220606167142
"airquality","PbP",12,"AUC",0.593301435406699
"airquality","PbP",12,"Brier",0.235801944508363
"airquality","PbP",12,"Misclassification",0.333333333333333
"airquality","PbP",12,"Calibration",0.0635797222861408
"airquality","SAEM",13,"AUC",0.388392857142857
"airquality","SAEM",13,"Brier",0.25837847038667
"airquality","SAEM",13,"Misclassification",0.366666666666667
"airquality","SAEM",13,"Calibration",0.08337847038667
"airquality","MICE.10.IMP",13,"AUC",0.665178571428571
"airquality","MICE.10.IMP",13,"Brier",0.235731072423539
"airquality","MICE.10.IMP",13,"Misclassification",0.466666666666667
"airquality","MICE.10.IMP",13,"Calibration",0.0420802787727458
"airquality","MICE.10.Y.M.IMP",13,"AUC",0.633928571428571
"airquality","MICE.10.Y.M.IMP",13,"Brier",0.251719434771457
"airquality","MICE.10.Y.M.IMP",13,"Misclassification",0.366666666666667
"airquality","MICE.10.Y.M.IMP",13,"Calibration",0.0660985197387772
"airquality","MICE.RF.10.IMP",13,"AUC",0.678571428571429
"airquality","MICE.RF.10.IMP",13,"Brier",0.234007707687369
"airquality","MICE.RF.10.IMP",13,"Misclassification",0.5
"airquality","MICE.RF.10.IMP",13,"Calibration",0.0440077076873689
"airquality","MICE.RF.10.Y.M.IMP",13,"AUC",0.642857142857143
"airquality","MICE.RF.10.Y.M.IMP",13,"Brier",0.240684112163287
"airquality","MICE.RF.10.Y.M.IMP",13,"Misclassification",0.466666666666667
"airquality","MICE.RF.10.Y.M.IMP",13,"Calibration",0.0412396677188425
"airquality","MICE.10.IMP.M",13,"AUC",0.669642857142857
"airquality","MICE.10.IMP.M",13,"Brier",0.237547941975886
"airquality","MICE.10.IMP.M",13,"Misclassification",0.4
"airquality","MICE.10.IMP.M",13,"Calibration",0.0444166288445724
"airquality","MICE.10.Y.M.IMP.M",13,"AUC",0.651785714285714
"airquality","MICE.10.Y.M.IMP.M",13,"Brier",0.265482621627091
"airquality","MICE.10.Y.M.IMP.M",13,"Misclassification",0.5
"airquality","MICE.10.Y.M.IMP.M",13,"Calibration",0.100667806812276
"airquality","MICE.RF.10.IMP.M",13,"AUC",0.6875
"airquality","MICE.RF.10.IMP.M",13,"Brier",0.231473408964445
"airquality","MICE.RF.10.IMP.M",13,"Misclassification",0.4
"airquality","MICE.RF.10.IMP.M",13,"Calibration",0.0411956311866671
"airquality","MICE.RF.10.Y.M.IMP.M",13,"AUC",0.65625
"airquality","MICE.RF.10.Y.M.IMP.M",13,"Brier",0.245557054123484
"airquality","MICE.RF.10.Y.M.IMP.M",13,"Misclassification",0.5
"airquality","MICE.RF.10.Y.M.IMP.M",13,"Calibration",0.0502828838493141
"airquality","Mean.IMP",13,"AUC",0.602678571428571
"airquality","Mean.IMP",13,"Brier",0.256603777630984
"airquality","Mean.IMP",13,"Misclassification",0.466666666666667
"airquality","Mean.IMP",13,"Calibration",0.0649371109643177
"airquality","Mean.IMP.M",13,"AUC",0.584821428571429
"airquality","Mean.IMP.M",13,"Brier",0.270511135407185
"airquality","Mean.IMP.M",13,"Misclassification",0.433333333333333
"airquality","Mean.IMP.M",13,"Calibration",0.062935377831427
"airquality","05.IMP",13,"AUC",0.638392857142857
"airquality","05.IMP",13,"Brier",0.254623113400626
"airquality","05.IMP",13,"Misclassification",0.4
"airquality","05.IMP",13,"Calibration",0.0579564467339598
"airquality","05.IMP.M",13,"AUC",0.584821428571429
"airquality","05.IMP.M",13,"Brier",0.270511135407185
"airquality","05.IMP.M",13,"Misclassification",0.433333333333333
"airquality","05.IMP.M",13,"Calibration",0.0629353778314271
"airquality","PbP",13,"AUC",0.625
"airquality","PbP",13,"Brier",0.268449279731536
"airquality","PbP",13,"Misclassification",0.366666666666667
"airquality","PbP",13,"Calibration",0.0674236387058947
"airquality","SAEM",14,"AUC",0.83710407239819
"airquality","SAEM",14,"Brier",0.168789024642566
"airquality","SAEM",14,"Misclassification",0.233333333333333
"airquality","SAEM",14,"Calibration",0.0424927283462695
"airquality","MICE.10.IMP",14,"AUC",0.868778280542986
"airquality","MICE.10.IMP",14,"Brier",0.164412753654841
"airquality","MICE.10.IMP",14,"Misclassification",0.2
"airquality","MICE.10.IMP",14,"Calibration",0.0507763900184774
"airquality","MICE.10.Y.M.IMP",14,"AUC",0.873303167420814
"airquality","MICE.10.Y.M.IMP",14,"Brier",0.157083766373163
"airquality","MICE.10.Y.M.IMP",14,"Misclassification",0.166666666666667
"airquality","MICE.10.Y.M.IMP",14,"Calibration",0.0598615441509406
"airquality","MICE.RF.10.IMP",14,"AUC",0.846153846153846
"airquality","MICE.RF.10.IMP",14,"Brier",0.162392351094079
"airquality","MICE.RF.10.IMP",14,"Misclassification",0.2
"airquality","MICE.RF.10.IMP",14,"Calibration",0.0432004319021601
"airquality","MICE.RF.10.Y.M.IMP",14,"AUC",0.882352941176471
"airquality","MICE.RF.10.Y.M.IMP",14,"Brier",0.155756114542915
"airquality","MICE.RF.10.Y.M.IMP",14,"Misclassification",0.2
"airquality","MICE.RF.10.Y.M.IMP",14,"Calibration",0.0585338923206931
"airquality","MICE.10.IMP.M",14,"AUC",0.891402714932127
"airquality","MICE.10.IMP.M",14,"Brier",0.156889618891338
"airquality","MICE.10.IMP.M",14,"Misclassification",0.166666666666667
"airquality","MICE.10.IMP.M",14,"Calibration",0.0640865885883078
"airquality","MICE.10.Y.M.IMP.M",14,"AUC",0.873303167420814
"airquality","MICE.10.Y.M.IMP.M",14,"Brier",0.159880608124406
"airquality","MICE.10.Y.M.IMP.M",14,"Misclassification",0.2
"airquality","MICE.10.Y.M.IMP.M",14,"Calibration",0.0560710843148824
"airquality","MICE.RF.10.IMP.M",14,"AUC",0.886877828054299
"airquality","MICE.RF.10.IMP.M",14,"Brier",0.151966519093877
"airquality","MICE.RF.10.IMP.M",14,"Misclassification",0.166666666666667
"airquality","MICE.RF.10.IMP.M",14,"Calibration",0.059163488790847
"airquality","MICE.RF.10.Y.M.IMP.M",14,"AUC",0.886877828054299
"airquality","MICE.RF.10.Y.M.IMP.M",14,"Brier",0.15334883690913
"airquality","MICE.RF.10.Y.M.IMP.M",14,"Misclassification",0.133333333333333
"airquality","MICE.RF.10.Y.M.IMP.M",14,"Calibration",0.0585075670678602
"airquality","Mean.IMP",14,"AUC",0.846153846153846
"airquality","Mean.IMP",14,"Brier",0.170029607435078
"airquality","Mean.IMP",14,"Misclassification",0.2
"airquality","Mean.IMP",14,"Calibration",0.0508376882431584
"airquality","Mean.IMP.M",14,"AUC",0.864253393665158
"airquality","Mean.IMP.M",14,"Brier",0.163163913628396
"airquality","Mean.IMP.M",14,"Misclassification",0.166666666666667
"airquality","Mean.IMP.M",14,"Calibration",0.0614972469617297
"airquality","05.IMP",14,"AUC",0.882352941176471
"airquality","05.IMP",14,"Brier",0.15411122872832
"airquality","05.IMP",14,"Misclassification",0.2
"airquality","05.IMP",14,"Calibration",0.0511350382521299
"airquality","05.IMP.M",14,"AUC",0.864253393665158
"airquality","05.IMP.M",14,"Brier",0.163163913628396
"airquality","05.IMP.M",14,"Misclassification",0.166666666666667
"airquality","05.IMP.M",14,"Calibration",0.0614972469617297
"airquality","PbP",14,"AUC",0.769230769230769
"airquality","PbP",14,"Brier",0.190470457221274
"airquality","PbP",14,"Misclassification",0.3
"airquality","PbP",14,"Calibration",0.0249149016657181
"airquality","SAEM",15,"AUC",0.674641148325359
"airquality","SAEM",15,"Brier",0.235662956979839
"airquality","SAEM",15,"Misclassification",0.366666666666667
"airquality","SAEM",15,"Calibration",0.0551074014242832
"airquality","MICE.10.IMP",15,"AUC",0.62200956937799
"airquality","MICE.10.IMP",15,"Brier",0.242945832809755
"airquality","MICE.10.IMP",15,"Misclassification",0.366666666666667
"airquality","MICE.10.IMP",15,"Calibration",0.0519201917841143
"airquality","MICE.10.Y.M.IMP",15,"AUC",0.626794258373206
"airquality","MICE.10.Y.M.IMP",15,"Brier",0.248858741328805
"airquality","MICE.10.Y.M.IMP",15,"Misclassification",0.4
"airquality","MICE.10.Y.M.IMP",15,"Calibration",0.0516365191065832
"airquality","MICE.RF.10.IMP",15,"AUC",0.62200956937799
"airquality","MICE.RF.10.IMP",15,"Brier",0.245558729704367
"airquality","MICE.RF.10.IMP",15,"Misclassification",0.4
"airquality","MICE.RF.10.IMP",15,"Calibration",0.0423841265297637
"airquality","MICE.RF.10.Y.M.IMP",15,"AUC",0.655502392344498
"airquality","MICE.RF.10.Y.M.IMP",15,"Brier",0.232946417774239
"airquality","MICE.RF.10.Y.M.IMP",15,"Misclassification",0.366666666666667
"airquality","MICE.RF.10.Y.M.IMP",15,"Calibration",0.0392595490873707
"airquality","MICE.10.IMP.M",15,"AUC",0.598086124401914
"airquality","MICE.10.IMP.M",15,"Brier",0.262741641877093
"airquality","MICE.10.IMP.M",15,"Misclassification",0.4
"airquality","MICE.10.IMP.M",15,"Calibration",0.0710749752104265
"airquality","MICE.10.Y.M.IMP.M",15,"AUC",0.631578947368421
"airquality","MICE.10.Y.M.IMP.M",15,"Brier",0.260426223009413
"airquality","MICE.10.Y.M.IMP.M",15,"Misclassification",0.4
"airquality","MICE.10.Y.M.IMP.M",15,"Calibration",0.0737595563427466
"airquality","MICE.RF.10.IMP.M",15,"AUC",0.61244019138756
"airquality","MICE.RF.10.IMP.M",15,"Brier",0.259384917242128
"airquality","MICE.RF.10.IMP.M",15,"Misclassification",0.4
"airquality","MICE.RF.10.IMP.M",15,"Calibration",0.0699404727976838
"airquality","MICE.RF.10.Y.M.IMP.M",15,"AUC",0.641148325358852
"airquality","MICE.RF.10.Y.M.IMP.M",15,"Brier",0.248816816531589
"airquality","MICE.RF.10.Y.M.IMP.M",15,"Misclassification",0.433333333333333
"airquality","MICE.RF.10.Y.M.IMP.M",15,"Calibration",0.0589816516964239
"airquality","Mean.IMP",15,"AUC",0.679425837320574
"airquality","Mean.IMP",15,"Brier",0.229262509068776
"airquality","Mean.IMP",15,"Misclassification",0.366666666666667
"airquality","Mean.IMP",15,"Calibration",0.0525429323491997
"airquality","Mean.IMP.M",15,"AUC",0.636363636363636
"airquality","Mean.IMP.M",15,"Brier",0.242299076507573
"airquality","Mean.IMP.M",15,"Misclassification",0.4
"airquality","Mean.IMP.M",15,"Calibration",0.0484101876186845
"airquality","05.IMP",15,"AUC",0.61244019138756
"airquality","05.IMP",15,"Brier",0.257517659011262
"airquality","05.IMP",15,"Misclassification",0.466666666666667
"airquality","05.IMP",15,"Calibration",0.067517659011262
"airquality","05.IMP.M",15,"AUC",0.636363636363636
"airquality","05.IMP.M",15,"Brier",0.242299076507574
"airquality","05.IMP.M",15,"Misclassification",0.4
"airquality","05.IMP.M",15,"Calibration",0.048410187618685
"airquality","PbP",15,"AUC",0.688995215311005
"airquality","PbP",15,"Brier",0.227344458734627
"airquality","PbP",15,"Misclassification",0.3
"airquality","PbP",15,"Calibration",0.0491626405528091
"NHANES","SAEM",1,"AUC",0.5
"NHANES","SAEM",1,"Brier",0.250009515625
"NHANES","SAEM",1,"Misclassification",0.4995
"NHANES","SAEM",1,"Calibration",NA
"NHANES","MICE.10.IMP",1,"AUC",0.773494773494773
"NHANES","MICE.10.IMP",1,"Brier",0.229108575664188
"NHANES","MICE.10.IMP",1,"Misclassification",0.318
"NHANES","MICE.10.IMP",1,"Calibration",0.040022045824336
"NHANES","MICE.10.Y.M.IMP",1,"AUC",0.5
"NHANES","MICE.10.Y.M.IMP",1,"Brier",0.250009515625
"NHANES","MICE.10.Y.M.IMP",1,"Misclassification",0.4995
"NHANES","MICE.10.Y.M.IMP",1,"Calibration",NA
"NHANES","MICE.RF.10.IMP",1,"AUC",0.838544838544839
"NHANES","MICE.RF.10.IMP",1,"Brier",0.194420187493237
"NHANES","MICE.RF.10.IMP",1,"Misclassification",0.2985
"NHANES","MICE.RF.10.IMP",1,"Calibration",0.0341379766680207
"NHANES","MICE.RF.10.Y.M.IMP",1,"AUC",0.734682234682235
"NHANES","MICE.RF.10.Y.M.IMP",1,"Brier",0.198762492059088
"NHANES","MICE.RF.10.Y.M.IMP",1,"Misclassification",0.3245
"NHANES","MICE.RF.10.Y.M.IMP",1,"Calibration",0.00478529235589051
"NHANES","MICE.10.IMP.M",1,"AUC",0.709294709294709
"NHANES","MICE.10.IMP.M",1,"Brier",0.268978988378542
"NHANES","MICE.10.IMP.M",1,"Misclassification",0.3235
"NHANES","MICE.10.IMP.M",1,"Calibration",0.0755913575077556
"NHANES","MICE.10.Y.M.IMP.M",1,"AUC",0.5
"NHANES","MICE.10.Y.M.IMP.M",1,"Brier",0.250009515625
"NHANES","MICE.10.Y.M.IMP.M",1,"Misclassification",0.4995
"NHANES","MICE.10.Y.M.IMP.M",1,"Calibration",NA
"NHANES","MICE.RF.10.IMP.M",1,"AUC",0.723837223837224
"NHANES","MICE.RF.10.IMP.M",1,"Brier",0.256958629930266
"NHANES","MICE.RF.10.IMP.M",1,"Misclassification",0.298
"NHANES","MICE.RF.10.IMP.M",1,"Calibration",0.0731228053021044
"NHANES","MICE.RF.10.Y.M.IMP.M",1,"AUC",0.74968124968125
"NHANES","MICE.RF.10.Y.M.IMP.M",1,"Brier",0.193866422221345
"NHANES","MICE.RF.10.Y.M.IMP.M",1,"Misclassification",0.314
"NHANES","MICE.RF.10.Y.M.IMP.M",1,"Calibration",0.00464128636486796
"NHANES","Mean.IMP",1,"AUC",0.946180946180946
"NHANES","Mean.IMP",1,"Brier",0.0920253895901164
"NHANES","Mean.IMP",1,"Misclassification",0.129
"NHANES","Mean.IMP",1,"Calibration",0.00312212449749319
"NHANES","Mean.IMP.M",1,"AUC",0.967947967947968
"NHANES","Mean.IMP.M",1,"Brier",0.0731037975213601
"NHANES","Mean.IMP.M",1,"Misclassification",0.103
"NHANES","Mean.IMP.M",1,"Calibration",0.00300799591874497
"NHANES","05.IMP",1,"AUC",0.906684906684907
"NHANES","05.IMP",1,"Brier",0.124258909986816
"NHANES","05.IMP",1,"Misclassification",0.186
"NHANES","05.IMP",1,"Calibration",0.00359495481900587
"NHANES","05.IMP.M",1,"AUC",0.934267934267934
"NHANES","05.IMP.M",1,"Brier",0.104167090127541
"NHANES","05.IMP.M",1,"Misclassification",0.157
"NHANES","05.IMP.M",1,"Calibration",0.00302550650296002
"NHANES","PbP",1,"AUC",0.628630628630629
"NHANES","PbP",1,"Brier",0.232892442859791
"NHANES","PbP",1,"Misclassification",0.4075
"NHANES","PbP",1,"Calibration",0.00950544329185343
"NHANES","SAEM",2,"AUC",0.5
"NHANES","SAEM",2,"Brier",0.2499930625
"NHANES","SAEM",2,"Misclassification",0.486
"NHANES","SAEM",2,"Calibration",NA
"NHANES","MICE.10.IMP",2,"AUC",0.783935605514724
"NHANES","MICE.10.IMP",2,"Brier",0.229212971580883
"NHANES","MICE.10.IMP",2,"Misclassification",0.3185
"NHANES","MICE.10.IMP",2,"Calibration",0.045133666748788
"NHANES","MICE.10.Y.M.IMP",2,"AUC",0.5
"NHANES","MICE.10.Y.M.IMP",2,"Brier",0.2499930625
"NHANES","MICE.10.Y.M.IMP",2,"Misclassification",0.486
"NHANES","MICE.10.Y.M.IMP",2,"Calibration",NA
"NHANES","MICE.RF.10.IMP",2,"AUC",0.863357872572097
"NHANES","MICE.RF.10.IMP",2,"Brier",0.186097084951963
"NHANES","MICE.RF.10.IMP",2,"Misclassification",0.2895
"NHANES","MICE.RF.10.IMP",2,"Calibration",0.0405354376540414
"NHANES","MICE.RF.10.Y.M.IMP",2,"AUC",0.755188067444877
"NHANES","MICE.RF.10.Y.M.IMP",2,"Brier",0.193777999691255
"NHANES","MICE.RF.10.Y.M.IMP",2,"Misclassification",0.3045
"NHANES","MICE.RF.10.Y.M.IMP",2,"Calibration",0.00569808435294003
"NHANES","MICE.10.IMP.M",2,"AUC",0.650426934716818
"NHANES","MICE.10.IMP.M",2,"Brier",0.29721023709887
"NHANES","MICE.10.IMP.M",2,"Misclassification",0.35
"NHANES","MICE.10.IMP.M",2,"Calibration",0.08875700771303
"NHANES","MICE.10.Y.M.IMP.M",2,"AUC",0.5
"NHANES","MICE.10.Y.M.IMP.M",2,"Brier",0.2499930625
"NHANES","MICE.10.Y.M.IMP.M",2,"Misclassification",0.486
"NHANES","MICE.10.Y.M.IMP.M",2,"Calibration",NA
"NHANES","MICE.RF.10.IMP.M",2,"AUC",0.641588505388224
"NHANES","MICE.RF.10.IMP.M",2,"Brier",0.302072290287935
"NHANES","MICE.RF.10.IMP.M",2,"Misclassification",0.351
"NHANES","MICE.RF.10.IMP.M",2,"Calibration",0.0920286898360156
"NHANES","MICE.RF.10.Y.M.IMP.M",2,"AUC",0.757770091751934
"NHANES","MICE.RF.10.Y.M.IMP.M",2,"Brier",0.187494338334092
"NHANES","MICE.RF.10.Y.M.IMP.M",2,"Misclassification",0.3035
"NHANES","MICE.RF.10.Y.M.IMP.M",2,"Calibration",0.00500417095576028
"NHANES","Mean.IMP",2,"AUC",0.950136907335351
"NHANES","Mean.IMP",2,"Brier",0.0888615144299418
"NHANES","Mean.IMP",2,"Misclassification",0.12
"NHANES","Mean.IMP",2,"Calibration",0.00254983981088928
"NHANES","Mean.IMP.M",2,"AUC",0.970801108068726
"NHANES","Mean.IMP.M",2,"Brier",0.0692329315222878
"NHANES","Mean.IMP.M",2,"Misclassification",0.102
"NHANES","Mean.IMP.M",2,"Calibration",0.00211237702314432
"NHANES","05.IMP",2,"AUC",0.913417119021313
"NHANES","05.IMP",2,"Brier",0.119887453065643
"NHANES","05.IMP",2,"Misclassification",0.177
"NHANES","05.IMP",2,"Calibration",0.00325588875241915
"NHANES","05.IMP.M",2,"AUC",0.937271821107748
"NHANES","05.IMP.M",2,"Brier",0.101853695457689
"NHANES","05.IMP.M",2,"Misclassification",0.152
"NHANES","05.IMP.M",2,"Calibration",0.00300383167891481
"NHANES","PbP",2,"AUC",0.63192893228291
"NHANES","PbP",2,"Brier",0.233077924563887
"NHANES","PbP",2,"Misclassification",0.396
"NHANES","PbP",2,"Calibration",0.00925421889102607
"NHANES","SAEM",3,"AUC",0.5
"NHANES","SAEM",3,"Brier",0.250024
"NHANES","SAEM",3,"Misclassification",0.501
"NHANES","SAEM",3,"Calibration",NA
"NHANES","MICE.10.IMP",3,"AUC",0.749034996139985
"NHANES","MICE.10.IMP",3,"Brier",0.240958447157761
"NHANES","MICE.10.IMP",3,"Misclassification",0.3155
"NHANES","MICE.10.IMP",3,"Calibration",0.0483532276628016
"NHANES","MICE.10.Y.M.IMP",3,"AUC",0.5
"NHANES","MICE.10.Y.M.IMP",3,"Brier",0.250024
"NHANES","MICE.10.Y.M.IMP",3,"Misclassification",0.501
"NHANES","MICE.10.Y.M.IMP",3,"Calibration",NA
"NHANES","MICE.RF.10.IMP",3,"AUC",0.849048396193585
"NHANES","MICE.RF.10.IMP",3,"Brier",0.192476134548311
"NHANES","MICE.RF.10.IMP",3,"Misclassification",0.293
"NHANES","MICE.RF.10.IMP",3,"Calibration",0.0379103096727398
"NHANES","MICE.RF.10.Y.M.IMP",3,"AUC",0.757788031152125
"NHANES","MICE.RF.10.Y.M.IMP",3,"Brier",0.191758052226495
"NHANES","MICE.RF.10.Y.M.IMP",3,"Misclassification",0.3905
"NHANES","MICE.RF.10.Y.M.IMP",3,"Calibration",0.00564970150311556
"NHANES","MICE.10.IMP.M",3,"AUC",0.687729750919004
"NHANES","MICE.10.IMP.M",3,"Brier",0.285355292881645
"NHANES","MICE.10.IMP.M",3,"Misclassification",0.3375
"NHANES","MICE.10.IMP.M",3,"Calibration",0.0760399397581085
"NHANES","MICE.10.Y.M.IMP.M",3,"AUC",0.5
"NHANES","MICE.10.Y.M.IMP.M",3,"Brier",0.250024
"NHANES","MICE.10.Y.M.IMP.M",3,"Misclassification",0.501
"NHANES","MICE.10.Y.M.IMP.M",3,"Calibration",NA
"NHANES","MICE.RF.10.IMP.M",3,"AUC",0.700394801579206
"NHANES","MICE.RF.10.IMP.M",3,"Brier",0.273955124780146
"NHANES","MICE.RF.10.IMP.M",3,"Misclassification",0.328
"NHANES","MICE.RF.10.IMP.M",3,"Calibration",0.0705706675068268
"NHANES","MICE.RF.10.Y.M.IMP.M",3,"AUC",0.771147084588338
"NHANES","MICE.RF.10.Y.M.IMP.M",3,"Brier",0.185638495918251
"NHANES","MICE.RF.10.Y.M.IMP.M",3,"Misclassification",0.38
"NHANES","MICE.RF.10.Y.M.IMP.M",3,"Calibration",0.00719413008601016
"NHANES","Mean.IMP",3,"AUC",0.949320797283189
"NHANES","Mean.IMP",3,"Brier",0.0874978697585031
"NHANES","Mean.IMP",3,"Misclassification",0.1145
"NHANES","Mean.IMP",3,"Calibration",0.00302518683255946
"NHANES","Mean.IMP.M",3,"AUC",0.970328881315525
"NHANES","Mean.IMP.M",3,"Brier",0.068785100487205
"NHANES","Mean.IMP.M",3,"Misclassification",0.097
"NHANES","Mean.IMP.M",3,"Calibration",0.00334067236180241
"NHANES","05.IMP",3,"AUC",0.918229672918692
"NHANES","05.IMP",3,"Brier",0.11564883092573
"NHANES","05.IMP",3,"Misclassification",0.1725
"NHANES","05.IMP",3,"Calibration",0.00272458551926189
"NHANES","05.IMP.M",3,"AUC",0.94439777759111
"NHANES","05.IMP.M",3,"Brier",0.0959684068795134
"NHANES","05.IMP.M",3,"Misclassification",0.1525
"NHANES","05.IMP.M",3,"Calibration",0.00427296871600824
"NHANES","PbP",3,"AUC",0.637143048572194
"NHANES","PbP",3,"Brier",0.227722634569835
"NHANES","PbP",3,"Misclassification",0.3975
"NHANES","PbP",3,"Calibration",0.00715731827480187
"NHANES","SAEM",4,"AUC",0.5
"NHANES","SAEM",4,"Brier",0.250009515625
"NHANES","SAEM",4,"Misclassification",0.4995
"NHANES","SAEM",4,"Calibration",NA
"NHANES","MICE.10.IMP",4,"AUC",0.803038803038803
"NHANES","MICE.10.IMP",4,"Brier",0.217301567064521
"NHANES","MICE.10.IMP",4,"Misclassification",0.31
"NHANES","MICE.10.IMP",4,"Calibration",0.0408832022744697
"NHANES","MICE.10.Y.M.IMP",4,"AUC",0.5
"NHANES","MICE.10.Y.M.IMP",4,"Brier",0.250009515625
"NHANES","MICE.10.Y.M.IMP",4,"Misclassification",0.4995
"NHANES","MICE.10.Y.M.IMP",4,"Calibration",NA
"NHANES","MICE.RF.10.IMP",4,"AUC",0.867051867051867
"NHANES","MICE.RF.10.IMP",4,"Brier",0.182107952880094
"NHANES","MICE.RF.10.IMP",4,"Misclassification",0.2815
"NHANES","MICE.RF.10.IMP",4,"Calibration",0.038229560055914
"NHANES","MICE.RF.10.Y.M.IMP",4,"AUC",0.753847253847254
"NHANES","MICE.RF.10.Y.M.IMP",4,"Brier",0.194451652592362
"NHANES","MICE.RF.10.Y.M.IMP",4,"Misclassification",0.3085
"NHANES","MICE.RF.10.Y.M.IMP",4,"Calibration",0.00560124960619507
"NHANES","MICE.10.IMP.M",4,"AUC",0.719240719240719
"NHANES","MICE.10.IMP.M",4,"Brier",0.256503695849782
"NHANES","MICE.10.IMP.M",4,"Misclassification",0.2945
"NHANES","MICE.10.IMP.M",4,"Calibration",0.0704399732791797
"NHANES","MICE.10.Y.M.IMP.M",4,"AUC",0.5
"NHANES","MICE.10.Y.M.IMP.M",4,"Brier",0.250009515625
"NHANES","MICE.10.Y.M.IMP.M",4,"Misclassification",0.4995
"NHANES","MICE.10.Y.M.IMP.M",4,"Calibration",NA
"NHANES","MICE.RF.10.IMP.M",4,"AUC",0.721672221672222
"NHANES","MICE.RF.10.IMP.M",4,"Brier",0.253825403849314
"NHANES","MICE.RF.10.IMP.M",4,"Misclassification",0.291
"NHANES","MICE.RF.10.IMP.M",4,"Calibration",0.0694231480131359
"NHANES","MICE.RF.10.Y.M.IMP.M",4,"AUC",0.771425271425271
"NHANES","MICE.RF.10.Y.M.IMP.M",4,"Brier",0.18609867336365
"NHANES","MICE.RF.10.Y.M.IMP.M",4,"Misclassification",0.2955
"NHANES","MICE.RF.10.Y.M.IMP.M",4,"Calibration",0.0051170203415494
"NHANES","Mean.IMP",4,"AUC",0.947419947419947
"NHANES","Mean.IMP",4,"Brier",0.0905397046311048
"NHANES","Mean.IMP",4,"Misclassification",0.123
"NHANES","Mean.IMP",4,"Calibration",0.00339782960945215
"NHANES","Mean.IMP.M",4,"AUC",0.97037797037797
"NHANES","Mean.IMP.M",4,"Brier",0.0697855332210587
"NHANES","Mean.IMP.M",4,"Misclassification",0.096
"NHANES","Mean.IMP.M",4,"Calibration",0.00252699688844162
"NHANES","05.IMP",4,"AUC",0.901800901800902
"NHANES","05.IMP",4,"Brier",0.127769952913636
"NHANES","05.IMP",4,"Misclassification",0.1935
"NHANES","05.IMP",4,"Calibration",0.00385573476764138
"NHANES","05.IMP.M",4,"AUC",0.933651933651934
"NHANES","05.IMP.M",4,"Brier",0.10479589026999
"NHANES","05.IMP.M",4,"Misclassification",0.1495
"NHANES","05.IMP.M",4,"Calibration",0.00358320697656002
"NHANES","PbP",4,"AUC",0.610760610760611
"NHANES","PbP",4,"Brier",0.24310899859431
"NHANES","PbP",4,"Misclassification",0.416
"NHANES","PbP",4,"Calibration",0.0134406059137812
"NHANES","SAEM",5,"AUC",0.5
"NHANES","SAEM",5,"Brier",0.24998125
"NHANES","SAEM",5,"Misclassification",0.495
"NHANES","SAEM",5,"Calibration",NA
"NHANES","MICE.10.IMP",5,"AUC",0.782373237323732
"NHANES","MICE.10.IMP",5,"Brier",0.229329476501487
"NHANES","MICE.10.IMP",5,"Misclassification",0.31
"NHANES","MICE.10.IMP",5,"Calibration",0.0444561187181149
"NHANES","MICE.10.Y.M.IMP",5,"AUC",0.5
"NHANES","MICE.10.Y.M.IMP",5,"Brier",0.24998125
"NHANES","MICE.10.Y.M.IMP",5,"Misclassification",0.495
"NHANES","MICE.10.Y.M.IMP",5,"Calibration",NA
"NHANES","MICE.RF.10.IMP",5,"AUC",0.863385338533853
"NHANES","MICE.RF.10.IMP",5,"Brier",0.184387177251354
"NHANES","MICE.RF.10.IMP",5,"Misclassification",0.283
"NHANES","MICE.RF.10.IMP",5,"Calibration",0.0377698065497647
"NHANES","MICE.RF.10.Y.M.IMP",5,"AUC",0.745239523952395
"NHANES","MICE.RF.10.Y.M.IMP",5,"Brier",0.195194213644147
"NHANES","MICE.RF.10.Y.M.IMP",5,"Misclassification",0.3105
"NHANES","MICE.RF.10.Y.M.IMP",5,"Calibration",0.00535229713988672
"NHANES","MICE.10.IMP.M",5,"AUC",0.705284528452845
"NHANES","MICE.10.IMP.M",5,"Brier",0.277282477680068
"NHANES","MICE.10.IMP.M",5,"Misclassification",0.319
"NHANES","MICE.10.IMP.M",5,"Calibration",0.0776746312879278
"NHANES","MICE.10.Y.M.IMP.M",5,"AUC",0.5
"NHANES","MICE.10.Y.M.IMP.M",5,"Brier",0.24998125
"NHANES","MICE.10.Y.M.IMP.M",5,"Misclassification",0.495
"NHANES","MICE.10.Y.M.IMP.M",5,"Calibration",NA
"NHANES","MICE.RF.10.IMP.M",5,"AUC",0.714133413341334
"NHANES","MICE.RF.10.IMP.M",5,"Brier",0.26471380507899
"NHANES","MICE.RF.10.IMP.M",5,"Misclassification",0.2935
"NHANES","MICE.RF.10.IMP.M",5,"Calibration",0.0740088197661544
"NHANES","MICE.RF.10.Y.M.IMP.M",5,"AUC",0.754459445944594
"NHANES","MICE.RF.10.Y.M.IMP.M",5,"Brier",0.189232623115999
"NHANES","MICE.RF.10.Y.M.IMP.M",5,"Misclassification",0.304
"NHANES","MICE.RF.10.Y.M.IMP.M",5,"Calibration",0.00549745284601652
"NHANES","Mean.IMP",5,"AUC",0.954114411441144
"NHANES","Mean.IMP",5,"Brier",0.084168589300566
"NHANES","Mean.IMP",5,"Misclassification",0.117
"NHANES","Mean.IMP",5,"Calibration",0.00325820406736478
"NHANES","Mean.IMP.M",5,"AUC",0.972371237123712
"NHANES","Mean.IMP.M",5,"Brier",0.0671662326783971
"NHANES","Mean.IMP.M",5,"Misclassification",0.094
"NHANES","Mean.IMP.M",5,"Calibration",0.00298323723767908
"NHANES","05.IMP",5,"AUC",0.912892289228923
"NHANES","05.IMP",5,"Brier",0.119932014958765
"NHANES","05.IMP",5,"Misclassification",0.177
"NHANES","05.IMP",5,"Calibration",0.00291413824387635
"NHANES","05.IMP.M",5,"AUC",0.942420242024202
"NHANES","05.IMP.M",5,"Brier",0.0968485821440402
"NHANES","05.IMP.M",5,"Misclassification",0.137
"NHANES","05.IMP.M",5,"Calibration",0.00250317075706377
"NHANES","PbP",5,"AUC",0.618788378837884
"NHANES","PbP",5,"Brier",0.234208790137469
"NHANES","PbP",5,"Misclassification",0.4035
"NHANES","PbP",5,"Calibration",0.0103226280419514
"NHANES","SAEM",6,"AUC",0.5
"NHANES","SAEM",6,"Brier",0.249975015625
"NHANES","SAEM",6,"Misclassification",0.4915
"NHANES","SAEM",6,"Calibration",NA
"NHANES","MICE.10.IMP",6,"AUC",0.798148664964175
"NHANES","MICE.10.IMP",6,"Brier",0.226511994292442
"NHANES","MICE.10.IMP",6,"Misclassification",0.3105
"NHANES","MICE.10.IMP",6,"Calibration",0.0476444209227443
"NHANES","MICE.10.Y.M.IMP",6,"AUC",0.5
"NHANES","MICE.10.Y.M.IMP",6,"Brier",0.249975015625
"NHANES","MICE.10.Y.M.IMP",6,"Misclassification",0.4915
"NHANES","MICE.10.Y.M.IMP",6,"Calibration",NA
"NHANES","MICE.RF.10.IMP",6,"AUC",0.867483702790106
"NHANES","MICE.RF.10.IMP",6,"Brier",0.189344691970379
"NHANES","MICE.RF.10.IMP",6,"Misclassification",0.2875
"NHANES","MICE.RF.10.IMP",6,"Calibration",0.0457191014402746
"NHANES","MICE.RF.10.Y.M.IMP",6,"AUC",0.760382750614928
"NHANES","MICE.RF.10.Y.M.IMP",6,"Brier",0.190930363315594
"NHANES","MICE.RF.10.Y.M.IMP",6,"Misclassification",0.296
"NHANES","MICE.RF.10.Y.M.IMP",6,"Calibration",0.00625715967622459
"NHANES","MICE.10.IMP.M",6,"AUC",0.644977398468157
"NHANES","MICE.10.IMP.M",6,"Brier",0.30130665166284
"NHANES","MICE.10.IMP.M",6,"Misclassification",0.3535
"NHANES","MICE.10.IMP.M",6,"Calibration",0.0901648529559942
"NHANES","MICE.10.Y.M.IMP.M",6,"AUC",0.5
"NHANES","MICE.10.Y.M.IMP.M",6,"Brier",0.249975015625
"NHANES","MICE.10.Y.M.IMP.M",6,"Misclassification",0.4915
"NHANES","MICE.10.Y.M.IMP.M",6,"Calibration",NA
"NHANES","MICE.RF.10.IMP.M",6,"AUC",0.634637410211551
"NHANES","MICE.RF.10.IMP.M",6,"Brier",0.306583338248424
"NHANES","MICE.RF.10.IMP.M",6,"Misclassification",0.357
"NHANES","MICE.RF.10.IMP.M",6,"Calibration",0.0944816452695103
"NHANES","MICE.RF.10.Y.M.IMP.M",6,"AUC",0.773157442500883
"NHANES","MICE.RF.10.Y.M.IMP.M",6,"Brier",0.183624972793474
"NHANES","MICE.RF.10.Y.M.IMP.M",6,"Misclassification",0.289
"NHANES","MICE.RF.10.Y.M.IMP.M",6,"Calibration",0.00566451170224758
"NHANES","Mean.IMP",6,"AUC",0.95976437190348
"NHANES","Mean.IMP",6,"Brier",0.0790590969847739
"NHANES","Mean.IMP",6,"Misclassification",0.111
"NHANES","Mean.IMP",6,"Calibration",0.00251551108293292
"NHANES","Mean.IMP.M",6,"AUC",0.975383885943037
"NHANES","Mean.IMP.M",6,"Brier",0.0626034914447175
"NHANES","Mean.IMP.M",6,"Misclassification",0.085
"NHANES","Mean.IMP.M",6,"Calibration",0.002386804415946
"NHANES","05.IMP",6,"AUC",0.923009749817697
"NHANES","05.IMP",6,"Brier",0.112138184603863
"NHANES","05.IMP",6,"Misclassification",0.1635
"NHANES","05.IMP",6,"Calibration",0.00315167058450162
"NHANES","05.IMP.M",6,"AUC",0.95170604304644
"NHANES","05.IMP.M",6,"Brier",0.0883075573764984
"NHANES","05.IMP.M",6,"Misclassification",0.13
"NHANES","05.IMP.M",6,"Calibration",0.0029209710122341
"NHANES","PbP",6,"AUC",0.612851113971938
"NHANES","PbP",6,"Brier",0.240147887111371
"NHANES","PbP",6,"Misclassification",0.411
"NHANES","PbP",6,"Calibration",0.0111426646617392
"NHANES","SAEM",7,"AUC",0.5
"NHANES","SAEM",7,"Brier",0.2500140625
"NHANES","SAEM",7,"Misclassification",0.5
"NHANES","SAEM",7,"Calibration",NA
"NHANES","MICE.10.IMP",7,"AUC",0.807762
"NHANES","MICE.10.IMP",7,"Brier",0.214716096067624
"NHANES","MICE.10.IMP",7,"Misclassification",0.3065
"NHANES","MICE.10.IMP",7,"Calibration",0.0394143396103784
"NHANES","MICE.10.Y.M.IMP",7,"AUC",0.5
"NHANES","MICE.10.Y.M.IMP",7,"Brier",0.2500140625
"NHANES","MICE.10.Y.M.IMP",7,"Misclassification",0.5
"NHANES","MICE.10.Y.M.IMP",7,"Calibration",NA
"NHANES","MICE.RF.10.IMP",7,"AUC",0.863067
"NHANES","MICE.RF.10.IMP",7,"Brier",0.182302683004514
"NHANES","MICE.RF.10.IMP",7,"Misclassification",0.281
"NHANES","MICE.RF.10.IMP",7,"Calibration",0.0380277056719018
"NHANES","MICE.RF.10.Y.M.IMP",7,"AUC",0.748856
"NHANES","MICE.RF.10.Y.M.IMP",7,"Brier",0.19457272719845
"NHANES","MICE.RF.10.Y.M.IMP",7,"Misclassification",0.39
"NHANES","MICE.RF.10.Y.M.IMP",7,"Calibration",0.00618230486760965
"NHANES","MICE.10.IMP.M",7,"AUC",0.732876
"NHANES","MICE.10.IMP.M",7,"Brier",0.250156949493289
"NHANES","MICE.10.IMP.M",7,"Misclassification",0.29
"NHANES","MICE.10.IMP.M",7,"Calibration",0.0687386051317862
"NHANES","MICE.10.Y.M.IMP.M",7,"AUC",0.5
"NHANES","MICE.10.Y.M.IMP.M",7,"Brier",0.2500140625
"NHANES","MICE.10.Y.M.IMP.M",7,"Misclassification",0.5
"NHANES","MICE.10.Y.M.IMP.M",7,"Calibration",NA
"NHANES","MICE.RF.10.IMP.M",7,"AUC",0.733347
"NHANES","MICE.RF.10.IMP.M",7,"Brier",0.247804095112836
"NHANES","MICE.RF.10.IMP.M",7,"Misclassification",0.2835
"NHANES","MICE.RF.10.IMP.M",7,"Calibration",0.0685275105826688
"NHANES","MICE.RF.10.Y.M.IMP.M",7,"AUC",0.757383
"NHANES","MICE.RF.10.Y.M.IMP.M",7,"Brier",0.186867156576164
"NHANES","MICE.RF.10.Y.M.IMP.M",7,"Misclassification",0.3865
"NHANES","MICE.RF.10.Y.M.IMP.M",7,"Calibration",0.00525090431134989
"NHANES","Mean.IMP",7,"AUC",0.953389
"NHANES","Mean.IMP",7,"Brier",0.0861809672513898
"NHANES","Mean.IMP",7,"Misclassification",0.125
"NHANES","Mean.IMP",7,"Calibration",0.00441225492753226
"NHANES","Mean.IMP.M",7,"AUC",0.974274
"NHANES","Mean.IMP.M",7,"Brier",0.0647439870457017
"NHANES","Mean.IMP.M",7,"Misclassification",0.091
"NHANES","Mean.IMP.M",7,"Calibration",0.00338650616131084
"NHANES","05.IMP",7,"AUC",0.919453
"NHANES","05.IMP",7,"Brier",0.114488864258867
"NHANES","05.IMP",7,"Misclassification",0.167
"NHANES","05.IMP",7,"Calibration",0.00309991986602816
"NHANES","05.IMP.M",7,"AUC",0.946555
"NHANES","05.IMP.M",7,"Brier",0.0941195539722272
"NHANES","05.IMP.M",7,"Misclassification",0.14
"NHANES","05.IMP.M",7,"Calibration",0.002808712339034
"NHANES","PbP",7,"AUC",0.6192245
"NHANES","PbP",7,"Brier",0.235552185418916
"NHANES","PbP",7,"Misclassification",0.4085
"NHANES","PbP",7,"Calibration",0.00884044557845393
"NHANES","SAEM",8,"AUC",0.5
"NHANES","SAEM",8,"Brier",0.2499765625
"NHANES","SAEM",8,"Misclassification",0.49
"NHANES","SAEM",8,"Calibration",NA
"NHANES","MICE.10.IMP",8,"AUC",0.759265706282513
"NHANES","MICE.10.IMP",8,"Brier",0.243751526339583
"NHANES","MICE.10.IMP",8,"Misclassification",0.3275
"NHANES","MICE.10.IMP",8,"Calibration",0.0500693124715028
"NHANES","MICE.10.Y.M.IMP",8,"AUC",0.5
"NHANES","MICE.10.Y.M.IMP",8,"Brier",0.2499765625
"NHANES","MICE.10.Y.M.IMP",8,"Misclassification",0.49
"NHANES","MICE.10.Y.M.IMP",8,"Calibration",NA
"NHANES","MICE.RF.10.IMP",8,"AUC",0.850920368147259
"NHANES","MICE.RF.10.IMP",8,"Brier",0.196944536277219
"NHANES","MICE.RF.10.IMP",8,"Misclassification",0.3055
"NHANES","MICE.RF.10.IMP",8,"Calibration",0.0445514757445328
"NHANES","MICE.RF.10.Y.M.IMP",8,"AUC",0.731193977591036
"NHANES","MICE.RF.10.Y.M.IMP",8,"Brier",0.203244867909718
"NHANES","MICE.RF.10.Y.M.IMP",8,"Misclassification",0.3185
"NHANES","MICE.RF.10.Y.M.IMP",8,"Calibration",0.00600336258793907
"NHANES","MICE.10.IMP.M",8,"AUC",0.713808523409364
"NHANES","MICE.10.IMP.M",8,"Brier",0.278622711154532
"NHANES","MICE.10.IMP.M",8,"Misclassification",0.3415
"NHANES","MICE.10.IMP.M",8,"Calibration",0.0817749126624256
"NHANES","MICE.10.Y.M.IMP.M",8,"AUC",0.5
"NHANES","MICE.10.Y.M.IMP.M",8,"Brier",0.2499765625
"NHANES","MICE.10.Y.M.IMP.M",8,"Misclassification",0.49
"NHANES","MICE.10.Y.M.IMP.M",8,"Calibration",NA
"NHANES","MICE.RF.10.IMP.M",8,"AUC",0.714860944377751
"NHANES","MICE.RF.10.IMP.M",8,"Brier",0.277620110417494
"NHANES","MICE.RF.10.IMP.M",8,"Misclassification",0.342
"NHANES","MICE.RF.10.IMP.M",8,"Calibration",0.0803925318122444
"NHANES","MICE.RF.10.Y.M.IMP.M",8,"AUC",0.741739195678271
"NHANES","MICE.RF.10.Y.M.IMP.M",8,"Brier",0.196889734617778
"NHANES","MICE.RF.10.Y.M.IMP.M",8,"Misclassification",0.313
"NHANES","MICE.RF.10.Y.M.IMP.M",8,"Calibration",0.00573382274910361
"NHANES","Mean.IMP",8,"AUC",0.93812224889956
"NHANES","Mean.IMP",8,"Brier",0.098803304860747
"NHANES","Mean.IMP",8,"Misclassification",0.135
"NHANES","Mean.IMP",8,"Calibration",0.00460499420165209
"NHANES","Mean.IMP.M",8,"AUC",0.964030612244898
"NHANES","Mean.IMP.M",8,"Brier",0.0781865481783637
"NHANES","Mean.IMP.M",8,"Misclassification",0.107
"NHANES","Mean.IMP.M",8,"Calibration",0.00406899474520546
"NHANES","05.IMP",8,"AUC",0.911909763905562
"NHANES","05.IMP",8,"Brier",0.119017140916217
"NHANES","05.IMP",8,"Misclassification",0.1685
"NHANES","05.IMP",8,"Calibration",0.00339035476877761
"NHANES","05.IMP.M",8,"AUC",0.934660864345738
"NHANES","05.IMP.M",8,"Brier",0.103457008852017
"NHANES","05.IMP.M",8,"Misclassification",0.1525
"NHANES","05.IMP.M",8,"Calibration",0.00308786911211145
"NHANES","PbP",8,"AUC",0.62889955982393
"NHANES","PbP",8,"Brier",0.23470789092869
"NHANES","PbP",8,"Misclassification",0.4005
"NHANES","PbP",8,"Calibration",0.00955883562915105
"NHANES","SAEM",9,"AUC",0.5
"NHANES","SAEM",9,"Brier",0.2500605625
"NHANES","SAEM",9,"Misclassification",0.504
"NHANES","SAEM",9,"Calibration",NA
"NHANES","MICE.10.IMP",9,"AUC",0.788233446940604
"NHANES","MICE.10.IMP",9,"Brier",0.224556721736301
"NHANES","MICE.10.IMP",9,"Misclassification",0.3075
"NHANES","MICE.10.IMP",9,"Calibration",0.0421078087259308
"NHANES","MICE.10.Y.M.IMP",9,"AUC",0.5
"NHANES","MICE.10.Y.M.IMP",9,"Brier",0.2500605625
"NHANES","MICE.10.Y.M.IMP",9,"Misclassification",0.504
"NHANES","MICE.10.Y.M.IMP",9,"Calibration",NA
"NHANES","MICE.RF.10.IMP",9,"AUC",0.867618527585766
"NHANES","MICE.RF.10.IMP",9,"Brier",0.182131097270473
"NHANES","MICE.RF.10.IMP",9,"Misclassification",0.279
"NHANES","MICE.RF.10.IMP",9,"Calibration",0.0384354123148774
"NHANES","MICE.RF.10.Y.M.IMP",9,"AUC",0.744270633320533
"NHANES","MICE.RF.10.Y.M.IMP",9,"Brier",0.195667907582911
"NHANES","MICE.RF.10.Y.M.IMP",9,"Misclassification",0.3945
"NHANES","MICE.RF.10.Y.M.IMP",9,"Calibration",0.00555657332930953
"NHANES","MICE.10.IMP.M",9,"AUC",0.461705049123144
"NHANES","MICE.10.IMP.M",9,"Brier",0.33826205481616
"NHANES","MICE.10.IMP.M",9,"Misclassification",0.373
"NHANES","MICE.10.IMP.M",9,"Calibration",0.118518706245768
"NHANES","MICE.10.Y.M.IMP.M",9,"AUC",0.5
"NHANES","MICE.10.Y.M.IMP.M",9,"Brier",0.2500605625
"NHANES","MICE.10.Y.M.IMP.M",9,"Misclassification",0.504
"NHANES","MICE.10.Y.M.IMP.M",9,"Calibration",NA
"NHANES","MICE.RF.10.IMP.M",9,"AUC",0.467422415034562
"NHANES","MICE.RF.10.IMP.M",9,"Brier",0.339818177477778
"NHANES","MICE.RF.10.IMP.M",9,"Misclassification",0.371
"NHANES","MICE.RF.10.IMP.M",9,"Calibration",0.119900428479919
"NHANES","MICE.RF.10.Y.M.IMP.M",9,"AUC",0.755561355926779
"NHANES","MICE.RF.10.Y.M.IMP.M",9,"Brier",0.189277430290091
"NHANES","MICE.RF.10.Y.M.IMP.M",9,"Misclassification",0.3865
"NHANES","MICE.RF.10.Y.M.IMP.M",9,"Calibration",0.00604476236750615
"NHANES","Mean.IMP",9,"AUC",0.951167874743984
"NHANES","Mean.IMP",9,"Brier",0.0871654135378523
"NHANES","Mean.IMP",9,"Misclassification",0.1165
"NHANES","Mean.IMP",9,"Calibration",0.00349050796440244
"NHANES","Mean.IMP.M",9,"AUC",0.973600310419867
"NHANES","Mean.IMP.M",9,"Brier",0.0661674170586631
"NHANES","Mean.IMP.M",9,"Misclassification",0.0925
"NHANES","Mean.IMP.M",9,"Calibration",0.0029291317713047
"NHANES","05.IMP",9,"AUC",0.908577148937532
"NHANES","05.IMP",9,"Brier",0.122254925327889
"NHANES","05.IMP",9,"Misclassification",0.183
"NHANES","05.IMP",9,"Calibration",0.00293013205267001
"NHANES","05.IMP.M",9,"AUC",0.939271113351254
"NHANES","05.IMP.M",9,"Brier",0.100051168963161
"NHANES","05.IMP.M",9,"Misclassification",0.1465
"NHANES","05.IMP.M",9,"Calibration",0.00351604010936246
"NHANES","PbP",9,"AUC",0.637529801907322
"NHANES","PbP",9,"Brier",0.22961295342672
"NHANES","PbP",9,"Misclassification",0.407
"NHANES","PbP",9,"Calibration",0.00680242652130442
"NHANES","SAEM",10,"AUC",0.5
"NHANES","SAEM",10,"Brier",0.2503080625
"NHANES","SAEM",10,"Misclassification",0.516
"NHANES","SAEM",10,"Calibration",NA
"NHANES","MICE.10.IMP",10,"AUC",0.770213698827599
"NHANES","MICE.10.IMP",10,"Brier",0.227436180640932
"NHANES","MICE.10.IMP",10,"Misclassification",0.3125
"NHANES","MICE.10.IMP",10,"Calibration",0.0392064280408899
"NHANES","MICE.10.Y.M.IMP",10,"AUC",0.5
"NHANES","MICE.10.Y.M.IMP",10,"Brier",0.2503080625
"NHANES","MICE.10.Y.M.IMP",10,"Misclassification",0.516
"NHANES","MICE.10.Y.M.IMP",10,"Calibration",NA
"NHANES","MICE.RF.10.IMP",10,"AUC",0.855805344672945
"NHANES","MICE.RF.10.IMP",10,"Brier",0.18564915038676
"NHANES","MICE.RF.10.IMP",10,"Misclassification",0.2955
"NHANES","MICE.RF.10.IMP",10,"Calibration",0.0363728545358226
"NHANES","MICE.RF.10.Y.M.IMP",10,"AUC",0.753131206355308
"NHANES","MICE.RF.10.Y.M.IMP",10,"Brier",0.193407768734951
"NHANES","MICE.RF.10.Y.M.IMP",10,"Misclassification",0.3785
"NHANES","MICE.RF.10.Y.M.IMP",10,"Calibration",0.00580172929760378
"NHANES","MICE.10.IMP.M",10,"AUC",0.718297036165033
"NHANES","MICE.10.IMP.M",10,"Brier",0.258212766094605
"NHANES","MICE.10.IMP.M",10,"Misclassification",0.31
"NHANES","MICE.10.IMP.M",10,"Calibration",0.0657002265968704
"NHANES","MICE.10.Y.M.IMP.M",10,"AUC",0.5
"NHANES","MICE.10.Y.M.IMP.M",10,"Brier",0.2503080625
"NHANES","MICE.10.Y.M.IMP.M",10,"Misclassification",0.516
"NHANES","MICE.10.Y.M.IMP.M",10,"Calibration",NA
"NHANES","MICE.RF.10.IMP.M",10,"AUC",0.718809060477929
"NHANES","MICE.RF.10.IMP.M",10,"Brier",0.259970314470832
"NHANES","MICE.RF.10.IMP.M",10,"Misclassification",0.3165
"NHANES","MICE.RF.10.IMP.M",10,"Calibration",0.0671060777518694
"NHANES","MICE.RF.10.Y.M.IMP.M",10,"AUC",0.763743072906656
"NHANES","MICE.RF.10.Y.M.IMP.M",10,"Brier",0.187120585716105
"NHANES","MICE.RF.10.Y.M.IMP.M",10,"Misclassification",0.3715
"NHANES","MICE.RF.10.Y.M.IMP.M",10,"Calibration",0.00521085803622348
"NHANES","Mean.IMP",10,"AUC",0.946861586264335
"NHANES","Mean.IMP",10,"Brier",0.090749734500175
"NHANES","Mean.IMP",10,"Misclassification",0.126
"NHANES","Mean.IMP",10,"Calibration",0.00321492206370617
"NHANES","Mean.IMP.M",10,"AUC",0.970506798962137
"NHANES","Mean.IMP.M",10,"Brier",0.0696597490015313
"NHANES","Mean.IMP.M",10,"Misclassification",0.097
"NHANES","Mean.IMP.M",10,"Calibration",0.0024234429362453
"NHANES","05.IMP",10,"AUC",0.912488388109424
"NHANES","05.IMP",10,"Brier",0.120551592155925
"NHANES","05.IMP",10,"Misclassification",0.179
"NHANES","05.IMP",10,"Calibration",0.00315686872448269
"NHANES","05.IMP.M",10,"AUC",0.938522046575693
"NHANES","05.IMP.M",10,"Brier",0.100463370058954
"NHANES","05.IMP.M",10,"Misclassification",0.1475
"NHANES","05.IMP.M",10,"Calibration",0.00282183264190974
"NHANES","PbP",10,"AUC",0.61860745403293
"NHANES","PbP",10,"Brier",0.237809913878424
"NHANES","PbP",10,"Misclassification",0.426
"NHANES","PbP",10,"Calibration",0.0106499950251306
"NHANES","SAEM",11,"AUC",0.5
"NHANES","SAEM",11,"Brier",0.250024
"NHANES","SAEM",11,"Misclassification",0.501
"NHANES","SAEM",11,"Calibration",NA
"NHANES","MICE.10.IMP",11,"AUC",0.777622110488442
"NHANES","MICE.10.IMP",11,"Brier",0.229302627805117
"NHANES","MICE.10.IMP",11,"Misclassification",0.316
"NHANES","MICE.10.IMP",11,"Calibration",0.043212451941532
"NHANES","MICE.10.Y.M.IMP",11,"AUC",0.5
"NHANES","MICE.10.Y.M.IMP",11,"Brier",0.250024
"NHANES","MICE.10.Y.M.IMP",11,"Misclassification",0.501
"NHANES","MICE.10.Y.M.IMP",11,"Calibration",NA
"NHANES","MICE.RF.10.IMP",11,"AUC",0.871665486661947
"NHANES","MICE.RF.10.IMP",11,"Brier",0.179517845213659
"NHANES","MICE.RF.10.IMP",11,"Misclassification",0.2845
"NHANES","MICE.RF.10.IMP",11,"Calibration",0.0385258920254858
"NHANES","MICE.RF.10.Y.M.IMP",11,"AUC",0.748227992911972
"NHANES","MICE.RF.10.Y.M.IMP",11,"Brier",0.195481789045623
"NHANES","MICE.RF.10.Y.M.IMP",11,"Misclassification",0.3995
"NHANES","MICE.RF.10.Y.M.IMP",11,"Calibration",0.00662138103190771
"NHANES","MICE.10.IMP.M",11,"AUC",0.713338853355413
"NHANES","MICE.10.IMP.M",11,"Brier",0.261291524976109
"NHANES","MICE.10.IMP.M",11,"Misclassification",0.297
"NHANES","MICE.10.IMP.M",11,"Calibration",0.0742806952305926
"NHANES","MICE.10.Y.M.IMP.M",11,"AUC",0.5
"NHANES","MICE.10.Y.M.IMP.M",11,"Brier",0.250024
"NHANES","MICE.10.Y.M.IMP.M",11,"Misclassification",0.501
"NHANES","MICE.10.Y.M.IMP.M",11,"Calibration",NA
"NHANES","MICE.RF.10.IMP.M",11,"AUC",0.718047372189489
"NHANES","MICE.RF.10.IMP.M",11,"Brier",0.260506323972383
"NHANES","MICE.RF.10.IMP.M",11,"Misclassification",0.3025
"NHANES","MICE.RF.10.IMP.M",11,"Calibration",0.0739098504357828
"NHANES","MICE.RF.10.Y.M.IMP.M",11,"AUC",0.758613034452138
"NHANES","MICE.RF.10.Y.M.IMP.M",11,"Brier",0.189532276161413
"NHANES","MICE.RF.10.Y.M.IMP.M",11,"Misclassification",0.394
"NHANES","MICE.RF.10.Y.M.IMP.M",11,"Calibration",0.00644103654837089
"NHANES","Mean.IMP",11,"AUC",0.949210796843187
"NHANES","Mean.IMP",11,"Brier",0.0878182381501595
"NHANES","Mean.IMP",11,"Misclassification",0.1205
"NHANES","Mean.IMP",11,"Calibration",0.0034235868250318
"NHANES","Mean.IMP.M",11,"AUC",0.969899879599518
"NHANES","Mean.IMP.M",11,"Brier",0.0701764857419467
"NHANES","Mean.IMP.M",11,"Misclassification",0.0965
"NHANES","Mean.IMP.M",11,"Calibration",0.00246296942503631
"NHANES","05.IMP",11,"AUC",0.916354665418662
"NHANES","05.IMP",11,"Brier",0.116544915902235
"NHANES","05.IMP",11,"Misclassification",0.171
"NHANES","05.IMP",11,"Calibration",0.00295178804645234
"NHANES","05.IMP.M",11,"AUC",0.939689758759035
"NHANES","05.IMP.M",11,"Brier",0.0992349806425584
"NHANES","05.IMP.M",11,"Misclassification",0.147
"NHANES","05.IMP.M",11,"Calibration",0.00271656685760761
"NHANES","PbP",11,"AUC",0.632613030452122
"NHANES","PbP",11,"Brier",0.23005220703799
"NHANES","PbP",11,"Misclassification",0.4
"NHANES","PbP",11,"Calibration",0.0082001798021353
"NHANES","SAEM",12,"AUC",0.5
"NHANES","SAEM",12,"Brier",0.250098765625
"NHANES","SAEM",12,"Misclassification",0.5065
"NHANES","SAEM",12,"Calibration",NA
"NHANES","MICE.10.IMP",12,"AUC",0.792655958857047
"NHANES","MICE.10.IMP",12,"Brier",0.223936050681339
"NHANES","MICE.10.IMP",12,"Misclassification",0.3095
"NHANES","MICE.10.IMP",12,"Calibration",0.0432078205174244
"NHANES","MICE.10.Y.M.IMP",12,"AUC",0.5
"NHANES","MICE.10.Y.M.IMP",12,"Brier",0.250098765625
"NHANES","MICE.10.Y.M.IMP",12,"Misclassification",0.5065
"NHANES","MICE.10.Y.M.IMP",12,"Calibration",NA
"NHANES","MICE.RF.10.IMP",12,"AUC",0.859377234752673
"NHANES","MICE.RF.10.IMP",12,"Brier",0.187151211461643
"NHANES","MICE.RF.10.IMP",12,"Misclassification",0.291
"NHANES","MICE.RF.10.IMP",12,"Calibration",0.0394798127669593
"NHANES","MICE.RF.10.Y.M.IMP",12,"AUC",0.744887886052743
"NHANES","MICE.RF.10.Y.M.IMP",12,"Brier",0.195908588738104
"NHANES","MICE.RF.10.Y.M.IMP",12,"Misclassification",0.3905
"NHANES","MICE.RF.10.Y.M.IMP",12,"Calibration",0.0054602776460432
"NHANES","MICE.10.IMP.M",12,"AUC",0.712869474941265
"NHANES","MICE.10.IMP.M",12,"Brier",0.261715575332815
"NHANES","MICE.10.IMP.M",12,"Misclassification",0.3065
"NHANES","MICE.10.IMP.M",12,"Calibration",0.0644650742970985
"NHANES","MICE.10.Y.M.IMP.M",12,"AUC",0.5
"NHANES","MICE.10.Y.M.IMP.M",12,"Brier",0.250098765625
"NHANES","MICE.10.Y.M.IMP.M",12,"Misclassification",0.5065
"NHANES","MICE.10.Y.M.IMP.M",12,"Calibration",NA
"NHANES","MICE.RF.10.IMP.M",12,"AUC",0.731146063684763
"NHANES","MICE.RF.10.IMP.M",12,"Brier",0.245385650468958
"NHANES","MICE.RF.10.IMP.M",12,"Misclassification",0.275
"NHANES","MICE.RF.10.IMP.M",12,"Calibration",0.0592734565155353
"NHANES","MICE.RF.10.Y.M.IMP.M",12,"AUC",0.750258793736141
"NHANES","MICE.RF.10.Y.M.IMP.M",12,"Brier",0.192879111533848
"NHANES","MICE.RF.10.Y.M.IMP.M",12,"Misclassification",0.3875
"NHANES","MICE.RF.10.Y.M.IMP.M",12,"Calibration",0.00583419304289212
"NHANES","Mean.IMP",12,"AUC",0.945612808564647
"NHANES","Mean.IMP",12,"Brier",0.0908221987887443
"NHANES","Mean.IMP",12,"Misclassification",0.125
"NHANES","Mean.IMP",12,"Calibration",0.00381271290901469
"NHANES","Mean.IMP.M",12,"AUC",0.969345819443486
"NHANES","Mean.IMP.M",12,"Brier",0.0703570706626138
"NHANES","Mean.IMP.M",12,"Misclassification",0.096
"NHANES","Mean.IMP.M",12,"Calibration",0.00363625080478881
"NHANES","05.IMP",12,"AUC",0.911278005983011
"NHANES","05.IMP",12,"Brier",0.120805071507383
"NHANES","05.IMP",12,"Misclassification",0.18
"NHANES","05.IMP",12,"Calibration",0.00336103541608386
"NHANES","05.IMP.M",12,"AUC",0.942175227613467
"NHANES","05.IMP.M",12,"Brier",0.0968266480421478
"NHANES","05.IMP.M",12,"Misclassification",0.1445
"NHANES","05.IMP.M",12,"Calibration",0.00282496334450741
"NHANES","PbP",12,"AUC",0.617569369223399
"NHANES","PbP",12,"Brier",0.236630382876002
"NHANES","PbP",12,"Misclassification",0.421
"NHANES","PbP",12,"Calibration",0.00880006171652145
"NHANES","SAEM",13,"AUC",0.5
"NHANES","SAEM",13,"Brier",0.2499930625
"NHANES","SAEM",13,"Misclassification",0.486
"NHANES","SAEM",13,"Calibration",NA
"NHANES","MICE.10.IMP",13,"AUC",0.776603857424221
"NHANES","MICE.10.IMP",13,"Brier",0.243238851856661
"NHANES","MICE.10.IMP",13,"Misclassification",0.3225
"NHANES","MICE.10.IMP",13,"Calibration",0.0577236308032653
"NHANES","MICE.10.Y.M.IMP",13,"AUC",0.5
"NHANES","MICE.10.Y.M.IMP",13,"Brier",0.2499930625
"NHANES","MICE.10.Y.M.IMP",13,"Misclassification",0.486
"NHANES","MICE.10.Y.M.IMP",13,"Calibration",NA
"NHANES","MICE.RF.10.IMP",13,"AUC",0.855764919697042
"NHANES","MICE.RF.10.IMP",13,"Brier",0.201603855290588
"NHANES","MICE.RF.10.IMP",13,"Misclassification",0.3045
"NHANES","MICE.RF.10.IMP",13,"Calibration",0.0504889939250018
"NHANES","MICE.RF.10.Y.M.IMP",13,"AUC",0.740526072440794
"NHANES","MICE.RF.10.Y.M.IMP",13,"Brier",0.197914340641049
"NHANES","MICE.RF.10.Y.M.IMP",13,"Misclassification",0.3105
"NHANES","MICE.RF.10.Y.M.IMP",13,"Calibration",0.00514730847593392
"NHANES","MICE.10.IMP.M",13,"AUC",0.597881238891291
"NHANES","MICE.10.IMP.M",13,"Brier",0.345104612664719
"NHANES","MICE.10.IMP.M",13,"Misclassification",0.3795
"NHANES","MICE.10.IMP.M",13,"Calibration",0.124724984839967
"NHANES","MICE.10.Y.M.IMP.M",13,"AUC",0.5
"NHANES","MICE.10.Y.M.IMP.M",13,"Brier",0.2499930625
"NHANES","MICE.10.Y.M.IMP.M",13,"Misclassification",0.486
"NHANES","MICE.10.Y.M.IMP.M",13,"Calibration",NA
"NHANES","MICE.RF.10.IMP.M",13,"AUC",0.598879521544891
"NHANES","MICE.RF.10.IMP.M",13,"Brier",0.34440815981164
"NHANES","MICE.RF.10.IMP.M",13,"Misclassification",0.383
"NHANES","MICE.RF.10.IMP.M",13,"Calibration",0.125052768747628
"NHANES","MICE.RF.10.Y.M.IMP.M",13,"AUC",0.74596333525484
"NHANES","MICE.RF.10.Y.M.IMP.M",13,"Brier",0.191794332574869
"NHANES","MICE.RF.10.Y.M.IMP.M",13,"Misclassification",0.3105
"NHANES","MICE.RF.10.Y.M.IMP.M",13,"Calibration",0.0056531872137815
"NHANES","Mean.IMP",13,"AUC",0.949400329858609
"NHANES","Mean.IMP",13,"Brier",0.0885922785994597
"NHANES","Mean.IMP",13,"Misclassification",0.1225
"NHANES","Mean.IMP",13,"Calibration",0.00341118234999253
"NHANES","Mean.IMP.M",13,"AUC",0.971822909160782
"NHANES","Mean.IMP.M",13,"Brier",0.0691836180403665
"NHANES","Mean.IMP.M",13,"Misclassification",0.105
"NHANES","Mean.IMP.M",13,"Calibration",0.00317719967611914
"NHANES","05.IMP",13,"AUC",0.918739291604618
"NHANES","05.IMP",13,"Brier",0.116093044428996
"NHANES","05.IMP",13,"Misclassification",0.168
"NHANES","05.IMP",13,"Calibration",0.00333281436486012
"NHANES","05.IMP.M",13,"AUC",0.940329218106996
"NHANES","05.IMP.M",13,"Brier",0.100895963020727
"NHANES","05.IMP.M",13,"Misclassification",0.156
"NHANES","05.IMP.M",13,"Calibration",0.00445749498928653
"NHANES","PbP",13,"AUC",0.614842536548654
"NHANES","PbP",13,"Brier",0.23987277592615
"NHANES","PbP",13,"Misclassification",0.407
"NHANES","PbP",13,"Calibration",0.0114576191743302
"NHANES","SAEM",14,"AUC",0.5
"NHANES","SAEM",14,"Brier",0.2500800625
"NHANES","SAEM",14,"Misclassification",0.522
"NHANES","SAEM",14,"Calibration",NA
"NHANES","MICE.10.IMP",14,"AUC",0.809994148671829
"NHANES","MICE.10.IMP",14,"Brier",0.223088627121719
"NHANES","MICE.10.IMP",14,"Misclassification",0.3185
"NHANES","MICE.10.IMP",14,"Calibration",0.0491894857691557
"NHANES","MICE.10.Y.M.IMP",14,"AUC",0.5
"NHANES","MICE.10.Y.M.IMP",14,"Brier",0.2500800625
"NHANES","MICE.10.Y.M.IMP",14,"Misclassification",0.522
"NHANES","MICE.10.Y.M.IMP",14,"Calibration",NA
"NHANES","MICE.RF.10.IMP",14,"AUC",0.869453261514292
"NHANES","MICE.RF.10.IMP",14,"Brier",0.185668251266806
"NHANES","MICE.RF.10.IMP",14,"Misclassification",0.289
"NHANES","MICE.RF.10.IMP",14,"Calibration",0.0463051467090581
"NHANES","MICE.RF.10.Y.M.IMP",14,"AUC",0.753646058769778
"NHANES","MICE.RF.10.Y.M.IMP",14,"Brier",0.192406276806108
"NHANES","MICE.RF.10.Y.M.IMP",14,"Misclassification",0.296
"NHANES","MICE.RF.10.Y.M.IMP",14,"Calibration",0.0061533179168963
"NHANES","MICE.10.IMP.M",14,"AUC",0.714486746340916
"NHANES","MICE.10.IMP.M",14,"Brier",0.279528461871118
"NHANES","MICE.10.IMP.M",14,"Misclassification",0.328
"NHANES","MICE.10.IMP.M",14,"Calibration",0.0883716099313961
"NHANES","MICE.10.Y.M.IMP.M",14,"AUC",0.5
"NHANES","MICE.10.Y.M.IMP.M",14,"Brier",0.2500800625
"NHANES","MICE.10.Y.M.IMP.M",14,"Misclassification",0.522
"NHANES","MICE.10.Y.M.IMP.M",14,"Calibration",NA
"NHANES","MICE.RF.10.IMP.M",14,"AUC",0.719611167219737
"NHANES","MICE.RF.10.IMP.M",14,"Brier",0.272350061237468
"NHANES","MICE.RF.10.IMP.M",14,"Misclassification",0.3185
"NHANES","MICE.RF.10.IMP.M",14,"Calibration",0.0848641374948422
"NHANES","MICE.RF.10.Y.M.IMP.M",14,"AUC",0.764516103175748
"NHANES","MICE.RF.10.Y.M.IMP.M",14,"Brier",0.185852961933921
"NHANES","MICE.RF.10.Y.M.IMP.M",14,"Misclassification",0.288
"NHANES","MICE.RF.10.Y.M.IMP.M",14,"Calibration",0.0074715210867817
"NHANES","Mean.IMP",14,"AUC",0.952507053655878
"NHANES","Mean.IMP",14,"Brier",0.0854781701161696
"NHANES","Mean.IMP",14,"Misclassification",0.1175
"NHANES","Mean.IMP",14,"Calibration",0.00321540568631053
"NHANES","Mean.IMP.M",14,"AUC",0.970768407637186
"NHANES","Mean.IMP.M",14,"Brier",0.0690667248727204
"NHANES","Mean.IMP.M",14,"Misclassification",0.096
"NHANES","Mean.IMP.M",14,"Calibration",0.00323434448699776
"NHANES","05.IMP",14,"AUC",0.906862686160407
"NHANES","05.IMP",14,"Brier",0.124679473571131
"NHANES","05.IMP",14,"Misclassification",0.1855
"NHANES","05.IMP",14,"Calibration",0.0038865418340413
"NHANES","05.IMP.M",14,"AUC",0.93671948893057
"NHANES","05.IMP.M",14,"Brier",0.103118293327684
"NHANES","05.IMP.M",14,"Misclassification",0.156
"NHANES","05.IMP.M",14,"Calibration",0.00387632831983334
"NHANES","PbP",14,"AUC",0.629185102358165
"NHANES","PbP",14,"Brier",0.236941478419844
"NHANES","PbP",14,"Misclassification",0.4645
"NHANES","PbP",14,"Calibration",0.0125352516799016
"NHANES","SAEM",15,"AUC",0.5
"NHANES","SAEM",15,"Brier",0.250153890625
"NHANES","SAEM",15,"Misclassification",0.5095
"NHANES","SAEM",15,"Calibration",NA
"NHANES","MICE.10.IMP",15,"AUC",0.769763884762399
"NHANES","MICE.10.IMP",15,"Brier",0.225649827121106
"NHANES","MICE.10.IMP",15,"Misclassification",0.3095
"NHANES","MICE.10.IMP",15,"Calibration",0.0371967913976134
"NHANES","MICE.10.Y.M.IMP",15,"AUC",0.5
"NHANES","MICE.10.Y.M.IMP",15,"Brier",0.250153890625
"NHANES","MICE.10.Y.M.IMP",15,"Misclassification",0.5095
"NHANES","MICE.10.Y.M.IMP",15,"Calibration",NA
"NHANES","MICE.RF.10.IMP",15,"AUC",0.861742088894091
"NHANES","MICE.RF.10.IMP",15,"Brier",0.178652085847396
"NHANES","MICE.RF.10.IMP",15,"Misclassification",0.2755
"NHANES","MICE.RF.10.IMP",15,"Calibration",0.032405459651333
"NHANES","MICE.RF.10.Y.M.IMP",15,"AUC",0.747963014648288
"NHANES","MICE.RF.10.Y.M.IMP",15,"Brier",0.193949555758689
"NHANES","MICE.RF.10.Y.M.IMP",15,"Misclassification",0.386
"NHANES","MICE.RF.10.Y.M.IMP",15,"Calibration",0.00495973403735692
"NHANES","MICE.10.IMP.M",15,"AUC",0.639635908562991
"NHANES","MICE.10.IMP.M",15,"Brier",0.286144257775429
"NHANES","MICE.10.IMP.M",15,"Misclassification",0.324
"NHANES","MICE.10.IMP.M",15,"Calibration",0.0801873134048982
"NHANES","MICE.10.Y.M.IMP.M",15,"AUC",0.5
"NHANES","MICE.10.Y.M.IMP.M",15,"Brier",0.250153890625
"NHANES","MICE.10.Y.M.IMP.M",15,"Misclassification",0.5095
"NHANES","MICE.10.Y.M.IMP.M",15,"Calibration",NA
"NHANES","MICE.RF.10.IMP.M",15,"AUC",0.653415883133811
"NHANES","MICE.RF.10.IMP.M",15,"Brier",0.274210319282744
"NHANES","MICE.RF.10.IMP.M",15,"Misclassification",0.301
"NHANES","MICE.RF.10.IMP.M",15,"Calibration",0.0782212023643821
"NHANES","MICE.RF.10.Y.M.IMP.M",15,"AUC",0.752094506116708
"NHANES","MICE.RF.10.Y.M.IMP.M",15,"Brier",0.19074156380064
"NHANES","MICE.RF.10.Y.M.IMP.M",15,"Misclassification",0.382
"NHANES","MICE.RF.10.Y.M.IMP.M",15,"Calibration",0.00474231213973503
"NHANES","Mean.IMP",15,"AUC",0.95246483980717
"NHANES","Mean.IMP",15,"Brier",0.0873357328028153
"NHANES","Mean.IMP",15,"Misclassification",0.1205
"NHANES","Mean.IMP",15,"Calibration",0.00438652278744581
"NHANES","Mean.IMP.M",15,"AUC",0.972883210839113
"NHANES","Mean.IMP.M",15,"Brier",0.0676428450864303
"NHANES","Mean.IMP.M",15,"Misclassification",0.099
"NHANES","Mean.IMP.M",15,"Calibration",0.00437634724904125
"NHANES","05.IMP",15,"AUC",0.912420383758537
"NHANES","05.IMP",15,"Brier",0.120635505417106
"NHANES","05.IMP",15,"Misclassification",0.176
"NHANES","05.IMP",15,"Calibration",0.00378177668655551
"NHANES","05.IMP.M",15,"AUC",0.939006981520329
"NHANES","05.IMP.M",15,"Brier",0.10045092546394
"NHANES","05.IMP.M",15,"Misclassification",0.1535
"NHANES","05.IMP.M",15,"Calibration",0.00388801999051915
"NHANES","PbP",15,"AUC",0.631012295438653
"NHANES","PbP",15,"Brier",0.230935882511444
"NHANES","PbP",15,"Misclassification",0.4105
"NHANES","PbP",15,"Calibration",0.00673356182282994
"Ozone","SAEM",1,"AUC",0.801051051051051
"Ozone","SAEM",1,"Brier",0.185441669904929
"Ozone","SAEM",1,"Misclassification",0.315068493150685
"Ozone","SAEM",1,"Calibration",0.0415190142721536
"Ozone","MICE.10.IMP",1,"AUC",0.766516516516517
"Ozone","MICE.10.IMP",1,"Brier",0.204625334913757
"Ozone","MICE.10.IMP",1,"Misclassification",0.315068493150685
"Ozone","MICE.10.IMP",1,"Calibration",0.0412691705301955
"Ozone","MICE.10.Y.M.IMP",1,"AUC",0.767267267267267
"Ozone","MICE.10.Y.M.IMP",1,"Brier",0.202939868630683
"Ozone","MICE.10.Y.M.IMP",1,"Misclassification",0.301369863013699
"Ozone","MICE.10.Y.M.IMP",1,"Calibration",0.0382464570194633
"Ozone","MICE.RF.10.IMP",1,"AUC",0.762762762762763
"Ozone","MICE.RF.10.IMP",1,"Brier",0.208150106428924
"Ozone","MICE.RF.10.IMP",1,"Misclassification",0.315068493150685
"Ozone","MICE.RF.10.IMP",1,"Calibration",0.0419400607668234
"Ozone","MICE.RF.10.Y.M.IMP",1,"AUC",0.767267267267267
"Ozone","MICE.RF.10.Y.M.IMP",1,"Brier",0.205717120781026
"Ozone","MICE.RF.10.Y.M.IMP",1,"Misclassification",0.315068493150685
"Ozone","MICE.RF.10.Y.M.IMP",1,"Calibration",0.049976742437908
"Ozone","MICE.10.IMP.M",1,"AUC",0.75975975975976
"Ozone","MICE.10.IMP.M",1,"Brier",0.211514719639532
"Ozone","MICE.10.IMP.M",1,"Misclassification",0.301369863013699
"Ozone","MICE.10.IMP.M",1,"Calibration",0.0460579934227529
"Ozone","MICE.10.Y.M.IMP.M",1,"AUC",0.756756756756757
"Ozone","MICE.10.Y.M.IMP.M",1,"Brier",0.211277087409827
"Ozone","MICE.10.Y.M.IMP.M",1,"Misclassification",0.287671232876712
"Ozone","MICE.10.Y.M.IMP.M",1,"Calibration",0.0441830414778028
"Ozone","MICE.RF.10.IMP.M",1,"AUC",0.757507507507508
"Ozone","MICE.RF.10.IMP.M",1,"Brier",0.214090569182891
"Ozone","MICE.RF.10.IMP.M",1,"Misclassification",0.328767123287671
"Ozone","MICE.RF.10.IMP.M",1,"Calibration",0.0431332697002087
"Ozone","MICE.RF.10.Y.M.IMP.M",1,"AUC",0.748498498498498
"Ozone","MICE.RF.10.Y.M.IMP.M",1,"Brier",0.217135360962912
"Ozone","MICE.RF.10.Y.M.IMP.M",1,"Misclassification",0.328767123287671
"Ozone","MICE.RF.10.Y.M.IMP.M",1,"Calibration",0.0457816139846688
"Ozone","Mean.IMP",1,"AUC",0.753003003003003
"Ozone","Mean.IMP",1,"Brier",0.213127308235384
"Ozone","Mean.IMP",1,"Misclassification",0.328767123287671
"Ozone","Mean.IMP",1,"Calibration",0.0452814554580244
"Ozone","Mean.IMP.M",1,"AUC",0.747747747747748
"Ozone","Mean.IMP.M",1,"Brier",0.220951505483579
"Ozone","Mean.IMP.M",1,"Misclassification",0.315068493150685
"Ozone","Mean.IMP.M",1,"Calibration",0.0486462612605267
"Ozone","05.IMP",1,"AUC",0.790540540540541
"Ozone","05.IMP",1,"Brier",0.185278647034138
"Ozone","05.IMP",1,"Misclassification",0.287671232876712
"Ozone","05.IMP",1,"Calibration",0.0193473180891103
"Ozone","05.IMP.M",1,"AUC",0.806306306306306
"Ozone","05.IMP.M",1,"Brier",0.180783236813507
"Ozone","05.IMP.M",1,"Misclassification",0.273972602739726
"Ozone","05.IMP.M",1,"Calibration",0.0233911616132128
"Ozone","PbP",1,"AUC",0.52027027027027
"Ozone","PbP",1,"Brier",0.392844227401941
"Ozone","PbP",1,"Misclassification",0.452054794520548
"Ozone","PbP",1,"Calibration",0.148358804149394
"Ozone","SAEM",2,"AUC",0.81203007518797
"Ozone","SAEM",2,"Brier",0.181441923446587
"Ozone","SAEM",2,"Misclassification",0.315068493150685
"Ozone","SAEM",2,"Calibration",0.0288567105874015
"Ozone","MICE.10.IMP",2,"AUC",0.76390977443609
"Ozone","MICE.10.IMP",2,"Brier",0.209260169856341
"Ozone","MICE.10.IMP",2,"Misclassification",0.287671232876712
"Ozone","MICE.10.IMP",2,"Calibration",0.0344395566795633
"Ozone","MICE.10.Y.M.IMP",2,"AUC",0.767669172932331
"Ozone","MICE.10.Y.M.IMP",2,"Brier",0.205218711049916
"Ozone","MICE.10.Y.M.IMP",2,"Misclassification",0.287671232876712
"Ozone","MICE.10.Y.M.IMP",2,"Calibration",0.0302757886754863
"Ozone","MICE.RF.10.IMP",2,"AUC",0.752631578947368
"Ozone","MICE.RF.10.IMP",2,"Brier",0.213355381488755
"Ozone","MICE.RF.10.IMP",2,"Misclassification",0.315068493150685
"Ozone","MICE.RF.10.IMP",2,"Calibration",0.0343979222651034
"Ozone","MICE.RF.10.Y.M.IMP",2,"AUC",0.753383458646616
"Ozone","MICE.RF.10.Y.M.IMP",2,"Brier",0.215296240947856
"Ozone","MICE.RF.10.Y.M.IMP",2,"Misclassification",0.287671232876712
"Ozone","MICE.RF.10.Y.M.IMP",2,"Calibration",0.030450683157093
"Ozone","MICE.10.IMP.M",2,"AUC",0.721052631578947
"Ozone","MICE.10.IMP.M",2,"Brier",0.248630589186279
"Ozone","MICE.10.IMP.M",2,"Misclassification",0.356164383561644
"Ozone","MICE.10.IMP.M",2,"Calibration",0.0556447128099918
"Ozone","MICE.10.Y.M.IMP.M",2,"AUC",0.740601503759398
"Ozone","MICE.10.Y.M.IMP.M",2,"Brier",0.241163764340793
"Ozone","MICE.10.Y.M.IMP.M",2,"Misclassification",0.342465753424658
"Ozone","MICE.10.Y.M.IMP.M",2,"Calibration",0.0521766669632846
"Ozone","MICE.RF.10.IMP.M",2,"AUC",0.708270676691729
"Ozone","MICE.RF.10.IMP.M",2,"Brier",0.250833250122099
"Ozone","MICE.RF.10.IMP.M",2,"Misclassification",0.397260273972603
"Ozone","MICE.RF.10.IMP.M",2,"Calibration",0.0488708669953323
"Ozone","MICE.RF.10.Y.M.IMP.M",2,"AUC",0.706766917293233
"Ozone","MICE.RF.10.Y.M.IMP.M",2,"Brier",0.255924297390115
"Ozone","MICE.RF.10.Y.M.IMP.M",2,"Misclassification",0.36986301369863
"Ozone","MICE.RF.10.Y.M.IMP.M",2,"Calibration",0.0547833721053543
"Ozone","Mean.IMP",2,"AUC",0.751127819548872
"Ozone","Mean.IMP",2,"Brier",0.221957285439855
"Ozone","Mean.IMP",2,"Misclassification",0.315068493150685
"Ozone","Mean.IMP",2,"Calibration",0.0389827257529663
"Ozone","Mean.IMP.M",2,"AUC",0.703759398496241
"Ozone","Mean.IMP.M",2,"Brier",0.25633380966786
"Ozone","Mean.IMP.M",2,"Misclassification",0.36986301369863
"Ozone","Mean.IMP.M",2,"Calibration",0.0561293337784527
"Ozone","05.IMP",2,"AUC",0.786466165413534
"Ozone","05.IMP",2,"Brier",0.18251920852961
"Ozone","05.IMP",2,"Misclassification",0.287671232876712
"Ozone","05.IMP",2,"Calibration",0.0256803904957044
"Ozone","05.IMP.M",2,"AUC",0.776691729323308
"Ozone","05.IMP.M",2,"Brier",0.192048749423519
"Ozone","05.IMP.M",2,"Misclassification",0.246575342465753
"Ozone","05.IMP.M",2,"Calibration",0.0281888523444436
"Ozone","PbP",2,"AUC",0.746240601503759
"Ozone","PbP",2,"Brier",0.242481310555395
"Ozone","PbP",2,"Misclassification",0.301369863013699
"Ozone","PbP",2,"Calibration",0.0640527166331775
"Ozone","SAEM",3,"AUC",0.831081081081081
"Ozone","SAEM",3,"Brier",0.177191502591432
"Ozone","SAEM",3,"Misclassification",0.26027397260274
"Ozone","SAEM",3,"Calibration",0.0271766772341411
"Ozone","MICE.10.IMP",3,"AUC",0.6996996996997
"Ozone","MICE.10.IMP",3,"Brier",0.259661846762782
"Ozone","MICE.10.IMP",3,"Misclassification",0.328767123287671
"Ozone","MICE.10.IMP",3,"Calibration",0.064572353929534
"Ozone","MICE.10.Y.M.IMP",3,"AUC",0.695195195195195
"Ozone","MICE.10.Y.M.IMP",3,"Brier",0.261088099339318
"Ozone","MICE.10.Y.M.IMP",3,"Misclassification",0.315068493150685
"Ozone","MICE.10.Y.M.IMP",3,"Calibration",0.0607623229500958
"Ozone","MICE.RF.10.IMP",3,"AUC",0.693693693693694
"Ozone","MICE.RF.10.IMP",3,"Brier",0.260941239338076
"Ozone","MICE.RF.10.IMP",3,"Misclassification",0.328767123287671
"Ozone","MICE.RF.10.IMP",3,"Calibration",0.0610435343033843
"Ozone","MICE.RF.10.Y.M.IMP",3,"AUC",0.710960960960961
"Ozone","MICE.RF.10.Y.M.IMP",3,"Brier",0.255518145234766
"Ozone","MICE.RF.10.Y.M.IMP",3,"Misclassification",0.328767123287671
"Ozone","MICE.RF.10.Y.M.IMP",3,"Calibration",0.0686033149786616
"Ozone","MICE.10.IMP.M",3,"AUC",0.707957957957958
"Ozone","MICE.10.IMP.M",3,"Brier",0.255154714393341
"Ozone","MICE.10.IMP.M",3,"Misclassification",0.342465753424658
"Ozone","MICE.10.IMP.M",3,"Calibration",0.0707999919708465
"Ozone","MICE.10.Y.M.IMP.M",3,"AUC",0.712462462462462
"Ozone","MICE.10.Y.M.IMP.M",3,"Brier",0.254604066077882
"Ozone","MICE.10.Y.M.IMP.M",3,"Misclassification",0.328767123287671
"Ozone","MICE.10.Y.M.IMP.M",3,"Calibration",0.0713685801026703
"Ozone","MICE.RF.10.IMP.M",3,"AUC",0.713213213213213
"Ozone","MICE.RF.10.IMP.M",3,"Brier",0.254881283668903
"Ozone","MICE.RF.10.IMP.M",3,"Misclassification",0.328767123287671
"Ozone","MICE.RF.10.IMP.M",3,"Calibration",0.0736835042996393
"Ozone","MICE.RF.10.Y.M.IMP.M",3,"AUC",0.709459459459459
"Ozone","MICE.RF.10.Y.M.IMP.M",3,"Brier",0.255954213755834
"Ozone","MICE.RF.10.Y.M.IMP.M",3,"Misclassification",0.315068493150685
"Ozone","MICE.RF.10.Y.M.IMP.M",3,"Calibration",0.0687396018836878
"Ozone","Mean.IMP",3,"AUC",0.708708708708709
"Ozone","Mean.IMP",3,"Brier",0.252343249388233
"Ozone","Mean.IMP",3,"Misclassification",0.328767123287671
"Ozone","Mean.IMP",3,"Calibration",0.0611933946767345
"Ozone","Mean.IMP.M",3,"AUC",0.710960960960961
"Ozone","Mean.IMP.M",3,"Brier",0.25447882739172
"Ozone","Mean.IMP.M",3,"Misclassification",0.315068493150685
"Ozone","Mean.IMP.M",3,"Calibration",0.0671206008487829
"Ozone","05.IMP",3,"AUC",0.801051051051051
"Ozone","05.IMP",3,"Brier",0.189877725840384
"Ozone","05.IMP",3,"Misclassification",0.315068493150685
"Ozone","05.IMP",3,"Calibration",0.0318601726173512
"Ozone","05.IMP.M",3,"AUC",0.797297297297297
"Ozone","05.IMP.M",3,"Brier",0.187939012733681
"Ozone","05.IMP.M",3,"Misclassification",0.26027397260274
"Ozone","05.IMP.M",3,"Calibration",0.0302608729846309
"Ozone","PbP",3,"AUC",0.661411411411411
"Ozone","PbP",3,"Brier",0.304126131029352
"Ozone","PbP",3,"Misclassification",0.342465753424658
"Ozone","PbP",3,"Calibration",0.0893950858188546
"Ozone","SAEM",4,"AUC",0.794573643410853
"Ozone","SAEM",4,"Brier",0.19295375973078
"Ozone","SAEM",4,"Misclassification",0.26027397260274
"Ozone","SAEM",4,"Calibration",0.032258290816133
"Ozone","MICE.10.IMP",4,"AUC",0.691472868217054
"Ozone","MICE.10.IMP",4,"Brier",0.260033678825551
"Ozone","MICE.10.IMP",4,"Misclassification",0.356164383561644
"Ozone","MICE.10.IMP",4,"Calibration",0.0645879648204021
"Ozone","MICE.10.Y.M.IMP",4,"AUC",0.696124031007752
"Ozone","MICE.10.Y.M.IMP",4,"Brier",0.256153688212612
"Ozone","MICE.10.Y.M.IMP",4,"Misclassification",0.356164383561644
"Ozone","MICE.10.Y.M.IMP",4,"Calibration",0.0639785117908603
"Ozone","MICE.RF.10.IMP",4,"AUC",0.693023255813954
"Ozone","MICE.RF.10.IMP",4,"Brier",0.257225600452013
"Ozone","MICE.RF.10.IMP",4,"Misclassification",0.36986301369863
"Ozone","MICE.RF.10.IMP",4,"Calibration",0.0613455672432125
"Ozone","MICE.RF.10.Y.M.IMP",4,"AUC",0.686821705426357
"Ozone","MICE.RF.10.Y.M.IMP",4,"Brier",0.259859868348335
"Ozone","MICE.RF.10.Y.M.IMP",4,"Misclassification",0.383561643835616
"Ozone","MICE.RF.10.Y.M.IMP",4,"Calibration",0.0656554426370603
"Ozone","MICE.10.IMP.M",4,"AUC",0.650387596899225
"Ozone","MICE.10.IMP.M",4,"Brier",0.280523744432385
"Ozone","MICE.10.IMP.M",4,"Misclassification",0.410958904109589
"Ozone","MICE.10.IMP.M",4,"Calibration",0.0724429363515771
"Ozone","MICE.10.Y.M.IMP.M",4,"AUC",0.665891472868217
"Ozone","MICE.10.Y.M.IMP.M",4,"Brier",0.275516884016643
"Ozone","MICE.10.Y.M.IMP.M",4,"Misclassification",0.410958904109589
"Ozone","MICE.10.Y.M.IMP.M",4,"Calibration",0.0740351165651565
"Ozone","MICE.RF.10.IMP.M",4,"AUC",0.646511627906977
"Ozone","MICE.RF.10.IMP.M",4,"Brier",0.274773885176841
"Ozone","MICE.RF.10.IMP.M",4,"Misclassification",0.424657534246575
"Ozone","MICE.RF.10.IMP.M",4,"Calibration",0.066858714127101
"Ozone","MICE.RF.10.Y.M.IMP.M",4,"AUC",0.637209302325581
"Ozone","MICE.RF.10.Y.M.IMP.M",4,"Brier",0.282682412831921
"Ozone","MICE.RF.10.Y.M.IMP.M",4,"Misclassification",0.397260273972603
"Ozone","MICE.RF.10.Y.M.IMP.M",4,"Calibration",0.0725039155301357
"Ozone","Mean.IMP",4,"AUC",0.672868217054264
"Ozone","Mean.IMP",4,"Brier",0.277916390632324
"Ozone","Mean.IMP",4,"Misclassification",0.424657534246575
"Ozone","Mean.IMP",4,"Calibration",0.0814780344679403
"Ozone","Mean.IMP.M",4,"AUC",0.637984496124031
"Ozone","Mean.IMP.M",4,"Brier",0.287917199600058
"Ozone","Mean.IMP.M",4,"Misclassification",0.438356164383562
"Ozone","Mean.IMP.M",4,"Calibration",0.0808366089578231
"Ozone","05.IMP",4,"AUC",0.854263565891473
"Ozone","05.IMP",4,"Brier",0.166259520674126
"Ozone","05.IMP",4,"Misclassification",0.273972602739726
"Ozone","05.IMP",4,"Calibration",0.0287513667276157
"Ozone","05.IMP.M",4,"AUC",0.787596899224806
"Ozone","05.IMP.M",4,"Brier",0.194322541744381
"Ozone","05.IMP.M",4,"Misclassification",0.315068493150685
"Ozone","05.IMP.M",4,"Calibration",0.0353532005832586
"Ozone","PbP",4,"AUC",0.585271317829457
"Ozone","PbP",4,"Brier",0.377372085514704
"Ozone","PbP",4,"Misclassification",0.479452054794521
"Ozone","PbP",4,"Calibration",0.148395771323463
"Ozone","SAEM",5,"AUC",0.784210526315789
"Ozone","SAEM",5,"Brier",0.191226502026069
"Ozone","SAEM",5,"Misclassification",0.287671232876712
"Ozone","SAEM",5,"Calibration",0.0206785568205897
"Ozone","MICE.10.IMP",5,"AUC",0.68796992481203
"Ozone","MICE.10.IMP",5,"Brier",0.252078508281331
"Ozone","MICE.10.IMP",5,"Misclassification",0.328767123287671
"Ozone","MICE.10.IMP",5,"Calibration",0.0512727065085674
"Ozone","MICE.10.Y.M.IMP",5,"AUC",0.692481203007519
"Ozone","MICE.10.Y.M.IMP",5,"Brier",0.246293760426543
"Ozone","MICE.10.Y.M.IMP",5,"Misclassification",0.328767123287671
"Ozone","MICE.10.Y.M.IMP",5,"Calibration",0.044812547820717
"Ozone","MICE.RF.10.IMP",5,"AUC",0.691729323308271
"Ozone","MICE.RF.10.IMP",5,"Brier",0.252618070662263
"Ozone","MICE.RF.10.IMP",5,"Misclassification",0.328767123287671
"Ozone","MICE.RF.10.IMP",5,"Calibration",0.0575232872113152
"Ozone","MICE.RF.10.Y.M.IMP",5,"AUC",0.683458646616541
"Ozone","MICE.RF.10.Y.M.IMP",5,"Brier",0.251139408971258
"Ozone","MICE.RF.10.Y.M.IMP",5,"Misclassification",0.328767123287671
"Ozone","MICE.RF.10.Y.M.IMP",5,"Calibration",0.0559661161501641
"Ozone","MICE.10.IMP.M",5,"AUC",0.711278195488722
"Ozone","MICE.10.IMP.M",5,"Brier",0.240446204202906
"Ozone","MICE.10.IMP.M",5,"Misclassification",0.301369863013699
"Ozone","MICE.10.IMP.M",5,"Calibration",0.051035586282014
"Ozone","MICE.10.Y.M.IMP.M",5,"AUC",0.701503759398496
"Ozone","MICE.10.Y.M.IMP.M",5,"Brier",0.242107759227101
"Ozone","MICE.10.Y.M.IMP.M",5,"Misclassification",0.342465753424658
"Ozone","MICE.10.Y.M.IMP.M",5,"Calibration",0.0596011308576801
"Ozone","MICE.RF.10.IMP.M",5,"AUC",0.714285714285714
"Ozone","MICE.RF.10.IMP.M",5,"Brier",0.238860776627425
"Ozone","MICE.RF.10.IMP.M",5,"Misclassification",0.301369863013699
"Ozone","MICE.RF.10.IMP.M",5,"Calibration",0.0532037776142618
"Ozone","MICE.RF.10.Y.M.IMP.M",5,"AUC",0.711278195488722
"Ozone","MICE.RF.10.Y.M.IMP.M",5,"Brier",0.241369138762291
"Ozone","MICE.RF.10.Y.M.IMP.M",5,"Misclassification",0.301369863013699
"Ozone","MICE.RF.10.Y.M.IMP.M",5,"Calibration",0.0557406840639011
"Ozone","Mean.IMP",5,"AUC",0.691729323308271
"Ozone","Mean.IMP",5,"Brier",0.251762744179986
"Ozone","Mean.IMP",5,"Misclassification",0.356164383561644
"Ozone","Mean.IMP",5,"Calibration",0.0595253012576116
"Ozone","Mean.IMP.M",5,"AUC",0.716541353383459
"Ozone","Mean.IMP.M",5,"Brier",0.243225177222032
"Ozone","Mean.IMP.M",5,"Misclassification",0.356164383561644
"Ozone","Mean.IMP.M",5,"Calibration",0.0555330327887197
"Ozone","05.IMP",5,"AUC",0.832330827067669
"Ozone","05.IMP",5,"Brier",0.17012349235171
"Ozone","05.IMP",5,"Misclassification",0.205479452054795
"Ozone","05.IMP",5,"Calibration",0.0248038576485135
"Ozone","05.IMP.M",5,"AUC",0.81203007518797
"Ozone","05.IMP.M",5,"Brier",0.177155622251416
"Ozone","05.IMP.M",5,"Misclassification",0.26027397260274
"Ozone","05.IMP.M",5,"Calibration",0.0256651796650831
"Ozone","PbP",5,"AUC",0.642105263157895
"Ozone","PbP",5,"Brier",0.357300959806074
"Ozone","PbP",5,"Misclassification",0.356164383561644
"Ozone","PbP",5,"Calibration",0.14186381234435
"Ozone","SAEM",6,"AUC",0.821646341463415
"Ozone","SAEM",6,"Brier",0.173686318192687
"Ozone","SAEM",6,"Misclassification",0.219178082191781
"Ozone","SAEM",6,"Calibration",0.0252206286311073
"Ozone","MICE.10.IMP",6,"AUC",0.749237804878049
"Ozone","MICE.10.IMP",6,"Brier",0.208692930026675
"Ozone","MICE.10.IMP",6,"Misclassification",0.328767123287671
"Ozone","MICE.10.IMP",6,"Calibration",0.0314496790525615
"Ozone","MICE.10.Y.M.IMP",6,"AUC",0.732469512195122
"Ozone","MICE.10.Y.M.IMP",6,"Brier",0.216376791068617
"Ozone","MICE.10.Y.M.IMP",6,"Misclassification",0.342465753424658
"Ozone","MICE.10.Y.M.IMP",6,"Calibration",0.030185303265526
"Ozone","MICE.RF.10.IMP",6,"AUC",0.743140243902439
"Ozone","MICE.RF.10.IMP",6,"Brier",0.204385220993284
"Ozone","MICE.RF.10.IMP",6,"Misclassification",0.273972602739726
"Ozone","MICE.RF.10.IMP",6,"Calibration",0.0384538312262783
"Ozone","MICE.RF.10.Y.M.IMP",6,"AUC",0.770579268292683
"Ozone","MICE.RF.10.Y.M.IMP",6,"Brier",0.195178049479026
"Ozone","MICE.RF.10.Y.M.IMP",6,"Misclassification",0.273972602739726
"Ozone","MICE.RF.10.Y.M.IMP",6,"Calibration",0.0303927173470593
"Ozone","MICE.10.IMP.M",6,"AUC",0.765243902439024
"Ozone","MICE.10.IMP.M",6,"Brier",0.20557077563991
"Ozone","MICE.10.IMP.M",6,"Misclassification",0.315068493150685
"Ozone","MICE.10.IMP.M",6,"Calibration",0.0441552505257547
"Ozone","MICE.10.Y.M.IMP.M",6,"AUC",0.738567073170732
"Ozone","MICE.10.Y.M.IMP.M",6,"Brier",0.222841618724648
"Ozone","MICE.10.Y.M.IMP.M",6,"Misclassification",0.328767123287671
"Ozone","MICE.10.Y.M.IMP.M",6,"Calibration",0.0401289736832361
"Ozone","MICE.RF.10.IMP.M",6,"AUC",0.766006097560976
"Ozone","MICE.RF.10.IMP.M",6,"Brier",0.204683926416876
"Ozone","MICE.RF.10.IMP.M",6,"Misclassification",0.301369863013699
"Ozone","MICE.RF.10.IMP.M",6,"Calibration",0.0428242335982789
"Ozone","MICE.RF.10.Y.M.IMP.M",6,"AUC",0.765243902439024
"Ozone","MICE.RF.10.Y.M.IMP.M",6,"Brier",0.205520323518212
"Ozone","MICE.RF.10.Y.M.IMP.M",6,"Misclassification",0.301369863013699
"Ozone","MICE.RF.10.Y.M.IMP.M",6,"Calibration",0.0463127756120335
"Ozone","Mean.IMP",6,"AUC",0.721798780487805
"Ozone","Mean.IMP",6,"Brier",0.224189995911721
"Ozone","Mean.IMP",6,"Misclassification",0.383561643835616
"Ozone","Mean.IMP",6,"Calibration",0.0376248636050761
"Ozone","Mean.IMP.M",6,"AUC",0.755335365853659
"Ozone","Mean.IMP.M",6,"Brier",0.213667375302172
"Ozone","Mean.IMP.M",6,"Misclassification",0.287671232876712
"Ozone","Mean.IMP.M",6,"Calibration",0.0421572644084992
"Ozone","05.IMP",6,"AUC",0.771341463414634
"Ozone","05.IMP",6,"Brier",0.194721668010159
"Ozone","05.IMP",6,"Misclassification",0.273972602739726
"Ozone","05.IMP",6,"Calibration",0.0295938734303099
"Ozone","05.IMP.M",6,"AUC",0.790396341463415
"Ozone","05.IMP.M",6,"Brier",0.190025658742659
"Ozone","05.IMP.M",6,"Misclassification",0.26027397260274
"Ozone","05.IMP.M",6,"Calibration",0.0246937303970323
"Ozone","PbP",6,"AUC",0.683307926829268
"Ozone","PbP",6,"Brier",0.285230549058569
"Ozone","PbP",6,"Misclassification",0.342465753424658
"Ozone","PbP",6,"Calibration",0.0836649913286277
"Ozone","SAEM",7,"AUC",0.723255813953488
"Ozone","SAEM",7,"Brier",0.222546629302962
"Ozone","SAEM",7,"Misclassification",0.342465753424658
"Ozone","SAEM",7,"Calibration",0.0352232981440146
"Ozone","MICE.10.IMP",7,"AUC",0.721705426356589
"Ozone","MICE.10.IMP",7,"Brier",0.240991763411492
"Ozone","MICE.10.IMP",7,"Misclassification",0.36986301369863
"Ozone","MICE.10.IMP",7,"Calibration",0.0521789780233646
"Ozone","MICE.10.Y.M.IMP",7,"AUC",0.715503875968992
"Ozone","MICE.10.Y.M.IMP",7,"Brier",0.236849792637999
"Ozone","MICE.10.Y.M.IMP",7,"Misclassification",0.342465753424658
"Ozone","MICE.10.Y.M.IMP",7,"Calibration",0.048069623035912
"Ozone","MICE.RF.10.IMP",7,"AUC",0.725581395348837
"Ozone","MICE.RF.10.IMP",7,"Brier",0.233386393700028
"Ozone","MICE.RF.10.IMP",7,"Misclassification",0.328767123287671
"Ozone","MICE.RF.10.IMP",7,"Calibration",0.0447529951351229
"Ozone","MICE.RF.10.Y.M.IMP",7,"AUC",0.725581395348837
"Ozone","MICE.RF.10.Y.M.IMP",7,"Brier",0.230222216658676
"Ozone","MICE.RF.10.Y.M.IMP",7,"Misclassification",0.342465753424658
"Ozone","MICE.RF.10.Y.M.IMP",7,"Calibration",0.0456751637011368
"Ozone","MICE.10.IMP.M",7,"AUC",0.722480620155039
"Ozone","MICE.10.IMP.M",7,"Brier",0.247972019395574
"Ozone","MICE.10.IMP.M",7,"Misclassification",0.342465753424658
"Ozone","MICE.10.IMP.M",7,"Calibration",0.0641059615569137
"Ozone","MICE.10.Y.M.IMP.M",7,"AUC",0.717829457364341
"Ozone","MICE.10.Y.M.IMP.M",7,"Brier",0.244559734468588
"Ozone","MICE.10.Y.M.IMP.M",7,"Misclassification",0.342465753424658
"Ozone","MICE.10.Y.M.IMP.M",7,"Calibration",0.0616741269254459
"Ozone","MICE.RF.10.IMP.M",7,"AUC",0.713178294573643
"Ozone","MICE.RF.10.IMP.M",7,"Brier",0.243195895332613
"Ozone","MICE.RF.10.IMP.M",7,"Misclassification",0.328767123287671
"Ozone","MICE.RF.10.IMP.M",7,"Calibration",0.0522656419527227
"Ozone","MICE.RF.10.Y.M.IMP.M",7,"AUC",0.730232558139535
"Ozone","MICE.RF.10.Y.M.IMP.M",7,"Brier",0.242395104078767
"Ozone","MICE.RF.10.Y.M.IMP.M",7,"Misclassification",0.356164383561644
"Ozone","MICE.RF.10.Y.M.IMP.M",7,"Calibration",0.0634237029732637
"Ozone","Mean.IMP",7,"AUC",0.731782945736434
"Ozone","Mean.IMP",7,"Brier",0.22832594631188
"Ozone","Mean.IMP",7,"Misclassification",0.301369863013699
"Ozone","Mean.IMP",7,"Calibration",0.0454426195929373
"Ozone","Mean.IMP.M",7,"AUC",0.726356589147287
"Ozone","Mean.IMP.M",7,"Brier",0.237823433151073
"Ozone","Mean.IMP.M",7,"Misclassification",0.342465753424658
"Ozone","Mean.IMP.M",7,"Calibration",0.0486719453694483
"Ozone","05.IMP",7,"AUC",0.72015503875969
"Ozone","05.IMP",7,"Brier",0.222772253229168
"Ozone","05.IMP",7,"Misclassification",0.356164383561644
"Ozone","05.IMP",7,"Calibration",0.037112167276979
"Ozone","05.IMP.M",7,"AUC",0.735658914728682
"Ozone","05.IMP.M",7,"Brier",0.221616126821978
"Ozone","05.IMP.M",7,"Misclassification",0.342465753424658
"Ozone","05.IMP.M",7,"Calibration",0.0461105821383506
"Ozone","PbP",7,"AUC",0.656976744186046
"Ozone","PbP",7,"Brier",0.337699004059852
"Ozone","PbP",7,"Misclassification",0.410958904109589
"Ozone","PbP",7,"Calibration",0.133121574824888
"Ozone","SAEM",8,"AUC",0.792424242424242
"Ozone","SAEM",8,"Brier",0.184593669775501
"Ozone","SAEM",8,"Misclassification",0.246575342465753
"Ozone","SAEM",8,"Calibration",0.0263067512146093
"Ozone","MICE.10.IMP",8,"AUC",0.725
"Ozone","MICE.10.IMP",8,"Brier",0.23102038863944
"Ozone","MICE.10.IMP",8,"Misclassification",0.315068493150685
"Ozone","MICE.10.IMP",8,"Calibration",0.0434025270489754
"Ozone","MICE.10.Y.M.IMP",8,"AUC",0.738636363636364
"Ozone","MICE.10.Y.M.IMP",8,"Brier",0.225474729041034
"Ozone","MICE.10.Y.M.IMP",8,"Misclassification",0.301369863013699
"Ozone","MICE.10.Y.M.IMP",8,"Calibration",0.057084486784471
"Ozone","MICE.RF.10.IMP",8,"AUC",0.718181818181818
"Ozone","MICE.RF.10.IMP",8,"Brier",0.234452989731232
"Ozone","MICE.RF.10.IMP",8,"Misclassification",0.315068493150685
"Ozone","MICE.RF.10.IMP",8,"Calibration",0.0469383126275137
"Ozone","MICE.RF.10.Y.M.IMP",8,"AUC",0.718181818181818
"Ozone","MICE.RF.10.Y.M.IMP",8,"Brier",0.234883643889597
"Ozone","MICE.RF.10.Y.M.IMP",8,"Misclassification",0.301369863013699
"Ozone","MICE.RF.10.Y.M.IMP",8,"Calibration",0.0437701911323085
"Ozone","MICE.10.IMP.M",8,"AUC",0.720454545454545
"Ozone","MICE.10.IMP.M",8,"Brier",0.240450471106054
"Ozone","MICE.10.IMP.M",8,"Misclassification",0.328767123287671
"Ozone","MICE.10.IMP.M",8,"Calibration",0.051617614464978
"Ozone","MICE.10.Y.M.IMP.M",8,"AUC",0.735606060606061
"Ozone","MICE.10.Y.M.IMP.M",8,"Brier",0.22922135563374
"Ozone","MICE.10.Y.M.IMP.M",8,"Misclassification",0.287671232876712
"Ozone","MICE.10.Y.M.IMP.M",8,"Calibration",0.0531109363726353
"Ozone","MICE.RF.10.IMP.M",8,"AUC",0.717424242424242
"Ozone","MICE.RF.10.IMP.M",8,"Brier",0.245029102393659
"Ozone","MICE.RF.10.IMP.M",8,"Misclassification",0.342465753424658
"Ozone","MICE.RF.10.IMP.M",8,"Calibration",0.0582660937128422
"Ozone","MICE.RF.10.Y.M.IMP.M",8,"AUC",0.71969696969697
"Ozone","MICE.RF.10.Y.M.IMP.M",8,"Brier",0.241502393589946
"Ozone","MICE.RF.10.Y.M.IMP.M",8,"Misclassification",0.342465753424658
"Ozone","MICE.RF.10.Y.M.IMP.M",8,"Calibration",0.0503618337328885
"Ozone","Mean.IMP",8,"AUC",0.726515151515152
"Ozone","Mean.IMP",8,"Brier",0.233877119850952
"Ozone","Mean.IMP",8,"Misclassification",0.287671232876712
"Ozone","Mean.IMP",8,"Calibration",0.0445520747644242
"Ozone","Mean.IMP.M",8,"AUC",0.722727272727273
"Ozone","Mean.IMP.M",8,"Brier",0.243542675270582
"Ozone","Mean.IMP.M",8,"Misclassification",0.328767123287671
"Ozone","Mean.IMP.M",8,"Calibration",0.0545341951662111
"Ozone","05.IMP",8,"AUC",0.795454545454545
"Ozone","05.IMP",8,"Brier",0.186597713306171
"Ozone","05.IMP",8,"Misclassification",0.26027397260274
"Ozone","05.IMP",8,"Calibration",0.0283755701525212
"Ozone","05.IMP.M",8,"AUC",0.784848484848485
"Ozone","05.IMP.M",8,"Brier",0.192055274887051
"Ozone","05.IMP.M",8,"Misclassification",0.26027397260274
"Ozone","05.IMP.M",8,"Calibration",0.0336616358261561
"Ozone","PbP",8,"AUC",0.600757575757576
"Ozone","PbP",8,"Brier",0.325136276304393
"Ozone","PbP",8,"Misclassification",0.356164383561644
"Ozone","PbP",8,"Calibration",0.103979503092825
"Ozone","SAEM",9,"AUC",0.665360501567398
"Ozone","SAEM",9,"Brier",0.228251411924965
"Ozone","SAEM",9,"Misclassification",0.342465753424658
"Ozone","SAEM",9,"Calibration",0.0359226448016773
"Ozone","MICE.10.IMP",9,"AUC",0.669278996865204
"Ozone","MICE.10.IMP",9,"Brier",0.251383370391775
"Ozone","MICE.10.IMP",9,"Misclassification",0.287671232876712
"Ozone","MICE.10.IMP",9,"Calibration",0.0615053560725201
"Ozone","MICE.10.Y.M.IMP",9,"AUC",0.670062695924765
"Ozone","MICE.10.Y.M.IMP",9,"Brier",0.253542306318455
"Ozone","MICE.10.Y.M.IMP",9,"Misclassification",0.356164383561644
"Ozone","MICE.10.Y.M.IMP",9,"Calibration",0.0633763635631367
"Ozone","MICE.RF.10.IMP",9,"AUC",0.661442006269592
"Ozone","MICE.RF.10.IMP",9,"Brier",0.254432541350722
"Ozone","MICE.RF.10.IMP",9,"Misclassification",0.356164383561644
"Ozone","MICE.RF.10.IMP",9,"Calibration",0.0552282706013267
"Ozone","MICE.RF.10.Y.M.IMP",9,"AUC",0.662225705329154
"Ozone","MICE.RF.10.Y.M.IMP",9,"Brier",0.254660724990858
"Ozone","MICE.RF.10.Y.M.IMP",9,"Misclassification",0.356164383561644
"Ozone","MICE.RF.10.Y.M.IMP",9,"Calibration",0.0575189570139952
"Ozone","MICE.10.IMP.M",9,"AUC",0.654388714733542
"Ozone","MICE.10.IMP.M",9,"Brier",0.264558759844442
"Ozone","MICE.10.IMP.M",9,"Misclassification",0.328767123287671
"Ozone","MICE.10.IMP.M",9,"Calibration",0.0747936522711152
"Ozone","MICE.10.Y.M.IMP.M",9,"AUC",0.65282131661442
"Ozone","MICE.10.Y.M.IMP.M",9,"Brier",0.267744533533445
"Ozone","MICE.10.Y.M.IMP.M",9,"Misclassification",0.342465753424658
"Ozone","MICE.10.Y.M.IMP.M",9,"Calibration",0.0781822827302597
"Ozone","MICE.RF.10.IMP.M",9,"AUC",0.643416927899687
"Ozone","MICE.RF.10.IMP.M",9,"Brier",0.266363234384013
"Ozone","MICE.RF.10.IMP.M",9,"Misclassification",0.36986301369863
"Ozone","MICE.RF.10.IMP.M",9,"Calibration",0.0626613426684229
"Ozone","MICE.RF.10.Y.M.IMP.M",9,"AUC",0.653605015673981
"Ozone","MICE.RF.10.Y.M.IMP.M",9,"Brier",0.265436418328645
"Ozone","MICE.RF.10.Y.M.IMP.M",9,"Misclassification",0.383561643835616
"Ozone","MICE.RF.10.Y.M.IMP.M",9,"Calibration",0.0683076172768616
"Ozone","Mean.IMP",9,"AUC",0.655172413793103
"Ozone","Mean.IMP",9,"Brier",0.268032950063943
"Ozone","Mean.IMP",9,"Misclassification",0.356164383561644
"Ozone","Mean.IMP",9,"Calibration",0.0653026250572279
"Ozone","Mean.IMP.M",9,"AUC",0.634012539184953
"Ozone","Mean.IMP.M",9,"Brier",0.281481050457677
"Ozone","Mean.IMP.M",9,"Misclassification",0.424657534246575
"Ozone","Mean.IMP.M",9,"Calibration",0.0785061474467245
"Ozone","05.IMP",9,"AUC",0.651253918495298
"Ozone","05.IMP",9,"Brier",0.243477842513139
"Ozone","05.IMP",9,"Misclassification",0.356164383561644
"Ozone","05.IMP",9,"Calibration",0.040671555743697
"Ozone","05.IMP.M",9,"AUC",0.661442006269592
"Ozone","05.IMP.M",9,"Brier",0.240047428133608
"Ozone","05.IMP.M",9,"Misclassification",0.356164383561644
"Ozone","05.IMP.M",9,"Calibration",0.0446299460722901
"Ozone","PbP",9,"AUC",0.588557993730408
"Ozone","PbP",9,"Brier",0.351377071034263
"Ozone","PbP",9,"Misclassification",0.424657534246575
"Ozone","PbP",9,"Calibration",0.129567773026335
"Ozone","SAEM",10,"AUC",0.779699248120301
"Ozone","SAEM",10,"Brier",0.188118482087524
"Ozone","SAEM",10,"Misclassification",0.232876712328767
"Ozone","SAEM",10,"Calibration",0.0217127417091805
"Ozone","MICE.10.IMP",10,"AUC",0.73609022556391
"Ozone","MICE.10.IMP",10,"Brier",0.225450300891091
"Ozone","MICE.10.IMP",10,"Misclassification",0.287671232876712
"Ozone","MICE.10.IMP",10,"Calibration",0.032943036466018
"Ozone","MICE.10.Y.M.IMP",10,"AUC",0.731578947368421
"Ozone","MICE.10.Y.M.IMP",10,"Brier",0.224411427661007
"Ozone","MICE.10.Y.M.IMP",10,"Misclassification",0.287671232876712
"Ozone","MICE.10.Y.M.IMP",10,"Calibration",0.0360142270760545
"Ozone","MICE.RF.10.IMP",10,"AUC",0.739097744360902
"Ozone","MICE.RF.10.IMP",10,"Brier",0.222540754653548
"Ozone","MICE.RF.10.IMP",10,"Misclassification",0.301369863013699
"Ozone","MICE.RF.10.IMP",10,"Calibration",0.0321142995615009
"Ozone","MICE.RF.10.Y.M.IMP",10,"AUC",0.73984962406015
"Ozone","MICE.RF.10.Y.M.IMP",10,"Brier",0.221420917809469
"Ozone","MICE.RF.10.Y.M.IMP",10,"Misclassification",0.301369863013699
"Ozone","MICE.RF.10.Y.M.IMP",10,"Calibration",0.0369962821231171
"Ozone","MICE.10.IMP.M",10,"AUC",0.775187969924812
"Ozone","MICE.10.IMP.M",10,"Brier",0.198118314965646
"Ozone","MICE.10.IMP.M",10,"Misclassification",0.232876712328767
"Ozone","MICE.10.IMP.M",10,"Calibration",0.0385136750155622
"Ozone","MICE.10.Y.M.IMP.M",10,"AUC",0.769172932330827
"Ozone","MICE.10.Y.M.IMP.M",10,"Brier",0.201376629030862
"Ozone","MICE.10.Y.M.IMP.M",10,"Misclassification",0.219178082191781
"Ozone","MICE.10.Y.M.IMP.M",10,"Calibration",0.0367484489917228
"Ozone","MICE.RF.10.IMP.M",10,"AUC",0.774436090225564
"Ozone","MICE.RF.10.IMP.M",10,"Brier",0.199557583114845
"Ozone","MICE.RF.10.IMP.M",10,"Misclassification",0.26027397260274
"Ozone","MICE.RF.10.IMP.M",10,"Calibration",0.0326541889688528
"Ozone","MICE.RF.10.Y.M.IMP.M",10,"AUC",0.772932330827068
"Ozone","MICE.RF.10.Y.M.IMP.M",10,"Brier",0.20129050070923
"Ozone","MICE.RF.10.Y.M.IMP.M",10,"Misclassification",0.287671232876712
"Ozone","MICE.RF.10.Y.M.IMP.M",10,"Calibration",0.0291433936306159
"Ozone","Mean.IMP",10,"AUC",0.724812030075188
"Ozone","Mean.IMP",10,"Brier",0.224691161827655
"Ozone","Mean.IMP",10,"Misclassification",0.328767123287671
"Ozone","Mean.IMP",10,"Calibration",0.0351800149031314
"Ozone","Mean.IMP.M",10,"AUC",0.770676691729323
"Ozone","Mean.IMP.M",10,"Brier",0.202380977226693
"Ozone","Mean.IMP.M",10,"Misclassification",0.273972602739726
"Ozone","Mean.IMP.M",10,"Calibration",0.0293886600562932
"Ozone","05.IMP",10,"AUC",0.808270676691729
"Ozone","05.IMP",10,"Brier",0.177388394525525
"Ozone","05.IMP",10,"Misclassification",0.26027397260274
"Ozone","05.IMP",10,"Calibration",0.0232183703514717
"Ozone","05.IMP.M",10,"AUC",0.802255639097744
"Ozone","05.IMP.M",10,"Brier",0.180417075505016
"Ozone","05.IMP.M",10,"Misclassification",0.246575342465753
"Ozone","05.IMP.M",10,"Calibration",0.027506125691148
"Ozone","PbP",10,"AUC",0.716917293233083
"Ozone","PbP",10,"Brier",0.277201244726659
"Ozone","PbP",10,"Misclassification",0.287671232876712
"Ozone","PbP",10,"Calibration",0.0796971640638356
"Ozone","SAEM",11,"AUC",0.881060606060606
"Ozone","SAEM",11,"Brier",0.143513521558225
"Ozone","SAEM",11,"Misclassification",0.164383561643836
"Ozone","SAEM",11,"Calibration",0.0274948666222945
"Ozone","MICE.10.IMP",11,"AUC",0.804545454545455
"Ozone","MICE.10.IMP",11,"Brier",0.185588583264477
"Ozone","MICE.10.IMP",11,"Misclassification",0.287671232876712
"Ozone","MICE.10.IMP",11,"Calibration",0.0412199142022242
"Ozone","MICE.10.Y.M.IMP",11,"AUC",0.806818181818182
"Ozone","MICE.10.Y.M.IMP",11,"Brier",0.18107679021444
"Ozone","MICE.10.Y.M.IMP",11,"Misclassification",0.273972602739726
"Ozone","MICE.10.Y.M.IMP",11,"Calibration",0.0384234960200496
"Ozone","MICE.RF.10.IMP",11,"AUC",0.803787878787879
"Ozone","MICE.RF.10.IMP",11,"Brier",0.187536074459273
"Ozone","MICE.RF.10.IMP",11,"Misclassification",0.26027397260274
"Ozone","MICE.RF.10.IMP",11,"Calibration",0.0349193392287708
"Ozone","MICE.RF.10.Y.M.IMP",11,"AUC",0.802272727272727
"Ozone","MICE.RF.10.Y.M.IMP",11,"Brier",0.183850134178206
"Ozone","MICE.RF.10.Y.M.IMP",11,"Misclassification",0.273972602739726
"Ozone","MICE.RF.10.Y.M.IMP",11,"Calibration",0.0348445900865169
"Ozone","MICE.10.IMP.M",11,"AUC",0.811363636363636
"Ozone","MICE.10.IMP.M",11,"Brier",0.180602641917399
"Ozone","MICE.10.IMP.M",11,"Misclassification",0.273972602739726
"Ozone","MICE.10.IMP.M",11,"Calibration",0.0316354536559882
"Ozone","MICE.10.Y.M.IMP.M",11,"AUC",0.813636363636364
"Ozone","MICE.10.Y.M.IMP.M",11,"Brier",0.177751944920396
"Ozone","MICE.10.Y.M.IMP.M",11,"Misclassification",0.301369863013699
"Ozone","MICE.10.Y.M.IMP.M",11,"Calibration",0.0293501184363772
"Ozone","MICE.RF.10.IMP.M",11,"AUC",0.793939393939394
"Ozone","MICE.RF.10.IMP.M",11,"Brier",0.187924407632256
"Ozone","MICE.RF.10.IMP.M",11,"Misclassification",0.301369863013699
"Ozone","MICE.RF.10.IMP.M",11,"Calibration",0.0297536590505488
"Ozone","MICE.RF.10.Y.M.IMP.M",11,"AUC",0.802272727272727
"Ozone","MICE.RF.10.Y.M.IMP.M",11,"Brier",0.183028702658848
"Ozone","MICE.RF.10.Y.M.IMP.M",11,"Misclassification",0.273972602739726
"Ozone","MICE.RF.10.Y.M.IMP.M",11,"Calibration",0.0307347257073368
"Ozone","Mean.IMP",11,"AUC",0.802272727272727
"Ozone","Mean.IMP",11,"Brier",0.186965512905903
"Ozone","Mean.IMP",11,"Misclassification",0.246575342465753
"Ozone","Mean.IMP",11,"Calibration",0.0268153575975048
"Ozone","Mean.IMP.M",11,"AUC",0.800757575757576
"Ozone","Mean.IMP.M",11,"Brier",0.188283083145195
"Ozone","Mean.IMP.M",11,"Misclassification",0.273972602739726
"Ozone","Mean.IMP.M",11,"Calibration",0.0290528156957498
"Ozone","05.IMP",11,"AUC",0.784848484848485
"Ozone","05.IMP",11,"Brier",0.186734623780805
"Ozone","05.IMP",11,"Misclassification",0.219178082191781
"Ozone","05.IMP",11,"Calibration",0.031356175450523
"Ozone","05.IMP.M",11,"AUC",0.821969696969697
"Ozone","05.IMP.M",11,"Brier",0.17574256156521
"Ozone","05.IMP.M",11,"Misclassification",0.232876712328767
"Ozone","05.IMP.M",11,"Calibration",0.0322850521125354
"Ozone","PbP",11,"AUC",0.7
"Ozone","PbP",11,"Brier",0.273942046837058
"Ozone","PbP",11,"Misclassification",0.356164383561644
"Ozone","PbP",11,"Calibration",0.0678102790614544
"Ozone","SAEM",12,"AUC",0.738345864661654
"Ozone","SAEM",12,"Brier",0.211883869241113
"Ozone","SAEM",12,"Misclassification",0.356164383561644
"Ozone","SAEM",12,"Calibration",0.0318773460839052
"Ozone","MICE.10.IMP",12,"AUC",0.678195488721804
"Ozone","MICE.10.IMP",12,"Brier",0.268160017011094
"Ozone","MICE.10.IMP",12,"Misclassification",0.356164383561644
"Ozone","MICE.10.IMP",12,"Calibration",0.0591847457070557
"Ozone","MICE.10.Y.M.IMP",12,"AUC",0.679699248120301
"Ozone","MICE.10.Y.M.IMP",12,"Brier",0.269085000202549
"Ozone","MICE.10.Y.M.IMP",12,"Misclassification",0.36986301369863
"Ozone","MICE.10.Y.M.IMP",12,"Calibration",0.0581229566055334
"Ozone","MICE.RF.10.IMP",12,"AUC",0.657894736842105
"Ozone","MICE.RF.10.IMP",12,"Brier",0.272813563840898
"Ozone","MICE.RF.10.IMP",12,"Misclassification",0.383561643835616
"Ozone","MICE.RF.10.IMP",12,"Calibration",0.0576879930646422
"Ozone","MICE.RF.10.Y.M.IMP",12,"AUC",0.65187969924812
"Ozone","MICE.RF.10.Y.M.IMP",12,"Brier",0.276791427399046
"Ozone","MICE.RF.10.Y.M.IMP",12,"Misclassification",0.410958904109589
"Ozone","MICE.RF.10.Y.M.IMP",12,"Calibration",0.0616316100474482
"Ozone","MICE.10.IMP.M",12,"AUC",0.676691729323308
"Ozone","MICE.10.IMP.M",12,"Brier",0.272360634495672
"Ozone","MICE.10.IMP.M",12,"Misclassification",0.397260273972603
"Ozone","MICE.10.IMP.M",12,"Calibration",0.075714304730889
"Ozone","MICE.10.Y.M.IMP.M",12,"AUC",0.680451127819549
"Ozone","MICE.10.Y.M.IMP.M",12,"Brier",0.293897900422475
"Ozone","MICE.10.Y.M.IMP.M",12,"Misclassification",0.424657534246575
"Ozone","MICE.10.Y.M.IMP.M",12,"Calibration",0.0982952758109862
"Ozone","MICE.RF.10.IMP.M",12,"AUC",0.649624060150376
"Ozone","MICE.RF.10.IMP.M",12,"Brier",0.281559792552894
"Ozone","MICE.RF.10.IMP.M",12,"Misclassification",0.397260273972603
"Ozone","MICE.RF.10.IMP.M",12,"Calibration",0.0891511167538069
"Ozone","MICE.RF.10.Y.M.IMP.M",12,"AUC",0.666165413533835
"Ozone","MICE.RF.10.Y.M.IMP.M",12,"Brier",0.276115805510677
"Ozone","MICE.RF.10.Y.M.IMP.M",12,"Misclassification",0.383561643835616
"Ozone","MICE.RF.10.Y.M.IMP.M",12,"Calibration",0.0837071297115904
"Ozone","Mean.IMP",12,"AUC",0.67218045112782
"Ozone","Mean.IMP",12,"Brier",0.265631090518803
"Ozone","Mean.IMP",12,"Misclassification",0.36986301369863
"Ozone","Mean.IMP",12,"Calibration",0.0579173699122541
"Ozone","Mean.IMP.M",12,"AUC",0.666917293233083
"Ozone","Mean.IMP.M",12,"Brier",0.268799673067602
"Ozone","Mean.IMP.M",12,"Misclassification",0.342465753424658
"Ozone","Mean.IMP.M",12,"Calibration",0.0731998391116037
"Ozone","05.IMP",12,"AUC",0.718796992481203
"Ozone","05.IMP",12,"Brier",0.215048038670997
"Ozone","05.IMP",12,"Misclassification",0.287671232876712
"Ozone","05.IMP",12,"Calibration",0.0446085814346874
"Ozone","05.IMP.M",12,"AUC",0.753383458646616
"Ozone","05.IMP.M",12,"Brier",0.19813373291808
"Ozone","05.IMP.M",12,"Misclassification",0.26027397260274
"Ozone","05.IMP.M",12,"Calibration",0.0400912113783785
"Ozone","PbP",12,"AUC",0.681954887218045
"Ozone","PbP",12,"Brier",0.293041714326149
"Ozone","PbP",12,"Misclassification",0.410958904109589
"Ozone","PbP",12,"Calibration",0.0836489401532736
"Ozone","SAEM",13,"AUC",0.789634146341463
"Ozone","SAEM",13,"Brier",0.198946573377926
"Ozone","SAEM",13,"Misclassification",0.301369863013699
"Ozone","SAEM",13,"Calibration",0.0399861274311787
"Ozone","MICE.10.IMP",13,"AUC",0.811737804878049
"Ozone","MICE.10.IMP",13,"Brier",0.18142451897761
"Ozone","MICE.10.IMP",13,"Misclassification",0.246575342465753
"Ozone","MICE.10.IMP",13,"Calibration",0.0275639959390053
"Ozone","MICE.10.Y.M.IMP",13,"AUC",0.801829268292683
"Ozone","MICE.10.Y.M.IMP",13,"Brier",0.188523363135379
"Ozone","MICE.10.Y.M.IMP",13,"Misclassification",0.328767123287671
"Ozone","MICE.10.Y.M.IMP",13,"Calibration",0.0325938132332259
"Ozone","MICE.RF.10.IMP",13,"AUC",0.801829268292683
"Ozone","MICE.RF.10.IMP",13,"Brier",0.183487867955392
"Ozone","MICE.RF.10.IMP",13,"Misclassification",0.26027397260274
"Ozone","MICE.RF.10.IMP",13,"Calibration",0.0278990570885799
"Ozone","MICE.RF.10.Y.M.IMP",13,"AUC",0.792682926829268
"Ozone","MICE.RF.10.Y.M.IMP",13,"Brier",0.190418198356188
"Ozone","MICE.RF.10.Y.M.IMP",13,"Misclassification",0.26027397260274
"Ozone","MICE.RF.10.Y.M.IMP",13,"Calibration",0.0297706267497126
"Ozone","MICE.10.IMP.M",13,"AUC",0.822408536585366
"Ozone","MICE.10.IMP.M",13,"Brier",0.175039704788228
"Ozone","MICE.10.IMP.M",13,"Misclassification",0.26027397260274
"Ozone","MICE.10.IMP.M",13,"Calibration",0.020375647384445
"Ozone","MICE.10.Y.M.IMP.M",13,"AUC",0.80030487804878
"Ozone","MICE.10.Y.M.IMP.M",13,"Brier",0.190929741351176
"Ozone","MICE.10.Y.M.IMP.M",13,"Misclassification",0.287671232876712
"Ozone","MICE.10.Y.M.IMP.M",13,"Calibration",0.032166130532771
"Ozone","MICE.RF.10.IMP.M",13,"AUC",0.815548780487805
"Ozone","MICE.RF.10.IMP.M",13,"Brier",0.177476643657938
"Ozone","MICE.RF.10.IMP.M",13,"Misclassification",0.246575342465753
"Ozone","MICE.RF.10.IMP.M",13,"Calibration",0.0252103407067032
"Ozone","MICE.RF.10.Y.M.IMP.M",13,"AUC",0.815548780487805
"Ozone","MICE.RF.10.Y.M.IMP.M",13,"Brier",0.17964867630291
"Ozone","MICE.RF.10.Y.M.IMP.M",13,"Misclassification",0.26027397260274
"Ozone","MICE.RF.10.Y.M.IMP.M",13,"Calibration",0.0272903040815241
"Ozone","Mean.IMP",13,"AUC",0.809451219512195
"Ozone","Mean.IMP",13,"Brier",0.181050672721393
"Ozone","Mean.IMP",13,"Misclassification",0.246575342465753
"Ozone","Mean.IMP",13,"Calibration",0.0283662517224993
"Ozone","Mean.IMP.M",13,"AUC",0.820884146341463
"Ozone","Mean.IMP.M",13,"Brier",0.177240376390147
"Ozone","Mean.IMP.M",13,"Misclassification",0.273972602739726
"Ozone","Mean.IMP.M",13,"Calibration",0.0265437366524111
"Ozone","05.IMP",13,"AUC",0.766006097560976
"Ozone","05.IMP",13,"Brier",0.20475705704986
"Ozone","05.IMP",13,"Misclassification",0.301369863013699
"Ozone","05.IMP",13,"Calibration",0.0251645034847036
"Ozone","05.IMP.M",13,"AUC",0.801829268292683
"Ozone","05.IMP.M",13,"Brier",0.189449958289363
"Ozone","05.IMP.M",13,"Misclassification",0.26027397260274
"Ozone","05.IMP.M",13,"Calibration",0.0368772646207791
"Ozone","PbP",13,"AUC",0.778963414634146
"Ozone","PbP",13,"Brier",0.215358913994984
"Ozone","PbP",13,"Misclassification",0.315068493150685
"Ozone","PbP",13,"Calibration",0.0470347723831712
"Ozone","SAEM",14,"AUC",0.728978978978979
"Ozone","SAEM",14,"Brier",0.214897989241514
"Ozone","SAEM",14,"Misclassification",0.315068493150685
"Ozone","SAEM",14,"Calibration",0.0286493064174891
"Ozone","MICE.10.IMP",14,"AUC",0.723723723723724
"Ozone","MICE.10.IMP",14,"Brier",0.231637153336181
"Ozone","MICE.10.IMP",14,"Misclassification",0.328767123287671
"Ozone","MICE.10.IMP",14,"Calibration",0.0370845618117079
"Ozone","MICE.10.Y.M.IMP",14,"AUC",0.738738738738739
"Ozone","MICE.10.Y.M.IMP",14,"Brier",0.226907496869365
"Ozone","MICE.10.Y.M.IMP",14,"Misclassification",0.315068493150685
"Ozone","MICE.10.Y.M.IMP",14,"Calibration",0.0377493186700913
"Ozone","MICE.RF.10.IMP",14,"AUC",0.705705705705706
"Ozone","MICE.RF.10.IMP",14,"Brier",0.241107460943332
"Ozone","MICE.RF.10.IMP",14,"Misclassification",0.397260273972603
"Ozone","MICE.RF.10.IMP",14,"Calibration",0.0510878914717073
"Ozone","MICE.RF.10.Y.M.IMP",14,"AUC",0.6996996996997
"Ozone","MICE.RF.10.Y.M.IMP",14,"Brier",0.240785854855458
"Ozone","MICE.RF.10.Y.M.IMP",14,"Misclassification",0.383561643835616
"Ozone","MICE.RF.10.Y.M.IMP",14,"Calibration",0.0496031071881961
"Ozone","MICE.10.IMP.M",14,"AUC",0.743993993993994
"Ozone","MICE.10.IMP.M",14,"Brier",0.231646434130473
"Ozone","MICE.10.IMP.M",14,"Misclassification",0.36986301369863
"Ozone","MICE.10.IMP.M",14,"Calibration",0.0497599188193006
"Ozone","MICE.10.Y.M.IMP.M",14,"AUC",0.752252252252252
"Ozone","MICE.10.Y.M.IMP.M",14,"Brier",0.22592047678632
"Ozone","MICE.10.Y.M.IMP.M",14,"Misclassification",0.328767123287671
"Ozone","MICE.10.Y.M.IMP.M",14,"Calibration",0.0465520885733811
"Ozone","MICE.RF.10.IMP.M",14,"AUC",0.730480480480481
"Ozone","MICE.RF.10.IMP.M",14,"Brier",0.237231584468802
"Ozone","MICE.RF.10.IMP.M",14,"Misclassification",0.342465753424658
"Ozone","MICE.RF.10.IMP.M",14,"Calibration",0.0504899585148475
"Ozone","MICE.RF.10.Y.M.IMP.M",14,"AUC",0.728228228228228
"Ozone","MICE.RF.10.Y.M.IMP.M",14,"Brier",0.240050621680725
"Ozone","MICE.RF.10.Y.M.IMP.M",14,"Misclassification",0.36986301369863
"Ozone","MICE.RF.10.Y.M.IMP.M",14,"Calibration",0.0523256686858286
"Ozone","Mean.IMP",14,"AUC",0.68993993993994
"Ozone","Mean.IMP",14,"Brier",0.257812319329392
"Ozone","Mean.IMP",14,"Misclassification",0.383561643835616
"Ozone","Mean.IMP",14,"Calibration",0.0584825035071462
"Ozone","Mean.IMP.M",14,"AUC",0.719219219219219
"Ozone","Mean.IMP.M",14,"Brier",0.257668383182742
"Ozone","Mean.IMP.M",14,"Misclassification",0.356164383561644
"Ozone","Mean.IMP.M",14,"Calibration",0.0663496182338406
"Ozone","05.IMP",14,"AUC",0.762762762762763
"Ozone","05.IMP",14,"Brier",0.198562932881995
"Ozone","05.IMP",14,"Misclassification",0.287671232876712
"Ozone","05.IMP",14,"Calibration",0.0215052113037255
"Ozone","05.IMP.M",14,"AUC",0.762012012012012
"Ozone","05.IMP.M",14,"Brier",0.19897961630216
"Ozone","05.IMP.M",14,"Misclassification",0.273972602739726
"Ozone","05.IMP.M",14,"Calibration",0.0202035978001142
"Ozone","PbP",14,"AUC",0.603978978978979
"Ozone","PbP",14,"Brier",0.414769911687626
"Ozone","PbP",14,"Misclassification",0.479452054794521
"Ozone","PbP",14,"Calibration",0.19304779818469
"Ozone","SAEM",15,"AUC",0.782131661442006
"Ozone","SAEM",15,"Brier",0.186410014763585
"Ozone","SAEM",15,"Misclassification",0.315068493150685
"Ozone","SAEM",15,"Calibration",0.0267295449768493
"Ozone","MICE.10.IMP",15,"AUC",0.713949843260188
"Ozone","MICE.10.IMP",15,"Brier",0.230775006616011
"Ozone","MICE.10.IMP",15,"Misclassification",0.287671232876712
"Ozone","MICE.10.IMP",15,"Calibration",0.0453809126061999
"Ozone","MICE.10.Y.M.IMP",15,"AUC",0.706896551724138
"Ozone","MICE.10.Y.M.IMP",15,"Brier",0.239324393199952
"Ozone","MICE.10.Y.M.IMP",15,"Misclassification",0.315068493150685
"Ozone","MICE.10.Y.M.IMP",15,"Calibration",0.0440626847230941
"Ozone","MICE.RF.10.IMP",15,"AUC",0.707680250783699
"Ozone","MICE.RF.10.IMP",15,"Brier",0.234326409052575
"Ozone","MICE.RF.10.IMP",15,"Misclassification",0.328767123287671
"Ozone","MICE.RF.10.IMP",15,"Calibration",0.0409306629775379
"Ozone","MICE.RF.10.Y.M.IMP",15,"AUC",0.707680250783699
"Ozone","MICE.RF.10.Y.M.IMP",15,"Brier",0.23410229427361
"Ozone","MICE.RF.10.Y.M.IMP",15,"Misclassification",0.287671232876712
"Ozone","MICE.RF.10.Y.M.IMP",15,"Calibration",0.0450200227981072
"Ozone","MICE.10.IMP.M",15,"AUC",0.706112852664577
"Ozone","MICE.10.IMP.M",15,"Brier",0.238897640236203
"Ozone","MICE.10.IMP.M",15,"Misclassification",0.301369863013699
"Ozone","MICE.10.IMP.M",15,"Calibration",0.0658164504450466
"Ozone","MICE.10.Y.M.IMP.M",15,"AUC",0.709247648902821
"Ozone","MICE.10.Y.M.IMP.M",15,"Brier",0.242897556626767
"Ozone","MICE.10.Y.M.IMP.M",15,"Misclassification",0.328767123287671
"Ozone","MICE.10.Y.M.IMP.M",15,"Calibration",0.0554190533948396
"Ozone","MICE.RF.10.IMP.M",15,"AUC",0.709247648902821
"Ozone","MICE.RF.10.IMP.M",15,"Brier",0.240416235181737
"Ozone","MICE.RF.10.IMP.M",15,"Misclassification",0.315068493150685
"Ozone","MICE.RF.10.IMP.M",15,"Calibration",0.0553183204931379
"Ozone","MICE.RF.10.Y.M.IMP.M",15,"AUC",0.707680250783699
"Ozone","MICE.RF.10.Y.M.IMP.M",15,"Brier",0.238602243193794
"Ozone","MICE.RF.10.Y.M.IMP.M",15,"Misclassification",0.287671232876712
"Ozone","MICE.RF.10.Y.M.IMP.M",15,"Calibration",0.0598432416235958
"Ozone","Mean.IMP",15,"AUC",0.692789968652038
"Ozone","Mean.IMP",15,"Brier",0.251704746889398
"Ozone","Mean.IMP",15,"Misclassification",0.328767123287671
"Ozone","Mean.IMP",15,"Calibration",0.0591564084218097
"Ozone","Mean.IMP.M",15,"AUC",0.696708463949843
"Ozone","Mean.IMP.M",15,"Brier",0.248786809016324
"Ozone","Mean.IMP.M",15,"Misclassification",0.315068493150685
"Ozone","Mean.IMP.M",15,"Calibration",0.0600303599859024
"Ozone","05.IMP",15,"AUC",0.742163009404389
"Ozone","05.IMP",15,"Brier",0.200566748817711
"Ozone","05.IMP",15,"Misclassification",0.36986301369863
"Ozone","05.IMP",15,"Calibration",0.0357280831826134
"Ozone","05.IMP.M",15,"AUC",0.743730407523511
"Ozone","05.IMP.M",15,"Brier",0.20865291012964
"Ozone","05.IMP.M",15,"Misclassification",0.342465753424658
"Ozone","05.IMP.M",15,"Calibration",0.0302000844165408
"Ozone","PbP",15,"AUC",0.603056426332288
"Ozone","PbP",15,"Brier",0.344000696757526
"Ozone","PbP",15,"Misclassification",0.424657534246575
"Ozone","PbP",15,"Calibration",0.127705123012527
"pedestrian","SAEM",1,"AUC",0.559403463409057
"pedestrian","SAEM",1,"Brier",0.24792310956108
"pedestrian","SAEM",1,"Misclassification",0.474403183023873
"pedestrian","SAEM",1,"Calibration",0.00423223679152204
"pedestrian","MICE.10.IMP",1,"AUC",0.536117499098529
"pedestrian","MICE.10.IMP",1,"Brier",0.248331692191563
"pedestrian","MICE.10.IMP",1,"Misclassification",0.474137931034483
"pedestrian","MICE.10.IMP",1,"Calibration",0.00295275451139868
"pedestrian","MICE.10.Y.M.IMP",1,"AUC",0.536815387456795
"pedestrian","MICE.10.Y.M.IMP",1,"Brier",0.248282276810346
"pedestrian","MICE.10.Y.M.IMP",1,"Misclassification",0.474403183023873
"pedestrian","MICE.10.Y.M.IMP",1,"Calibration",0.00306277406475858
"pedestrian","MICE.RF.10.IMP",1,"AUC",0.535783154358284
"pedestrian","MICE.RF.10.IMP",1,"Brier",0.248391231102776
"pedestrian","MICE.RF.10.IMP",1,"Misclassification",0.477453580901857
"pedestrian","MICE.RF.10.IMP",1,"Calibration",0.00276732370261315
"pedestrian","MICE.RF.10.Y.M.IMP",1,"AUC",0.541770120401397
"pedestrian","MICE.RF.10.Y.M.IMP",1,"Brier",0.24814266091318
"pedestrian","MICE.RF.10.Y.M.IMP",1,"Misclassification",0.470557029177719
"pedestrian","MICE.RF.10.Y.M.IMP",1,"Calibration",0.00275764524903774
"pedestrian","MICE.10.IMP.M",1,"AUC",0.543807920635339
"pedestrian","MICE.10.IMP.M",1,"Brier",0.248186657071501
"pedestrian","MICE.10.IMP.M",1,"Misclassification",0.469363395225464
"pedestrian","MICE.10.IMP.M",1,"Calibration",0.00215631224596524
"pedestrian","MICE.10.Y.M.IMP.M",1,"AUC",0.545024352919448
"pedestrian","MICE.10.Y.M.IMP.M",1,"Brier",0.248109655364258
"pedestrian","MICE.10.Y.M.IMP.M",1,"Misclassification",0.469761273209549
"pedestrian","MICE.10.Y.M.IMP.M",1,"Calibration",0.00217551756826703
"pedestrian","MICE.RF.10.IMP.M",1,"AUC",0.544115951206213
"pedestrian","MICE.RF.10.IMP.M",1,"Brier",0.248222575286443
"pedestrian","MICE.RF.10.IMP.M",1,"Misclassification",0.468832891246684
"pedestrian","MICE.RF.10.IMP.M",1,"Calibration",0.00203519032837768
"pedestrian","MICE.RF.10.Y.M.IMP.M",1,"AUC",0.545596439847673
"pedestrian","MICE.RF.10.Y.M.IMP.M",1,"Brier",0.248054256158445
"pedestrian","MICE.RF.10.Y.M.IMP.M",1,"Misclassification",0.468567639257294
"pedestrian","MICE.RF.10.Y.M.IMP.M",1,"Calibration",0.00237862846694256
"pedestrian","Mean.IMP",1,"AUC",0.537585604601462
"pedestrian","Mean.IMP",1,"Brier",0.248305228260622
"pedestrian","Mean.IMP",1,"Misclassification",0.472546419098143
"pedestrian","Mean.IMP",1,"Calibration",0.00292601817870586
"pedestrian","Mean.IMP.M",1,"AUC",0.544658065310502
"pedestrian","Mean.IMP.M",1,"Brier",0.248162634405458
"pedestrian","Mean.IMP.M",1,"Misclassification",0.470557029177719
"pedestrian","Mean.IMP.M",1,"Calibration",0.00226503097739597
"pedestrian","05.IMP",1,"AUC",0.550795493522598
"pedestrian","05.IMP",1,"Brier",0.248249656240255
"pedestrian","05.IMP",1,"Misclassification",0.475066312997347
"pedestrian","05.IMP",1,"Calibration",0.0033345990723255
"pedestrian","05.IMP.M",1,"AUC",0.562687809468528
"pedestrian","05.IMP.M",1,"Brier",0.247888299200563
"pedestrian","05.IMP.M",1,"Misclassification",0.477055702917772
"pedestrian","05.IMP.M",1,"Calibration",0.00383023589326265
"pedestrian","PbP",1,"AUC",0.618468958602675
"pedestrian","PbP",1,"Brier",0.234368601997719
"pedestrian","PbP",1,"Misclassification",0.432228116710875
"pedestrian","PbP",1,"Calibration",0.00217942632666657
"pedestrian","SAEM",2,"AUC",0.569704596451684
"pedestrian","SAEM",2,"Brier",0.247327690094805
"pedestrian","SAEM",2,"Misclassification",0.462599469496021
"pedestrian","SAEM",2,"Calibration",0.00451218569447917
"pedestrian","MICE.10.IMP",2,"AUC",0.549270832395102
"pedestrian","MICE.10.IMP",2,"Brier",0.247616862261637
"pedestrian","MICE.10.IMP",2,"Misclassification",0.469628647214854
"pedestrian","MICE.10.IMP",2,"Calibration",0.00304991278974484
"pedestrian","MICE.10.Y.M.IMP",2,"AUC",0.552360451690843
"pedestrian","MICE.10.Y.M.IMP",2,"Brier",0.247466217277045
"pedestrian","MICE.10.Y.M.IMP",2,"Misclassification",0.46525198938992
"pedestrian","MICE.10.Y.M.IMP",2,"Calibration",0.00306231331092921
"pedestrian","MICE.RF.10.IMP",2,"AUC",0.551269476275507
"pedestrian","MICE.RF.10.IMP",2,"Brier",0.247613771010724
"pedestrian","MICE.RF.10.IMP",2,"Misclassification",0.465649867374005
"pedestrian","MICE.RF.10.IMP",2,"Calibration",0.00265760806971033
"pedestrian","MICE.RF.10.Y.M.IMP",2,"AUC",0.555464496293611
"pedestrian","MICE.RF.10.Y.M.IMP",2,"Brier",0.247348019627492
"pedestrian","MICE.RF.10.Y.M.IMP",2,"Misclassification",0.462201591511936
"pedestrian","MICE.RF.10.Y.M.IMP",2,"Calibration",0.00304872753627103
"pedestrian","MICE.10.IMP.M",2,"AUC",0.556232485566249
"pedestrian","MICE.10.IMP.M",2,"Brier",0.247468901996809
"pedestrian","MICE.10.IMP.M",2,"Misclassification",0.464323607427056
"pedestrian","MICE.10.IMP.M",2,"Calibration",0.00226578363223867
"pedestrian","MICE.10.Y.M.IMP.M",2,"AUC",0.557873381832388
"pedestrian","MICE.10.Y.M.IMP.M",2,"Brier",0.247340331159378
"pedestrian","MICE.10.Y.M.IMP.M",2,"Misclassification",0.462334217506631
"pedestrian","MICE.10.Y.M.IMP.M",2,"Calibration",0.00252268043698581
"pedestrian","MICE.RF.10.IMP.M",2,"AUC",0.556833282012078
"pedestrian","MICE.RF.10.IMP.M",2,"Brier",0.247462529389905
"pedestrian","MICE.RF.10.IMP.M",2,"Misclassification",0.460477453580902
"pedestrian","MICE.RF.10.IMP.M",2,"Calibration",0.00242218316315629
"pedestrian","MICE.RF.10.Y.M.IMP.M",2,"AUC",0.558376930598652
"pedestrian","MICE.RF.10.Y.M.IMP.M",2,"Brier",0.247259214728026
"pedestrian","MICE.RF.10.Y.M.IMP.M",2,"Misclassification",0.461538461538462
"pedestrian","MICE.RF.10.Y.M.IMP.M",2,"Calibration",0.00252746150436153
"pedestrian","Mean.IMP",2,"AUC",0.55221623380425
"pedestrian","Mean.IMP",2,"Brier",0.247498284672056
"pedestrian","Mean.IMP",2,"Misclassification",0.464588859416446
"pedestrian","Mean.IMP",2,"Calibration",0.003019936668825
"pedestrian","Mean.IMP.M",2,"AUC",0.557695950555958
"pedestrian","Mean.IMP.M",2,"Brier",0.247345118068106
"pedestrian","Mean.IMP.M",2,"Misclassification",0.461405835543767
"pedestrian","Mean.IMP.M",2,"Calibration",0.00254391141276855
"pedestrian","05.IMP",2,"AUC",0.563945521315115
"pedestrian","05.IMP",2,"Brier",0.247592950094457
"pedestrian","05.IMP",2,"Misclassification",0.460079575596817
"pedestrian","05.IMP",2,"Calibration",0.00395942114839551
"pedestrian","05.IMP.M",2,"AUC",0.573011580495746
"pedestrian","05.IMP.M",2,"Brier",0.247248516941829
"pedestrian","05.IMP.M",2,"Misclassification",0.462599469496021
"pedestrian","05.IMP.M",2,"Calibration",0.00451191929418177
"pedestrian","PbP",2,"AUC",0.6310238674797
"pedestrian","PbP",2,"Brier",0.23298318718062
"pedestrian","PbP",2,"Misclassification",0.420689655172414
"pedestrian","PbP",2,"Calibration",0.0029435352607935
"pedestrian","SAEM",3,"AUC",0.570323325139289
"pedestrian","SAEM",3,"Brier",0.247472057717457
"pedestrian","SAEM",3,"Misclassification",0.464588859416446
"pedestrian","SAEM",3,"Calibration",0.00446464026854174
"pedestrian","MICE.10.IMP",3,"AUC",0.55338514143262
"pedestrian","MICE.10.IMP",3,"Brier",0.247877939185071
"pedestrian","MICE.10.IMP",3,"Misclassification",0.470557029177719
"pedestrian","MICE.10.IMP",3,"Calibration",0.00252507820339767
"pedestrian","MICE.10.Y.M.IMP",3,"AUC",0.553988872401315
"pedestrian","MICE.10.Y.M.IMP",3,"Brier",0.247833578782518
"pedestrian","MICE.10.Y.M.IMP",3,"Misclassification",0.471485411140584
"pedestrian","MICE.10.Y.M.IMP",3,"Calibration",0.00274300977307368
"pedestrian","MICE.RF.10.IMP",3,"AUC",0.552448538393158
"pedestrian","MICE.RF.10.IMP",3,"Brier",0.247925995064075
"pedestrian","MICE.RF.10.IMP",3,"Misclassification",0.471485411140584
"pedestrian","MICE.RF.10.IMP",3,"Calibration",0.00246113287679331
"pedestrian","MICE.RF.10.Y.M.IMP",3,"AUC",0.558966678935561
"pedestrian","MICE.RF.10.Y.M.IMP",3,"Brier",0.247642031003115
"pedestrian","MICE.RF.10.Y.M.IMP",3,"Misclassification",0.463527851458886
"pedestrian","MICE.RF.10.Y.M.IMP",3,"Calibration",0.00233571484158018
"pedestrian","MICE.10.IMP.M",3,"AUC",0.561367876852679
"pedestrian","MICE.10.IMP.M",3,"Brier",0.24794354102183
"pedestrian","MICE.10.IMP.M",3,"Misclassification",0.458222811671088
"pedestrian","MICE.10.IMP.M",3,"Calibration",0.00201127895796252
"pedestrian","MICE.10.Y.M.IMP.M",3,"AUC",0.563026465265338
"pedestrian","MICE.10.Y.M.IMP.M",3,"Brier",0.247789073238637
"pedestrian","MICE.10.Y.M.IMP.M",3,"Misclassification",0.456763925729443
"pedestrian","MICE.10.Y.M.IMP.M",3,"Calibration",0.00209029145845327
"pedestrian","MICE.RF.10.IMP.M",3,"AUC",0.560852484739727
"pedestrian","MICE.RF.10.IMP.M",3,"Brier",0.248033935743332
"pedestrian","MICE.RF.10.IMP.M",3,"Misclassification",0.457427055702918
"pedestrian","MICE.RF.10.IMP.M",3,"Calibration",0.00210211993598217
"pedestrian","MICE.RF.10.Y.M.IMP.M",3,"AUC",0.563273954840473
"pedestrian","MICE.RF.10.Y.M.IMP.M",3,"Brier",0.247686547241991
"pedestrian","MICE.RF.10.Y.M.IMP.M",3,"Misclassification",0.457161803713528
"pedestrian","MICE.RF.10.Y.M.IMP.M",3,"Calibration",0.00217905803991814
"pedestrian","Mean.IMP",3,"AUC",0.553741875552866
"pedestrian","Mean.IMP",3,"Brier",0.247816618490551
"pedestrian","Mean.IMP",3,"Misclassification",0.471485411140584
"pedestrian","Mean.IMP",3,"Calibration",0.00292244846165068
"pedestrian","Mean.IMP.M",3,"AUC",0.562381556423646
"pedestrian","Mean.IMP.M",3,"Brier",0.247814242030681
"pedestrian","Mean.IMP.M",3,"Misclassification",0.457957559681698
"pedestrian","Mean.IMP.M",3,"Calibration",0.00235065230571432
"pedestrian","05.IMP",3,"AUC",0.565047559739415
"pedestrian","05.IMP",3,"Brier",0.247700836064703
"pedestrian","05.IMP",3,"Misclassification",0.464986737400531
"pedestrian","05.IMP",3,"Calibration",0.00387101909996274
"pedestrian","05.IMP.M",3,"AUC",0.572253617124195
"pedestrian","05.IMP.M",3,"Brier",0.24747889021258
"pedestrian","05.IMP.M",3,"Misclassification",0.468832891246684
"pedestrian","05.IMP.M",3,"Calibration",0.00423103102107586
"pedestrian","PbP",3,"AUC",0.625474011870067
"pedestrian","PbP",3,"Brier",0.232852571159349
"pedestrian","PbP",3,"Misclassification",0.425331564986737
"pedestrian","PbP",3,"Calibration",0.00245088205880289
"pedestrian","SAEM",4,"AUC",0.566682228019782
"pedestrian","SAEM",4,"Brier",0.24793957735589
"pedestrian","SAEM",4,"Misclassification",0.473342175066313
"pedestrian","SAEM",4,"Calibration",0.00514357262436038
"pedestrian","MICE.10.IMP",4,"AUC",0.557467598461629
"pedestrian","MICE.10.IMP",4,"Brier",0.248019879940532
"pedestrian","MICE.10.IMP",4,"Misclassification",0.475596816976127
"pedestrian","MICE.10.IMP",4,"Calibration",0.00344220643228282
"pedestrian","MICE.10.Y.M.IMP",4,"AUC",0.560158706094955
"pedestrian","MICE.10.Y.M.IMP",4,"Brier",0.247857685591267
"pedestrian","MICE.10.Y.M.IMP",4,"Misclassification",0.476525198938992
"pedestrian","MICE.10.Y.M.IMP",4,"Calibration",0.003643835380163
"pedestrian","MICE.RF.10.IMP",4,"AUC",0.558690969967081
"pedestrian","MICE.RF.10.IMP",4,"Brier",0.24795928437874
"pedestrian","MICE.RF.10.IMP",4,"Misclassification",0.476259946949602
"pedestrian","MICE.RF.10.IMP",4,"Calibration",0.00346385344817404
"pedestrian","MICE.RF.10.Y.M.IMP",4,"AUC",0.560464795306623
"pedestrian","MICE.RF.10.Y.M.IMP",4,"Brier",0.247946361852332
"pedestrian","MICE.RF.10.Y.M.IMP",4,"Misclassification",0.477055702917772
"pedestrian","MICE.RF.10.Y.M.IMP",4,"Calibration",0.00340107737598228
"pedestrian","MICE.10.IMP.M",4,"AUC",0.565591244145314
"pedestrian","MICE.10.IMP.M",4,"Brier",0.247960858522492
"pedestrian","MICE.10.IMP.M",4,"Misclassification",0.470159151193634
"pedestrian","MICE.10.IMP.M",4,"Calibration",0.00297708898071075
"pedestrian","MICE.10.Y.M.IMP.M",4,"AUC",0.566946229085077
"pedestrian","MICE.10.Y.M.IMP.M",4,"Brier",0.247858627221042
"pedestrian","MICE.10.Y.M.IMP.M",4,"Misclassification",0.467771883289125
"pedestrian","MICE.10.Y.M.IMP.M",4,"Calibration",0.0030141490879759
"pedestrian","MICE.RF.10.IMP.M",4,"AUC",0.565619396751583
"pedestrian","MICE.RF.10.IMP.M",4,"Brier",0.247978671322166
"pedestrian","MICE.RF.10.IMP.M",4,"Misclassification",0.469496021220159
"pedestrian","MICE.RF.10.IMP.M",4,"Calibration",0.00293461532913158
"pedestrian","MICE.RF.10.Y.M.IMP.M",4,"AUC",0.566736562549883
"pedestrian","MICE.RF.10.Y.M.IMP.M",4,"Brier",0.247810865664196
"pedestrian","MICE.RF.10.Y.M.IMP.M",4,"Misclassification",0.469363395225464
"pedestrian","MICE.RF.10.Y.M.IMP.M",4,"Calibration",0.0031333389761542
"pedestrian","Mean.IMP",4,"AUC",0.558876777168462
"pedestrian","Mean.IMP",4,"Brier",0.247972151638256
"pedestrian","Mean.IMP",4,"Misclassification",0.477055702917772
"pedestrian","Mean.IMP",4,"Calibration",0.00392913577046924
"pedestrian","Mean.IMP.M",4,"AUC",0.566743459938419
"pedestrian","Mean.IMP.M",4,"Brier",0.24788292400048
"pedestrian","Mean.IMP.M",4,"Misclassification",0.46737400530504
"pedestrian","Mean.IMP.M",4,"Calibration",0.00288378245083487
"pedestrian","05.IMP",4,"AUC",0.560851400972222
"pedestrian","05.IMP",4,"Brier",0.248188868264385
"pedestrian","05.IMP",4,"Misclassification",0.471220159151194
"pedestrian","05.IMP",4,"Calibration",0.00440759095398421
"pedestrian","05.IMP.M",4,"AUC",0.570430958689147
"pedestrian","05.IMP.M",4,"Brier",0.247904974290486
"pedestrian","05.IMP.M",4,"Misclassification",0.473607427055703
"pedestrian","05.IMP.M",4,"Calibration",0.00503477395870161
"pedestrian","PbP",4,"AUC",0.625937270644236
"pedestrian","PbP",4,"Brier",0.233603812699373
"pedestrian","PbP",4,"Misclassification",0.435278514588859
"pedestrian","PbP",4,"Calibration",0.0035566137451446
"pedestrian","SAEM",5,"AUC",0.562810964701935
"pedestrian","SAEM",5,"Brier",0.247792071908401
"pedestrian","SAEM",5,"Misclassification",0.472546419098143
"pedestrian","SAEM",5,"Calibration",0.00460905387087565
"pedestrian","MICE.10.IMP",5,"AUC",0.542429671809282
"pedestrian","MICE.10.IMP",5,"Brier",0.247958576471233
"pedestrian","MICE.10.IMP",5,"Misclassification",0.471883289124668
"pedestrian","MICE.10.IMP",5,"Calibration",0.00297087313913047
"pedestrian","MICE.10.Y.M.IMP",5,"AUC",0.542844737037637
"pedestrian","MICE.10.Y.M.IMP",5,"Brier",0.24795629470523
"pedestrian","MICE.10.Y.M.IMP",5,"Misclassification",0.473872679045093
"pedestrian","MICE.10.Y.M.IMP",5,"Calibration",0.00316045588280112
"pedestrian","MICE.RF.10.IMP",5,"AUC",0.540962343402412
"pedestrian","MICE.RF.10.IMP",5,"Brier",0.248094931525103
"pedestrian","MICE.RF.10.IMP",5,"Misclassification",0.475066312997347
"pedestrian","MICE.RF.10.IMP",5,"Calibration",0.00285261250921803
"pedestrian","MICE.RF.10.Y.M.IMP",5,"AUC",0.547721454432466
"pedestrian","MICE.RF.10.Y.M.IMP",5,"Brier",0.247708108914295
"pedestrian","MICE.RF.10.Y.M.IMP",5,"Misclassification",0.468567639257294
"pedestrian","MICE.RF.10.Y.M.IMP",5,"Calibration",0.00296407320445163
"pedestrian","MICE.10.IMP.M",5,"AUC",0.551083630542271
"pedestrian","MICE.10.IMP.M",5,"Brier",0.247756471923864
"pedestrian","MICE.10.IMP.M",5,"Misclassification",0.465649867374005
"pedestrian","MICE.10.IMP.M",5,"Calibration",0.00245794284482906
"pedestrian","MICE.10.Y.M.IMP.M",5,"AUC",0.551655673313339
"pedestrian","MICE.10.Y.M.IMP.M",5,"Brier",0.247743147474734
"pedestrian","MICE.10.Y.M.IMP.M",5,"Misclassification",0.46604774535809
"pedestrian","MICE.10.Y.M.IMP.M",5,"Calibration",0.00225867133277868
"pedestrian","MICE.RF.10.IMP.M",5,"AUC",0.550928060238848
"pedestrian","MICE.RF.10.IMP.M",5,"Brier",0.247823407596758
"pedestrian","MICE.RF.10.IMP.M",5,"Misclassification",0.464854111405836
"pedestrian","MICE.RF.10.IMP.M",5,"Calibration",0.00215281984918556
"pedestrian","MICE.RF.10.Y.M.IMP.M",5,"AUC",0.552659246012447
"pedestrian","MICE.RF.10.Y.M.IMP.M",5,"Brier",0.247623183389169
"pedestrian","MICE.RF.10.Y.M.IMP.M",5,"Misclassification",0.46525198938992
"pedestrian","MICE.RF.10.Y.M.IMP.M",5,"Calibration",0.00253896534580042
"pedestrian","Mean.IMP",5,"AUC",0.54125726557645
"pedestrian","Mean.IMP",5,"Brier",0.248042432372622
"pedestrian","Mean.IMP",5,"Misclassification",0.478514588859416
"pedestrian","Mean.IMP",5,"Calibration",0.00334585991848169
"pedestrian","Mean.IMP.M",5,"AUC",0.550644536703052
"pedestrian","Mean.IMP.M",5,"Brier",0.247867610288389
"pedestrian","Mean.IMP.M",5,"Misclassification",0.463793103448276
"pedestrian","Mean.IMP.M",5,"Calibration",0.00204186842043885
"pedestrian","05.IMP",5,"AUC",0.550678345626976
"pedestrian","05.IMP",5,"Brier",0.248236450983199
"pedestrian","05.IMP",5,"Misclassification",0.477586206896552
"pedestrian","05.IMP",5,"Calibration",0.00345249024307562
"pedestrian","05.IMP.M",5,"AUC",0.565870056649825
"pedestrian","05.IMP.M",5,"Brier",0.247714827890814
"pedestrian","05.IMP.M",5,"Misclassification",0.472811671087533
"pedestrian","05.IMP.M",5,"Calibration",0.00412611956669395
"pedestrian","PbP",5,"AUC",0.623353072678843
"pedestrian","PbP",5,"Brier",0.233420383297537
"pedestrian","PbP",5,"Misclassification",0.430106100795756
"pedestrian","PbP",5,"Calibration",0.00241383308615908
"pedestrian","SAEM",6,"AUC",0.57206321062704
"pedestrian","SAEM",6,"Brier",0.247065508675973
"pedestrian","SAEM",6,"Misclassification",0.457559681697613
"pedestrian","SAEM",6,"Calibration",0.00592828086066433
"pedestrian","MICE.10.IMP",6,"AUC",0.558200600866824
"pedestrian","MICE.10.IMP",6,"Brier",0.247103889439551
"pedestrian","MICE.10.IMP",6,"Misclassification",0.460079575596817
"pedestrian","MICE.10.IMP",6,"Calibration",0.0036735687688913
"pedestrian","MICE.10.Y.M.IMP",6,"AUC",0.558202500562873
"pedestrian","MICE.10.Y.M.IMP",6,"Brier",0.246992836918511
"pedestrian","MICE.10.Y.M.IMP",6,"Misclassification",0.462466843501326
"pedestrian","MICE.10.Y.M.IMP",6,"Calibration",0.00386645402946245
"pedestrian","MICE.RF.10.IMP",6,"AUC",0.558084015816729
"pedestrian","MICE.RF.10.IMP",6,"Brier",0.246994541565276
"pedestrian","MICE.RF.10.IMP",6,"Misclassification",0.462466843501326
"pedestrian","MICE.RF.10.IMP",6,"Calibration",0.00406858876219934
"pedestrian","MICE.RF.10.Y.M.IMP",6,"AUC",0.564236849881797
"pedestrian","MICE.RF.10.Y.M.IMP",6,"Brier",0.246743954930183
"pedestrian","MICE.RF.10.Y.M.IMP",6,"Misclassification",0.455172413793103
"pedestrian","MICE.RF.10.Y.M.IMP",6,"Calibration",0.00368066957754207
"pedestrian","MICE.10.IMP.M",6,"AUC",0.563792672801981
"pedestrian","MICE.10.IMP.M",6,"Brier",0.246942954410421
"pedestrian","MICE.10.IMP.M",6,"Misclassification",0.453448275862069
"pedestrian","MICE.10.IMP.M",6,"Calibration",0.0032538464962146
"pedestrian","MICE.10.Y.M.IMP.M",6,"AUC",0.564723031352021
"pedestrian","MICE.10.Y.M.IMP.M",6,"Brier",0.24685186775914
"pedestrian","MICE.10.Y.M.IMP.M",6,"Misclassification",0.452652519893899
"pedestrian","MICE.10.Y.M.IMP.M",6,"Calibration",0.00318490505162639
"pedestrian","MICE.RF.10.IMP.M",6,"AUC",0.56419730806034
"pedestrian","MICE.RF.10.IMP.M",6,"Brier",0.24696568082622
"pedestrian","MICE.RF.10.IMP.M",6,"Misclassification",0.454111405835544
"pedestrian","MICE.RF.10.IMP.M",6,"Calibration",0.00292739123309912
"pedestrian","MICE.RF.10.Y.M.IMP.M",6,"AUC",0.564375738770686
"pedestrian","MICE.RF.10.Y.M.IMP.M",6,"Brier",0.246845478606618
"pedestrian","MICE.RF.10.Y.M.IMP.M",6,"Misclassification",0.454509283819629
"pedestrian","MICE.RF.10.Y.M.IMP.M",6,"Calibration",0.00310801781405967
"pedestrian","Mean.IMP",6,"AUC",0.55748223432399
"pedestrian","Mean.IMP",6,"Brier",0.247033547851655
"pedestrian","Mean.IMP",6,"Misclassification",0.462068965517241
"pedestrian","Mean.IMP",6,"Calibration",0.00403668345938751
"pedestrian","Mean.IMP.M",6,"AUC",0.564322547281324
"pedestrian","Mean.IMP.M",6,"Brier",0.246904503166888
"pedestrian","Mean.IMP.M",6,"Misclassification",0.451989389920424
"pedestrian","Mean.IMP.M",6,"Calibration",0.00279921180021997
"pedestrian","05.IMP",6,"AUC",0.5630013086795
"pedestrian","05.IMP",6,"Brier",0.247456395548825
"pedestrian","05.IMP",6,"Misclassification",0.463527851458886
"pedestrian","05.IMP",6,"Calibration",0.00487372765830474
"pedestrian","05.IMP.M",6,"AUC",0.575722869526061
"pedestrian","05.IMP.M",6,"Brier",0.246963964155015
"pedestrian","05.IMP.M",6,"Misclassification",0.461273209549072
"pedestrian","05.IMP.M",6,"Calibration",0.00578557308306932
"pedestrian","PbP",6,"AUC",0.633218261004165
"pedestrian","PbP",6,"Brier",0.233406199406196
"pedestrian","PbP",6,"Misclassification",0.425596816976127
"pedestrian","PbP",6,"Calibration",0.00352831366033216
"pedestrian","SAEM",7,"AUC",0.573458112026982
"pedestrian","SAEM",7,"Brier",0.247361544909247
"pedestrian","SAEM",7,"Misclassification",0.461273209549072
"pedestrian","SAEM",7,"Calibration",0.00501358277975827
"pedestrian","MICE.10.IMP",7,"AUC",0.555618875846293
"pedestrian","MICE.10.IMP",7,"Brier",0.247783790638994
"pedestrian","MICE.10.IMP",7,"Misclassification",0.465649867374005
"pedestrian","MICE.10.IMP",7,"Calibration",0.00241484708274367
"pedestrian","MICE.10.Y.M.IMP",7,"AUC",0.557020873626287
"pedestrian","MICE.10.Y.M.IMP",7,"Brier",0.247715334338265
"pedestrian","MICE.10.Y.M.IMP",7,"Misclassification",0.4657824933687
"pedestrian","MICE.10.Y.M.IMP",7,"Calibration",0.00247814553735204
"pedestrian","MICE.RF.10.IMP",7,"AUC",0.557796383991192
"pedestrian","MICE.RF.10.IMP",7,"Brier",0.247721838223648
"pedestrian","MICE.RF.10.IMP",7,"Misclassification",0.46551724137931
"pedestrian","MICE.RF.10.IMP",7,"Calibration",0.00238751895458233
"pedestrian","MICE.RF.10.Y.M.IMP",7,"AUC",0.560840659708697
"pedestrian","MICE.RF.10.Y.M.IMP",7,"Brier",0.247507163906227
"pedestrian","MICE.RF.10.Y.M.IMP",7,"Misclassification",0.463660477453581
"pedestrian","MICE.RF.10.Y.M.IMP",7,"Calibration",0.00243935110986576
"pedestrian","MICE.10.IMP.M",7,"AUC",0.562369728049299
"pedestrian","MICE.10.IMP.M",7,"Brier",0.247636851554599
"pedestrian","MICE.10.IMP.M",7,"Misclassification",0.459814323607427
"pedestrian","MICE.10.IMP.M",7,"Calibration",0.00211216594109043
"pedestrian","MICE.10.Y.M.IMP.M",7,"AUC",0.563062142992234
"pedestrian","MICE.10.Y.M.IMP.M",7,"Brier",0.247596863127615
"pedestrian","MICE.10.Y.M.IMP.M",7,"Misclassification",0.459681697612732
"pedestrian","MICE.10.Y.M.IMP.M",7,"Calibration",0.00221828032919846
"pedestrian","MICE.RF.10.IMP.M",7,"AUC",0.562237521192499
"pedestrian","MICE.RF.10.IMP.M",7,"Brier",0.247710869929333
"pedestrian","MICE.RF.10.IMP.M",7,"Misclassification",0.460610079575597
"pedestrian","MICE.RF.10.IMP.M",7,"Calibration",0.00209465066230616
"pedestrian","MICE.RF.10.Y.M.IMP.M",7,"AUC",0.564983680650151
"pedestrian","MICE.RF.10.Y.M.IMP.M",7,"Brier",0.247440829990932
"pedestrian","MICE.RF.10.Y.M.IMP.M",7,"Misclassification",0.458355437665782
"pedestrian","MICE.RF.10.Y.M.IMP.M",7,"Calibration",0.00221242770366847
"pedestrian","Mean.IMP",7,"AUC",0.556792519526369
"pedestrian","Mean.IMP",7,"Brier",0.247714852052155
"pedestrian","Mean.IMP",7,"Misclassification",0.46551724137931
"pedestrian","Mean.IMP",7,"Calibration",0.00272728644878995
"pedestrian","Mean.IMP.M",7,"AUC",0.564129964898692
"pedestrian","Mean.IMP.M",7,"Brier",0.247536022934313
"pedestrian","Mean.IMP.M",7,"Misclassification",0.458488063660477
"pedestrian","Mean.IMP.M",7,"Calibration",0.00221028954064428
"pedestrian","05.IMP",7,"AUC",0.56501031199411
"pedestrian","05.IMP",7,"Brier",0.247720013181918
"pedestrian","05.IMP",7,"Misclassification",0.466180371352785
"pedestrian","05.IMP",7,"Calibration",0.00388792741758937
"pedestrian","05.IMP.M",7,"AUC",0.578431594666583
"pedestrian","05.IMP.M",7,"Brier",0.247114673271327
"pedestrian","05.IMP.M",7,"Misclassification",0.464721485411141
"pedestrian","05.IMP.M",7,"Calibration",0.00477784285122645
"pedestrian","PbP",7,"AUC",0.629397302783113
"pedestrian","PbP",7,"Brier",0.232785329255748
"pedestrian","PbP",7,"Misclassification",0.426392572944297
"pedestrian","PbP",7,"Calibration",0.00269299763535263
"pedestrian","SAEM",8,"AUC",0.562580598533817
"pedestrian","SAEM",8,"Brier",0.2480077756785
"pedestrian","SAEM",8,"Misclassification",0.478779840848806
"pedestrian","SAEM",8,"Calibration",0.00463220977207418
"pedestrian","MICE.10.IMP",8,"AUC",0.547298887811486
"pedestrian","MICE.10.IMP",8,"Brier",0.248178793139807
"pedestrian","MICE.10.IMP",8,"Misclassification",0.475862068965517
"pedestrian","MICE.10.IMP",8,"Calibration",0.00288309036186396
"pedestrian","MICE.10.Y.M.IMP",8,"AUC",0.548467423607632
"pedestrian","MICE.10.Y.M.IMP",8,"Brier",0.248112071787172
"pedestrian","MICE.10.Y.M.IMP",8,"Misclassification",0.476790450928382
"pedestrian","MICE.10.Y.M.IMP",8,"Calibration",0.00305181591197748
"pedestrian","MICE.RF.10.IMP",8,"AUC",0.548264398869789
"pedestrian","MICE.RF.10.IMP",8,"Brier",0.24810542133537
"pedestrian","MICE.RF.10.IMP",8,"Misclassification",0.475994694960212
"pedestrian","MICE.RF.10.IMP",8,"Calibration",0.00288191628440496
"pedestrian","MICE.RF.10.Y.M.IMP",8,"AUC",0.553210954102968
"pedestrian","MICE.RF.10.Y.M.IMP",8,"Brier",0.247900047336825
"pedestrian","MICE.RF.10.Y.M.IMP",8,"Misclassification",0.470822281167109
"pedestrian","MICE.RF.10.Y.M.IMP",8,"Calibration",0.00289173803698503
"pedestrian","MICE.10.IMP.M",8,"AUC",0.554536139142248
"pedestrian","MICE.10.IMP.M",8,"Brier",0.248113407411943
"pedestrian","MICE.10.IMP.M",8,"Misclassification",0.472811671087533
"pedestrian","MICE.10.IMP.M",8,"Calibration",0.00228602561559951
"pedestrian","MICE.10.Y.M.IMP.M",8,"AUC",0.555166184368559
"pedestrian","MICE.10.Y.M.IMP.M",8,"Brier",0.248078369221785
"pedestrian","MICE.10.Y.M.IMP.M",8,"Misclassification",0.470689655172414
"pedestrian","MICE.10.Y.M.IMP.M",8,"Calibration",0.0024223889241875
"pedestrian","MICE.RF.10.IMP.M",8,"AUC",0.553861125871749
"pedestrian","MICE.RF.10.IMP.M",8,"Brier",0.248142199958193
"pedestrian","MICE.RF.10.IMP.M",8,"Misclassification",0.471087533156499
"pedestrian","MICE.RF.10.IMP.M",8,"Calibration",0.00214664109038643
"pedestrian","MICE.RF.10.Y.M.IMP.M",8,"AUC",0.556911845251378
"pedestrian","MICE.RF.10.Y.M.IMP.M",8,"Brier",0.247801248229662
"pedestrian","MICE.RF.10.Y.M.IMP.M",8,"Misclassification",0.470026525198939
"pedestrian","MICE.RF.10.Y.M.IMP.M",8,"Calibration",0.00261106418575346
"pedestrian","Mean.IMP",8,"AUC",0.549248734578829
"pedestrian","Mean.IMP",8,"Brier",0.248055919005303
"pedestrian","Mean.IMP",8,"Misclassification",0.474005305039788
"pedestrian","Mean.IMP",8,"Calibration",0.00314931568639543
"pedestrian","Mean.IMP.M",8,"AUC",0.555341869380006
"pedestrian","Mean.IMP.M",8,"Brier",0.248012309404889
"pedestrian","Mean.IMP.M",8,"Misclassification",0.470689655172414
"pedestrian","Mean.IMP.M",8,"Calibration",0.00240943860391249
"pedestrian","05.IMP",8,"AUC",0.559479422052962
"pedestrian","05.IMP",8,"Brier",0.248171875759122
"pedestrian","05.IMP",8,"Misclassification",0.476259946949602
"pedestrian","05.IMP",8,"Calibration",0.00394161943386709
"pedestrian","05.IMP.M",8,"AUC",0.565269743874265
"pedestrian","05.IMP.M",8,"Brier",0.248037178544861
"pedestrian","05.IMP.M",8,"Misclassification",0.484084880636605
"pedestrian","05.IMP.M",8,"Calibration",0.00457281763304368
"pedestrian","PbP",8,"AUC",0.623053047302794
"pedestrian","PbP",8,"Brier",0.234131053851721
"pedestrian","PbP",8,"Misclassification",0.429310344827586
"pedestrian","PbP",8,"Calibration",0.00274049345713209
"pedestrian","SAEM",9,"AUC",0.567118411335733
"pedestrian","SAEM",9,"Brier",0.247469416020249
"pedestrian","SAEM",9,"Misclassification",0.464986737400531
"pedestrian","SAEM",9,"Calibration",0.00501648831840326
"pedestrian","MICE.10.IMP",9,"AUC",0.556942124954689
"pedestrian","MICE.10.IMP",9,"Brier",0.247466808326081
"pedestrian","MICE.10.IMP",9,"Misclassification",0.461538461538462
"pedestrian","MICE.10.IMP",9,"Calibration",0.00285159752401729
"pedestrian","MICE.10.Y.M.IMP",9,"AUC",0.557810209826344
"pedestrian","MICE.10.Y.M.IMP",9,"Brier",0.247428433935141
"pedestrian","MICE.10.Y.M.IMP",9,"Misclassification",0.463660477453581
"pedestrian","MICE.10.Y.M.IMP",9,"Calibration",0.00287789468889652
"pedestrian","MICE.RF.10.IMP",9,"AUC",0.556512585471673
"pedestrian","MICE.RF.10.IMP",9,"Brier",0.247523507256709
"pedestrian","MICE.RF.10.IMP",9,"Misclassification",0.465119363395225
"pedestrian","MICE.RF.10.IMP",9,"Calibration",0.00280073662323588
"pedestrian","MICE.RF.10.Y.M.IMP",9,"AUC",0.559848780994387
"pedestrian","MICE.RF.10.Y.M.IMP",9,"Brier",0.247369890660018
"pedestrian","MICE.RF.10.Y.M.IMP",9,"Misclassification",0.462334217506631
"pedestrian","MICE.RF.10.Y.M.IMP",9,"Calibration",0.00271732243051931
"pedestrian","MICE.10.IMP.M",9,"AUC",0.560979022150025
"pedestrian","MICE.10.IMP.M",9,"Brier",0.247566608937685
"pedestrian","MICE.10.IMP.M",9,"Misclassification",0.462334217506631
"pedestrian","MICE.10.IMP.M",9,"Calibration",0.0022192136778289
"pedestrian","MICE.10.Y.M.IMP.M",9,"AUC",0.561488418686804
"pedestrian","MICE.10.Y.M.IMP.M",9,"Brier",0.247505979671329
"pedestrian","MICE.10.Y.M.IMP.M",9,"Misclassification",0.462599469496021
"pedestrian","MICE.10.Y.M.IMP.M",9,"Calibration",0.00218557347243056
"pedestrian","MICE.RF.10.IMP.M",9,"AUC",0.56114753108726
"pedestrian","MICE.RF.10.IMP.M",9,"Brier",0.247539388385181
"pedestrian","MICE.RF.10.IMP.M",9,"Misclassification",0.460610079575597
"pedestrian","MICE.RF.10.IMP.M",9,"Calibration",0.00209528684684657
"pedestrian","MICE.RF.10.Y.M.IMP.M",9,"AUC",0.562795541457561
"pedestrian","MICE.RF.10.Y.M.IMP.M",9,"Brier",0.247317226173
"pedestrian","MICE.RF.10.Y.M.IMP.M",9,"Misclassification",0.461538461538462
"pedestrian","MICE.RF.10.Y.M.IMP.M",9,"Calibration",0.00249102936617365
"pedestrian","Mean.IMP",9,"AUC",0.556488276562356
"pedestrian","Mean.IMP",9,"Brier",0.247455279300169
"pedestrian","Mean.IMP",9,"Misclassification",0.46790450928382
"pedestrian","Mean.IMP",9,"Calibration",0.00298489028664034
"pedestrian","Mean.IMP.M",9,"AUC",0.561297711599381
"pedestrian","Mean.IMP.M",9,"Brier",0.247491973472687
"pedestrian","Mean.IMP.M",9,"Misclassification",0.461405835543767
"pedestrian","Mean.IMP.M",9,"Calibration",0.00207686941912993
"pedestrian","05.IMP",9,"AUC",0.562057514527652
"pedestrian","05.IMP",9,"Brier",0.247726261798983
"pedestrian","05.IMP",9,"Misclassification",0.4684350132626
"pedestrian","05.IMP",9,"Calibration",0.00433826983326155
"pedestrian","05.IMP.M",9,"AUC",0.569560067139026
"pedestrian","05.IMP.M",9,"Brier",0.247522015533738
"pedestrian","05.IMP.M",9,"Misclassification",0.46790450928382
"pedestrian","05.IMP.M",9,"Calibration",0.00477152953386858
"pedestrian","PbP",9,"AUC",0.62784481079718
"pedestrian","PbP",9,"Brier",0.233568459737504
"pedestrian","PbP",9,"Misclassification",0.426790450928382
"pedestrian","PbP",9,"Calibration",0.00274043238678923
"pedestrian","SAEM",10,"AUC",0.565203784916275
"pedestrian","SAEM",10,"Brier",0.2475742312679
"pedestrian","SAEM",10,"Misclassification",0.469628647214854
"pedestrian","SAEM",10,"Calibration",0.00488777378048877
"pedestrian","MICE.10.IMP",10,"AUC",0.555787196090538
"pedestrian","MICE.10.IMP",10,"Brier",0.247521553349867
"pedestrian","MICE.10.IMP",10,"Misclassification",0.468965517241379
"pedestrian","MICE.10.IMP",10,"Calibration",0.00372606875327022
"pedestrian","MICE.10.Y.M.IMP",10,"AUC",0.556530598961769
"pedestrian","MICE.10.Y.M.IMP",10,"Brier",0.247469363346534
"pedestrian","MICE.10.Y.M.IMP",10,"Misclassification",0.470689655172414
"pedestrian","MICE.10.Y.M.IMP",10,"Calibration",0.00365388269926931
"pedestrian","MICE.RF.10.IMP",10,"AUC",0.556158088332304
"pedestrian","MICE.RF.10.IMP",10,"Brier",0.247532409416634
"pedestrian","MICE.RF.10.IMP",10,"Misclassification",0.469761273209549
"pedestrian","MICE.RF.10.IMP",10,"Calibration",0.0037650506171317
"pedestrian","MICE.RF.10.Y.M.IMP",10,"AUC",0.561105358798312
"pedestrian","MICE.RF.10.Y.M.IMP",10,"Brier",0.247259052004016
"pedestrian","MICE.RF.10.Y.M.IMP",10,"Misclassification",0.46763925729443
"pedestrian","MICE.RF.10.Y.M.IMP",10,"Calibration",0.00359794146434358
"pedestrian","MICE.10.IMP.M",10,"AUC",0.56187782228344
"pedestrian","MICE.10.IMP.M",10,"Brier",0.247434778503533
"pedestrian","MICE.10.IMP.M",10,"Misclassification",0.467506631299735
"pedestrian","MICE.10.IMP.M",10,"Calibration",0.00291436031608081
"pedestrian","MICE.10.Y.M.IMP.M",10,"AUC",0.562666751104286
"pedestrian","MICE.10.Y.M.IMP.M",10,"Brier",0.247430012823205
"pedestrian","MICE.10.Y.M.IMP.M",10,"Misclassification",0.46604774535809
"pedestrian","MICE.10.Y.M.IMP.M",10,"Calibration",0.00267010221575439
"pedestrian","MICE.RF.10.IMP.M",10,"AUC",0.561577857641692
"pedestrian","MICE.RF.10.IMP.M",10,"Brier",0.247507436220487
"pedestrian","MICE.RF.10.IMP.M",10,"Misclassification",0.465915119363395
"pedestrian","MICE.RF.10.IMP.M",10,"Calibration",0.00293094760863855
"pedestrian","MICE.RF.10.Y.M.IMP.M",10,"AUC",0.562548397708222
"pedestrian","MICE.RF.10.Y.M.IMP.M",10,"Brier",0.247386089303574
"pedestrian","MICE.RF.10.Y.M.IMP.M",10,"Misclassification",0.465649867374005
"pedestrian","MICE.RF.10.Y.M.IMP.M",10,"Calibration",0.00299106309316899
"pedestrian","Mean.IMP",10,"AUC",0.556221627640655
"pedestrian","Mean.IMP",10,"Brier",0.247487679292332
"pedestrian","Mean.IMP",10,"Misclassification",0.470159151193634
"pedestrian","Mean.IMP",10,"Calibration",0.00375947234187732
"pedestrian","Mean.IMP.M",10,"AUC",0.562577599051484
"pedestrian","Mean.IMP.M",10,"Brier",0.247377072904893
"pedestrian","Mean.IMP.M",10,"Misclassification",0.464854111405836
"pedestrian","Mean.IMP.M",10,"Calibration",0.00304881898046186
"pedestrian","05.IMP",10,"AUC",0.561996034950138
"pedestrian","05.IMP",10,"Brier",0.247769934232997
"pedestrian","05.IMP",10,"Misclassification",0.468037135278515
"pedestrian","05.IMP",10,"Calibration",0.00446729478937472
"pedestrian","05.IMP.M",10,"AUC",0.569134883819113
"pedestrian","05.IMP.M",10,"Brier",0.247554027586921
"pedestrian","05.IMP.M",10,"Misclassification",0.474535809018568
"pedestrian","05.IMP.M",10,"Calibration",0.00472132552458118
"pedestrian","PbP",10,"AUC",0.62597976663553
"pedestrian","PbP",10,"Brier",0.234533836787716
"pedestrian","PbP",10,"Misclassification",0.43183023872679
"pedestrian","PbP",10,"Calibration",0.00334849620749153
"pedestrian","SAEM",11,"AUC",0.567414098212853
"pedestrian","SAEM",11,"Brier",0.247505543813598
"pedestrian","SAEM",11,"Misclassification",0.462466843501326
"pedestrian","SAEM",11,"Calibration",0.00451808370402548
"pedestrian","MICE.10.IMP",11,"AUC",0.547777423864941
"pedestrian","MICE.10.IMP",11,"Brier",0.247964437988763
"pedestrian","MICE.10.IMP",11,"Misclassification",0.470026525198939
"pedestrian","MICE.10.IMP",11,"Calibration",0.0024695244382352
"pedestrian","MICE.10.Y.M.IMP",11,"AUC",0.549090630463705
"pedestrian","MICE.10.Y.M.IMP",11,"Brier",0.247893407698248
"pedestrian","MICE.10.Y.M.IMP",11,"Misclassification",0.468700265251989
"pedestrian","MICE.10.Y.M.IMP",11,"Calibration",0.00250991912833459
"pedestrian","MICE.RF.10.IMP",11,"AUC",0.547245499203204
"pedestrian","MICE.RF.10.IMP",11,"Brier",0.248024031616765
"pedestrian","MICE.RF.10.IMP",11,"Misclassification",0.470689655172414
"pedestrian","MICE.RF.10.IMP",11,"Calibration",0.00229905106400849
"pedestrian","MICE.RF.10.Y.M.IMP",11,"AUC",0.551264063373898
"pedestrian","MICE.RF.10.Y.M.IMP",11,"Brier",0.247808755719878
"pedestrian","MICE.RF.10.Y.M.IMP",11,"Misclassification",0.465915119363395
"pedestrian","MICE.RF.10.Y.M.IMP",11,"Calibration",0.00221017361957532
"pedestrian","MICE.10.IMP.M",11,"AUC",0.553977723473617
"pedestrian","MICE.10.IMP.M",11,"Brier",0.248048552000851
"pedestrian","MICE.10.IMP.M",11,"Misclassification",0.462201591511936
"pedestrian","MICE.10.IMP.M",11,"Calibration",0.00142601473118525
"pedestrian","MICE.10.Y.M.IMP.M",11,"AUC",0.55530725368634
"pedestrian","MICE.10.Y.M.IMP.M",11,"Brier",0.247874236619507
"pedestrian","MICE.10.Y.M.IMP.M",11,"Misclassification",0.461803713527851
"pedestrian","MICE.10.Y.M.IMP.M",11,"Calibration",0.00165069032995085
"pedestrian","MICE.RF.10.IMP.M",11,"AUC",0.554391794456993
"pedestrian","MICE.RF.10.IMP.M",11,"Brier",0.248036780271956
"pedestrian","MICE.RF.10.IMP.M",11,"Misclassification",0.460875331564987
"pedestrian","MICE.RF.10.IMP.M",11,"Calibration",0.00142089704707604
"pedestrian","MICE.RF.10.Y.M.IMP.M",11,"AUC",0.556595200899713
"pedestrian","MICE.RF.10.Y.M.IMP.M",11,"Brier",0.247676329295351
"pedestrian","MICE.RF.10.Y.M.IMP.M",11,"Misclassification",0.461140583554377
"pedestrian","MICE.RF.10.Y.M.IMP.M",11,"Calibration",0.00172430466820839
"pedestrian","Mean.IMP",11,"AUC",0.547974644080132
"pedestrian","Mean.IMP",11,"Brier",0.247893379522005
"pedestrian","Mean.IMP",11,"Misclassification",0.470026525198939
"pedestrian","Mean.IMP",11,"Calibration",0.00274474589878398
"pedestrian","Mean.IMP.M",11,"AUC",0.555354676599304
"pedestrian","Mean.IMP.M",11,"Brier",0.247886710193084
"pedestrian","Mean.IMP.M",11,"Misclassification",0.461538461538462
"pedestrian","Mean.IMP.M",11,"Calibration",0.0015663793823962
"pedestrian","05.IMP",11,"AUC",0.562418439098039
"pedestrian","05.IMP",11,"Brier",0.247752179583787
"pedestrian","05.IMP",11,"Misclassification",0.463527851458886
"pedestrian","05.IMP",11,"Calibration",0.00412514078929449
"pedestrian","05.IMP.M",11,"AUC",0.570417150658302
"pedestrian","05.IMP.M",11,"Brier",0.247475941107566
"pedestrian","05.IMP.M",11,"Misclassification",0.46710875331565
"pedestrian","05.IMP.M",11,"Calibration",0.00461205398739917
"pedestrian","PbP",11,"AUC",0.625801062005881
"pedestrian","PbP",11,"Brier",0.232964983488242
"pedestrian","PbP",11,"Misclassification",0.426392572944297
"pedestrian","PbP",11,"Calibration",0.00266002895195616
"pedestrian","SAEM",12,"AUC",0.562108084467586
"pedestrian","SAEM",12,"Brier",0.247841224293187
"pedestrian","SAEM",12,"Misclassification",0.467241379310345
"pedestrian","SAEM",12,"Calibration",0.00481366794939656
"pedestrian","MICE.10.IMP",12,"AUC",0.546980014752812
"pedestrian","MICE.10.IMP",12,"Brier",0.248064459442095
"pedestrian","MICE.10.IMP",12,"Misclassification",0.46763925729443
"pedestrian","MICE.10.IMP",12,"Calibration",0.0028766253103403
"pedestrian","MICE.10.Y.M.IMP",12,"AUC",0.548204467158108
"pedestrian","MICE.10.Y.M.IMP",12,"Brier",0.247992656654231
"pedestrian","MICE.10.Y.M.IMP",12,"Misclassification",0.470424403183024
"pedestrian","MICE.10.Y.M.IMP",12,"Calibration",0.00303346638731525
"pedestrian","MICE.RF.10.IMP",12,"AUC",0.547259831291102
"pedestrian","MICE.RF.10.IMP",12,"Brier",0.24808213655951
"pedestrian","MICE.RF.10.IMP",12,"Misclassification",0.469628647214854
"pedestrian","MICE.RF.10.IMP",12,"Calibration",0.00290698598755881
"pedestrian","MICE.RF.10.Y.M.IMP",12,"AUC",0.550533340031481
"pedestrian","MICE.RF.10.Y.M.IMP",12,"Brier",0.247940232471686
"pedestrian","MICE.RF.10.Y.M.IMP",12,"Misclassification",0.46657824933687
"pedestrian","MICE.RF.10.Y.M.IMP",12,"Calibration",0.00270064487018334
"pedestrian","MICE.10.IMP.M",12,"AUC",0.553642209420692
"pedestrian","MICE.10.IMP.M",12,"Brier",0.248054168353614
"pedestrian","MICE.10.IMP.M",12,"Misclassification",0.464190981432361
"pedestrian","MICE.10.IMP.M",12,"Calibration",0.00192486328122854
"pedestrian","MICE.10.Y.M.IMP.M",12,"AUC",0.554423683469168
"pedestrian","MICE.10.Y.M.IMP.M",12,"Brier",0.248002493876115
"pedestrian","MICE.10.Y.M.IMP.M",12,"Misclassification",0.464854111405836
"pedestrian","MICE.10.Y.M.IMP.M",12,"Calibration",0.00209977000960807
"pedestrian","MICE.RF.10.IMP.M",12,"AUC",0.552637276150287
"pedestrian","MICE.RF.10.IMP.M",12,"Brier",0.24821081514354
"pedestrian","MICE.RF.10.IMP.M",12,"Misclassification",0.464986737400531
"pedestrian","MICE.RF.10.IMP.M",12,"Calibration",0.00177955010223871
"pedestrian","MICE.RF.10.Y.M.IMP.M",12,"AUC",0.554684010648367
"pedestrian","MICE.RF.10.Y.M.IMP.M",12,"Brier",0.247915514562017
"pedestrian","MICE.RF.10.Y.M.IMP.M",12,"Misclassification",0.463925729442971
"pedestrian","MICE.RF.10.Y.M.IMP.M",12,"Calibration",0.00226301156231307
"pedestrian","Mean.IMP",12,"AUC",0.547885355287498
"pedestrian","Mean.IMP",12,"Brier",0.24802032490013
"pedestrian","Mean.IMP",12,"Misclassification",0.46657824933687
"pedestrian","Mean.IMP",12,"Calibration",0.00316460640006341
"pedestrian","Mean.IMP.M",12,"AUC",0.554276457895526
"pedestrian","Mean.IMP.M",12,"Brier",0.248052789424946
"pedestrian","Mean.IMP.M",12,"Misclassification",0.464190981432361
"pedestrian","Mean.IMP.M",12,"Calibration",0.00199041542694933
"pedestrian","05.IMP",12,"AUC",0.56033240685001
"pedestrian","05.IMP",12,"Brier",0.248006822525484
"pedestrian","05.IMP",12,"Misclassification",0.46684350132626
"pedestrian","05.IMP",12,"Calibration",0.00432855180703962
"pedestrian","05.IMP.M",12,"AUC",0.565715480404962
"pedestrian","05.IMP.M",12,"Brier",0.247932871746596
"pedestrian","05.IMP.M",12,"Misclassification",0.474668435013263
"pedestrian","05.IMP.M",12,"Calibration",0.00426784787750714
"pedestrian","PbP",12,"AUC",0.618662616257193
"pedestrian","PbP",12,"Brier",0.234342077986697
"pedestrian","PbP",12,"Misclassification",0.43236074270557
"pedestrian","PbP",12,"Calibration",0.00245293515808151
"pedestrian","SAEM",13,"AUC",0.565494716617284
"pedestrian","SAEM",13,"Brier",0.247756750476999
"pedestrian","SAEM",13,"Misclassification",0.464323607427056
"pedestrian","SAEM",13,"Calibration",0.00480130729023068
"pedestrian","MICE.10.IMP",13,"AUC",0.544765361858103
"pedestrian","MICE.10.IMP",13,"Brier",0.248188942639851
"pedestrian","MICE.10.IMP",13,"Misclassification",0.466976127320955
"pedestrian","MICE.10.IMP",13,"Calibration",0.00313298485391991
"pedestrian","MICE.10.Y.M.IMP",13,"AUC",0.548082497658459
"pedestrian","MICE.10.Y.M.IMP",13,"Brier",0.24807028460088
"pedestrian","MICE.10.Y.M.IMP",13,"Misclassification",0.46816976127321
"pedestrian","MICE.10.Y.M.IMP",13,"Calibration",0.00323198387462326
"pedestrian","MICE.RF.10.IMP",13,"AUC",0.54712948776545
"pedestrian","MICE.RF.10.IMP",13,"Brier",0.248122574980546
"pedestrian","MICE.RF.10.IMP",13,"Misclassification",0.468700265251989
"pedestrian","MICE.RF.10.IMP",13,"Calibration",0.0032256611640458
"pedestrian","MICE.RF.10.Y.M.IMP",13,"AUC",0.550776958113439
"pedestrian","MICE.RF.10.Y.M.IMP",13,"Brier",0.247929510803847
"pedestrian","MICE.RF.10.Y.M.IMP",13,"Misclassification",0.465119363395225
"pedestrian","MICE.RF.10.Y.M.IMP",13,"Calibration",0.00313506975573705
"pedestrian","MICE.10.IMP.M",13,"AUC",0.551962574186315
"pedestrian","MICE.10.IMP.M",13,"Brier",0.248034288674827
"pedestrian","MICE.10.IMP.M",13,"Misclassification",0.465384615384615
"pedestrian","MICE.10.IMP.M",13,"Calibration",0.00253349535088815
"pedestrian","MICE.10.Y.M.IMP.M",13,"AUC",0.55355950778112
"pedestrian","MICE.10.Y.M.IMP.M",13,"Brier",0.247917437367405
"pedestrian","MICE.10.Y.M.IMP.M",13,"Misclassification",0.4657824933687
"pedestrian","MICE.10.Y.M.IMP.M",13,"Calibration",0.00257776437424029
"pedestrian","MICE.RF.10.IMP.M",13,"AUC",0.551867800887984
"pedestrian","MICE.RF.10.IMP.M",13,"Brier",0.248089011930999
"pedestrian","MICE.RF.10.IMP.M",13,"Misclassification",0.463925729442971
"pedestrian","MICE.RF.10.IMP.M",13,"Calibration",0.00252621810763121
"pedestrian","MICE.RF.10.Y.M.IMP.M",13,"AUC",0.554065317166195
"pedestrian","MICE.RF.10.Y.M.IMP.M",13,"Brier",0.247850023881288
"pedestrian","MICE.RF.10.Y.M.IMP.M",13,"Misclassification",0.46551724137931
"pedestrian","MICE.RF.10.Y.M.IMP.M",13,"Calibration",0.00267870938767439
"pedestrian","Mean.IMP",13,"AUC",0.547142222707542
"pedestrian","Mean.IMP",13,"Brier",0.248084819589544
"pedestrian","Mean.IMP",13,"Misclassification",0.46710875331565
"pedestrian","Mean.IMP",13,"Calibration",0.00333423314347817
"pedestrian","Mean.IMP.M",13,"AUC",0.5537451142852
"pedestrian","Mean.IMP.M",13,"Brier",0.247903011291736
"pedestrian","Mean.IMP.M",13,"Misclassification",0.465649867374005
"pedestrian","Mean.IMP.M",13,"Calibration",0.00260060577888746
"pedestrian","05.IMP",13,"AUC",0.558122346066212
"pedestrian","05.IMP",13,"Brier",0.24809254576631
"pedestrian","05.IMP",13,"Misclassification",0.46710875331565
"pedestrian","05.IMP",13,"Calibration",0.00418262452265014
"pedestrian","05.IMP.M",13,"AUC",0.569709876911508
"pedestrian","05.IMP.M",13,"Brier",0.247603576006436
"pedestrian","05.IMP.M",13,"Misclassification",0.46763925729443
"pedestrian","05.IMP.M",13,"Calibration",0.00475912440172888
"pedestrian","PbP",13,"AUC",0.624691124885174
"pedestrian","PbP",13,"Brier",0.233488635351839
"pedestrian","PbP",13,"Misclassification",0.423740053050398
"pedestrian","PbP",13,"Calibration",0.00220547490702883
"pedestrian","SAEM",14,"AUC",0.570572115943094
"pedestrian","SAEM",14,"Brier",0.247861577454635
"pedestrian","SAEM",14,"Misclassification",0.461140583554377
"pedestrian","SAEM",14,"Calibration",0.00474654231000513
"pedestrian","MICE.10.IMP",14,"AUC",0.552908972948267
"pedestrian","MICE.10.IMP",14,"Brier",0.248019844201338
"pedestrian","MICE.10.IMP",14,"Misclassification",0.469363395225464
"pedestrian","MICE.10.IMP",14,"Calibration",0.00284058351854202
"pedestrian","MICE.10.Y.M.IMP",14,"AUC",0.554501559200691
"pedestrian","MICE.10.Y.M.IMP",14,"Brier",0.247951433453624
"pedestrian","MICE.10.Y.M.IMP",14,"Misclassification",0.469098143236074
"pedestrian","MICE.10.Y.M.IMP",14,"Calibration",0.00301504142366071
"pedestrian","MICE.RF.10.IMP",14,"AUC",0.556062976214775
"pedestrian","MICE.RF.10.IMP",14,"Brier",0.247881732082711
"pedestrian","MICE.RF.10.IMP",14,"Misclassification",0.46763925729443
"pedestrian","MICE.RF.10.IMP",14,"Calibration",0.00305490354129087
"pedestrian","MICE.RF.10.Y.M.IMP",14,"AUC",0.561984005748086
"pedestrian","MICE.RF.10.Y.M.IMP",14,"Brier",0.247541904991309
"pedestrian","MICE.RF.10.Y.M.IMP",14,"Misclassification",0.461405835543767
"pedestrian","MICE.RF.10.Y.M.IMP",14,"Calibration",0.00304102981033152
"pedestrian","MICE.10.IMP.M",14,"AUC",0.560274763520115
"pedestrian","MICE.10.IMP.M",14,"Brier",0.247860600429989
"pedestrian","MICE.10.IMP.M",14,"Misclassification",0.462732095490716
"pedestrian","MICE.10.IMP.M",14,"Calibration",0.00226728223387859
"pedestrian","MICE.10.Y.M.IMP.M",14,"AUC",0.562485668658613
"pedestrian","MICE.10.Y.M.IMP.M",14,"Brier",0.247732816742577
"pedestrian","MICE.10.Y.M.IMP.M",14,"Misclassification",0.459946949602122
"pedestrian","MICE.10.Y.M.IMP.M",14,"Calibration",0.00240216983060179
"pedestrian","MICE.RF.10.IMP.M",14,"AUC",0.560921366906895
"pedestrian","MICE.RF.10.IMP.M",14,"Brier",0.247821854055544
"pedestrian","MICE.RF.10.IMP.M",14,"Misclassification",0.459814323607427
"pedestrian","MICE.RF.10.IMP.M",14,"Calibration",0.00235123852559393
"pedestrian","MICE.RF.10.Y.M.IMP.M",14,"AUC",0.561631223443264
"pedestrian","MICE.RF.10.Y.M.IMP.M",14,"Brier",0.247743734182659
"pedestrian","MICE.RF.10.Y.M.IMP.M",14,"Misclassification",0.461405835543767
"pedestrian","MICE.RF.10.Y.M.IMP.M",14,"Calibration",0.00255184558687249
"pedestrian","Mean.IMP",14,"AUC",0.555012861356484
"pedestrian","Mean.IMP",14,"Brier",0.247961434010036
"pedestrian","Mean.IMP",14,"Misclassification",0.468832891246684
"pedestrian","Mean.IMP",14,"Calibration",0.00312225313207268
"pedestrian","Mean.IMP.M",14,"AUC",0.561645224974707
"pedestrian","Mean.IMP.M",14,"Brier",0.247806985701139
"pedestrian","Mean.IMP.M",14,"Misclassification",0.460079575596817
"pedestrian","Mean.IMP.M",14,"Calibration",0.00232049862095515
"pedestrian","05.IMP",14,"AUC",0.562283842563403
"pedestrian","05.IMP",14,"Brier",0.24819225920733
"pedestrian","05.IMP",14,"Misclassification",0.461140583554377
"pedestrian","05.IMP",14,"Calibration",0.00387120908490377
"pedestrian","05.IMP.M",14,"AUC",0.572863371578622
"pedestrian","05.IMP.M",14,"Brier",0.247808285962016
"pedestrian","05.IMP.M",14,"Misclassification",0.46657824933687
"pedestrian","05.IMP.M",14,"Calibration",0.00434332864577286
"pedestrian","PbP",14,"AUC",0.625544626152426
"pedestrian","PbP",14,"Brier",0.233576220133283
"pedestrian","PbP",14,"Misclassification",0.424535809018568
"pedestrian","PbP",14,"Calibration",0.00260646839765649
"pedestrian","SAEM",15,"AUC",0.573296145812621
"pedestrian","SAEM",15,"Brier",0.247139130843133
"pedestrian","SAEM",15,"Misclassification",0.464456233421751
"pedestrian","SAEM",15,"Calibration",0.0044631750588788
"pedestrian","MICE.10.IMP",15,"AUC",0.54976661604706
"pedestrian","MICE.10.IMP",15,"Brier",0.247686611547281
"pedestrian","MICE.10.IMP",15,"Misclassification",0.468965517241379
"pedestrian","MICE.10.IMP",15,"Calibration",0.00233531890844182
"pedestrian","MICE.10.Y.M.IMP",15,"AUC",0.551344680806136
"pedestrian","MICE.10.Y.M.IMP",15,"Brier",0.247556899143405
"pedestrian","MICE.10.Y.M.IMP",15,"Misclassification",0.465649867374005
"pedestrian","MICE.10.Y.M.IMP",15,"Calibration",0.00249357346444118
"pedestrian","MICE.RF.10.IMP",15,"AUC",0.551737366947567
"pedestrian","MICE.RF.10.IMP",15,"Brier",0.247555657686882
"pedestrian","MICE.RF.10.IMP",15,"Misclassification",0.46604774535809
"pedestrian","MICE.RF.10.IMP",15,"Calibration",0.00262327553160638
"pedestrian","MICE.RF.10.Y.M.IMP",15,"AUC",0.55463074375628
"pedestrian","MICE.RF.10.Y.M.IMP",15,"Brier",0.247400945608192
"pedestrian","MICE.RF.10.Y.M.IMP",15,"Misclassification",0.464058355437666
"pedestrian","MICE.RF.10.Y.M.IMP",15,"Calibration",0.00246222701798926
"pedestrian","MICE.10.IMP.M",15,"AUC",0.55779011105226
"pedestrian","MICE.10.IMP.M",15,"Brier",0.247379398192683
"pedestrian","MICE.10.IMP.M",15,"Misclassification",0.462466843501326
"pedestrian","MICE.10.IMP.M",15,"Calibration",0.00223180218220914
"pedestrian","MICE.10.Y.M.IMP.M",15,"AUC",0.558904047398252
"pedestrian","MICE.10.Y.M.IMP.M",15,"Brier",0.247278047923834
"pedestrian","MICE.10.Y.M.IMP.M",15,"Misclassification",0.459549071618037
"pedestrian","MICE.10.Y.M.IMP.M",15,"Calibration",0.00221346617621807
"pedestrian","MICE.RF.10.IMP.M",15,"AUC",0.558362423476705
"pedestrian","MICE.RF.10.IMP.M",15,"Brier",0.24738698052549
"pedestrian","MICE.RF.10.IMP.M",15,"Misclassification",0.460610079575597
"pedestrian","MICE.RF.10.IMP.M",15,"Calibration",0.0022246519494834
"pedestrian","MICE.RF.10.Y.M.IMP.M",15,"AUC",0.558645165944912
"pedestrian","MICE.RF.10.Y.M.IMP.M",15,"Brier",0.247257154671443
"pedestrian","MICE.RF.10.Y.M.IMP.M",15,"Misclassification",0.461140583554377
"pedestrian","MICE.RF.10.Y.M.IMP.M",15,"Calibration",0.00240476927493846
"pedestrian","Mean.IMP",15,"AUC",0.551698795159522
"pedestrian","Mean.IMP",15,"Brier",0.247517872057854
"pedestrian","Mean.IMP",15,"Misclassification",0.466710875331565
"pedestrian","Mean.IMP",15,"Calibration",0.00247391222937718
"pedestrian","Mean.IMP.M",15,"AUC",0.559015328414492
"pedestrian","Mean.IMP.M",15,"Brier",0.247269153860492
"pedestrian","Mean.IMP.M",15,"Misclassification",0.460477453580902
"pedestrian","Mean.IMP.M",15,"Calibration",0.00219798259082732
"pedestrian","05.IMP",15,"AUC",0.56238581994084
"pedestrian","05.IMP",15,"Brier",0.24760189400898
"pedestrian","05.IMP",15,"Misclassification",0.467241379310345
"pedestrian","05.IMP",15,"Calibration",0.00360491521645478
"pedestrian","05.IMP.M",15,"AUC",0.576771126060416
"pedestrian","05.IMP.M",15,"Brier",0.24696499596196
"pedestrian","05.IMP.M",15,"Misclassification",0.464721485411141
"pedestrian","05.IMP.M",15,"Calibration",0.00414289123582745
"pedestrian","PbP",15,"AUC",0.624244234027989
"pedestrian","PbP",15,"Brier",0.233657094218796
"pedestrian","PbP",15,"Misclassification",0.423872679045093
"pedestrian","PbP",15,"Calibration",0.00190774468373742
"SBS5242","SAEM",1,"AUC",0.923076923076923
"SBS5242","SAEM",1,"Brier",0.144618258801383
"SBS5242","SAEM",1,"Misclassification",0.215686274509804
"SBS5242","SAEM",1,"Calibration",0.0803002238951123
"SBS5242","MICE.10.IMP",1,"AUC",0.927692307692308
"SBS5242","MICE.10.IMP",1,"Brier",0.143335228337833
"SBS5242","MICE.10.IMP",1,"Misclassification",0.196078431372549
"SBS5242","MICE.10.IMP",1,"Calibration",0.0596050696076747
"SBS5242","MICE.10.Y.M.IMP",1,"AUC",0.924615384615385
"SBS5242","MICE.10.Y.M.IMP",1,"Brier",0.143652775460115
"SBS5242","MICE.10.Y.M.IMP",1,"Misclassification",0.176470588235294
"SBS5242","MICE.10.Y.M.IMP",1,"Calibration",0.0589966908040305
"SBS5242","MICE.RF.10.IMP",1,"AUC",0.927692307692308
"SBS5242","MICE.RF.10.IMP",1,"Brier",0.144221349358831
"SBS5242","MICE.RF.10.IMP",1,"Misclassification",0.196078431372549
"SBS5242","MICE.RF.10.IMP",1,"Calibration",0.0637591644848818
"SBS5242","MICE.RF.10.Y.M.IMP",1,"AUC",0.935384615384615
"SBS5242","MICE.RF.10.Y.M.IMP",1,"Brier",0.142354408046715
"SBS5242","MICE.RF.10.Y.M.IMP",1,"Misclassification",0.196078431372549
"SBS5242","MICE.RF.10.Y.M.IMP",1,"Calibration",0.0808075670881092
"SBS5242","MICE.10.IMP.M",1,"AUC",0.863076923076923
"SBS5242","MICE.10.IMP.M",1,"Brier",0.166601075441395
"SBS5242","MICE.10.IMP.M",1,"Misclassification",0.235294117647059
"SBS5242","MICE.10.IMP.M",1,"Calibration",0.0552147665318665
"SBS5242","MICE.10.Y.M.IMP.M",1,"AUC",0.86
"SBS5242","MICE.10.Y.M.IMP.M",1,"Brier",0.16773752405825
"SBS5242","MICE.10.Y.M.IMP.M",1,"Misclassification",0.254901960784314
"SBS5242","MICE.10.Y.M.IMP.M",1,"Calibration",0.0510980905070521
"SBS5242","MICE.RF.10.IMP.M",1,"AUC",0.855384615384615
"SBS5242","MICE.RF.10.IMP.M",1,"Brier",0.172118135107193
"SBS5242","MICE.RF.10.IMP.M",1,"Misclassification",0.274509803921569
"SBS5242","MICE.RF.10.IMP.M",1,"Calibration",0.0529187887019645
"SBS5242","MICE.RF.10.Y.M.IMP.M",1,"AUC",0.855384615384615
"SBS5242","MICE.RF.10.Y.M.IMP.M",1,"Brier",0.173390878169508
"SBS5242","MICE.RF.10.Y.M.IMP.M",1,"Misclassification",0.254901960784314
"SBS5242","MICE.RF.10.Y.M.IMP.M",1,"Calibration",0.0528328510370862
"SBS5242","Mean.IMP",1,"AUC",0.933846153846154
"SBS5242","Mean.IMP",1,"Brier",0.144669674210889
"SBS5242","Mean.IMP",1,"Misclassification",0.196078431372549
"SBS5242","Mean.IMP",1,"Calibration",0.0744379451556308
"SBS5242","Mean.IMP.M",1,"AUC",0.853846153846154
"SBS5242","Mean.IMP.M",1,"Brier",0.174883827816027
"SBS5242","Mean.IMP.M",1,"Misclassification",0.274509803921569
"SBS5242","Mean.IMP.M",1,"Calibration",0.0545775353644056
"SBS5242","05.IMP",1,"AUC",0.898461538461538
"SBS5242","05.IMP",1,"Brier",0.162022661091534
"SBS5242","05.IMP",1,"Misclassification",0.235294117647059
"SBS5242","05.IMP",1,"Calibration",0.0690215717669157
"SBS5242","05.IMP.M",1,"AUC",0.853846153846154
"SBS5242","05.IMP.M",1,"Brier",0.174883827816027
"SBS5242","05.IMP.M",1,"Misclassification",0.274509803921569
"SBS5242","05.IMP.M",1,"Calibration",0.0545775353644058
"SBS5242","PbP",1,"AUC",0.888461538461538
"SBS5242","PbP",1,"Brier",0.154903234545991
"SBS5242","PbP",1,"Misclassification",0.235294117647059
"SBS5242","PbP",1,"Calibration",0.0522385789401584
"SBS5242","SAEM",2,"AUC",0.718461538461538
"SBS5242","SAEM",2,"Brier",0.232976266808414
"SBS5242","SAEM",2,"Misclassification",0.294117647058823
"SBS5242","SAEM",2,"Calibration",0.054295905775112
"SBS5242","MICE.10.IMP",2,"AUC",0.726153846153846
"SBS5242","MICE.10.IMP",2,"Brier",0.227672686775544
"SBS5242","MICE.10.IMP",2,"Misclassification",0.294117647058823
"SBS5242","MICE.10.IMP",2,"Calibration",0.0546822784910185
"SBS5242","MICE.10.Y.M.IMP",2,"AUC",0.723076923076923
"SBS5242","MICE.10.Y.M.IMP",2,"Brier",0.230686412085601
"SBS5242","MICE.10.Y.M.IMP",2,"Misclassification",0.313725490196078
"SBS5242","MICE.10.Y.M.IMP",2,"Calibration",0.0576960038010751
"SBS5242","MICE.RF.10.IMP",2,"AUC",0.747692307692308
"SBS5242","MICE.RF.10.IMP",2,"Brier",0.216036954447996
"SBS5242","MICE.RF.10.IMP",2,"Misclassification",0.274509803921569
"SBS5242","MICE.RF.10.IMP",2,"Calibration",0.0513565368264017
"SBS5242","MICE.RF.10.Y.M.IMP",2,"AUC",0.726153846153846
"SBS5242","MICE.RF.10.Y.M.IMP",2,"Brier",0.227247439002046
"SBS5242","MICE.RF.10.Y.M.IMP",2,"Misclassification",0.294117647058823
"SBS5242","MICE.RF.10.Y.M.IMP",2,"Calibration",0.049318831661674
"SBS5242","MICE.10.IMP.M",2,"AUC",0.752307692307692
"SBS5242","MICE.10.IMP.M",2,"Brier",0.210855904191063
"SBS5242","MICE.10.IMP.M",2,"Misclassification",0.313725490196078
"SBS5242","MICE.10.IMP.M",2,"Calibration",0.0474547542574051
"SBS5242","MICE.10.Y.M.IMP.M",2,"AUC",0.718461538461538
"SBS5242","MICE.10.Y.M.IMP.M",2,"Brier",0.218174582479271
"SBS5242","MICE.10.Y.M.IMP.M",2,"Misclassification",0.294117647058823
"SBS5242","MICE.10.Y.M.IMP.M",2,"Calibration",0.0457738574833899
"SBS5242","MICE.RF.10.IMP.M",2,"AUC",0.755384615384615
"SBS5242","MICE.RF.10.IMP.M",2,"Brier",0.209252418812372
"SBS5242","MICE.RF.10.IMP.M",2,"Misclassification",0.294117647058823
"SBS5242","MICE.RF.10.IMP.M",2,"Calibration",0.0464836430405006
"SBS5242","MICE.RF.10.Y.M.IMP.M",2,"AUC",0.732307692307692
"SBS5242","MICE.RF.10.Y.M.IMP.M",2,"Brier",0.213806370689514
"SBS5242","MICE.RF.10.Y.M.IMP.M",2,"Misclassification",0.274509803921569
"SBS5242","MICE.RF.10.Y.M.IMP.M",2,"Calibration",0.0456691157875529
"SBS5242","Mean.IMP",2,"AUC",0.653846153846154
"SBS5242","Mean.IMP",2,"Brier",0.262515428707494
"SBS5242","Mean.IMP",2,"Misclassification",0.352941176470588
"SBS5242","Mean.IMP",2,"Calibration",0.0583686982449745
"SBS5242","Mean.IMP.M",2,"AUC",0.712307692307692
"SBS5242","Mean.IMP.M",2,"Brier",0.231883591100071
"SBS5242","Mean.IMP.M",2,"Misclassification",0.313725490196078
"SBS5242","Mean.IMP.M",2,"Calibration",0.0502931771567156
"SBS5242","05.IMP",2,"AUC",0.643076923076923
"SBS5242","05.IMP",2,"Brier",0.253825972744973
"SBS5242","05.IMP",2,"Misclassification",0.313725490196078
"SBS5242","05.IMP",2,"Calibration",0.0523880642482414
"SBS5242","05.IMP.M",2,"AUC",0.673846153846154
"SBS5242","05.IMP.M",2,"Brier",0.235046840750004
"SBS5242","05.IMP.M",2,"Misclassification",0.294117647058823
"SBS5242","05.IMP.M",2,"Calibration",0.0498121408094218
"SBS5242","PbP",2,"AUC",0.730769230769231
"SBS5242","PbP",2,"Brier",0.226805537697957
"SBS5242","PbP",2,"Misclassification",0.274509803921569
"SBS5242","PbP",2,"Calibration",0.0462499821424018
"SBS5242","SAEM",3,"AUC",0.829230769230769
"SBS5242","SAEM",3,"Brier",0.190894670990764
"SBS5242","SAEM",3,"Misclassification",0.274509803921569
"SBS5242","SAEM",3,"Calibration",0.0825328077269402
"SBS5242","MICE.10.IMP",3,"AUC",0.835384615384615
"SBS5242","MICE.10.IMP",3,"Brier",0.180078898988212
"SBS5242","MICE.10.IMP",3,"Misclassification",0.215686274509804
"SBS5242","MICE.10.IMP",3,"Calibration",0.0604289683088695
"SBS5242","MICE.10.Y.M.IMP",3,"AUC",0.852307692307692
"SBS5242","MICE.10.Y.M.IMP",3,"Brier",0.176189894206267
"SBS5242","MICE.10.Y.M.IMP",3,"Misclassification",0.215686274509804
"SBS5242","MICE.10.Y.M.IMP",3,"Calibration",0.0676114628337182
"SBS5242","MICE.RF.10.IMP",3,"AUC",0.847692307692308
"SBS5242","MICE.RF.10.IMP",3,"Brier",0.174992892493542
"SBS5242","MICE.RF.10.IMP",3,"Misclassification",0.235294117647059
"SBS5242","MICE.RF.10.IMP",3,"Calibration",0.0592297244812392
"SBS5242","MICE.RF.10.Y.M.IMP",3,"AUC",0.841538461538462
"SBS5242","MICE.RF.10.Y.M.IMP",3,"Brier",0.174600946654899
"SBS5242","MICE.RF.10.Y.M.IMP",3,"Misclassification",0.215686274509804
"SBS5242","MICE.RF.10.Y.M.IMP",3,"Calibration",0.0545846067856176
"SBS5242","MICE.10.IMP.M",3,"AUC",0.801538461538462
"SBS5242","MICE.10.IMP.M",3,"Brier",0.199235626168275
"SBS5242","MICE.10.IMP.M",3,"Misclassification",0.235294117647059
"SBS5242","MICE.10.IMP.M",3,"Calibration",0.0842029464297133
"SBS5242","MICE.10.Y.M.IMP.M",3,"AUC",0.8
"SBS5242","MICE.10.Y.M.IMP.M",3,"Brier",0.199324059271718
"SBS5242","MICE.10.Y.M.IMP.M",3,"Misclassification",0.235294117647059
"SBS5242","MICE.10.Y.M.IMP.M",3,"Calibration",0.0821277554628385
"SBS5242","MICE.RF.10.IMP.M",3,"AUC",0.8
"SBS5242","MICE.RF.10.IMP.M",3,"Brier",0.196839806587354
"SBS5242","MICE.RF.10.IMP.M",3,"Misclassification",0.235294117647059
"SBS5242","MICE.RF.10.IMP.M",3,"Calibration",0.0775060515799746
"SBS5242","MICE.RF.10.Y.M.IMP.M",3,"AUC",0.798461538461538
"SBS5242","MICE.RF.10.Y.M.IMP.M",3,"Brier",0.196684622995217
"SBS5242","MICE.RF.10.Y.M.IMP.M",3,"Misclassification",0.235294117647059
"SBS5242","MICE.RF.10.Y.M.IMP.M",3,"Calibration",0.0783839694004457
"SBS5242","Mean.IMP",3,"AUC",0.867692307692308
"SBS5242","Mean.IMP",3,"Brier",0.165172077777591
"SBS5242","Mean.IMP",3,"Misclassification",0.196078431372549
"SBS5242","Mean.IMP",3,"Calibration",0.0650868262856904
"SBS5242","Mean.IMP.M",3,"AUC",0.796923076923077
"SBS5242","Mean.IMP.M",3,"Brier",0.199339319210311
"SBS5242","Mean.IMP.M",3,"Misclassification",0.235294117647059
"SBS5242","Mean.IMP.M",3,"Calibration",0.0756070676890127
"SBS5242","05.IMP",3,"AUC",0.8
"SBS5242","05.IMP",3,"Brier",0.184517038621285
"SBS5242","05.IMP",3,"Misclassification",0.235294117647059
"SBS5242","05.IMP",3,"Calibration",0.0400176702464841
"SBS5242","05.IMP.M",3,"AUC",0.796923076923077
"SBS5242","05.IMP.M",3,"Brier",0.199339319210311
"SBS5242","05.IMP.M",3,"Misclassification",0.235294117647059
"SBS5242","05.IMP.M",3,"Calibration",0.0756070676890128
"SBS5242","PbP",3,"AUC",0.786923076923077
"SBS5242","PbP",3,"Brier",0.21080512184235
"SBS5242","PbP",3,"Misclassification",0.294117647058823
"SBS5242","PbP",3,"Calibration",0.0761325340646813
"SBS5242","SAEM",4,"AUC",0.760802469135802
"SBS5242","SAEM",4,"Brier",0.211277868035668
"SBS5242","SAEM",4,"Misclassification",0.274509803921569
"SBS5242","SAEM",4,"Calibration",0.0589133928338227
"SBS5242","MICE.10.IMP",4,"AUC",0.791666666666667
"SBS5242","MICE.10.IMP",4,"Brier",0.194726266832239
"SBS5242","MICE.10.IMP",4,"Misclassification",0.215686274509804
"SBS5242","MICE.10.IMP",4,"Calibration",0.0553082774142499
"SBS5242","MICE.10.Y.M.IMP",4,"AUC",0.796296296296296
"SBS5242","MICE.10.Y.M.IMP",4,"Brier",0.188996583268112
"SBS5242","MICE.10.Y.M.IMP",4,"Misclassification",0.215686274509804
"SBS5242","MICE.10.Y.M.IMP",4,"Calibration",0.0538510098872444
"SBS5242","MICE.RF.10.IMP",4,"AUC",0.79320987654321
"SBS5242","MICE.RF.10.IMP",4,"Brier",0.193762508484984
"SBS5242","MICE.RF.10.IMP",4,"Misclassification",0.235294117647059
"SBS5242","MICE.RF.10.IMP",4,"Calibration",0.0541662659475654
"SBS5242","MICE.RF.10.Y.M.IMP",4,"AUC",0.766975308641975
"SBS5242","MICE.RF.10.Y.M.IMP",4,"Brier",0.207920816175547
"SBS5242","MICE.RF.10.Y.M.IMP",4,"Misclassification",0.274509803921569
"SBS5242","MICE.RF.10.Y.M.IMP",4,"Calibration",0.0546118158077229
"SBS5242","MICE.10.IMP.M",4,"AUC",0.766975308641975
"SBS5242","MICE.10.IMP.M",4,"Brier",0.199813262555358
"SBS5242","MICE.10.IMP.M",4,"Misclassification",0.254901960784314
"SBS5242","MICE.10.IMP.M",4,"Calibration",0.0477672267497311
"SBS5242","MICE.10.Y.M.IMP.M",4,"AUC",0.766975308641975
"SBS5242","MICE.10.Y.M.IMP.M",4,"Brier",0.196352600402121
"SBS5242","MICE.10.Y.M.IMP.M",4,"Misclassification",0.235294117647059
"SBS5242","MICE.10.Y.M.IMP.M",4,"Calibration",0.0471547394395537
"SBS5242","MICE.RF.10.IMP.M",4,"AUC",0.765432098765432
"SBS5242","MICE.RF.10.IMP.M",4,"Brier",0.200482139946967
"SBS5242","MICE.RF.10.IMP.M",4,"Misclassification",0.254901960784314
"SBS5242","MICE.RF.10.IMP.M",4,"Calibration",0.0503968884550661
"SBS5242","MICE.RF.10.Y.M.IMP.M",4,"AUC",0.748456790123457
"SBS5242","MICE.RF.10.Y.M.IMP.M",4,"Brier",0.20487073104777
"SBS5242","MICE.RF.10.Y.M.IMP.M",4,"Misclassification",0.254901960784314
"SBS5242","MICE.RF.10.Y.M.IMP.M",4,"Calibration",0.0422041492635412
"SBS5242","Mean.IMP",4,"AUC",0.719135802469136
"SBS5242","Mean.IMP",4,"Brier",0.237849980303625
"SBS5242","Mean.IMP",4,"Misclassification",0.274509803921569
"SBS5242","Mean.IMP",4,"Calibration",0.0820369182366928
"SBS5242","Mean.IMP.M",4,"AUC",0.703703703703704
"SBS5242","Mean.IMP.M",4,"Brier",0.22932566978674
"SBS5242","Mean.IMP.M",4,"Misclassification",0.274509803921569
"SBS5242","Mean.IMP.M",4,"Calibration",0.067787208248278
"SBS5242","05.IMP",4,"AUC",0.728395061728395
"SBS5242","05.IMP",4,"Brier",0.234148304072244
"SBS5242","05.IMP",4,"Misclassification",0.254901960784314
"SBS5242","05.IMP",4,"Calibration",0.0755977043451732
"SBS5242","05.IMP.M",4,"AUC",0.703703703703704
"SBS5242","05.IMP.M",4,"Brier",0.22932566978674
"SBS5242","05.IMP.M",4,"Misclassification",0.274509803921569
"SBS5242","05.IMP.M",4,"Calibration",0.067787208248278
"SBS5242","PbP",4,"AUC",0.709104938271605
"SBS5242","PbP",4,"Brier",0.239390875156533
"SBS5242","PbP",4,"Misclassification",0.294117647058823
"SBS5242","PbP",4,"Calibration",0.055971036632888
"SBS5242","SAEM",5,"AUC",0.641975308641975
"SBS5242","SAEM",5,"Brier",0.277884386520405
"SBS5242","SAEM",5,"Misclassification",0.431372549019608
"SBS5242","SAEM",5,"Calibration",0.070250624513578
"SBS5242","MICE.10.IMP",5,"AUC",0.682098765432099
"SBS5242","MICE.10.IMP",5,"Brier",0.253274822637557
"SBS5242","MICE.10.IMP",5,"Misclassification",0.333333333333333
"SBS5242","MICE.10.IMP",5,"Calibration",0.0549926309730119
"SBS5242","MICE.10.Y.M.IMP",5,"AUC",0.683641975308642
"SBS5242","MICE.10.Y.M.IMP",5,"Brier",0.25512928093882
"SBS5242","MICE.10.Y.M.IMP",5,"Misclassification",0.333333333333333
"SBS5242","MICE.10.Y.M.IMP",5,"Calibration",0.0590892963175207
"SBS5242","MICE.RF.10.IMP",5,"AUC",0.70679012345679
"SBS5242","MICE.RF.10.IMP",5,"Brier",0.240064843684294
"SBS5242","MICE.RF.10.IMP",5,"Misclassification",0.294117647058823
"SBS5242","MICE.RF.10.IMP",5,"Calibration",0.0510942554489998
"SBS5242","MICE.RF.10.Y.M.IMP",5,"AUC",0.709876543209876
"SBS5242","MICE.RF.10.Y.M.IMP",5,"Brier",0.238707032748157
"SBS5242","MICE.RF.10.Y.M.IMP",5,"Misclassification",0.294117647058823
"SBS5242","MICE.RF.10.Y.M.IMP",5,"Calibration",0.047950730227149
"SBS5242","MICE.10.IMP.M",5,"AUC",0.643518518518518
"SBS5242","MICE.10.IMP.M",5,"Brier",0.280976893925281
"SBS5242","MICE.10.IMP.M",5,"Misclassification",0.411764705882353
"SBS5242","MICE.10.IMP.M",5,"Calibration",0.0764442261573194
"SBS5242","MICE.10.Y.M.IMP.M",5,"AUC",0.641975308641975
"SBS5242","MICE.10.Y.M.IMP.M",5,"Brier",0.283416382587369
"SBS5242","MICE.10.Y.M.IMP.M",5,"Misclassification",0.411764705882353
"SBS5242","MICE.10.Y.M.IMP.M",5,"Calibration",0.0788837148194069
"SBS5242","MICE.RF.10.IMP.M",5,"AUC",0.675925925925926
"SBS5242","MICE.RF.10.IMP.M",5,"Brier",0.256988369658348
"SBS5242","MICE.RF.10.IMP.M",5,"Misclassification",0.333333333333333
"SBS5242","MICE.RF.10.IMP.M",5,"Calibration",0.0602649434457574
"SBS5242","MICE.RF.10.Y.M.IMP.M",5,"AUC",0.679012345679012
"SBS5242","MICE.RF.10.Y.M.IMP.M",5,"Brier",0.256667316535607
"SBS5242","MICE.RF.10.Y.M.IMP.M",5,"Misclassification",0.333333333333333
"SBS5242","MICE.RF.10.Y.M.IMP.M",5,"Calibration",0.0632535407688899
"SBS5242","Mean.IMP",5,"AUC",0.733024691358025
"SBS5242","Mean.IMP",5,"Brier",0.229978051447631
"SBS5242","Mean.IMP",5,"Misclassification",0.294117647058823
"SBS5242","Mean.IMP",5,"Calibration",0.0588451538441449
"SBS5242","Mean.IMP.M",5,"AUC",0.691358024691358
"SBS5242","Mean.IMP.M",5,"Brier",0.252042914028214
"SBS5242","Mean.IMP.M",5,"Misclassification",0.313725490196078
"SBS5242","Mean.IMP.M",5,"Calibration",0.0650319242490586
"SBS5242","05.IMP",5,"AUC",0.672839506172839
"SBS5242","05.IMP",5,"Brier",0.24082675006869
"SBS5242","05.IMP",5,"Misclassification",0.333333333333333
"SBS5242","05.IMP",5,"Calibration",0.0421551086725903
"SBS5242","05.IMP.M",5,"AUC",0.691358024691358
"SBS5242","05.IMP.M",5,"Brier",0.252042914028214
"SBS5242","05.IMP.M",5,"Misclassification",0.313725490196078
"SBS5242","05.IMP.M",5,"Calibration",0.0650319242490584
"SBS5242","PbP",5,"AUC",0.64429012345679
"SBS5242","PbP",5,"Brier",0.271234366336873
"SBS5242","PbP",5,"Misclassification",0.392156862745098
"SBS5242","PbP",5,"Calibration",0.0672654786309614
"SBS5242","SAEM",6,"AUC",0.810855263157895
"SBS5242","SAEM",6,"Brier",0.17846222858394
"SBS5242","SAEM",6,"Misclassification",0.294117647058823
"SBS5242","SAEM",6,"Calibration",0.0557434441004493
"SBS5242","MICE.10.IMP",6,"AUC",0.805921052631579
"SBS5242","MICE.10.IMP",6,"Brier",0.180929821507602
"SBS5242","MICE.10.IMP",6,"Misclassification",0.294117647058823
"SBS5242","MICE.10.IMP",6,"Calibration",0.0582110370241116
"SBS5242","MICE.10.Y.M.IMP",6,"AUC",0.807565789473684
"SBS5242","MICE.10.Y.M.IMP",6,"Brier",0.180254127003001
"SBS5242","MICE.10.Y.M.IMP",6,"Misclassification",0.294117647058823
"SBS5242","MICE.10.Y.M.IMP",6,"Calibration",0.0575353425195102
"SBS5242","MICE.RF.10.IMP",6,"AUC",0.805921052631579
"SBS5242","MICE.RF.10.IMP",6,"Brier",0.179592488030865
"SBS5242","MICE.RF.10.IMP",6,"Misclassification",0.274509803921569
"SBS5242","MICE.RF.10.IMP",6,"Calibration",0.056873703547375
"SBS5242","MICE.RF.10.Y.M.IMP",6,"AUC",0.810855263157895
"SBS5242","MICE.RF.10.Y.M.IMP",6,"Brier",0.179410651525896
"SBS5242","MICE.RF.10.Y.M.IMP",6,"Misclassification",0.294117647058823
"SBS5242","MICE.RF.10.Y.M.IMP",6,"Calibration",0.0566918670424054
"SBS5242","MICE.10.IMP.M",6,"AUC",0.753289473684211
"SBS5242","MICE.10.IMP.M",6,"Brier",0.207213237380693
"SBS5242","MICE.10.IMP.M",6,"Misclassification",0.313725490196078
"SBS5242","MICE.10.IMP.M",6,"Calibration",0.0553187953933715
"SBS5242","MICE.10.Y.M.IMP.M",6,"AUC",0.754934210526316
"SBS5242","MICE.10.Y.M.IMP.M",6,"Brier",0.206731096602531
"SBS5242","MICE.10.Y.M.IMP.M",6,"Misclassification",0.294117647058823
"SBS5242","MICE.10.Y.M.IMP.M",6,"Calibration",0.0548366546152097
"SBS5242","MICE.RF.10.IMP.M",6,"AUC",0.754934210526316
"SBS5242","MICE.RF.10.IMP.M",6,"Brier",0.208011743160114
"SBS5242","MICE.RF.10.IMP.M",6,"Misclassification",0.294117647058823
"SBS5242","MICE.RF.10.IMP.M",6,"Calibration",0.0574048337296752
"SBS5242","MICE.RF.10.Y.M.IMP.M",6,"AUC",0.759868421052632
"SBS5242","MICE.RF.10.Y.M.IMP.M",6,"Brier",0.205152051206798
"SBS5242","MICE.RF.10.Y.M.IMP.M",6,"Misclassification",0.313725490196078
"SBS5242","MICE.RF.10.Y.M.IMP.M",6,"Calibration",0.0560821668427956
"SBS5242","Mean.IMP",6,"AUC",0.787828947368421
"SBS5242","Mean.IMP",6,"Brier",0.186897354126534
"SBS5242","Mean.IMP",6,"Misclassification",0.294117647058823
"SBS5242","Mean.IMP",6,"Calibration",0.0588705878644737
"SBS5242","Mean.IMP.M",6,"AUC",0.751644736842105
"SBS5242","Mean.IMP.M",6,"Brier",0.210642735384172
"SBS5242","Mean.IMP.M",6,"Misclassification",0.333333333333333
"SBS5242","Mean.IMP.M",6,"Calibration",0.0580617442673949
"SBS5242","05.IMP",6,"AUC",0.792763157894737
"SBS5242","05.IMP",6,"Brier",0.186002694934634
"SBS5242","05.IMP",6,"Misclassification",0.274509803921569
"SBS5242","05.IMP",6,"Calibration",0.0467275909536477
"SBS5242","05.IMP.M",6,"AUC",0.751644736842105
"SBS5242","05.IMP.M",6,"Brier",0.210642735384172
"SBS5242","05.IMP.M",6,"Misclassification",0.333333333333333
"SBS5242","05.IMP.M",6,"Calibration",0.0580617442673949
"SBS5242","PbP",6,"AUC",0.794407894736842
"SBS5242","PbP",6,"Brier",0.184198766835242
"SBS5242","PbP",6,"Misclassification",0.313725490196078
"SBS5242","PbP",6,"Calibration",0.0569111851358954
"SBS5242","SAEM",7,"AUC",0.734567901234568
"SBS5242","SAEM",7,"Brier",0.21241936466392
"SBS5242","SAEM",7,"Misclassification",0.235294117647059
"SBS5242","SAEM",7,"Calibration",0.0549211802049508
"SBS5242","MICE.10.IMP",7,"AUC",0.759259259259259
"SBS5242","MICE.10.IMP",7,"Brier",0.202175754689802
"SBS5242","MICE.10.IMP",7,"Misclassification",0.235294117647059
"SBS5242","MICE.10.IMP",7,"Calibration",0.0578099381877621
"SBS5242","MICE.10.Y.M.IMP",7,"AUC",0.743827160493827
"SBS5242","MICE.10.Y.M.IMP",7,"Brier",0.206630763811116
"SBS5242","MICE.10.Y.M.IMP",7,"Misclassification",0.235294117647059
"SBS5242","MICE.10.Y.M.IMP",7,"Calibration",0.0618343837206185
"SBS5242","MICE.RF.10.IMP",7,"AUC",0.75
"SBS5242","MICE.RF.10.IMP",7,"Brier",0.201027400956587
"SBS5242","MICE.RF.10.IMP",7,"Misclassification",0.215686274509804
"SBS5242","MICE.RF.10.IMP",7,"Calibration",0.0562310208660897
"SBS5242","MICE.RF.10.Y.M.IMP",7,"AUC",0.763888888888889
"SBS5242","MICE.RF.10.Y.M.IMP",7,"Brier",0.19631534056007
"SBS5242","MICE.RF.10.Y.M.IMP",7,"Misclassification",0.215686274509804
"SBS5242","MICE.RF.10.Y.M.IMP",7,"Calibration",0.0566094582071284
"SBS5242","MICE.10.IMP.M",7,"AUC",0.541666666666667
"SBS5242","MICE.10.IMP.M",7,"Brier",0.331652003016728
"SBS5242","MICE.10.IMP.M",7,"Misclassification",0.352941176470588
"SBS5242","MICE.10.IMP.M",7,"Calibration",0.116691944919415
"SBS5242","MICE.10.Y.M.IMP.M",7,"AUC",0.535493827160494
"SBS5242","MICE.10.Y.M.IMP.M",7,"Brier",0.332914435915031
"SBS5242","MICE.10.Y.M.IMP.M",7,"Misclassification",0.352941176470588
"SBS5242","MICE.10.Y.M.IMP.M",7,"Calibration",0.117954377817717
"SBS5242","MICE.RF.10.IMP.M",7,"AUC",0.561728395061728
"SBS5242","MICE.RF.10.IMP.M",7,"Brier",0.31907007318526
"SBS5242","MICE.RF.10.IMP.M",7,"Misclassification",0.333333333333333
"SBS5242","MICE.RF.10.IMP.M",7,"Calibration",0.112101747393405
"SBS5242","MICE.RF.10.Y.M.IMP.M",7,"AUC",0.563271604938272
"SBS5242","MICE.RF.10.Y.M.IMP.M",7,"Brier",0.31499218482294
"SBS5242","MICE.RF.10.Y.M.IMP.M",7,"Misclassification",0.333333333333333
"SBS5242","MICE.RF.10.Y.M.IMP.M",7,"Calibration",0.108023859031085
"SBS5242","Mean.IMP",7,"AUC",0.742283950617284
"SBS5242","Mean.IMP",7,"Brier",0.228096734438963
"SBS5242","Mean.IMP",7,"Misclassification",0.313725490196078
"SBS5242","Mean.IMP",7,"Calibration",0.0583254926088978
"SBS5242","Mean.IMP.M",7,"AUC",0.606481481481481
"SBS5242","Mean.IMP.M",7,"Brier",0.28508947421636
"SBS5242","Mean.IMP.M",7,"Misclassification",0.313725490196078
"SBS5242","Mean.IMP.M",7,"Calibration",0.0886364529551542
"SBS5242","05.IMP",7,"AUC",0.742283950617284
"SBS5242","05.IMP",7,"Brier",0.213849457495677
"SBS5242","05.IMP",7,"Misclassification",0.215686274509804
"SBS5242","05.IMP",7,"Calibration",0.0701424020239153
"SBS5242","05.IMP.M",7,"AUC",0.606481481481481
"SBS5242","05.IMP.M",7,"Brier",0.285089474216355
"SBS5242","05.IMP.M",7,"Misclassification",0.313725490196078
"SBS5242","05.IMP.M",7,"Calibration",0.0886364529551492
"SBS5242","PbP",7,"AUC",0.651234567901235
"SBS5242","PbP",7,"Brier",0.256259996643213
"SBS5242","PbP",7,"Misclassification",0.372549019607843
"SBS5242","PbP",7,"Calibration",0.0491207306804179
"SBS5242","SAEM",8,"AUC",0.811111111111111
"SBS5242","SAEM",8,"Brier",0.198690936327414
"SBS5242","SAEM",8,"Misclassification",0.274509803921569
"SBS5242","SAEM",8,"Calibration",0.0780560156924938
"SBS5242","MICE.10.IMP",8,"AUC",0.806349206349206
"SBS5242","MICE.10.IMP",8,"Brier",0.197491160454494
"SBS5242","MICE.10.IMP",8,"Misclassification",0.254901960784314
"SBS5242","MICE.10.IMP",8,"Calibration",0.066772206206128
"SBS5242","MICE.10.Y.M.IMP",8,"AUC",0.801587301587302
"SBS5242","MICE.10.Y.M.IMP",8,"Brier",0.200766457551497
"SBS5242","MICE.10.Y.M.IMP",8,"Misclassification",0.274509803921569
"SBS5242","MICE.10.Y.M.IMP",8,"Calibration",0.0700475033031312
"SBS5242","MICE.RF.10.IMP",8,"AUC",0.807936507936508
"SBS5242","MICE.RF.10.IMP",8,"Brier",0.199339265516322
"SBS5242","MICE.RF.10.IMP",8,"Misclassification",0.254901960784314
"SBS5242","MICE.RF.10.IMP",8,"Calibration",0.0660059321829891
"SBS5242","MICE.RF.10.Y.M.IMP",8,"AUC",0.80952380952381
"SBS5242","MICE.RF.10.Y.M.IMP",8,"Brier",0.195531312684679
"SBS5242","MICE.RF.10.Y.M.IMP",8,"Misclassification",0.254901960784314
"SBS5242","MICE.RF.10.Y.M.IMP",8,"Calibration",0.0662978010982259
"SBS5242","MICE.10.IMP.M",8,"AUC",0.833333333333333
"SBS5242","MICE.10.IMP.M",8,"Brier",0.186064380289695
"SBS5242","MICE.10.IMP.M",8,"Misclassification",0.274509803921569
"SBS5242","MICE.10.IMP.M",8,"Calibration",0.0493037937021183
"SBS5242","MICE.10.Y.M.IMP.M",8,"AUC",0.834920634920635
"SBS5242","MICE.10.Y.M.IMP.M",8,"Brier",0.185892705946358
"SBS5242","MICE.10.Y.M.IMP.M",8,"Misclassification",0.274509803921569
"SBS5242","MICE.10.Y.M.IMP.M",8,"Calibration",0.0514389244337525
"SBS5242","MICE.RF.10.IMP.M",8,"AUC",0.825396825396825
"SBS5242","MICE.RF.10.IMP.M",8,"Brier",0.188073039889562
"SBS5242","MICE.RF.10.IMP.M",8,"Misclassification",0.274509803921569
"SBS5242","MICE.RF.10.IMP.M",8,"Calibration",0.0539163469093392
"SBS5242","MICE.RF.10.Y.M.IMP.M",8,"AUC",0.831746031746032
"SBS5242","MICE.RF.10.Y.M.IMP.M",8,"Brier",0.187891543375972
"SBS5242","MICE.RF.10.Y.M.IMP.M",8,"Misclassification",0.294117647058823
"SBS5242","MICE.RF.10.Y.M.IMP.M",8,"Calibration",0.0600840567449556
"SBS5242","Mean.IMP",8,"AUC",0.803174603174603
"SBS5242","Mean.IMP",8,"Brier",0.199083923918346
"SBS5242","Mean.IMP",8,"Misclassification",0.254901960784314
"SBS5242","Mean.IMP",8,"Calibration",0.0698504123318927
"SBS5242","Mean.IMP.M",8,"AUC",0.846031746031746
"SBS5242","Mean.IMP.M",8,"Brier",0.183625573485232
"SBS5242","Mean.IMP.M",8,"Misclassification",0.254901960784314
"SBS5242","Mean.IMP.M",8,"Calibration",0.0646416162659811
"SBS5242","05.IMP",8,"AUC",0.782539682539683
"SBS5242","05.IMP",8,"Brier",0.216571081816353
"SBS5242","05.IMP",8,"Misclassification",0.294117647058823
"SBS5242","05.IMP",8,"Calibration",0.076801260844486
"SBS5242","05.IMP.M",8,"AUC",0.846031746031746
"SBS5242","05.IMP.M",8,"Brier",0.183625573485232
"SBS5242","05.IMP.M",8,"Misclassification",0.254901960784314
"SBS5242","05.IMP.M",8,"Calibration",0.0646416162659811
"SBS5242","PbP",8,"AUC",0.792063492063492
"SBS5242","PbP",8,"Brier",0.20505521437358
"SBS5242","PbP",8,"Misclassification",0.254901960784314
"SBS5242","PbP",8,"Calibration",0.0591497933816541
"SBS5242","SAEM",9,"AUC",0.804761904761905
"SBS5242","SAEM",9,"Brier",0.184379921417359
"SBS5242","SAEM",9,"Misclassification",0.274509803921569
"SBS5242","SAEM",9,"Calibration",0.0441541341327484
"SBS5242","MICE.10.IMP",9,"AUC",0.801587301587302
"SBS5242","MICE.10.IMP",9,"Brier",0.184248614475268
"SBS5242","MICE.10.IMP",9,"Misclassification",0.254901960784314
"SBS5242","MICE.10.IMP",9,"Calibration",0.0416990215386782
"SBS5242","MICE.10.Y.M.IMP",9,"AUC",0.803174603174603
"SBS5242","MICE.10.Y.M.IMP",9,"Brier",0.183651464791882
"SBS5242","MICE.10.Y.M.IMP",9,"Misclassification",0.254901960784314
"SBS5242","MICE.10.Y.M.IMP",9,"Calibration",0.0388802229618164
"SBS5242","MICE.RF.10.IMP",9,"AUC",0.815873015873016
"SBS5242","MICE.RF.10.IMP",9,"Brier",0.178315042874888
"SBS5242","MICE.RF.10.IMP",9,"Misclassification",0.235294117647059
"SBS5242","MICE.RF.10.IMP",9,"Calibration",0.0457773901326313
"SBS5242","MICE.RF.10.Y.M.IMP",9,"AUC",0.80952380952381
"SBS5242","MICE.RF.10.Y.M.IMP",9,"Brier",0.180131831726938
"SBS5242","MICE.RF.10.Y.M.IMP",9,"Misclassification",0.254901960784314
"SBS5242","MICE.RF.10.Y.M.IMP",9,"Calibration",0.0461449036223626
"SBS5242","MICE.10.IMP.M",9,"AUC",0.844444444444444
"SBS5242","MICE.10.IMP.M",9,"Brier",0.163541567938933
"SBS5242","MICE.10.IMP.M",9,"Misclassification",0.196078431372549
"SBS5242","MICE.10.IMP.M",9,"Calibration",0.0415451330013218
"SBS5242","MICE.10.Y.M.IMP.M",9,"AUC",0.83968253968254
"SBS5242","MICE.10.Y.M.IMP.M",9,"Brier",0.165305503617887
"SBS5242","MICE.10.Y.M.IMP.M",9,"Misclassification",0.215686274509804
"SBS5242","MICE.10.Y.M.IMP.M",9,"Calibration",0.042298967670175
"SBS5242","MICE.RF.10.IMP.M",9,"AUC",0.834920634920635
"SBS5242","MICE.RF.10.IMP.M",9,"Brier",0.166357345248246
"SBS5242","MICE.RF.10.IMP.M",9,"Misclassification",0.196078431372549
"SBS5242","MICE.RF.10.IMP.M",9,"Calibration",0.0392331622417096
"SBS5242","MICE.RF.10.Y.M.IMP.M",9,"AUC",0.838095238095238
"SBS5242","MICE.RF.10.Y.M.IMP.M",9,"Brier",0.165041314800428
"SBS5242","MICE.RF.10.Y.M.IMP.M",9,"Misclassification",0.196078431372549
"SBS5242","MICE.RF.10.Y.M.IMP.M",9,"Calibration",0.0393176920179822
"SBS5242","Mean.IMP",9,"AUC",0.792063492063492
"SBS5242","Mean.IMP",9,"Brier",0.192896911115591
"SBS5242","Mean.IMP",9,"Misclassification",0.274509803921569
"SBS5242","Mean.IMP",9,"Calibration",0.0447685688696018
"SBS5242","Mean.IMP.M",9,"AUC",0.828571428571429
"SBS5242","Mean.IMP.M",9,"Brier",0.171702416996875
"SBS5242","Mean.IMP.M",9,"Misclassification",0.215686274509804
"SBS5242","Mean.IMP.M",9,"Calibration",0.0417261840794657
"SBS5242","05.IMP",9,"AUC",0.796825396825397
"SBS5242","05.IMP",9,"Brier",0.189474221722687
"SBS5242","05.IMP",9,"Misclassification",0.254901960784314
"SBS5242","05.IMP",9,"Calibration",0.0449281680070831
"SBS5242","05.IMP.M",9,"AUC",0.828571428571429
"SBS5242","05.IMP.M",9,"Brier",0.171702416996875
"SBS5242","05.IMP.M",9,"Misclassification",0.215686274509804
"SBS5242","05.IMP.M",9,"Calibration",0.0417261840794657
"SBS5242","PbP",9,"AUC",0.86031746031746
"SBS5242","PbP",9,"Brier",0.1625009938583
"SBS5242","PbP",9,"Misclassification",0.235294117647059
"SBS5242","PbP",9,"Calibration",0.0439433540841243
"SBS5242","SAEM",10,"AUC",0.816923076923077
"SBS5242","SAEM",10,"Brier",0.191523171868399
"SBS5242","SAEM",10,"Misclassification",0.274509803921569
"SBS5242","SAEM",10,"Calibration",0.0374226427678702
"SBS5242","MICE.10.IMP",10,"AUC",0.887692307692308
"SBS5242","MICE.10.IMP",10,"Brier",0.16831734785794
"SBS5242","MICE.10.IMP",10,"Misclassification",0.235294117647059
"SBS5242","MICE.10.IMP",10,"Calibration",0.0712118389877252
"SBS5242","MICE.10.Y.M.IMP",10,"AUC",0.886153846153846
"SBS5242","MICE.10.Y.M.IMP",10,"Brier",0.165166487263581
"SBS5242","MICE.10.Y.M.IMP",10,"Misclassification",0.235294117647059
"SBS5242","MICE.10.Y.M.IMP",10,"Calibration",0.0581636861431328
"SBS5242","MICE.RF.10.IMP",10,"AUC",0.890769230769231
"SBS5242","MICE.RF.10.IMP",10,"Brier",0.166462535283576
"SBS5242","MICE.RF.10.IMP",10,"Misclassification",0.235294117647059
"SBS5242","MICE.RF.10.IMP",10,"Calibration",0.067723039485257
"SBS5242","MICE.RF.10.Y.M.IMP",10,"AUC",0.883076923076923
"SBS5242","MICE.RF.10.Y.M.IMP",10,"Brier",0.168195484372981
"SBS5242","MICE.RF.10.Y.M.IMP",10,"Misclassification",0.235294117647059
"SBS5242","MICE.RF.10.Y.M.IMP",10,"Calibration",0.0707164927763425
"SBS5242","MICE.10.IMP.M",10,"AUC",0.792307692307692
"SBS5242","MICE.10.IMP.M",10,"Brier",0.207694367870376
"SBS5242","MICE.10.IMP.M",10,"Misclassification",0.313725490196078
"SBS5242","MICE.10.IMP.M",10,"Calibration",0.0519987562924112
"SBS5242","MICE.10.Y.M.IMP.M",10,"AUC",0.792307692307692
"SBS5242","MICE.10.Y.M.IMP.M",10,"Brier",0.20833611308647
"SBS5242","MICE.10.Y.M.IMP.M",10,"Misclassification",0.313725490196078
"SBS5242","MICE.10.Y.M.IMP.M",10,"Calibration",0.0516601093516428
"SBS5242","MICE.RF.10.IMP.M",10,"AUC",0.8
"SBS5242","MICE.RF.10.IMP.M",10,"Brier",0.20498073667446
"SBS5242","MICE.RF.10.IMP.M",10,"Misclassification",0.313725490196078
"SBS5242","MICE.RF.10.IMP.M",10,"Calibration",0.0528332109975225
"SBS5242","MICE.RF.10.Y.M.IMP.M",10,"AUC",0.810769230769231
"SBS5242","MICE.RF.10.Y.M.IMP.M",10,"Brier",0.201205382790778
"SBS5242","MICE.RF.10.Y.M.IMP.M",10,"Misclassification",0.294117647058823
"SBS5242","MICE.RF.10.Y.M.IMP.M",10,"Calibration",0.055375482203092
"SBS5242","Mean.IMP",10,"AUC",0.884615384615385
"SBS5242","Mean.IMP",10,"Brier",0.171529117315187
"SBS5242","Mean.IMP",10,"Misclassification",0.274509803921569
"SBS5242","Mean.IMP",10,"Calibration",0.0676542340285394
"SBS5242","Mean.IMP.M",10,"AUC",0.784615384615385
"SBS5242","Mean.IMP.M",10,"Brier",0.213454510937716
"SBS5242","Mean.IMP.M",10,"Misclassification",0.333333333333333
"SBS5242","Mean.IMP.M",10,"Calibration",0.064595844664189
"SBS5242","05.IMP",10,"AUC",0.849230769230769
"SBS5242","05.IMP",10,"Brier",0.193274307490397
"SBS5242","05.IMP",10,"Misclassification",0.294117647058823
"SBS5242","05.IMP",10,"Calibration",0.0761563491959682
"SBS5242","05.IMP.M",10,"AUC",0.784615384615385
"SBS5242","05.IMP.M",10,"Brier",0.213454510937716
"SBS5242","05.IMP.M",10,"Misclassification",0.333333333333333
"SBS5242","05.IMP.M",10,"Calibration",0.0645958446641894
"SBS5242","PbP",10,"AUC",0.803846153846154
"SBS5242","PbP",10,"Brier",0.201552160713031
"SBS5242","PbP",10,"Misclassification",0.352941176470588
"SBS5242","PbP",10,"Calibration",0.0515988460538341
"SBS5242","SAEM",11,"AUC",0.817901234567901
"SBS5242","SAEM",11,"Brier",0.216128327370628
"SBS5242","SAEM",11,"Misclassification",0.294117647058823
"SBS5242","SAEM",11,"Calibration",0.0953766933836997
"SBS5242","MICE.10.IMP",11,"AUC",0.824074074074074
"SBS5242","MICE.10.IMP",11,"Brier",0.20818877175173
"SBS5242","MICE.10.IMP",11,"Misclassification",0.313725490196078
"SBS5242","MICE.10.IMP",11,"Calibration",0.0872737390719918
"SBS5242","MICE.10.Y.M.IMP",11,"AUC",0.822530864197531
"SBS5242","MICE.10.Y.M.IMP",11,"Brier",0.205946659584659
"SBS5242","MICE.10.Y.M.IMP",11,"Misclassification",0.333333333333333
"SBS5242","MICE.10.Y.M.IMP",11,"Calibration",0.0875454529481581
"SBS5242","MICE.RF.10.IMP",11,"AUC",0.796296296296296
"SBS5242","MICE.RF.10.IMP",11,"Brier",0.216759695043303
"SBS5242","MICE.RF.10.IMP",11,"Misclassification",0.333333333333333
"SBS5242","MICE.RF.10.IMP",11,"Calibration",0.0819934808653238
"SBS5242","MICE.RF.10.Y.M.IMP",11,"AUC",0.790123456790123
"SBS5242","MICE.RF.10.Y.M.IMP",11,"Brier",0.215426419626421
"SBS5242","MICE.RF.10.Y.M.IMP",11,"Misclassification",0.352941176470588
"SBS5242","MICE.RF.10.Y.M.IMP",11,"Calibration",0.0757205372734799
"SBS5242","MICE.10.IMP.M",11,"AUC",0.83179012345679
"SBS5242","MICE.10.IMP.M",11,"Brier",0.194659145490012
"SBS5242","MICE.10.IMP.M",11,"Misclassification",0.313725490196078
"SBS5242","MICE.10.IMP.M",11,"Calibration",0.0772361763023366
"SBS5242","MICE.10.Y.M.IMP.M",11,"AUC",0.830246913580247
"SBS5242","MICE.10.Y.M.IMP.M",11,"Brier",0.194605626641987
"SBS5242","MICE.10.Y.M.IMP.M",11,"Misclassification",0.313725490196078
"SBS5242","MICE.10.Y.M.IMP.M",11,"Calibration",0.0771826574543121
"SBS5242","MICE.RF.10.IMP.M",11,"AUC",0.825617283950617
"SBS5242","MICE.RF.10.IMP.M",11,"Brier",0.195626613057972
"SBS5242","MICE.RF.10.IMP.M",11,"Misclassification",0.313725490196078
"SBS5242","MICE.RF.10.IMP.M",11,"Calibration",0.0694544050443314
"SBS5242","MICE.RF.10.Y.M.IMP.M",11,"AUC",0.825617283950617
"SBS5242","MICE.RF.10.Y.M.IMP.M",11,"Brier",0.200363845485953
"SBS5242","MICE.RF.10.Y.M.IMP.M",11,"Misclassification",0.333333333333333
"SBS5242","MICE.RF.10.Y.M.IMP.M",11,"Calibration",0.0761808389500053
"SBS5242","Mean.IMP",11,"AUC",0.746913580246914
"SBS5242","Mean.IMP",11,"Brier",0.223055056818337
"SBS5242","Mean.IMP",11,"Misclassification",0.313725490196078
"SBS5242","Mean.IMP",11,"Calibration",0.0562638959095288
"SBS5242","Mean.IMP.M",11,"AUC",0.791666666666667
"SBS5242","Mean.IMP.M",11,"Brier",0.211806930200779
"SBS5242","Mean.IMP.M",11,"Misclassification",0.294117647058823
"SBS5242","Mean.IMP.M",11,"Calibration",0.0702752450629556
"SBS5242","05.IMP",11,"AUC",0.760802469135802
"SBS5242","05.IMP",11,"Brier",0.227453087928588
"SBS5242","05.IMP",11,"Misclassification",0.333333333333333
"SBS5242","05.IMP",11,"Calibration",0.0706613857404662
"SBS5242","05.IMP.M",11,"AUC",0.791666666666667
"SBS5242","05.IMP.M",11,"Brier",0.211806930200779
"SBS5242","05.IMP.M",11,"Misclassification",0.294117647058823
"SBS5242","05.IMP.M",11,"Calibration",0.0702752450629556
"SBS5242","PbP",11,"AUC",0.700617283950617
"SBS5242","PbP",11,"Brier",0.265237380003942
"SBS5242","PbP",11,"Misclassification",0.352941176470588
"SBS5242","PbP",11,"Calibration",0.0976629428216618
"SBS5242","SAEM",12,"AUC",0.785493827160494
"SBS5242","SAEM",12,"Brier",0.199919285755694
"SBS5242","SAEM",12,"Misclassification",0.313725490196078
"SBS5242","SAEM",12,"Calibration",0.0537007983607358
"SBS5242","MICE.10.IMP",12,"AUC",0.827160493827161
"SBS5242","MICE.10.IMP",12,"Brier",0.179972504227044
"SBS5242","MICE.10.IMP",12,"Misclassification",0.235294117647059
"SBS5242","MICE.10.IMP",12,"Calibration",0.0514435168745273
"SBS5242","MICE.10.Y.M.IMP",12,"AUC",0.828703703703704
"SBS5242","MICE.10.Y.M.IMP",12,"Brier",0.177311841855138
"SBS5242","MICE.10.Y.M.IMP",12,"Misclassification",0.196078431372549
"SBS5242","MICE.10.Y.M.IMP",12,"Calibration",0.0483166540364208
"SBS5242","MICE.RF.10.IMP",12,"AUC",0.805555555555556
"SBS5242","MICE.RF.10.IMP",12,"Brier",0.185770470544825
"SBS5242","MICE.RF.10.IMP",12,"Misclassification",0.274509803921569
"SBS5242","MICE.RF.10.IMP",12,"Calibration",0.0475351764271778
"SBS5242","MICE.RF.10.Y.M.IMP",12,"AUC",0.824074074074074
"SBS5242","MICE.RF.10.Y.M.IMP",12,"Brier",0.182076410612209
"SBS5242","MICE.RF.10.Y.M.IMP",12,"Misclassification",0.254901960784314
"SBS5242","MICE.RF.10.Y.M.IMP",12,"Calibration",0.0549225187524348
"SBS5242","MICE.10.IMP.M",12,"AUC",0.825617283950617
"SBS5242","MICE.10.IMP.M",12,"Brier",0.17146689707892
"SBS5242","MICE.10.IMP.M",12,"Misclassification",0.254901960784314
"SBS5242","MICE.10.IMP.M",12,"Calibration",0.0411681108977806
"SBS5242","MICE.10.Y.M.IMP.M",12,"AUC",0.825617283950617
"SBS5242","MICE.10.Y.M.IMP.M",12,"Brier",0.1721021821927
"SBS5242","MICE.10.Y.M.IMP.M",12,"Misclassification",0.254901960784314
"SBS5242","MICE.10.Y.M.IMP.M",12,"Calibration",0.0418033960115607
"SBS5242","MICE.RF.10.IMP.M",12,"AUC",0.830246913580247
"SBS5242","MICE.RF.10.IMP.M",12,"Brier",0.171176682876703
"SBS5242","MICE.RF.10.IMP.M",12,"Misclassification",0.254901960784314
"SBS5242","MICE.RF.10.IMP.M",12,"Calibration",0.0476857178632464
"SBS5242","MICE.RF.10.Y.M.IMP.M",12,"AUC",0.828703703703704
"SBS5242","MICE.RF.10.Y.M.IMP.M",12,"Brier",0.173493265376279
"SBS5242","MICE.RF.10.Y.M.IMP.M",12,"Misclassification",0.254901960784314
"SBS5242","MICE.RF.10.Y.M.IMP.M",12,"Calibration",0.0422886679542352
"SBS5242","Mean.IMP",12,"AUC",0.825617283950617
"SBS5242","Mean.IMP",12,"Brier",0.180496353573643
"SBS5242","Mean.IMP",12,"Misclassification",0.254901960784314
"SBS5242","Mean.IMP",12,"Calibration",0.0536692590994897
"SBS5242","Mean.IMP.M",12,"AUC",0.845679012345679
"SBS5242","Mean.IMP.M",12,"Brier",0.170469450636052
"SBS5242","Mean.IMP.M",12,"Misclassification",0.254901960784314
"SBS5242","Mean.IMP.M",12,"Calibration",0.0557841359507377
"SBS5242","05.IMP",12,"AUC",0.804012345679012
"SBS5242","05.IMP",12,"Brier",0.19716930382163
"SBS5242","05.IMP",12,"Misclassification",0.254901960784314
"SBS5242","05.IMP",12,"Calibration",0.0481881427297427
"SBS5242","05.IMP.M",12,"AUC",0.845679012345679
"SBS5242","05.IMP.M",12,"Brier",0.170469450636052
"SBS5242","05.IMP.M",12,"Misclassification",0.254901960784314
"SBS5242","05.IMP.M",12,"Calibration",0.0557841359507377
"SBS5242","PbP",12,"AUC",0.738425925925926
"SBS5242","PbP",12,"Brier",0.218320758270625
"SBS5242","PbP",12,"Misclassification",0.333333333333333
"SBS5242","PbP",12,"Calibration",0.047953664064522
"SBS5242","SAEM",13,"AUC",0.86833855799373
"SBS5242","SAEM",13,"Brier",0.167582723025115
"SBS5242","SAEM",13,"Misclassification",0.235294117647059
"SBS5242","SAEM",13,"Calibration",0.0574053187300637
"SBS5242","MICE.10.IMP",13,"AUC",0.896551724137931
"SBS5242","MICE.10.IMP",13,"Brier",0.156067960015441
"SBS5242","MICE.10.IMP",13,"Misclassification",0.215686274509804
"SBS5242","MICE.10.IMP",13,"Calibration",0.0590091364860297
"SBS5242","MICE.10.Y.M.IMP",13,"AUC",0.898119122257053
"SBS5242","MICE.10.Y.M.IMP",13,"Brier",0.151888746341541
"SBS5242","MICE.10.Y.M.IMP",13,"Misclassification",0.196078431372549
"SBS5242","MICE.10.Y.M.IMP",13,"Calibration",0.0561837976954159
"SBS5242","MICE.RF.10.IMP",13,"AUC",0.894984326018809
"SBS5242","MICE.RF.10.IMP",13,"Brier",0.157856860408033
"SBS5242","MICE.RF.10.IMP",13,"Misclassification",0.215686274509804
"SBS5242","MICE.RF.10.IMP",13,"Calibration",0.0605603660527149
"SBS5242","MICE.RF.10.Y.M.IMP",13,"AUC",0.896551724137931
"SBS5242","MICE.RF.10.Y.M.IMP",13,"Brier",0.157152090563977
"SBS5242","MICE.RF.10.Y.M.IMP",13,"Misclassification",0.196078431372549
"SBS5242","MICE.RF.10.Y.M.IMP",13,"Calibration",0.0679830896302702
"SBS5242","MICE.10.IMP.M",13,"AUC",0.896551724137931
"SBS5242","MICE.10.IMP.M",13,"Brier",0.146357529372525
"SBS5242","MICE.10.IMP.M",13,"Misclassification",0.196078431372549
"SBS5242","MICE.10.IMP.M",13,"Calibration",0.0548542613986693
"SBS5242","MICE.10.Y.M.IMP.M",13,"AUC",0.896551724137931
"SBS5242","MICE.10.Y.M.IMP.M",13,"Brier",0.144499881692556
"SBS5242","MICE.10.Y.M.IMP.M",13,"Misclassification",0.196078431372549
"SBS5242","MICE.10.Y.M.IMP.M",13,"Calibration",0.0529966137186997
"SBS5242","MICE.RF.10.IMP.M",13,"AUC",0.896551724137931
"SBS5242","MICE.RF.10.IMP.M",13,"Brier",0.145489180879897
"SBS5242","MICE.RF.10.IMP.M",13,"Misclassification",0.196078431372549
"SBS5242","MICE.RF.10.IMP.M",13,"Calibration",0.0539859129060411
"SBS5242","MICE.RF.10.Y.M.IMP.M",13,"AUC",0.901253918495298
"SBS5242","MICE.RF.10.Y.M.IMP.M",13,"Brier",0.149251664988271
"SBS5242","MICE.RF.10.Y.M.IMP.M",13,"Misclassification",0.196078431372549
"SBS5242","MICE.RF.10.Y.M.IMP.M",13,"Calibration",0.058619856709404
"SBS5242","Mean.IMP",13,"AUC",0.847962382445141
"SBS5242","Mean.IMP",13,"Brier",0.174747959792595
"SBS5242","Mean.IMP",13,"Misclassification",0.215686274509804
"SBS5242","Mean.IMP",13,"Calibration",0.0498189032026388
"SBS5242","Mean.IMP.M",13,"AUC",0.871473354231975
"SBS5242","Mean.IMP.M",13,"Brier",0.164592109078929
"SBS5242","Mean.IMP.M",13,"Misclassification",0.196078431372549
"SBS5242","Mean.IMP.M",13,"Calibration",0.0530716034407761
"SBS5242","05.IMP",13,"AUC",0.841692789968652
"SBS5242","05.IMP",13,"Brier",0.18152345291718
"SBS5242","05.IMP",13,"Misclassification",0.235294117647059
"SBS5242","05.IMP",13,"Calibration",0.0493756442987832
"SBS5242","05.IMP.M",13,"AUC",0.871473354231975
"SBS5242","05.IMP.M",13,"Brier",0.164592109078929
"SBS5242","05.IMP.M",13,"Misclassification",0.196078431372549
"SBS5242","05.IMP.M",13,"Calibration",0.053071603440776
"SBS5242","PbP",13,"AUC",0.801724137931034
"SBS5242","PbP",13,"Brier",0.196483186529375
"SBS5242","PbP",13,"Misclassification",0.235294117647059
"SBS5242","PbP",13,"Calibration",0.0617454025268851
"SBS5242","SAEM",14,"AUC",0.847692307692308
"SBS5242","SAEM",14,"Brier",0.168813061673201
"SBS5242","SAEM",14,"Misclassification",0.215686274509804
"SBS5242","SAEM",14,"Calibration",0.0556166720062235
"SBS5242","MICE.10.IMP",14,"AUC",0.816923076923077
"SBS5242","MICE.10.IMP",14,"Brier",0.186683956709609
"SBS5242","MICE.10.IMP",14,"Misclassification",0.235294117647059
"SBS5242","MICE.10.IMP",14,"Calibration",0.0523999400726513
"SBS5242","MICE.10.Y.M.IMP",14,"AUC",0.821538461538462
"SBS5242","MICE.10.Y.M.IMP",14,"Brier",0.185819812947945
"SBS5242","MICE.10.Y.M.IMP",14,"Misclassification",0.235294117647059
"SBS5242","MICE.10.Y.M.IMP",14,"Calibration",0.060698311355855
"SBS5242","MICE.RF.10.IMP",14,"AUC",0.818461538461539
"SBS5242","MICE.RF.10.IMP",14,"Brier",0.188250780036458
"SBS5242","MICE.RF.10.IMP",14,"Misclassification",0.235294117647059
"SBS5242","MICE.RF.10.IMP",14,"Calibration",0.0557218710369612
"SBS5242","MICE.RF.10.Y.M.IMP",14,"AUC",0.82
"SBS5242","MICE.RF.10.Y.M.IMP",14,"Brier",0.187127008366482
"SBS5242","MICE.RF.10.Y.M.IMP",14,"Misclassification",0.235294117647059
"SBS5242","MICE.RF.10.Y.M.IMP",14,"Calibration",0.061163755932641
"SBS5242","MICE.10.IMP.M",14,"AUC",0.769230769230769
"SBS5242","MICE.10.IMP.M",14,"Brier",0.204876209690774
"SBS5242","MICE.10.IMP.M",14,"Misclassification",0.294117647058823
"SBS5242","MICE.10.IMP.M",14,"Calibration",0.0509521839401226
"SBS5242","MICE.10.Y.M.IMP.M",14,"AUC",0.772307692307692
"SBS5242","MICE.10.Y.M.IMP.M",14,"Brier",0.201040988001909
"SBS5242","MICE.10.Y.M.IMP.M",14,"Misclassification",0.294117647058823
"SBS5242","MICE.10.Y.M.IMP.M",14,"Calibration",0.0472867271269052
"SBS5242","MICE.RF.10.IMP.M",14,"AUC",0.767692307692308
"SBS5242","MICE.RF.10.IMP.M",14,"Brier",0.205286139090976
"SBS5242","MICE.RF.10.IMP.M",14,"Misclassification",0.294117647058823
"SBS5242","MICE.RF.10.IMP.M",14,"Calibration",0.0513621133403253
"SBS5242","MICE.RF.10.Y.M.IMP.M",14,"AUC",0.770769230769231
"SBS5242","MICE.RF.10.Y.M.IMP.M",14,"Brier",0.205338512865596
"SBS5242","MICE.RF.10.Y.M.IMP.M",14,"Misclassification",0.294117647058823
"SBS5242","MICE.RF.10.Y.M.IMP.M",14,"Calibration",0.052571345392546
"SBS5242","Mean.IMP",14,"AUC",0.863076923076923
"SBS5242","Mean.IMP",14,"Brier",0.17901609128406
"SBS5242","Mean.IMP",14,"Misclassification",0.215686274509804
"SBS5242","Mean.IMP",14,"Calibration",0.0704367621164953
"SBS5242","Mean.IMP.M",14,"AUC",0.764615384615385
"SBS5242","Mean.IMP.M",14,"Brier",0.218575399246319
"SBS5242","Mean.IMP.M",14,"Misclassification",0.333333333333333
"SBS5242","Mean.IMP.M",14,"Calibration",0.0641378347468352
"SBS5242","05.IMP",14,"AUC",0.841538461538462
"SBS5242","05.IMP",14,"Brier",0.194082826326246
"SBS5242","05.IMP",14,"Misclassification",0.274509803921569
"SBS5242","05.IMP",14,"Calibration",0.0860199933499179
"SBS5242","05.IMP.M",14,"AUC",0.764615384615385
"SBS5242","05.IMP.M",14,"Brier",0.218575399246319
"SBS5242","05.IMP.M",14,"Misclassification",0.333333333333333
"SBS5242","05.IMP.M",14,"Calibration",0.0641378347468352
"SBS5242","PbP",14,"AUC",0.789230769230769
"SBS5242","PbP",14,"Brier",0.203093833372353
"SBS5242","PbP",14,"Misclassification",0.274509803921569
"SBS5242","PbP",14,"Calibration",0.055737921310559
"SBS5242","SAEM",15,"AUC",0.813664596273292
"SBS5242","SAEM",15,"Brier",0.213232522937097
"SBS5242","SAEM",15,"Misclassification",0.294117647058823
"SBS5242","SAEM",15,"Calibration",0.106042980453437
"SBS5242","MICE.10.IMP",15,"AUC",0.821428571428571
"SBS5242","MICE.10.IMP",15,"Brier",0.216967206611162
"SBS5242","MICE.10.IMP",15,"Misclassification",0.294117647058823
"SBS5242","MICE.10.IMP",15,"Calibration",0.107134867878567
"SBS5242","MICE.10.Y.M.IMP",15,"AUC",0.824534161490683
"SBS5242","MICE.10.Y.M.IMP",15,"Brier",0.216517908091948
"SBS5242","MICE.10.Y.M.IMP",15,"Misclassification",0.294117647058823
"SBS5242","MICE.10.Y.M.IMP",15,"Calibration",0.108674770837046
"SBS5242","MICE.RF.10.IMP",15,"AUC",0.819875776397516
"SBS5242","MICE.RF.10.IMP",15,"Brier",0.217962225176366
"SBS5242","MICE.RF.10.IMP",15,"Misclassification",0.294117647058823
"SBS5242","MICE.RF.10.IMP",15,"Calibration",0.107476291672529
"SBS5242","MICE.RF.10.Y.M.IMP",15,"AUC",0.813664596273292
"SBS5242","MICE.RF.10.Y.M.IMP",15,"Brier",0.221119612341614
"SBS5242","MICE.RF.10.Y.M.IMP",15,"Misclassification",0.294117647058823
"SBS5242","MICE.RF.10.Y.M.IMP",15,"Calibration",0.104751325896601
"SBS5242","MICE.10.IMP.M",15,"AUC",0.760869565217391
"SBS5242","MICE.10.IMP.M",15,"Brier",0.226883946606313
"SBS5242","MICE.10.IMP.M",15,"Misclassification",0.313725490196078
"SBS5242","MICE.10.IMP.M",15,"Calibration",0.0783990981214648
"SBS5242","MICE.10.Y.M.IMP.M",15,"AUC",0.759316770186335
"SBS5242","MICE.10.Y.M.IMP.M",15,"Brier",0.226103049481189
"SBS5242","MICE.10.Y.M.IMP.M",15,"Misclassification",0.313725490196078
"SBS5242","MICE.10.Y.M.IMP.M",15,"Calibration",0.0776182009963406
"SBS5242","MICE.RF.10.IMP.M",15,"AUC",0.760869565217391
"SBS5242","MICE.RF.10.IMP.M",15,"Brier",0.224713821414773
"SBS5242","MICE.RF.10.IMP.M",15,"Misclassification",0.313725490196078
"SBS5242","MICE.RF.10.IMP.M",15,"Calibration",0.0764353712787374
"SBS5242","MICE.RF.10.Y.M.IMP.M",15,"AUC",0.760869565217391
"SBS5242","MICE.RF.10.Y.M.IMP.M",15,"Brier",0.225504699579057
"SBS5242","MICE.RF.10.Y.M.IMP.M",15,"Misclassification",0.313725490196078
"SBS5242","MICE.RF.10.Y.M.IMP.M",15,"Calibration",0.0770198510942083
"SBS5242","Mean.IMP",15,"AUC",0.826086956521739
"SBS5242","Mean.IMP",15,"Brier",0.211411304300236
"SBS5242","Mean.IMP",15,"Misclassification",0.274509803921569
"SBS5242","Mean.IMP",15,"Calibration",0.112195618025726
"SBS5242","Mean.IMP.M",15,"AUC",0.754658385093168
"SBS5242","Mean.IMP.M",15,"Brier",0.225783891682849
"SBS5242","Mean.IMP.M",15,"Misclassification",0.333333333333333
"SBS5242","Mean.IMP.M",15,"Calibration",0.083107124006081
"SBS5242","05.IMP",15,"AUC",0.77639751552795
"SBS5242","05.IMP",15,"Brier",0.225033781301598
"SBS5242","05.IMP",15,"Misclassification",0.274509803921569
"SBS5242","05.IMP",15,"Calibration",0.0856220165957157
"SBS5242","05.IMP.M",15,"AUC",0.754658385093168
"SBS5242","05.IMP.M",15,"Brier",0.225783891682849
"SBS5242","05.IMP.M",15,"Misclassification",0.333333333333333
"SBS5242","05.IMP.M",15,"Calibration",0.0831071240060811
"SBS5242","PbP",15,"AUC",0.827639751552795
"SBS5242","PbP",15,"Brier",0.195307646331293
"SBS5242","PbP",15,"Misclassification",0.254901960784314
"SBS5242","PbP",15,"Calibration",0.089123634264928
"sleep","SAEM",1,"AUC",0.885714285714286
"sleep","SAEM",1,"Brier",0.158734217338564
"sleep","SAEM",1,"Misclassification",0.166666666666667
"sleep","SAEM",1,"Calibration",0.0858175506718971
"sleep","MICE.10.IMP",1,"AUC",0.942857142857143
"sleep","MICE.10.IMP",1,"Brier",0.0923473216923864
"sleep","MICE.10.IMP",1,"Misclassification",0.0833333333333334
"sleep","MICE.10.IMP",1,"Calibration",0.0367917661368308
"sleep","MICE.10.Y.M.IMP",1,"AUC",0.942857142857143
"sleep","MICE.10.Y.M.IMP",1,"Brier",0.13647402796356
"sleep","MICE.10.Y.M.IMP",1,"Misclassification",0.166666666666667
"sleep","MICE.10.Y.M.IMP",1,"Calibration",0.0809184724080042
"sleep","MICE.RF.10.IMP",1,"AUC",0.914285714285714
"sleep","MICE.RF.10.IMP",1,"Brier",0.143179129518322
"sleep","MICE.RF.10.IMP",1,"Misclassification",0.166666666666667
"sleep","MICE.RF.10.IMP",1,"Calibration",0.0806791295183223
"sleep","MICE.RF.10.Y.M.IMP",1,"AUC",0.957142857142857
"sleep","MICE.RF.10.Y.M.IMP",1,"Brier",0.0983370472187747
"sleep","MICE.RF.10.Y.M.IMP",1,"Misclassification",0.166666666666667
"sleep","MICE.RF.10.Y.M.IMP",1,"Calibration",0.0427814916632192
"sleep","MICE.10.IMP.M",1,"AUC",0.814285714285714
"sleep","MICE.10.IMP.M",1,"Brier",0.166666666666667
"sleep","MICE.10.IMP.M",1,"Misclassification",0.166666666666667
"sleep","MICE.10.IMP.M",1,"Calibration",0.0285714285714285
"sleep","MICE.10.Y.M.IMP.M",1,"AUC",0.9
"sleep","MICE.10.Y.M.IMP.M",1,"Brier",0.150833398112529
"sleep","MICE.10.Y.M.IMP.M",1,"Misclassification",0.166666666666667
"sleep","MICE.10.Y.M.IMP.M",1,"Calibration",0.0813889536680844
"sleep","MICE.RF.10.IMP.M",1,"AUC",0.9
"sleep","MICE.RF.10.IMP.M",1,"Brier",0.136664626944457
"sleep","MICE.RF.10.IMP.M",1,"Misclassification",0.166666666666667
"sleep","MICE.RF.10.IMP.M",1,"Calibration",0.0672201825000122
"sleep","MICE.RF.10.Y.M.IMP.M",1,"AUC",0.9
"sleep","MICE.RF.10.Y.M.IMP.M",1,"Brier",0.166660499814934
"sleep","MICE.RF.10.Y.M.IMP.M",1,"Misclassification",0.166666666666667
"sleep","MICE.RF.10.Y.M.IMP.M",1,"Calibration",0.0972160553704897
"sleep","Mean.IMP",1,"AUC",0.771428571428571
"sleep","Mean.IMP",1,"Brier",0.249898821018974
"sleep","Mean.IMP",1,"Misclassification",0.25
"sleep","Mean.IMP",1,"Calibration",0.120269191389345
"sleep","Mean.IMP.M",1,"AUC",0.828571428571429
"sleep","Mean.IMP.M",1,"Brier",0.166666666666667
"sleep","Mean.IMP.M",1,"Misclassification",0.166666666666667
"sleep","Mean.IMP.M",1,"Calibration",0.0285714285714285
"sleep","05.IMP",1,"AUC",1
"sleep","05.IMP",1,"Brier",4.93038065763132e-32
"sleep","05.IMP",1,"Misclassification",0
"sleep","05.IMP",1,"Calibration",4.93038065763132e-32
"sleep","05.IMP.M",1,"AUC",0.828571428571429
"sleep","05.IMP.M",1,"Brier",0.166666666666667
"sleep","05.IMP.M",1,"Misclassification",0.166666666666667
"sleep","05.IMP.M",1,"Calibration",0.0285714285714285
"sleep","PbP",1,"AUC",0.871428571428571
"sleep","PbP",1,"Brier",0.102533333334131
"sleep","PbP",1,"Misclassification",0.0833333333333334
"sleep","PbP",1,"Calibration",0.0296166666674644
"sleep","SAEM",2,"AUC",1
"sleep","SAEM",2,"Brier",0.000895193434074904
"sleep","SAEM",2,"Misclassification",0
"sleep","SAEM",2,"Calibration",0.000895193434074904
"sleep","MICE.10.IMP",2,"AUC",0.942857142857143
"sleep","MICE.10.IMP",2,"Brier",0.10581538237674
"sleep","MICE.10.IMP",2,"Misclassification",0.166666666666667
"sleep","MICE.10.IMP",2,"Calibration",0.0502598268211848
"sleep","MICE.10.Y.M.IMP",2,"AUC",1
"sleep","MICE.10.Y.M.IMP",2,"Brier",0.0783332149490916
"sleep","MICE.10.Y.M.IMP",2,"Misclassification",0.166666666666667
"sleep","MICE.10.Y.M.IMP",2,"Calibration",0.0783332149490916
"sleep","MICE.RF.10.IMP",2,"AUC",1
"sleep","MICE.RF.10.IMP",2,"Brier",0.0333335444337101
"sleep","MICE.RF.10.IMP",2,"Misclassification",0
"sleep","MICE.RF.10.IMP",2,"Calibration",0.0333335444337101
"sleep","MICE.RF.10.Y.M.IMP",2,"AUC",0.985714285714286
"sleep","MICE.RF.10.Y.M.IMP",2,"Brier",0.0666666665851959
"sleep","MICE.RF.10.Y.M.IMP",2,"Misclassification",0.166666666666667
"sleep","MICE.RF.10.Y.M.IMP",2,"Calibration",0.0249999999185293
"sleep","MICE.10.IMP.M",2,"AUC",1
"sleep","MICE.10.IMP.M",2,"Brier",0.0630344253056447
"sleep","MICE.10.IMP.M",2,"Misclassification",0.0833333333333334
"sleep","MICE.10.IMP.M",2,"Calibration",0.0630344253056447
"sleep","MICE.10.Y.M.IMP.M",2,"AUC",1
"sleep","MICE.10.Y.M.IMP.M",2,"Brier",0.0516376550143036
"sleep","MICE.10.Y.M.IMP.M",2,"Misclassification",0.0833333333333334
"sleep","MICE.10.Y.M.IMP.M",2,"Calibration",0.0516376550143036
"sleep","MICE.RF.10.IMP.M",2,"AUC",0.971428571428571
"sleep","MICE.RF.10.IMP.M",2,"Brier",0.0781013394699181
"sleep","MICE.RF.10.IMP.M",2,"Misclassification",0.166666666666667
"sleep","MICE.RF.10.IMP.M",2,"Calibration",0.0364346728032515
"sleep","MICE.RF.10.Y.M.IMP.M",2,"AUC",1
"sleep","MICE.RF.10.Y.M.IMP.M",2,"Brier",0.0512575708878856
"sleep","MICE.RF.10.Y.M.IMP.M",2,"Misclassification",0
"sleep","MICE.RF.10.Y.M.IMP.M",2,"Calibration",0.0512575708878856
"sleep","Mean.IMP",2,"AUC",0.828571428571429
"sleep","Mean.IMP",2,"Brier",0.166666666666667
"sleep","Mean.IMP",2,"Misclassification",0.166666666666667
"sleep","Mean.IMP",2,"Calibration",0.0285714285714285
"sleep","Mean.IMP.M",2,"AUC",0.928571428571429
"sleep","Mean.IMP.M",2,"Brier",0.0833333333333333
"sleep","Mean.IMP.M",2,"Misclassification",0.0833333333333334
"sleep","Mean.IMP.M",2,"Calibration",0.0138888888888889
"sleep","05.IMP",2,"AUC",0.928571428571429
"sleep","05.IMP",2,"Brier",0.166666666654513
"sleep","05.IMP",2,"Misclassification",0.166666666666667
"sleep","05.IMP",2,"Calibration",0.0972222222100684
"sleep","05.IMP.M",2,"AUC",0.928571428571429
"sleep","05.IMP.M",2,"Brier",0.0833333333333333
"sleep","05.IMP.M",2,"Misclassification",0.0833333333333334
"sleep","05.IMP.M",2,"Calibration",0.0138888888888889
"sleep","PbP",2,"AUC",0.928571428571429
"sleep","PbP",2,"Brier",0.125066703549149
"sleep","PbP",2,"Misclassification",0.166666666666667
"sleep","PbP",2,"Calibration",0.0417333702158155
"sleep","SAEM",3,"AUC",1
"sleep","SAEM",3,"Brier",0.0835378108050305
"sleep","SAEM",3,"Misclassification",0.0833333333333334
"sleep","SAEM",3,"Calibration",0.0835378108050305
"sleep","MICE.10.IMP",3,"AUC",1
"sleep","MICE.10.IMP",3,"Brier",0.0580557938072647
"sleep","MICE.10.IMP",3,"Misclassification",0
"sleep","MICE.10.IMP",3,"Calibration",0.0580557938072647
"sleep","MICE.10.Y.M.IMP",3,"AUC",1
"sleep","MICE.10.Y.M.IMP",3,"Brier",0.0626932667770043
"sleep","MICE.10.Y.M.IMP",3,"Misclassification",0
"sleep","MICE.10.Y.M.IMP",3,"Calibration",0.0626932667770043
"sleep","MICE.RF.10.IMP",3,"AUC",0.984375
"sleep","MICE.RF.10.IMP",3,"Brier",0.0771809433200551
"sleep","MICE.RF.10.IMP",3,"Misclassification",0.0833333333333334
"sleep","MICE.RF.10.IMP",3,"Calibration",0.0355142766533885
"sleep","MICE.RF.10.Y.M.IMP",3,"AUC",0.9375
"sleep","MICE.RF.10.Y.M.IMP",3,"Brier",0.13837222641505
"sleep","MICE.RF.10.Y.M.IMP",3,"Misclassification",0.166666666666667
"sleep","MICE.RF.10.Y.M.IMP",3,"Calibration",0.0828166708594947
"sleep","MICE.10.IMP.M",3,"AUC",1
"sleep","MICE.10.IMP.M",3,"Brier",0.154515904759821
"sleep","MICE.10.IMP.M",3,"Misclassification",0.25
"sleep","MICE.10.IMP.M",3,"Calibration",0.154515904759821
"sleep","MICE.10.Y.M.IMP.M",3,"AUC",0.96875
"sleep","MICE.10.Y.M.IMP.M",3,"Brier",0.115968427221929
"sleep","MICE.10.Y.M.IMP.M",3,"Misclassification",0.0833333333333334
"sleep","MICE.10.Y.M.IMP.M",3,"Calibration",0.074301760555262
"sleep","MICE.RF.10.IMP.M",3,"AUC",0.96875
"sleep","MICE.RF.10.IMP.M",3,"Brier",0.0825230045729725
"sleep","MICE.RF.10.IMP.M",3,"Misclassification",0.0833333333333334
"sleep","MICE.RF.10.IMP.M",3,"Calibration",0.0408563379063059
"sleep","MICE.RF.10.Y.M.IMP.M",3,"AUC",1
"sleep","MICE.RF.10.Y.M.IMP.M",3,"Brier",0.055736175283274
"sleep","MICE.RF.10.Y.M.IMP.M",3,"Misclassification",0.0833333333333334
"sleep","MICE.RF.10.Y.M.IMP.M",3,"Calibration",0.055736175283274
"sleep","Mean.IMP",3,"AUC",0.625
"sleep","Mean.IMP",3,"Brier",0.416666666666666
"sleep","Mean.IMP",3,"Misclassification",0.416666666666667
"sleep","Mean.IMP",3,"Calibration",0.207142857142857
"sleep","Mean.IMP.M",3,"AUC",0.875
"sleep","Mean.IMP.M",3,"Brier",0.258959942986402
"sleep","Mean.IMP.M",3,"Misclassification",0.25
"sleep","Mean.IMP.M",3,"Calibration",0.147848831875291
"sleep","05.IMP",3,"AUC",0.8125
"sleep","05.IMP",3,"Brier",0.25
"sleep","05.IMP",3,"Misclassification",0.25
"sleep","05.IMP",3,"Calibration",0.107142857142857
"sleep","05.IMP.M",3,"AUC",0.875
"sleep","05.IMP.M",3,"Brier",0.258959943046733
"sleep","05.IMP.M",3,"Misclassification",0.25
"sleep","05.IMP.M",3,"Calibration",0.147848831935622
"sleep","PbP",3,"AUC",1
"sleep","PbP",3,"Brier",0.103995658000135
"sleep","PbP",3,"Misclassification",0.166666666666667
"sleep","PbP",3,"Calibration",0.103995658000135
"sleep","SAEM",4,"AUC",0.5
"sleep","SAEM",4,"Brier",0.247066666666667
"sleep","SAEM",4,"Misclassification",0.416666666666667
"sleep","SAEM",4,"Calibration",NA
"sleep","MICE.10.IMP",4,"AUC",0.942857142857143
"sleep","MICE.10.IMP",4,"Brier",0.105000006714734
"sleep","MICE.10.IMP",4,"Misclassification",0.166666666666667
"sleep","MICE.10.IMP",4,"Calibration",0.0494444511591789
"sleep","MICE.10.Y.M.IMP",4,"AUC",1
"sleep","MICE.10.Y.M.IMP",4,"Brier",0.0484651449532248
"sleep","MICE.10.Y.M.IMP",4,"Misclassification",0
"sleep","MICE.10.Y.M.IMP",4,"Calibration",0.0484651449532248
"sleep","MICE.RF.10.IMP",4,"AUC",0.942857142857143
"sleep","MICE.RF.10.IMP",4,"Brier",0.12833333561944
"sleep","MICE.RF.10.IMP",4,"Misclassification",0.166666666666667
"sleep","MICE.RF.10.IMP",4,"Calibration",0.0727777800638845
"sleep","MICE.RF.10.Y.M.IMP",4,"AUC",0.971428571428571
"sleep","MICE.RF.10.Y.M.IMP",4,"Brier",0.0975003641064022
"sleep","MICE.RF.10.Y.M.IMP",4,"Misclassification",0.166666666666667
"sleep","MICE.RF.10.Y.M.IMP",4,"Calibration",0.0558336974397356
"sleep","MICE.10.IMP.M",4,"AUC",0.914285714285714
"sleep","MICE.10.IMP.M",4,"Brier",0.177606313760079
"sleep","MICE.10.IMP.M",4,"Misclassification",0.25
"sleep","MICE.10.IMP.M",4,"Calibration",0.080384091537857
"sleep","MICE.10.Y.M.IMP.M",4,"AUC",0.942857142857143
"sleep","MICE.10.Y.M.IMP.M",4,"Brier",0.172752764292172
"sleep","MICE.10.Y.M.IMP.M",4,"Misclassification",0.25
"sleep","MICE.10.Y.M.IMP.M",4,"Calibration",0.117197208736617
"sleep","MICE.RF.10.IMP.M",4,"AUC",0.942857142857143
"sleep","MICE.RF.10.IMP.M",4,"Brier",0.145298238921758
"sleep","MICE.RF.10.IMP.M",4,"Misclassification",0.25
"sleep","MICE.RF.10.IMP.M",4,"Calibration",0.0897426833662026
"sleep","MICE.RF.10.Y.M.IMP.M",4,"AUC",0.942857142857143
"sleep","MICE.RF.10.Y.M.IMP.M",4,"Brier",0.180818007693806
"sleep","MICE.RF.10.Y.M.IMP.M",4,"Misclassification",0.25
"sleep","MICE.RF.10.Y.M.IMP.M",4,"Calibration",0.125262452138251
"sleep","Mean.IMP",4,"AUC",0.914285714285714
"sleep","Mean.IMP",4,"Brier",0.166666648718379
"sleep","Mean.IMP",4,"Misclassification",0.166666666666667
"sleep","Mean.IMP",4,"Calibration",0.0972222042739346
"sleep","Mean.IMP.M",4,"AUC",0.814285714285714
"sleep","Mean.IMP.M",4,"Brier",0.249999999831105
"sleep","Mean.IMP.M",4,"Misclassification",0.25
"sleep","Mean.IMP.M",4,"Calibration",0.111904761735867
"sleep","05.IMP",4,"AUC",0.757142857142857
"sleep","05.IMP",4,"Brier",0.25
"sleep","05.IMP",4,"Misclassification",0.25
"sleep","05.IMP",4,"Calibration",0.0694444444444443
"sleep","05.IMP.M",4,"AUC",0.814285714285714
"sleep","05.IMP.M",4,"Brier",0.249999999831105
"sleep","05.IMP.M",4,"Misclassification",0.25
"sleep","05.IMP.M",4,"Calibration",0.111904761735867
"sleep","PbP",4,"AUC",0.914285714285714
"sleep","PbP",4,"Brier",0.147597407815495
"sleep","PbP",4,"Misclassification",0.25
"sleep","PbP",4,"Calibration",0.064264074482162
"sleep","SAEM",5,"AUC",0.5
"sleep","SAEM",5,"Brier",0.583333333333333
"sleep","SAEM",5,"Misclassification",0.583333333333333
"sleep","SAEM",5,"Calibration",NA
"sleep","MICE.10.IMP",5,"AUC",1
"sleep","MICE.10.IMP",5,"Brier",0.0491666849150949
"sleep","MICE.10.IMP",5,"Misclassification",0.0833333333333334
"sleep","MICE.10.IMP",5,"Calibration",0.0491666849150949
"sleep","MICE.10.Y.M.IMP",5,"AUC",1
"sleep","MICE.10.Y.M.IMP",5,"Brier",0.0189566337871255
"sleep","MICE.10.Y.M.IMP",5,"Misclassification",0
"sleep","MICE.10.Y.M.IMP",5,"Calibration",0.0189566337871255
"sleep","MICE.RF.10.IMP",5,"AUC",1
"sleep","MICE.RF.10.IMP",5,"Brier",0.0375038518943746
"sleep","MICE.RF.10.IMP",5,"Misclassification",0
"sleep","MICE.RF.10.IMP",5,"Calibration",0.0375038518943746
"sleep","MICE.RF.10.Y.M.IMP",5,"AUC",1
"sleep","MICE.RF.10.Y.M.IMP",5,"Brier",0.0391666666666667
"sleep","MICE.RF.10.Y.M.IMP",5,"Misclassification",0.0833333333333334
"sleep","MICE.RF.10.Y.M.IMP",5,"Calibration",0.0391666666666667
"sleep","MICE.10.IMP.M",5,"AUC",0.971428571428571
"sleep","MICE.10.IMP.M",5,"Brier",0.0791529298143516
"sleep","MICE.10.IMP.M",5,"Misclassification",0.0833333333333334
"sleep","MICE.10.IMP.M",5,"Calibration",0.0374862631476849
"sleep","MICE.10.Y.M.IMP.M",5,"AUC",0.914285714285714
"sleep","MICE.10.Y.M.IMP.M",5,"Brier",0.0864809401220689
"sleep","MICE.10.Y.M.IMP.M",5,"Misclassification",0.0833333333333334
"sleep","MICE.10.Y.M.IMP.M",5,"Calibration",0.0170364956776244
"sleep","MICE.RF.10.IMP.M",5,"AUC",1
"sleep","MICE.RF.10.IMP.M",5,"Brier",0.0740594746804921
"sleep","MICE.RF.10.IMP.M",5,"Misclassification",0.0833333333333334
"sleep","MICE.RF.10.IMP.M",5,"Calibration",0.0740594746804921
"sleep","MICE.RF.10.Y.M.IMP.M",5,"AUC",1
"sleep","MICE.RF.10.Y.M.IMP.M",5,"Brier",0.0830702357173084
"sleep","MICE.RF.10.Y.M.IMP.M",5,"Misclassification",0.166666666666667
"sleep","MICE.RF.10.Y.M.IMP.M",5,"Calibration",0.0830702357173084
"sleep","Mean.IMP",5,"AUC",0.728571428571429
"sleep","Mean.IMP",5,"Brier",0.25
"sleep","Mean.IMP",5,"Misclassification",0.25
"sleep","Mean.IMP",5,"Calibration",0.0624999999999999
"sleep","Mean.IMP.M",5,"AUC",0.857142857142857
"sleep","Mean.IMP.M",5,"Brier",0.166666666666667
"sleep","Mean.IMP.M",5,"Misclassification",0.166666666666667
"sleep","Mean.IMP.M",5,"Calibration",0.0476190476190476
"sleep","05.IMP",5,"AUC",0.928571428571429
"sleep","05.IMP",5,"Brier",0.0833333333333333
"sleep","05.IMP",5,"Misclassification",0.0833333333333334
"sleep","05.IMP",5,"Calibration",0.0138888888888889
"sleep","05.IMP.M",5,"AUC",0.857142857142857
"sleep","05.IMP.M",5,"Brier",0.166666666666667
"sleep","05.IMP.M",5,"Misclassification",0.166666666666667
"sleep","05.IMP.M",5,"Calibration",0.0476190476190476
"sleep","PbP",5,"AUC",0.885714285714286
"sleep","PbP",5,"Brier",0.205066664227864
"sleep","PbP",5,"Misclassification",0.166666666666667
"sleep","PbP",5,"Calibration",0.121733330894531
"sleep","SAEM",6,"AUC",0.5
"sleep","SAEM",6,"Brier",0.247066666666667
"sleep","SAEM",6,"Misclassification",0.416666666666667
"sleep","SAEM",6,"Calibration",NA
"sleep","MICE.10.IMP",6,"AUC",0.828571428571429
"sleep","MICE.10.IMP",6,"Brier",0.264166393341881
"sleep","MICE.10.IMP",6,"Misclassification",0.25
"sleep","MICE.10.IMP",6,"Calibration",0.139166393341881
"sleep","MICE.10.Y.M.IMP",6,"AUC",0.828571428571429
"sleep","MICE.10.Y.M.IMP",6,"Brier",0.260751644474064
"sleep","MICE.10.Y.M.IMP",6,"Misclassification",0.25
"sleep","MICE.10.Y.M.IMP",6,"Calibration",0.149640533362953
"sleep","MICE.RF.10.IMP",6,"AUC",0.857142857142857
"sleep","MICE.RF.10.IMP",6,"Brier",0.18081749755193
"sleep","MICE.RF.10.IMP",6,"Misclassification",0.25
"sleep","MICE.RF.10.IMP",6,"Calibration",0.0808174975519301
"sleep","MICE.RF.10.Y.M.IMP",6,"AUC",0.857142857142857
"sleep","MICE.RF.10.Y.M.IMP",6,"Brier",0.2424883097061
"sleep","MICE.RF.10.Y.M.IMP",6,"Misclassification",0.25
"sleep","MICE.RF.10.Y.M.IMP",6,"Calibration",0.1424883097061
"sleep","MICE.10.IMP.M",6,"AUC",0.728571428571429
"sleep","MICE.10.IMP.M",6,"Brier",0.335778540104891
"sleep","MICE.10.IMP.M",6,"Misclassification",0.333333333333333
"sleep","MICE.10.IMP.M",6,"Calibration",0.171889651216002
"sleep","MICE.10.Y.M.IMP.M",6,"AUC",0.885714285714286
"sleep","MICE.10.Y.M.IMP.M",6,"Brier",0.333332742852143
"sleep","MICE.10.Y.M.IMP.M",6,"Misclassification",0.333333333333333
"sleep","MICE.10.Y.M.IMP.M",6,"Calibration",0.23611052062992
"sleep","MICE.RF.10.IMP.M",6,"AUC",0.785714285714286
"sleep","MICE.RF.10.IMP.M",6,"Brier",0.333332743532418
"sleep","MICE.RF.10.IMP.M",6,"Misclassification",0.333333333333333
"sleep","MICE.RF.10.IMP.M",6,"Calibration",0.208332743532418
"sleep","MICE.RF.10.Y.M.IMP.M",6,"AUC",0.814285714285714
"sleep","MICE.RF.10.Y.M.IMP.M",6,"Brier",0.317498129970384
"sleep","MICE.RF.10.Y.M.IMP.M",6,"Misclassification",0.333333333333333
"sleep","MICE.RF.10.Y.M.IMP.M",6,"Calibration",0.204402891875146
"sleep","Mean.IMP",6,"AUC",0.628571428571429
"sleep","Mean.IMP",6,"Brier",0.333333333333333
"sleep","Mean.IMP",6,"Misclassification",0.333333333333333
"sleep","Mean.IMP",6,"Calibration",0.111111111111111
"sleep","Mean.IMP.M",6,"AUC",0.757142857142857
"sleep","Mean.IMP.M",6,"Brier",0.333333077095673
"sleep","Mean.IMP.M",6,"Misclassification",0.333333333333333
"sleep","Mean.IMP.M",6,"Calibration",0.159721965984561
"sleep","05.IMP",6,"AUC",0.7
"sleep","05.IMP",6,"Brier",0.32751818363286
"sleep","05.IMP",6,"Misclassification",0.333333333333333
"sleep","05.IMP",6,"Calibration",0.14001818363286
"sleep","05.IMP.M",6,"AUC",0.757142857142857
"sleep","05.IMP.M",6,"Brier",0.333333077095654
"sleep","05.IMP.M",6,"Misclassification",0.333333333333333
"sleep","05.IMP.M",6,"Calibration",0.159721965984543
"sleep","PbP",6,"AUC",0.757142857142857
"sleep","PbP",6,"Brier",0.291732633232253
"sleep","PbP",6,"Misclassification",0.333333333333333
"sleep","PbP",6,"Calibration",0.127843744343364
"sleep","SAEM",7,"AUC",0.5
"sleep","SAEM",7,"Brier",0.283066666666667
"sleep","SAEM",7,"Misclassification",0.666666666666667
"sleep","SAEM",7,"Calibration",NA
"sleep","MICE.10.IMP",7,"AUC",0.8125
"sleep","MICE.10.IMP",7,"Brier",0.253218469190386
"sleep","MICE.10.IMP",7,"Misclassification",0.25
"sleep","MICE.10.IMP",7,"Calibration",0.114329580301497
"sleep","MICE.10.Y.M.IMP",7,"AUC",0.8125
"sleep","MICE.10.Y.M.IMP",7,"Brier",0.220194541513176
"sleep","MICE.10.Y.M.IMP",7,"Misclassification",0.333333333333333
"sleep","MICE.10.Y.M.IMP",7,"Calibration",0.081305652624287
"sleep","MICE.RF.10.IMP",7,"AUC",0.875
"sleep","MICE.RF.10.IMP",7,"Brier",0.168351094372208
"sleep","MICE.RF.10.IMP",7,"Misclassification",0.166666666666667
"sleep","MICE.RF.10.IMP",7,"Calibration",0.085017761038875
"sleep","MICE.RF.10.Y.M.IMP",7,"AUC",0.875
"sleep","MICE.RF.10.Y.M.IMP",7,"Brier",0.196152750888249
"sleep","MICE.RF.10.Y.M.IMP",7,"Misclassification",0.25
"sleep","MICE.RF.10.Y.M.IMP",7,"Calibration",0.0989305286660272
"sleep","MICE.10.IMP.M",7,"AUC",0.96875
"sleep","MICE.10.IMP.M",7,"Brier",0.131598231008429
"sleep","MICE.10.IMP.M",7,"Misclassification",0.166666666666667
"sleep","MICE.10.IMP.M",7,"Calibration",0.089931564341762
"sleep","MICE.10.Y.M.IMP.M",7,"AUC",0.96875
"sleep","MICE.10.Y.M.IMP.M",7,"Brier",0.151493293305614
"sleep","MICE.10.Y.M.IMP.M",7,"Misclassification",0.166666666666667
"sleep","MICE.10.Y.M.IMP.M",7,"Calibration",0.109826626638948
"sleep","MICE.RF.10.IMP.M",7,"AUC",0.96875
"sleep","MICE.RF.10.IMP.M",7,"Brier",0.13631699852935
"sleep","MICE.RF.10.IMP.M",7,"Misclassification",0.166666666666667
"sleep","MICE.RF.10.IMP.M",7,"Calibration",0.0946503318626831
"sleep","MICE.RF.10.Y.M.IMP.M",7,"AUC",0.96875
"sleep","MICE.RF.10.Y.M.IMP.M",7,"Brier",0.150830221473399
"sleep","MICE.RF.10.Y.M.IMP.M",7,"Misclassification",0.166666666666667
"sleep","MICE.RF.10.Y.M.IMP.M",7,"Calibration",0.109163554806732
"sleep","Mean.IMP",7,"AUC",0.875
"sleep","Mean.IMP",7,"Brier",0.171943958872329
"sleep","Mean.IMP",7,"Misclassification",0.166666666666667
"sleep","Mean.IMP",7,"Calibration",0.0677772922056627
"sleep","Mean.IMP.M",7,"AUC",0.84375
"sleep","Mean.IMP.M",7,"Brier",0.166666665049982
"sleep","Mean.IMP.M",7,"Misclassification",0.166666666666667
"sleep","Mean.IMP.M",7,"Calibration",0.0925925909759083
"sleep","05.IMP",7,"AUC",0.75
"sleep","05.IMP",7,"Brier",0.254712557529942
"sleep","05.IMP",7,"Misclassification",0.25
"sleep","05.IMP",7,"Calibration",0.0860617638791484
"sleep","05.IMP.M",7,"AUC",0.84375
"sleep","05.IMP.M",7,"Brier",0.166666665049982
"sleep","05.IMP.M",7,"Misclassification",0.166666666666667
"sleep","05.IMP.M",7,"Calibration",0.0925925909759083
"sleep","PbP",7,"AUC",0.9375
"sleep","PbP",7,"Brier",0.149441253457516
"sleep","PbP",7,"Misclassification",0.166666666666667
"sleep","PbP",7,"Calibration",0.0938856979019609
"sleep","SAEM",8,"AUC",0.5
"sleep","SAEM",8,"Brier",0.583333333333333
"sleep","SAEM",8,"Misclassification",0.583333333333333
"sleep","SAEM",8,"Calibration",NA
"sleep","MICE.10.IMP",8,"AUC",1
"sleep","MICE.10.IMP",8,"Brier",4.93038065763132e-32
"sleep","MICE.10.IMP",8,"Misclassification",0
"sleep","MICE.10.IMP",8,"Calibration",4.93038065763132e-32
"sleep","MICE.10.Y.M.IMP",8,"AUC",1
"sleep","MICE.10.Y.M.IMP",8,"Brier",4.93038065763132e-32
"sleep","MICE.10.Y.M.IMP",8,"Misclassification",0
"sleep","MICE.10.Y.M.IMP",8,"Calibration",4.93038065763132e-32
"sleep","MICE.RF.10.IMP",8,"AUC",1
"sleep","MICE.RF.10.IMP",8,"Brier",5.18599675047954e-05
"sleep","MICE.RF.10.IMP",8,"Misclassification",0
"sleep","MICE.RF.10.IMP",8,"Calibration",5.18599675047954e-05
"sleep","MICE.RF.10.Y.M.IMP",8,"AUC",1
"sleep","MICE.RF.10.Y.M.IMP",8,"Brier",0.00416666666666668
"sleep","MICE.RF.10.Y.M.IMP",8,"Misclassification",0
"sleep","MICE.RF.10.Y.M.IMP",8,"Calibration",0.00416666666666668
"sleep","MICE.10.IMP.M",8,"AUC",0.942857142857143
"sleep","MICE.10.IMP.M",8,"Brier",0.0783392094366275
"sleep","MICE.10.IMP.M",8,"Misclassification",0.0833333333333334
"sleep","MICE.10.IMP.M",8,"Calibration",0.022783653881072
"sleep","MICE.10.Y.M.IMP.M",8,"AUC",0.971428571428571
"sleep","MICE.10.Y.M.IMP.M",8,"Brier",0.0546356014068082
"sleep","MICE.10.Y.M.IMP.M",8,"Misclassification",0.0833333333333334
"sleep","MICE.10.Y.M.IMP.M",8,"Calibration",0.0129689347401416
"sleep","MICE.RF.10.IMP.M",8,"AUC",0.971428571428571
"sleep","MICE.RF.10.IMP.M",8,"Brier",0.109925375567785
"sleep","MICE.RF.10.IMP.M",8,"Misclassification",0.166666666666667
"sleep","MICE.RF.10.IMP.M",8,"Calibration",0.0682587089011186
"sleep","MICE.RF.10.Y.M.IMP.M",8,"AUC",0.942857142857143
"sleep","MICE.RF.10.Y.M.IMP.M",8,"Brier",0.0757037432149097
"sleep","MICE.RF.10.Y.M.IMP.M",8,"Misclassification",0.0833333333333334
"sleep","MICE.RF.10.Y.M.IMP.M",8,"Calibration",0.0201481876593542
"sleep","Mean.IMP",8,"AUC",1
"sleep","Mean.IMP",8,"Brier",4.93038065763132e-32
"sleep","Mean.IMP",8,"Misclassification",0
"sleep","Mean.IMP",8,"Calibration",4.93038065763132e-32
"sleep","Mean.IMP.M",8,"AUC",0.971428571428571
"sleep","Mean.IMP.M",8,"Brier",0.0836116671367904
"sleep","Mean.IMP.M",8,"Misclassification",0.0833333333333334
"sleep","Mean.IMP.M",8,"Calibration",0.0419450004701237
"sleep","05.IMP",8,"AUC",0.928571428571429
"sleep","05.IMP",8,"Brier",0.0833333333333333
"sleep","05.IMP",8,"Misclassification",0.0833333333333334
"sleep","05.IMP",8,"Calibration",0.0138888888888889
"sleep","05.IMP.M",8,"AUC",0.971428571428571
"sleep","05.IMP.M",8,"Brier",0.0836116671183939
"sleep","05.IMP.M",8,"Misclassification",0.0833333333333334
"sleep","05.IMP.M",8,"Calibration",0.0419450004517272
"sleep","PbP",8,"AUC",0.814285714285714
"sleep","PbP",8,"Brier",0.230929621105339
"sleep","PbP",8,"Misclassification",0.333333333333333
"sleep","PbP",8,"Calibration",0.0850962877720055
"sleep","SAEM",9,"AUC",0.5
"sleep","SAEM",9,"Brier",0.2604
"sleep","SAEM",9,"Misclassification",0.75
"sleep","SAEM",9,"Calibration",NA
"sleep","MICE.10.IMP",9,"AUC",1
"sleep","MICE.10.IMP",9,"Brier",0.0333333339522171
"sleep","MICE.10.IMP",9,"Misclassification",0
"sleep","MICE.10.IMP",9,"Calibration",0.0333333339522171
"sleep","MICE.10.Y.M.IMP",9,"AUC",0.962962962962963
"sleep","MICE.10.Y.M.IMP",9,"Brier",0.0616666666666667
"sleep","MICE.10.Y.M.IMP",9,"Misclassification",0.0833333333333334
"sleep","MICE.10.Y.M.IMP",9,"Calibration",0.02
"sleep","MICE.RF.10.IMP",9,"AUC",0.981481481481481
"sleep","MICE.RF.10.IMP",9,"Brier",0.06
"sleep","MICE.RF.10.IMP",9,"Misclassification",0.0833333333333334
"sleep","MICE.RF.10.IMP",9,"Calibration",0.0183333333333333
"sleep","MICE.RF.10.Y.M.IMP",9,"AUC",0.962962962962963
"sleep","MICE.RF.10.Y.M.IMP",9,"Brier",0.0583442533726111
"sleep","MICE.RF.10.Y.M.IMP",9,"Misclassification",0.0833333333333334
"sleep","MICE.RF.10.Y.M.IMP",9,"Calibration",0.0166775867059444
"sleep","MICE.10.IMP.M",9,"AUC",0.888888888888889
"sleep","MICE.10.IMP.M",9,"Brier",0.149115038294317
"sleep","MICE.10.IMP.M",9,"Misclassification",0.25
"sleep","MICE.10.IMP.M",9,"Calibration",0.0866150382943169
"sleep","MICE.10.Y.M.IMP.M",9,"AUC",0.851851851851852
"sleep","MICE.10.Y.M.IMP.M",9,"Brier",0.194162597015275
"sleep","MICE.10.Y.M.IMP.M",9,"Misclassification",0.25
"sleep","MICE.10.Y.M.IMP.M",9,"Calibration",0.0969403747930523
"sleep","MICE.RF.10.IMP.M",9,"AUC",0.925925925925926
"sleep","MICE.RF.10.IMP.M",9,"Brier",0.205210015261997
"sleep","MICE.RF.10.IMP.M",9,"Misclassification",0.25
"sleep","MICE.RF.10.IMP.M",9,"Calibration",0.149654459706441
"sleep","MICE.RF.10.Y.M.IMP.M",9,"AUC",0.851851851851852
"sleep","MICE.RF.10.Y.M.IMP.M",9,"Brier",0.194137555111435
"sleep","MICE.RF.10.Y.M.IMP.M",9,"Misclassification",0.25
"sleep","MICE.RF.10.Y.M.IMP.M",9,"Calibration",0.0969153328892132
"sleep","Mean.IMP",9,"AUC",0.444444444444444
"sleep","Mean.IMP",9,"Brier",0.250000000000003
"sleep","Mean.IMP",9,"Misclassification",0.25
"sleep","Mean.IMP",9,"Calibration",0.0625000000000031
"sleep","Mean.IMP.M",9,"AUC",0.666666666666667
"sleep","Mean.IMP.M",9,"Brier",0.249999999997926
"sleep","Mean.IMP.M",9,"Misclassification",0.25
"sleep","Mean.IMP.M",9,"Calibration",0.0937499999979261
"sleep","05.IMP",9,"AUC",0.944444444444444
"sleep","05.IMP",9,"Brier",0.0833333333333333
"sleep","05.IMP",9,"Misclassification",0.0833333333333334
"sleep","05.IMP",9,"Calibration",0.0208333333333333
"sleep","05.IMP.M",9,"AUC",0.666666666666667
"sleep","05.IMP.M",9,"Brier",0.249999999997926
"sleep","05.IMP.M",9,"Misclassification",0.25
"sleep","05.IMP.M",9,"Calibration",0.0937499999979261
"sleep","PbP",9,"AUC",0.62962962962963
"sleep","PbP",9,"Brier",0.291733328858528
"sleep","PbP",9,"Misclassification",0.333333333333333
"sleep","PbP",9,"Calibration",0.157804757429957
"sleep","SAEM",10,"AUC",0.5
"sleep","SAEM",10,"Brier",0.2516
"sleep","SAEM",10,"Misclassification",0.5
"sleep","SAEM",10,"Calibration",NA
"sleep","MICE.10.IMP",10,"AUC",0.861111111111111
"sleep","MICE.10.IMP",10,"Brier",0.102034936408717
"sleep","MICE.10.IMP",10,"Misclassification",0.0833333333333334
"sleep","MICE.10.IMP",10,"Calibration",0.0306063649801459
"sleep","MICE.10.Y.M.IMP",10,"AUC",0.875
"sleep","MICE.10.Y.M.IMP",10,"Brier",0.0886922420365168
"sleep","MICE.10.Y.M.IMP",10,"Misclassification",0.0833333333333334
"sleep","MICE.10.Y.M.IMP",10,"Calibration",0.0172636706079454
"sleep","MICE.RF.10.IMP",10,"AUC",0.875
"sleep","MICE.RF.10.IMP",10,"Brier",0.10500012698328
"sleep","MICE.RF.10.IMP",10,"Misclassification",0.0833333333333334
"sleep","MICE.RF.10.IMP",10,"Calibration",0.0335715555547088
"sleep","MICE.RF.10.Y.M.IMP",10,"AUC",0.902777777777778
"sleep","MICE.RF.10.Y.M.IMP",10,"Brier",0.0875
"sleep","MICE.RF.10.Y.M.IMP",10,"Misclassification",0.0833333333333334
"sleep","MICE.RF.10.Y.M.IMP",10,"Calibration",0.0160714285714285
"sleep","MICE.10.IMP.M",10,"AUC",0.875
"sleep","MICE.10.IMP.M",10,"Brier",0.0949020236080067
"sleep","MICE.10.IMP.M",10,"Misclassification",0.0833333333333334
"sleep","MICE.10.IMP.M",10,"Calibration",0.0234734521794353
"sleep","MICE.10.Y.M.IMP.M",10,"AUC",0.861111111111111
"sleep","MICE.10.Y.M.IMP.M",10,"Brier",0.124999910314368
"sleep","MICE.10.Y.M.IMP.M",10,"Misclassification",0.0833333333333334
"sleep","MICE.10.Y.M.IMP.M",10,"Calibration",0.0535713388857967
"sleep","MICE.RF.10.IMP.M",10,"AUC",0.861111111111111
"sleep","MICE.RF.10.IMP.M",10,"Brier",0.112129066021911
"sleep","MICE.RF.10.IMP.M",10,"Misclassification",0.0833333333333334
"sleep","MICE.RF.10.IMP.M",10,"Calibration",0.0407004945933393
"sleep","MICE.RF.10.Y.M.IMP.M",10,"AUC",0.916666666666667
"sleep","MICE.RF.10.Y.M.IMP.M",10,"Brier",0.087499998775524
"sleep","MICE.RF.10.Y.M.IMP.M",10,"Misclassification",0.0833333333333334
"sleep","MICE.RF.10.Y.M.IMP.M",10,"Calibration",0.0208333321088573
"sleep","Mean.IMP",10,"AUC",0.916666666666667
"sleep","Mean.IMP",10,"Brier",0.0833333333333333
"sleep","Mean.IMP",10,"Misclassification",0.0833333333333334
"sleep","Mean.IMP",10,"Calibration",0.0119047619047619
"sleep","Mean.IMP.M",10,"AUC",0.833333333333333
"sleep","Mean.IMP.M",10,"Brier",0.166666666666667
"sleep","Mean.IMP.M",10,"Misclassification",0.166666666666667
"sleep","Mean.IMP.M",10,"Calibration",0.0277777777777777
"sleep","05.IMP",10,"AUC",0.916666666666667
"sleep","05.IMP",10,"Brier",0.0833333333333333
"sleep","05.IMP",10,"Misclassification",0.0833333333333334
"sleep","05.IMP",10,"Calibration",0.0119047619047619
"sleep","05.IMP.M",10,"AUC",0.819444444444445
"sleep","05.IMP.M",10,"Brier",0.24847521897216
"sleep","05.IMP.M",10,"Misclassification",0.25
"sleep","05.IMP.M",10,"Calibration",0.109586330083271
"sleep","PbP",10,"AUC",0.916666666666667
"sleep","PbP",10,"Brier",0.108166666666667
"sleep","PbP",10,"Misclassification",0.25
"sleep","PbP",10,"Calibration",0.00816666666666666
"sleep","SAEM",11,"AUC",0.5
"sleep","SAEM",11,"Brier",0.247066666666667
"sleep","SAEM",11,"Misclassification",0.416666666666667
"sleep","SAEM",11,"Calibration",NA
"sleep","MICE.10.IMP",11,"AUC",1
"sleep","MICE.10.IMP",11,"Brier",0.0116666648696328
"sleep","MICE.10.IMP",11,"Misclassification",0
"sleep","MICE.10.IMP",11,"Calibration",0.0116666648696328
"sleep","MICE.10.Y.M.IMP",11,"AUC",1
"sleep","MICE.10.Y.M.IMP",11,"Brier",0.0275
"sleep","MICE.10.Y.M.IMP",11,"Misclassification",0
"sleep","MICE.10.Y.M.IMP",11,"Calibration",0.0275
"sleep","MICE.RF.10.IMP",11,"AUC",1
"sleep","MICE.RF.10.IMP",11,"Brier",0.0158333333324561
"sleep","MICE.RF.10.IMP",11,"Misclassification",0
"sleep","MICE.RF.10.IMP",11,"Calibration",0.0158333333324561
"sleep","MICE.RF.10.Y.M.IMP",11,"AUC",1
"sleep","MICE.RF.10.Y.M.IMP",11,"Brier",0.0475
"sleep","MICE.RF.10.Y.M.IMP",11,"Misclassification",0.0833333333333334
"sleep","MICE.RF.10.Y.M.IMP",11,"Calibration",0.0475
"sleep","MICE.10.IMP.M",11,"AUC",0.971428571428571
"sleep","MICE.10.IMP.M",11,"Brier",0.102267123561885
"sleep","MICE.10.IMP.M",11,"Misclassification",0.166666666666667
"sleep","MICE.10.IMP.M",11,"Calibration",0.0606004568952188
"sleep","MICE.10.Y.M.IMP.M",11,"AUC",0.971428571428571
"sleep","MICE.10.Y.M.IMP.M",11,"Brier",0.109958973061294
"sleep","MICE.10.Y.M.IMP.M",11,"Misclassification",0.166666666666667
"sleep","MICE.10.Y.M.IMP.M",11,"Calibration",0.0682923063946269
"sleep","MICE.RF.10.IMP.M",11,"AUC",0.971428571428571
"sleep","MICE.RF.10.IMP.M",11,"Brier",0.128808006419468
"sleep","MICE.RF.10.IMP.M",11,"Misclassification",0.166666666666667
"sleep","MICE.RF.10.IMP.M",11,"Calibration",0.087141339752801
"sleep","MICE.RF.10.Y.M.IMP.M",11,"AUC",0.914285714285714
"sleep","MICE.RF.10.Y.M.IMP.M",11,"Brier",0.135723141005001
"sleep","MICE.RF.10.Y.M.IMP.M",11,"Misclassification",0.166666666666667
"sleep","MICE.RF.10.Y.M.IMP.M",11,"Calibration",0.0732231410050013
"sleep","Mean.IMP",11,"AUC",0.7
"sleep","Mean.IMP",11,"Brier",0.25
"sleep","Mean.IMP",11,"Misclassification",0.25
"sleep","Mean.IMP",11,"Calibration",0.0749999999999999
"sleep","Mean.IMP.M",11,"AUC",0.857142857142857
"sleep","Mean.IMP.M",11,"Brier",0.166688596408155
"sleep","Mean.IMP.M",11,"Misclassification",0.166666666666667
"sleep","Mean.IMP.M",11,"Calibration",0.093771929741488
"sleep","05.IMP",11,"AUC",0.9
"sleep","05.IMP",11,"Brier",0.0833333333333333
"sleep","05.IMP",11,"Misclassification",0.0833333333333334
"sleep","05.IMP",11,"Calibration",0.0104166666666666
"sleep","05.IMP.M",11,"AUC",0.857142857142857
"sleep","05.IMP.M",11,"Brier",0.166688596397405
"sleep","05.IMP.M",11,"Misclassification",0.166666666666667
"sleep","05.IMP.M",11,"Calibration",0.0937719297307384
"sleep","PbP",11,"AUC",0.714285714285714
"sleep","PbP",11,"Brier",0.250098630932325
"sleep","PbP",11,"Misclassification",0.25
"sleep","PbP",11,"Calibration",0.0695430753767693
"sleep","SAEM",12,"AUC",0.5
"sleep","SAEM",12,"Brier",0.583333333333333
"sleep","SAEM",12,"Misclassification",0.583333333333333
"sleep","SAEM",12,"Calibration",NA
"sleep","MICE.10.IMP",12,"AUC",0.914285714285714
"sleep","MICE.10.IMP",12,"Brier",0.0858333333333333
"sleep","MICE.10.IMP",12,"Misclassification",0.0833333333333334
"sleep","MICE.10.IMP",12,"Calibration",0.0233333333333333
"sleep","MICE.10.Y.M.IMP",12,"AUC",0.942857142857143
"sleep","MICE.10.Y.M.IMP",12,"Brier",0.0833054183423823
"sleep","MICE.10.Y.M.IMP",12,"Misclassification",0.166666666666667
"sleep","MICE.10.Y.M.IMP",12,"Calibration",0.0277498627868267
"sleep","MICE.RF.10.IMP",12,"AUC",0.957142857142857
"sleep","MICE.RF.10.IMP",12,"Brier",0.0675037937482471
"sleep","MICE.RF.10.IMP",12,"Misclassification",0.166666666666667
"sleep","MICE.RF.10.IMP",12,"Calibration",0.0119482381926916
"sleep","MICE.RF.10.Y.M.IMP",12,"AUC",1
"sleep","MICE.RF.10.Y.M.IMP",12,"Brier",0.0558333333234732
"sleep","MICE.RF.10.Y.M.IMP",12,"Misclassification",0.0833333333333334
"sleep","MICE.RF.10.Y.M.IMP",12,"Calibration",0.0558333333234732
"sleep","MICE.10.IMP.M",12,"AUC",0.728571428571429
"sleep","MICE.10.IMP.M",12,"Brier",0.300833333304783
"sleep","MICE.10.IMP.M",12,"Misclassification",0.333333333333333
"sleep","MICE.10.IMP.M",12,"Calibration",0.120277777749227
"sleep","MICE.10.Y.M.IMP.M",12,"AUC",0.728571428571429
"sleep","MICE.10.Y.M.IMP.M",12,"Brier",0.338212098322025
"sleep","MICE.10.Y.M.IMP.M",12,"Misclassification",0.333333333333333
"sleep","MICE.10.Y.M.IMP.M",12,"Calibration",0.157656542766469
"sleep","MICE.RF.10.IMP.M",12,"AUC",0.8
"sleep","MICE.RF.10.IMP.M",12,"Brier",0.248328181046693
"sleep","MICE.RF.10.IMP.M",12,"Misclassification",0.25
"sleep","MICE.RF.10.IMP.M",12,"Calibration",0.129280561999074
"sleep","MICE.RF.10.Y.M.IMP.M",12,"AUC",0.8
"sleep","MICE.RF.10.Y.M.IMP.M",12,"Brier",0.21833337709377
"sleep","MICE.RF.10.Y.M.IMP.M",12,"Misclassification",0.25
"sleep","MICE.RF.10.Y.M.IMP.M",12,"Calibration",0.0992857580461513
"sleep","Mean.IMP",12,"AUC",0.9
"sleep","Mean.IMP",12,"Brier",0.0833333333333333
"sleep","Mean.IMP",12,"Misclassification",0.0833333333333334
"sleep","Mean.IMP",12,"Calibration",0.0104166666666666
"sleep","Mean.IMP.M",12,"AUC",0.628571428571429
"sleep","Mean.IMP.M",12,"Brier",0.333343912652988
"sleep","Mean.IMP.M",12,"Misclassification",0.333333333333333
"sleep","Mean.IMP.M",12,"Calibration",0.114296293605368
"sleep","05.IMP",12,"AUC",0.885714285714286
"sleep","05.IMP",12,"Brier",0.166608169161935
"sleep","05.IMP",12,"Misclassification",0.166666666666667
"sleep","05.IMP",12,"Calibration",0.0936915024952685
"sleep","05.IMP.M",12,"AUC",0.557142857142857
"sleep","05.IMP.M",12,"Brier",0.416666666666666
"sleep","05.IMP.M",12,"Misclassification",0.416666666666667
"sleep","05.IMP.M",12,"Calibration",0.177083333333333
"sleep","PbP",12,"AUC",0.757142857142857
"sleep","PbP",12,"Brier",0.253466666666593
"sleep","PbP",12,"Misclassification",0.416666666666667
"sleep","PbP",12,"Calibration",0.0979111111110377
"sleep","SAEM",13,"AUC",0.5
"sleep","SAEM",13,"Brier",0.2516
"sleep","SAEM",13,"Misclassification",0.5
"sleep","SAEM",13,"Calibration",NA
"sleep","MICE.10.IMP",13,"AUC",0.944444444444444
"sleep","MICE.10.IMP",13,"Brier",0.118333342794719
"sleep","MICE.10.IMP",13,"Misclassification",0.25
"sleep","MICE.10.IMP",13,"Calibration",0.0627777872391632
"sleep","MICE.10.Y.M.IMP",13,"AUC",0.972222222222222
"sleep","MICE.10.Y.M.IMP",13,"Brier",0.082525958452018
"sleep","MICE.10.Y.M.IMP",13,"Misclassification",0.166666666666667
"sleep","MICE.10.Y.M.IMP",13,"Calibration",0.0408592917853513
"sleep","MICE.RF.10.IMP",13,"AUC",0.972222222222222
"sleep","MICE.RF.10.IMP",13,"Brier",0.0688440432532714
"sleep","MICE.RF.10.IMP",13,"Misclassification",0.166666666666667
"sleep","MICE.RF.10.IMP",13,"Calibration",0.0271773765866047
"sleep","MICE.RF.10.Y.M.IMP",13,"AUC",0.944444444444444
"sleep","MICE.RF.10.Y.M.IMP",13,"Brier",0.0842000525488223
"sleep","MICE.RF.10.Y.M.IMP",13,"Misclassification",0.166666666666667
"sleep","MICE.RF.10.Y.M.IMP",13,"Calibration",0.0286444969932667
"sleep","MICE.10.IMP.M",13,"AUC",0.944444444444444
"sleep","MICE.10.IMP.M",13,"Brier",0.210836205484107
"sleep","MICE.10.IMP.M",13,"Misclassification",0.25
"sleep","MICE.10.IMP.M",13,"Calibration",0.155280649928551
"sleep","MICE.10.Y.M.IMP.M",13,"AUC",0.861111111111111
"sleep","MICE.10.Y.M.IMP.M",13,"Brier",0.190119894523875
"sleep","MICE.10.Y.M.IMP.M",13,"Misclassification",0.25
"sleep","MICE.10.Y.M.IMP.M",13,"Calibration",0.0790087834127637
"sleep","MICE.RF.10.IMP.M",13,"AUC",0.916666666666667
"sleep","MICE.RF.10.IMP.M",13,"Brier",0.216769908544363
"sleep","MICE.RF.10.IMP.M",13,"Misclassification",0.25
"sleep","MICE.RF.10.IMP.M",13,"Calibration",0.154269908544363
"sleep","MICE.RF.10.Y.M.IMP.M",13,"AUC",0.916666666666667
"sleep","MICE.RF.10.Y.M.IMP.M",13,"Brier",0.231290047158455
"sleep","MICE.RF.10.Y.M.IMP.M",13,"Misclassification",0.25
"sleep","MICE.RF.10.Y.M.IMP.M",13,"Calibration",0.168790047158455
"sleep","Mean.IMP",13,"AUC",0.805555555555555
"sleep","Mean.IMP",13,"Brier",0.166666666666667
"sleep","Mean.IMP",13,"Misclassification",0.166666666666667
"sleep","Mean.IMP",13,"Calibration",0.0416666666666666
"sleep","Mean.IMP.M",13,"AUC",0.875
"sleep","Mean.IMP.M",13,"Brier",0.249999632293841
"sleep","Mean.IMP.M",13,"Misclassification",0.25
"sleep","Mean.IMP.M",13,"Calibration",0.13888852118273
"sleep","05.IMP",13,"AUC",0.736111111111111
"sleep","05.IMP",13,"Brier",0.250000000548591
"sleep","05.IMP",13,"Misclassification",0.25
"sleep","05.IMP",13,"Calibration",0.0642857148343057
"sleep","05.IMP.M",13,"AUC",0.875
"sleep","05.IMP.M",13,"Brier",0.249999632293806
"sleep","05.IMP.M",13,"Misclassification",0.25
"sleep","05.IMP.M",13,"Calibration",0.138888521182695
"sleep","PbP",13,"AUC",0.875
"sleep","PbP",13,"Brier",0.20859873692249
"sleep","PbP",13,"Misclassification",0.25
"sleep","PbP",13,"Calibration",0.10859873692249
"sleep","SAEM",14,"AUC",0.5
"sleep","SAEM",14,"Brier",0.2516
"sleep","SAEM",14,"Misclassification",0.5
"sleep","SAEM",14,"Calibration",NA
"sleep","MICE.10.IMP",14,"AUC",1
"sleep","MICE.10.IMP",14,"Brier",0.0680992956368483
"sleep","MICE.10.IMP",14,"Misclassification",0.0833333333333334
"sleep","MICE.10.IMP",14,"Calibration",0.0680992956368483
"sleep","MICE.10.Y.M.IMP",14,"AUC",0.972222222222222
"sleep","MICE.10.Y.M.IMP",14,"Brier",0.109471887008576
"sleep","MICE.10.Y.M.IMP",14,"Misclassification",0.166666666666667
"sleep","MICE.10.Y.M.IMP",14,"Calibration",0.067805220341909
"sleep","MICE.RF.10.IMP",14,"AUC",0.972222222222222
"sleep","MICE.RF.10.IMP",14,"Brier",0.0855740309628719
"sleep","MICE.RF.10.IMP",14,"Misclassification",0.0833333333333334
"sleep","MICE.RF.10.IMP",14,"Calibration",0.0439073642962052
"sleep","MICE.RF.10.Y.M.IMP",14,"AUC",0.972222222222222
"sleep","MICE.RF.10.Y.M.IMP",14,"Brier",0.110540705352436
"sleep","MICE.RF.10.Y.M.IMP",14,"Misclassification",0.166666666666667
"sleep","MICE.RF.10.Y.M.IMP",14,"Calibration",0.068874038685769
"sleep","MICE.10.IMP.M",14,"AUC",0.944444444444444
"sleep","MICE.10.IMP.M",14,"Brier",0.141287751026614
"sleep","MICE.10.IMP.M",14,"Misclassification",0.25
"sleep","MICE.10.IMP.M",14,"Calibration",0.0857321954710581
"sleep","MICE.10.Y.M.IMP.M",14,"AUC",0.972222222222222
"sleep","MICE.10.Y.M.IMP.M",14,"Brier",0.09987307376777
"sleep","MICE.10.Y.M.IMP.M",14,"Misclassification",0.0833333333333334
"sleep","MICE.10.Y.M.IMP.M",14,"Calibration",0.0582064071011033
"sleep","MICE.RF.10.IMP.M",14,"AUC",0.944444444444444
"sleep","MICE.RF.10.IMP.M",14,"Brier",0.0920953981752343
"sleep","MICE.RF.10.IMP.M",14,"Misclassification",0.0833333333333334
"sleep","MICE.RF.10.IMP.M",14,"Calibration",0.0365398426196788
"sleep","MICE.RF.10.Y.M.IMP.M",14,"AUC",0.972222222222222
"sleep","MICE.RF.10.Y.M.IMP.M",14,"Brier",0.0800682054021941
"sleep","MICE.RF.10.Y.M.IMP.M",14,"Misclassification",0.0833333333333334
"sleep","MICE.RF.10.Y.M.IMP.M",14,"Calibration",0.0384015387355274
"sleep","Mean.IMP",14,"AUC",0.916666666666667
"sleep","Mean.IMP",14,"Brier",0.166666666664984
"sleep","Mean.IMP",14,"Misclassification",0.166666666666667
"sleep","Mean.IMP",14,"Calibration",0.095238095236413
"sleep","Mean.IMP.M",14,"AUC",0.888888888888889
"sleep","Mean.IMP.M",14,"Brier",0.176459336433037
"sleep","Mean.IMP.M",14,"Misclassification",0.166666666666667
"sleep","Mean.IMP.M",14,"Calibration",0.0931260030997036
"sleep","05.IMP",14,"AUC",0.972222222222222
"sleep","05.IMP",14,"Brier",0.0840881080779581
"sleep","05.IMP",14,"Misclassification",0.0833333333333334
"sleep","05.IMP",14,"Calibration",0.0424214414112915
"sleep","05.IMP.M",14,"AUC",0.888888888888889
"sleep","05.IMP.M",14,"Brier",0.176459336386977
"sleep","05.IMP.M",14,"Misclassification",0.166666666666667
"sleep","05.IMP.M",14,"Calibration",0.093126003053644
"sleep","PbP",14,"AUC",0.958333333333333
"sleep","PbP",14,"Brier",0.115532426275041
"sleep","PbP",14,"Misclassification",0.166666666666667
"sleep","PbP",14,"Calibration",0.0599768707194858
"sleep","SAEM",15,"AUC",0.5
"sleep","SAEM",15,"Brier",0.5
"sleep","SAEM",15,"Misclassification",0.5
"sleep","SAEM",15,"Calibration",NA
"sleep","MICE.10.IMP",15,"AUC",0.972222222222222
"sleep","MICE.10.IMP",15,"Brier",0.0924612532138911
"sleep","MICE.10.IMP",15,"Misclassification",0.166666666666667
"sleep","MICE.10.IMP",15,"Calibration",0.0507945865472245
"sleep","MICE.10.Y.M.IMP",15,"AUC",1
"sleep","MICE.10.Y.M.IMP",15,"Brier",0.0884008576343572
"sleep","MICE.10.Y.M.IMP",15,"Misclassification",0.166666666666667
"sleep","MICE.10.Y.M.IMP",15,"Calibration",0.0884008576343572
"sleep","MICE.RF.10.IMP",15,"AUC",1
"sleep","MICE.RF.10.IMP",15,"Brier",0.0999938095549085
"sleep","MICE.RF.10.IMP",15,"Misclassification",0.166666666666667
"sleep","MICE.RF.10.IMP",15,"Calibration",0.0999938095549085
"sleep","MICE.RF.10.Y.M.IMP",15,"AUC",0.888888888888889
"sleep","MICE.RF.10.Y.M.IMP",15,"Brier",0.126966466094502
"sleep","MICE.RF.10.Y.M.IMP",15,"Misclassification",0.166666666666667
"sleep","MICE.RF.10.Y.M.IMP",15,"Calibration",0.0555378946659305
"sleep","MICE.10.IMP.M",15,"AUC",0.944444444444444
"sleep","MICE.10.IMP.M",15,"Brier",0.123466561457095
"sleep","MICE.10.IMP.M",15,"Misclassification",0.166666666666667
"sleep","MICE.10.IMP.M",15,"Calibration",0.0679110059015396
"sleep","MICE.10.Y.M.IMP.M",15,"AUC",0.888888888888889
"sleep","MICE.10.Y.M.IMP.M",15,"Brier",0.15164344086769
"sleep","MICE.10.Y.M.IMP.M",15,"Misclassification",0.166666666666667
"sleep","MICE.10.Y.M.IMP.M",15,"Calibration",0.0802148694391188
"sleep","MICE.RF.10.IMP.M",15,"AUC",0.972222222222222
"sleep","MICE.RF.10.IMP.M",15,"Brier",0.0783331930654179
"sleep","MICE.RF.10.IMP.M",15,"Misclassification",0.166666666666667
"sleep","MICE.RF.10.IMP.M",15,"Calibration",0.0366665263987512
"sleep","MICE.RF.10.Y.M.IMP.M",15,"AUC",0.944444444444444
"sleep","MICE.RF.10.Y.M.IMP.M",15,"Brier",0.116606479678205
"sleep","MICE.RF.10.Y.M.IMP.M",15,"Misclassification",0.166666666666667
"sleep","MICE.RF.10.Y.M.IMP.M",15,"Calibration",0.0610509241226499
"sleep","Mean.IMP",15,"AUC",0.75
"sleep","Mean.IMP",15,"Brier",0.25
"sleep","Mean.IMP",15,"Misclassification",0.25
"sleep","Mean.IMP",15,"Calibration",0.0642857142857142
"sleep","Mean.IMP.M",15,"AUC",0.833333333333333
"sleep","Mean.IMP.M",15,"Brier",0.166666666666667
"sleep","Mean.IMP.M",15,"Misclassification",0.166666666666667
"sleep","Mean.IMP.M",15,"Calibration",0.0277777777777777
"sleep","05.IMP",15,"AUC",0.861111111111111
"sleep","05.IMP",15,"Brier",0.249747378082863
"sleep","05.IMP",15,"Misclassification",0.25
"sleep","05.IMP",15,"Calibration",0.138636266971752
"sleep","05.IMP.M",15,"AUC",0.833333333333333
"sleep","05.IMP.M",15,"Brier",0.166666666666667
"sleep","05.IMP.M",15,"Misclassification",0.166666666666667
"sleep","05.IMP.M",15,"Calibration",0.0277777777777777
"sleep","PbP",15,"AUC",0.847222222222222
"sleep","PbP",15,"Brier",0.20843574083018
"sleep","PbP",15,"Misclassification",0.25
"sleep","PbP",15,"Calibration",0.08343574083018
