var,pattern
0.31551563100606295,"(0, 0, 1, 0, 1)"
0.2936141483736795,"(0, 0, 0, 1, 1)"
0.053362545117080384,"(0, 1, 1, 1, 0)"
