corr,pattern
0.3837542279009467,"(0, 0, 1, 0, 1)"
0.8171910061861911,"(0, 0, 0, 1, 1)"
-0.01685368143932342,"(0, 1, 1, 1, 0)"
