mu_0,mu_1,mu_2,mu_3,mu_4,pattern
-1.6274336197272978,-0.12192515482675459,-0.6207396402338963,0.02984962656188704,0.4121125897971449,"(0, 0, 1, 0, 1)"
0.6375209123860316,0.3553171545453622,0.63700135059711,-0.4834686057083318,-0.08689651180578024,"(0, 0, 0, 1, 1)"
-0.6616889125916867,-0.4890780078255511,-0.28054710929954063,-0.48590447610083864,-0.5976506406008707,"(0, 1, 1, 1, 0)"
